lambda_um,pol,theta_deg,phi_deg,harmonics,R,T,A,R_reverse,T_reverse,A_reverse,emissivity_same_channel,emissivity_reverse_channel,eta,conservation,reverse_conservation
15.4,TE,8.0,0.0,121,0.9864125579553996,0.0,0.013587442044600384,0.9810997645635376,0.0,0.018900235436462354,0.018900235436462354,0.013587442044600384,0.00531279339186197,1.0,1.0
15.401933333333334,TE,8.0,0.0,121,0.9863057557857121,0.0,0.013694244214287887,0.980883788599509,0.0,0.019116211400491023,0.019116211400491023,0.013694244214287887,0.005421967186203136,1.0,1.0
15.403866666666667,TE,8.0,0.0,121,0.986196294594653,0.0,0.013803705405347033,0.9806562357647524,0.0,0.01934376423524764,0.01934376423524764,0.013803705405347033,0.005540058829900607,1.0,1.0
15.405800000000001,TE,8.0,0.0,121,0.9860840938779358,0.0,0.01391590612206417,0.9804165608775601,0.0,0.019583439122439872,0.019583439122439872,0.01391590612206417,0.005667533000375702,1.0,1.0
15.407733333333333,TE,8.0,0.0,121,0.9859690698279338,0.0,0.014030930172066247,0.9801641791721802,0.0,0.01983582082781976,0.01983582082781976,0.014030930172066247,0.005804890655753514,1.0,1.0
15.409666666666666,TE,8.0,0.0,121,0.9858511351736048,0.0,0.014148864826395213,0.9798984631118293,0.0,0.020101536888170735,0.020101536888170735,0.014148864826395213,0.005952672061775521,1.0,1.0
15.4116,TE,8.0,0.0,121,0.9857301990111426,0.0,0.01426980098885744,0.9796187388874433,0.0,0.02038126111255667,0.02038126111255667,0.01426980098885744,0.0061114601236992305,1.0,1.0
15.413533333333334,TE,8.0,0.0,121,0.9856061666247783,0.0,0.01439383337522171,0.9793242825671069,0.0,0.020675717432893093,0.020675717432893093,0.01439383337522171,0.006281884057671383,1.0,1.0
15.415466666666667,TE,8.0,0.0,121,0.9854789392969924,0.0,0.014521060703007627,0.979014315856304,0.0,0.02098568414369595,0.02098568414369595,0.014521060703007627,0.006464623440688322,1.0,1.0
15.4174,TE,8.0,0.0,121,0.98534841410759,0.0,0.014651585892410002,0.9786880014244572,0.0,0.02131199857554278,0.02131199857554278,0.014651585892410002,0.006660412683132777,1.0,1.0
15.419333333333334,TE,8.0,0.0,121,0.9852144837206636,0.0,0.014785516279336441,0.9783444377467355,0.0,0.021655562253264482,0.021655562253264482,0.014785516279336441,0.006870045973928041,1.0,1.0
15.421266666666668,TE,8.0,0.0,121,0.985077036158801,0.0,0.014922963841198955,0.9779826534038915,0.0,0.022017346596108545,0.022017346596108545,0.014922963841198955,0.0070943827549095895,1.0,1.0
15.4232,TE,8.0,0.0,121,0.9849359545635519,0.0,0.015064045436448126,0.9776016007747995,0.0,0.022398399225200483,0.022398399225200483,0.015064045436448126,0.007334353788752357,1.0,1.0
15.425133333333333,TE,8.0,0.0,121,0.9847911169412248,0.0,0.015208883058775213,0.9772001490474942,0.0,0.022799850952505807,0.022799850952505807,0.015208883058775213,0.0075909678937305936,1.0,1.0
15.427066666666667,TE,8.0,0.0,121,0.984642395892976,0.0,0.015357604107024025,0.976777076464264,0.0,0.023222923535735962,0.023222923535735962,0.015357604107024025,0.007865319428711937,1.0,1.0
15.429,TE,8.0,0.0,121,0.9844896583280903,0.0,0.015510341671909678,0.9763310617043812,0.0,0.02366893829561878,0.02366893829561878,0.015510341671909678,0.008158596623709102,1.0,1.0
15.430933333333334,TE,8.0,0.0,121,0.9843327651592181,0.0,0.01566723484078192,0.9758606742941596,0.0,0.02413932570584043,0.02413932570584043,0.01566723484078192,0.008472090865058512,1.0,1.0
15.432866666666667,TE,8.0,0.0,121,0.9841715709783224,0.0,0.01582842902167758,0.9753643639182238,0.0,0.024635636081776213,0.024635636081776213,0.01582842902167758,0.008807207060098632,1.0,1.0
15.434800000000001,TE,8.0,0.0,121,0.984005923711826,0.0,0.015994076288173953,0.9748404484869058,0.0,0.025159551513094236,0.025159551513094236,0.015994076288173953,0.009165475224920283,1.0,1.0
15.436733333333335,TE,8.0,0.0,121,0.9838356642535493,0.0,0.01616433574645071,0.9742871007933487,0.0,0.02571289920665132,0.02571289920665132,0.01616433574645071,0.00954856346020061,1.0,1.0
15.438666666666666,TE,8.0,0.0,121,0.9836606260737195,0.0,0.016339373926280487,0.973702333568267,0.0,0.026297666431733036,0.026297666431733036,0.016339373926280487,0.009958292505452548,1.0,1.0
15.4406,TE,8.0,0.0,121,0.983480634802206,0.0,0.016519365197793956,0.9730839827104871,0.0,0.026916017289512872,0.026916017289512872,0.016519365197793956,0.010396652091718916,1.0,1.0
15.442533333333333,TE,8.0,0.0,121,0.9832955077842197,0.0,0.016704492215780298,0.9724296884372997,0.0,0.02757031156270029,0.02757031156270029,0.016704492215780298,0.010865819346919992,1.0,1.0
15.444466666666667,TE,8.0,0.0,121,0.983105053606106,0.0,0.016894946393893995,0.9717368740563214,0.0,0.028263125943678635,0.028263125943678635,0.016894946393893995,0.01136817954978464,1.0,1.0
15.4464,TE,8.0,0.0,121,0.9829090715891394,0.0,0.017090928410860573,0.9710027220138219,0.0,0.028997277986178127,0.028997277986178127,0.017090928410860573,0.011906349575317554,1.0,1.0
15.448333333333334,TE,8.0,0.0,121,0.9827073512487674,0.0,0.017292648751232598,0.9702241468161754,0.0,0.029775853183824585,0.029775853183824585,0.017292648751232598,0.012483204432591988,1.0,1.0
15.450266666666668,TE,8.0,0.0,121,0.9824996717164866,0.0,0.017500328283513444,0.969397764353938,0.0,0.030602235646062015,0.030602235646062015,0.017500328283513444,0.01310190736254857,1.0,1.0
15.4522,TE,8.0,0.0,121,0.982285801121576,0.0,0.01771419887842396,0.9685198570778292,0.0,0.03148014292217083,0.03148014292217083,0.01771419887842396,0.01376594404374687,1.0,1.0
15.454133333333333,TE,8.0,0.0,121,0.9820654959292708,0.0,0.017934504070729163,0.9675863343796542,0.0,0.032413665620345755,0.032413665620345755,0.017934504070729163,0.014479161549616593,1.0,1.0
15.456066666666667,TE,8.0,0.0,121,0.9818385002319914,0.0,0.018161499768008627,0.9665926874174424,0.0,0.03340731258255758,0.03340731258255758,0.018161499768008627,0.015245812814548954,1.0,1.0
15.458,TE,8.0,0.0,121,0.9816045449896863,0.0,0.0183954550103137,0.9655339374867213,0.0,0.03446606251327866,0.03446606251327866,0.0183954550103137,0.016070607502964962,1.0,1.0
15.459933333333334,TE,8.0,0.0,121,0.9813633472151959,0.0,0.018636652784804086,0.964404576875598,0.0,0.035595423124402004,0.035595423124402004,0.018636652784804086,0.016958770339597917,1.0,1.0
15.461866666666667,TE,8.0,0.0,121,0.9811146090999145,0.0,0.018885390900085453,0.9631985009429388,0.0,0.036801499057061204,0.036801499057061204,0.018885390900085453,0.017916108156975752,1.0,1.0
15.4638,TE,8.0,0.0,121,0.9808580170748372,0.0,0.01914198292516278,0.9619089299198842,0.0,0.03809107008011581,0.03809107008011581,0.01914198292516278,0.018949087154953026,1.0,1.0
15.465733333333334,TE,8.0,0.0,121,0.9805932408013911,0.0,0.019406759198608903,0.9605283186444947,0.0,0.03947168135550527,0.03947168135550527,0.019406759198608903,0.02006492215689637,1.0,1.0
15.467666666666666,TE,8.0,0.0,121,0.9803199320860511,0.0,0.01968006791394894,0.9590482520867314,0.0,0.04095174791326861,0.04095174791326861,0.01968006791394894,0.02127167999931967,1.0,1.0
15.4696,TE,8.0,0.0,121,0.9800377237121404,0.0,0.019962276287859626,0.9574593240915099,0.0,0.04254067590849009,0.04254067590849009,0.019962276287859626,0.022578399620630463,1.0,1.0
15.471533333333333,TE,8.0,0.0,121,0.9797462281814067,0.0,0.020253771818593336,0.955750996240557,0.0,0.04424900375944296,0.04424900375944296,0.020253771818593336,0.023995231940849626,1.0,1.0
15.473466666666667,TE,8.0,0.0,121,0.9794450363575307,0.0,0.020554963642469337,0.9539114330899325,0.0,0.04608856691006746,0.04608856691006746,0.020554963642469337,0.025533603267598126,1.0,1.0
15.4754,TE,8.0,0.0,121,0.9791337160025486,0.0,0.020866283997451385,0.9519273092442391,0.0,0.04807269075576093,0.04807269075576093,0.020866283997451385,0.027206406758309543,1.0,1.0
15.477333333333334,TE,8.0,0.0,121,0.9788118101966962,0.0,0.021188189803303836,0.9497835827497809,0.0,0.05021641725021908,0.05021641725021908,0.021188189803303836,0.029028227446915245,1.0,1.0
15.479266666666668,TE,8.0,0.0,121,0.9784788356306452,0.0,0.021521164369354806,0.9474632280718345,0.0,0.05253677192816553,0.05253677192816553,0.021521164369354806,0.03101560755881072,1.0,1.0
15.481200000000001,TE,8.0,0.0,121,0.9781342807586642,0.0,0.021865719241335846,0.9449469204155897,0.0,0.0550530795844103,0.0550530795844103,0.021865719241335846,0.03318736034307446,1.0,1.0
15.483133333333333,TE,8.0,0.0,121,0.9777776037992038,0.0,0.022222396200796246,0.9422126612673216,0.0,0.057787338732678384,0.057787338732678384,0.022222396200796246,0.03556494253188214,1.0,1.0
15.485066666666667,TE,8.0,0.0,121,0.977408230568826,0.0,0.022591769431174025,0.9392353326881471,0.0,0.06076466731185293,0.06076466731185293,0.022591769431174025,0.0381728978806789,1.0,1.0
15.487,TE,8.0,0.0,121,0.977025552133117,0.0,0.022974447866882963,0.9359861649499752,0.0,0.06401383505002478,0.06401383505002478,0.022974447866882963,0.04103938718314182,1.0,1.0
15.488933333333334,TE,8.0,0.0,121,0.976628922256897,0.0,0.023371077743102986,0.9324320984170893,0.0,0.0675679015829107,0.0675679015829107,0.023371077743102986,0.04419682383980772,1.0,1.0
15.490866666666667,TE,8.0,0.0,121,0.9762176546340855,0.0,0.023782345365914503,0.9285350159439435,0.0,0.0714649840560565,0.0714649840560565,0.023782345365914503,0.047682638690142,1.0,1.0
15.4928,TE,8.0,0.0,121,0.9757910198750386,0.0,0.02420898012496142,0.9242508162315773,0.0,0.07574918376842266,0.07574918376842266,0.02420898012496142,0.051540203643461235,1.0,1.0
15.494733333333334,TE,8.0,0.0,121,0.9753482422271488,0.0,0.024651757772851224,0.9195282912665065,0.0,0.08047170873349352,0.08047170873349352,0.024651757772851224,0.055819950960642295,1.0,1.0
15.496666666666666,TE,8.0,0.0,121,0.9748884960012139,0.0,0.025111503998786144,0.914307761776387,0.0,0.08569223822361305,0.08569223822361305,0.025111503998786144,0.060580734224826904,1.0,1.0
15.4986,TE,8.0,0.0,121,0.9744109016735167,0.0,0.02558909832648326,0.9085194131643881,0.0,0.09148058683561189,0.09148058683561189,0.02558909832648326,0.06589148850912863,1.0,1.0
15.500533333333333,TE,8.0,0.0,121,0.9739145216293502,0.0,0.026085478370649784,0.9020812601356364,0.0,0.09791873986436361,0.09791873986436361,0.026085478370649784,0.07183326149371383,1.0,1.0
15.502466666666667,TE,8.0,0.0,121,0.9733983555103122,0.0,0.026601644489687826,0.8948966507721733,0.0,0.10510334922782671,0.10510334922782671,0.026601644489687826,0.07850170473813889,1.0,1.0
15.5044,TE,8.0,0.0,121,0.9728613351225797,0.0,0.027138664877420338,0.8868511998057383,0.0,0.11314880019426166,0.11314880019426166,0.027138664877420338,0.08601013531684132,1.0,1.0
15.506333333333334,TE,8.0,0.0,121,0.9723023188588107,0.0,0.027697681141189312,0.8778090163897438,0.0,0.12219098361025615,0.12219098361025615,0.027697681141189312,0.09449330246906684,1.0,1.0
15.508266666666668,TE,8.0,0.0,121,0.9717200855797803,0.0,0.02827991442021971,0.8676080647826032,0.0,0.13239193521739678,0.13239193521739678,0.02827991442021971,0.10411202079717707,1.0,1.0
15.510200000000001,TE,8.0,0.0,121,0.9711133278958914,0.0,0.028886672104108557,0.8560544700072923,0.0,0.1439455299927077,0.1439455299927077,0.028886672104108557,0.11505885788859915,1.0,1.0
15.512133333333333,TE,8.0,0.0,121,0.9704806447804869,0.0,0.0295193552195131,0.8429155615281745,0.0,0.15708443847182552,0.15708443847182552,0.0295193552195131,0.12756508325231242,1.0,1.0
15.514066666666666,TE,8.0,0.0,121,0.9698205334385481,0.0,0.030179466561451873,0.8279114504791818,0.0,0.1720885495208182,0.1720885495208182,0.030179466561451873,0.14190908295936633,1.0,1.0
15.516,TE,8.0,0.0,121,0.9691313803445348,0.0,0.030868619655465168,0.8107049879411279,0.0,0.18929501205887211,0.18929501205887211,0.030868619655465168,0.15842639240340695,1.0,1.0
15.517933333333334,TE,8.0,0.0,121,0.9684114513514943,0.0,0.03158854864850569,0.7908901065017403,0.0,0.2091098934982597,0.2091098934982597,0.03158854864850569,0.17752134484975401,1.0,1.0
15.519866666666667,TE,8.0,0.0,121,0.9676588807607354,0.0,0.03234111923926464,0.7679789036780175,0.0,0.23202109632198253,0.23202109632198253,0.03234111923926464,0.1996799770827179,1.0,1.0
15.5218,TE,8.0,0.0,121,0.9668716592265505,0.0,0.033128340773449505,0.7413885622727285,0.0,0.25861143772727146,0.25861143772727146,0.033128340773449505,0.22548309695382196,1.0,1.0
15.523733333333334,TE,8.0,0.0,121,0.966047620353032,0.0,0.033952379646967956,0.710430631623544,0.0,0.28956936837645597,0.28956936837645597,0.033952379646967956,0.255616988729488,1.0,1.0
15.525666666666668,TE,8.0,0.0,121,0.9651844258204159,0.0,0.03481557417958414,0.6743078365089045,0.0,0.32569216349109553,0.32569216349109553,0.03481557417958414,0.2908765893115114,1.0,1.0
15.5276,TE,8.0,0.0,121,0.9642795488556511,0.0,0.03572045114434885,0.6321282425957545,0.0,0.3678717574042455,0.3678717574042455,0.03572045114434885,0.33215130625989664,1.0,1.0
15.529533333333333,TE,8.0,0.0,121,0.9633302558352759,0.0,0.03666974416472413,0.5829543526827848,0.0,0.41704564731721516,0.41704564731721516,0.03666974416472413,0.38037590315249104,1.0,1.0
15.531466666666667,TE,8.0,0.0,121,0.9623335857779816,0.0,0.03766641422201844,0.5259164272885882,0.0,0.47408357271141177,0.47408357271141177,0.03766641422201844,0.43641715848939333,1.0,1.0
15.5334,TE,8.0,0.0,121,0.9612863274494376,0.0,0.03871367255056235,0.46043413797713434,0.0,0.5395658620228656,0.5395658620228656,0.03871367255056235,0.5008521894723033,1.0,1.0
15.535333333333334,TE,8.0,0.0,121,0.9601849937597591,0.0,0.039815006240240924,0.38660172895763795,0.0,0.613398271042362,0.613398271042362,0.039815006240240924,0.5735832648021211,1.0,1.0
15.537266666666667,TE,8.0,0.0,121,0.9590257930863837,0.0,0.04097420691361631,0.3057781910852719,0.0,0.6942218089147281,0.6942218089147281,0.04097420691361631,0.6532476020011118,1.0,1.0
15.539200000000001,TE,8.0,0.0,121,0.9578045970992645,0.0,0.042195402900735535,0.22134163006108803,0.0,0.778658369938912,0.778658369938912,0.042195402900735535,0.7364629670381765,1.0,1.0
15.541133333333335,TE,8.0,0.0,121,0.9565169045991226,0.0,0.04348309540087736,0.1393611446371848,0.0,0.8606388553628153,0.8606388553628153,0.04348309540087736,0.8171557599619379,1.0,1.0
15.543066666666666,TE,8.0,0.0,121,0.9551578008027333,0.0,0.04484219919726673,0.06862682090586997,0.0,0.93137317909413,0.93137317909413,0.04484219919726673,0.8865309798968632,1.0,1.0
15.545,TE,8.0,0.0,121,0.9537219114195926,0.0,0.046278088580407384,0.019316563007704,0.0,0.980683436992296,0.980683436992296,0.046278088580407384,0.9344053484118886,1.0,1.0
15.546933333333333,TE,8.0,0.0,121,0.9522033507572283,0.0,0.047796649242771716,8.597632451385744e-05,0.0,0.9999140236754861,0.9999140236754861,0.047796649242771716,0.9521173744327144,1.0,1.0
15.548866666666667,TE,8.0,0.0,121,0.9505956629679652,0.0,0.04940433703203484,0.014697312324592036,0.0,0.985302687675408,0.985302687675408,0.04940433703203484,0.9358983506433731,1.0,1.0
15.5508,TE,8.0,0.0,121,0.948891755402352,0.0,0.051108244597647956,0.0603299314797907,0.0,0.9396700685202093,0.9396700685202093,0.051108244597647956,0.8885618239225613,1.0,1.0
15.552733333333334,TE,8.0,0.0,121,0.947083822859079,0.0,0.052916177140921006,0.1288509883400104,0.0,0.8711490116599896,0.8711490116599896,0.052916177140921006,0.8182328345190686,1.0,1.0
15.554666666666668,TE,8.0,0.0,121,0.9451632613152575,0.0,0.05483673868474248,0.21007677793739224,0.0,0.7899232220626078,0.7899232220626078,0.05483673868474248,0.7350864833778653,1.0,1.0
15.5566,TE,8.0,0.0,121,0.9431205694746215,0.0,0.05687943052537847,0.29486760710043525,0.0,0.7051323928995648,0.7051323928995648,0.05687943052537847,0.6482529623741863,1.0,1.0
15.558533333333333,TE,8.0,0.0,121,0.9409452361789354,0.0,0.05905476382106456,0.37671467230740374,0.0,0.6232853276925963,0.6232853276925963,0.05905476382106456,0.5642305638715317,1.0,1.0
15.560466666666667,TE,8.0,0.0,121,0.9386256113809134,0.0,0.06137438861908662,0.45187162406325304,0.0,0.548128375936747,0.548128375936747,0.06137438861908662,0.4867539873176604,1.0,1.0
15.5624,TE,8.0,0.0,121,0.9361487579612823,0.0,0.06385124203871773,0.5187331058136319,0.0,0.48126689418636814,0.48126689418636814,0.06385124203871773,0.4174156521476504,1.0,1.0
15.564333333333334,TE,8.0,0.0,121,0.9335002811776035,0.0,0.06649971882239647,0.5770669534924577,0.0,0.42293304650754227,0.42293304650754227,0.06649971882239647,0.3564333276851458,1.0,1.0
15.566266666666667,TE,8.0,0.0,121,0.9306641319415139,0.0,0.06933586805848613,0.6273909935845967,0.0,0.3726090064154033,0.3726090064154033,0.06933586805848613,0.30327313835691716,1.0,1.0
15.568200000000001,TE,8.0,0.0,121,0.9276223794121218,0.0,0.07237762058787822,0.6705574900630672,0.0,0.3294425099369328,0.3294425099369328,0.07237762058787822,0.2570648893490546,1.0,1.0
15.570133333333334,TE,8.0,0.0,121,0.9243549475489843,0.0,0.07564505245101572,0.7075100671993529,0.0,0.29248993280064706,0.29248993280064706,0.07564505245101572,0.21684488034963134,1.0,1.0
15.572066666666666,TE,8.0,0.0,121,0.9208393092553211,0.0,0.07916069074467891,0.7391572799659473,0.0,0.26084272003405273,0.26084272003405273,0.07916069074467891,0.18168202928937383,1.0,1.0
15.574,TE,8.0,0.0,121,0.9170501305369824,0.0,0.08294986946301763,0.7663162674853243,0.0,0.23368373251467567,0.23368373251467567,0.08294986946301763,0.15073386305165803,1.0,1.0
15.575933333333333,TE,8.0,0.0,121,0.9129588556617797,0.0,0.0870411443382203,0.7896949517495133,0.0,0.21030504825048668,0.21030504825048668,0.0870411443382203,0.12326390391226638,1.0,1.0
15.577866666666667,TE,8.0,0.0,121,0.9085332226030037,0.0,0.09146677739699627,0.809893640312878,0.0,0.19010635968712197,0.19010635968712197,0.09146677739699627,0.0986395822901257,1.0,1.0
15.5798,TE,8.0,0.0,121,0.9037366960307993,0.0,0.09626330396920069,0.8274152373073286,0.0,0.17258476269267142,0.17258476269267142,0.09626330396920069,0.07632145872347074,1.0,1.0
15.581733333333334,TE,8.0,0.0,121,0.8985278027600992,0.0,0.10147219723990075,0.8426783423783564,0.0,0.15732165762164363,0.15732165762164363,0.10147219723990075,0.05584946038174288,1.0,1.0
15.583666666666668,TE,8.0,0.0,121,0.8928593518370891,0.0,0.10714064816291091,0.8560304137474728,0.0,0.1439695862525272,0.1439695862525272,0.10714064816291091,0.03682893808961629,1.0,1.0
15.585600000000001,TE,8.0,0.0,121,0.8866775183388916,0.0,0.11332248166110837,0.8677597464622385,0.0,0.13224025353776148,0.13224025353776148,0.11332248166110837,0.01891777187665311,1.0,1.0
15.587533333333333,TE,8.0,0.0,121,0.8799207665352542,0.0,0.1200792334647458,0.8781058334966987,0.0,0.12189416650330132,0.12189416650330132,0.1200792334647458,0.0018149330385555107,1.0,1.0
15.589466666666667,TE,8.0,0.0,121,0.8725185844237671,0.0,0.12748141557623294,0.8872680760130045,0.0,0.1127319239869955,0.1127319239869955,0.12748141557623294,0.01474949158923744,1.0,1.0
15.5914,TE,8.0,0.0,121,0.8643899980882384,0.0,0.13561000191176165,0.895412985160277,0.0,0.10458701483972299,0.10458701483972299,0.13561000191176165,0.031022987072038655,1.0,1.0
15.593333333333334,TE,8.0,0.0,121,0.8554418313614023,0.0,0.14455816863859772,0.9026800798642431,0.0,0.09731992013575685,0.09731992013575685,0.14455816863859772,0.04723824850284086,1.0,1.0
15.595266666666667,TE,8.0,0.0,121,0.8455666748482962,0.0,0.15443332515170383,0.9091866918190155,0.0,0.09081330818098454,0.09081330818098454,0.15443332515170383,0.06362001697071928,1.0,1.0
15.5972,TE,8.0,0.0,121,0.8346405300973063,0.0,0.16535946990269368,0.9150318712387682,0.0,0.08496812876123183,0.08496812876123183,0.16535946990269368,0.08039134114146185,1.0,1.0
15.599133333333334,TE,8.0,0.0,121,0.8225201023589557,0.0,0.17747989764104433,0.9202995605625108,0.0,0.07970043943748917,0.07970043943748917,0.17747989764104433,0.09777945820355516,1.0,1.0
15.601066666666666,TE,8.0,0.0,121,0.8090397334678159,0.0,0.19096026653218412,0.9250611758384891,0.0,0.07493882416151088,0.07493882416151088,0.19096026653218412,0.11602144237067324,1.0,1.0
15.603,TE,8.0,0.0,121,0.794008002330084,0.0,0.20599199766991605,0.9293777103004098,0.0,0.07062228969959017,0.07062228969959017,0.20599199766991605,0.13536970797032588,1.0,1.0
15.604933333333333,TE,8.0,0.0,121,0.777204086144106,0.0,0.22279591385589403,0.9333014528872524,0.0,0.06669854711274759,0.06669854711274759,0.22279591385589403,0.15609736674314645,1.0,1.0
15.606866666666667,TE,8.0,0.0,121,0.7583740895441784,0.0,0.2416259104558216,0.9368773963206519,0.0,0.06312260367934808,0.06312260367934808,0.2416259104558216,0.17850330677647352,1.0,1.0
15.6088,TE,8.0,0.0,121,0.7372277403211045,0.0,0.2627722596788955,0.9401443945382152,0.0,0.05985560546178481,0.05985560546178481,0.2627722596788955,0.2029166542171107,1.0,1.0
15.610733333333334,TE,8.0,0.0,121,0.7134361627715049,0.0,0.2865638372284951,0.9431361173380267,0.0,0.056863882661973286,0.056863882661973286,0.2865638372284951,0.2296999545665218,1.0,1.0
15.612666666666668,TE,8.0,0.0,121,0.6866319361502282,0.0,0.3133680638497718,0.9458818405247893,0.0,0.0541181594752107,0.0541181594752107,0.3133680638497718,0.2592499043745611,1.0,1.0
15.614600000000001,TE,8.0,0.0,121,0.6564134112562922,0.0,0.34358658874370784,0.9484071022296524,0.0,0.05159289777034759,0.05159289777034759,0.34358658874370784,0.29199369097336025,1.0,1.0
15.616533333333333,TE,8.0,0.0,121,0.6223563947328221,0.0,0.3776436052671779,0.9507342500115784,0.0,0.04926574998842159,0.04926574998842159,0.3776436052671779,0.3283778552787563,1.0,1.0
15.618466666666666,TE,8.0,0.0,121,0.5840379075889275,0.0,0.4159620924110725,0.9528828985317481,0.0,0.047117101468251876,0.047117101468251876,0.4159620924110725,0.36884499094282064,1.0,1.0
15.6204,TE,8.0,0.0,121,0.5410787766226959,0.0,0.4589212233773041,0.9548703137564629,0.0,0.04512968624353708,0.04512968624353708,0.4589212233773041,0.41379153713376704,1.0,1.0
15.622333333333334,TE,8.0,0.0,121,0.49321403535164277,0.0,0.5067859646483572,0.9567117365927195,0.0,0.043288263407280536,0.043288263407280536,0.5067859646483572,0.4634977012410767,1.0,1.0
15.624266666666667,TE,8.0,0.0,121,0.44040155256925556,0.0,0.5595984474307445,0.9584206564210753,0.0,0.04157934357892468,0.04157934357892468,0.5595984474307445,0.5180191038518198,1.0,1.0
15.6262,TE,8.0,0.0,121,0.3829777896131531,0.0,0.6170222103868469,0.9600090430423173,0.0,0.03999095695768273,0.03999095695768273,0.6170222103868469,0.5770312534291642,1.0,1.0
15.628133333333334,TE,8.0,0.0,121,0.32186106759058886,0.0,0.6781389324094111,0.9614875439894539,0.0,0.03851245601054609,0.03851245601054609,0.6781389324094111,0.639626476398865,1.0,1.0
15.630066666666668,TE,8.0,0.0,121,0.2587814615823461,0.0,0.741218538417654,0.9628656528981471,0.0,0.03713434710185293,0.03713434710185293,0.741218538417654,0.704084191315801,1.0,1.0
15.632,TE,8.0,0.0,121,0.19647793111714043,0.0,0.8035220688828596,0.9641518536140081,0.0,0.035848146385991875,0.035848146385991875,0.8035220688828596,0.7676739224968677,1.0,1.0
15.633933333333333,TE,8.0,0.0,121,0.13875268664715168,0.0,0.8612473133528483,0.965353743892829,0.0,0.03464625610717098,0.03464625610717098,0.8612473133528483,0.8266010572456773,1.0,1.0
15.635866666666667,TE,8.0,0.0,121,0.09023792849954856,0.0,0.9097620715004514,0.9664781418835438,0.0,0.03352185811645625,0.03352185811645625,0.9097620715004514,0.8762402133839952,1.0,1.0
15.6378,TE,8.0,0.0,121,0.05576584301399529,0.0,0.9442341569860047,0.9675311780390348,0.0,0.03246882196096523,0.03246882196096523,0.9442341569860047,0.9117653350250394,1.0,1.0
15.639733333333334,TE,8.0,0.0,121,0.03938818873926762,0.0,0.9606118112607324,0.9685183746573749,0.0,0.03148162534262511,0.03148162534262511,0.9606118112607324,0.9291301859181073,1.0,1.0
15.641666666666667,TE,8.0,0.0,121,0.043331971275355555,0.0,0.9566680287246444,0.9694447148910988,0.0,0.030555285108901153,0.030555285108901153,0.9566680287246444,0.9261127436157433,1.0,1.0
15.643600000000001,TE,8.0,0.0,121,0.06733647996047953,0.0,0.9326635200395205,0.9703147027633219,0.0,0.02968529723667812,0.02968529723667812,0.9326635200395205,0.9029782228028423,1.0,1.0
15.645533333333333,TE,8.0,0.0,121,0.10870811021071936,0.0,0.8912918897892806,0.9711324154827388,0.0,0.028867584517261236,0.028867584517261236,0.8912918897892806,0.8624243052720194,1.0,1.0
15.647466666666666,TE,8.0,0.0,121,0.16307021906152475,0.0,0.8369297809384753,0.9719015491451337,0.0,0.028098450854866286,0.028098450854866286,0.8369297809384753,0.808831330083609,1.0,1.0
15.6494,TE,8.0,0.0,121,0.22544107404139652,0.0,0.7745589259586034,0.9726254587398817,0.0,0.02737454126011829,0.02737454126011829,0.7745589259586034,0.7471843846984851,1.0,1.0
15.651333333333334,TE,8.0,0.0,121,0.29119526079631264,0.0,0.7088047392036874,0.9733071932383454,0.0,0.02669280676165464,0.02669280676165464,0.7088047392036874,0.6821119324420327,1.0,1.0
15.653266666666667,TE,8.0,0.0,121,0.35664496669495455,0.0,0.6433550333050455,0.9739495264240433,0.0,0.02605047357595669,0.02605047357595669,0.6433550333050455,0.6173045597290888,1.0,1.0
15.6552,TE,8.0,0.0,121,0.4192203664245657,0.0,0.5807796335754343,0.9745549840250526,0.0,0.025445015974947416,0.025445015974947416,0.5807796335754343,0.5553346176004869,1.0,1.0
15.657133333333334,TE,8.0,0.0,121,0.4773738247878637,0.0,0.5226261752121363,0.9751258676267498,0.0,0.024874132373250202,0.024874132373250202,0.5226261752121363,0.4977520428388861,1.0,1.0
15.659066666666668,TE,8.0,0.0,121,0.5303571429177404,0.0,0.4696428570822596,0.9756642757731897,0.0,0.024335724226810296,0.024335724226810296,0.4696428570822596,0.4453071328554493,1.0,1.0
15.661,TE,8.0,0.0,121,0.5779794826366127,0.0,0.4220205173633873,0.9761721226059693,0.0,0.023827877394030694,0.023827877394030694,0.4220205173633873,0.3981926399693566,1.0,1.0
15.662933333333333,TE,8.0,0.0,121,0.6204008682385734,0.0,0.37959913176142657,0.9766511543401146,0.0,0.023348845659885376,0.023348845659885376,0.37959913176142657,0.3562502861015412,1.0,1.0
15.664866666666667,TE,8.0,0.0,121,0.6579781009551987,0.0,0.3420218990448013,0.9771029638332143,0.0,0.022897036166785734,0.022897036166785734,0.3420218990448013,0.31912486287801556,1.0,1.0
15.6668,TE,8.0,0.0,121,0.6911599124279278,0.0,0.30884008757207215,0.9775290034683735,0.0,0.02247099653162654,0.02247099653162654,0.30884008757207215,0.2863690910404456,1.0,1.0
15.668733333333334,TE,8.0,0.0,121,0.720420836786587,0.0,0.27957916321341303,0.9779305965398661,0.0,0.022069403460133863,0.022069403460133863,0.27957916321341303,0.25750975975327917,1.0,1.0
15.670666666666667,TE,8.0,0.0,121,0.7462225859697972,0.0,0.2537774140302028,0.9783089473038423,0.0,0.021691052696157676,0.021691052696157676,0.2537774140302028,0.23208636133404514,1.0,1.0
15.672600000000001,TE,8.0,0.0,121,0.7689936437924247,0.0,0.23100635620757526,0.9786651498332528,0.0,0.021334850166747188,0.021334850166747188,0.23100635620757526,0.20967150604082807,1.0,1.0
15.674533333333335,TE,8.0,0.0,121,0.7891202678111733,0.0,0.21087973218882672,0.9790001957958532,0.0,0.02099980420414682,0.02099980420414682,0.21087973218882672,0.1898799279846799,1.0,1.0
15.676466666666666,TE,8.0,0.0,121,0.8069442550355028,0.0,0.19305574496449718,0.979314981256356,0.0,0.020685018743644035,0.020685018743644035,0.19305574496449718,0.17237072622085314,1.0,1.0
15.6784,TE,8.0,0.0,121,0.822764463573624,0.0,0.17723553642637602,0.9796103125886194,0.0,0.020389687411380586,0.020389687411380586,0.17723553642637602,0.15684584901499543,1.0,1.0
15.680333333333333,TE,8.0,0.0,121,0.8368402213749441,0.0,0.16315977862505593,0.9798869115692289,0.0,0.020113088430771087,0.020113088430771087,0.16315977862505593,0.14304669019428484,1.0,1.0
15.682266666666667,TE,8.0,0.0,121,0.8493955063102928,0.0,0.1506044936897072,0.9801454197117979,0.0,0.019854580288202084,0.019854580288202084,0.1506044936897072,0.1307499134015051,1.0,1.0
15.6842,TE,8.0,0.0,121,0.8606232614236031,0.0,0.13937673857639687,0.9803864018895252,0.0,0.019613598110474806,0.019613598110474806,0.13937673857639687,0.11976314046592207,1.0,1.0
15.686133333333334,TE,8.0,0.0,121,0.870689505332635,0.0,0.129310494667365,0.9806103492829567,0.0,0.01938965071704335,0.01938965071704335,0.129310494667365,0.10992084395032165,1.0,1.0
15.688066666666668,TE,8.0,0.0,121,0.8797370753237422,0.0,0.12026292467625777,0.9808176816799934,0.0,0.01918231832000661,0.01918231832000661,0.12026292467625777,0.10108060635625116,1.0,1.0
15.690000000000001,TE,8.0,0.0,121,0.8878889435773138,0.0,0.11211105642268615,0.981008749145031,0.0,0.018991250854969,0.018991250854969,0.11211105642268615,0.09311980556771715,1.0,1.0
15.691933333333333,TE,8.0,0.0,121,0.8952511039870649,0.0,0.10474889601293513,0.9811838330650857,0.0,0.01881616693491428,0.01881616693491428,0.10474889601293513,0.08593272907802085,1.0,1.0
15.693866666666667,TE,8.0,0.0,121,0.9019150564371994,0.0,0.09808494356280062,0.9813431465705325,0.0,0.018656853429467546,0.018656853429467546,0.09808494356280062,0.07942809013333307,1.0,1.0
15.6958,TE,8.0,0.0,121,0.9079599286224462,0.0,0.09204007137755377,0.981486834318336,0.0,0.018513165681663946,0.018513165681663946,0.09204007137755377,0.07352690569588982,1.0,1.0
15.697733333333334,TE,8.0,0.0,121,0.9134542795272057,0.0,0.0865457204727943,0.9816149716149768,0.0,0.018385028385023205,0.018385028385023205,0.0865457204727943,0.06816069208777109,1.0,1.0
15.699666666666667,TE,8.0,0.0,121,0.91845762775505,0.0,0.08154237224494998,0.9817275628447397,0.0,0.01827243715526028,0.01827243715526028,0.08154237224494998,0.0632699350896897,1.0,1.0
15.701600000000001,TE,8.0,0.0,121,0.92302174450514,0.0,0.07697825549486004,0.9818245391562583,0.0,0.018175460843741664,0.018175460843741664,0.07697825549486004,0.05880279465111837,1.0,1.0
15.703533333333334,TE,8.0,0.0,121,0.9271917465882956,0.0,0.07280825341170438,0.9819057553462475,0.0,0.018094244653752534,0.018094244653752534,0.07280825341170438,0.05471400875795185,1.0,1.0
15.705466666666666,TE,8.0,0.0,121,0.9310070202423097,0.0,0.06899297975769025,0.9819709858628298,0.0,0.018029014137170174,0.018029014137170174,0.06899297975769025,0.05096396562052008,1.0,1.0
15.7074,TE,8.0,0.0,121,0.9345020020868338,0.0,0.06549799791316624,0.9820199198321321,0.0,0.017980080167867896,0.017980080167867896,0.06549799791316624,0.047517917745298344,1.0,1.0
15.709333333333333,TE,8.0,0.0,121,0.9377068395354295,0.0,0.06229316046457045,0.9820521549901688,0.0,0.017947845009831154,0.017947845009831154,0.06229316046457045,0.0443453154547393,1.0,1.0
15.711266666666667,TE,8.0,0.0,121,0.9406479494363948,0.0,0.05935205056360515,0.9820671903758268,0.0,0.017932809624173207,0.017932809624173207,0.05935205056360515,0.041419240939431945,1.0,1.0
15.7132,TE,8.0,0.0,121,0.9433484906429241,0.0,0.05665150935707586,0.9820644176103607,0.0,0.017935582389639326,0.017935582389639326,0.05665150935707586,0.03871592696743653,1.0,1.0
15.715133333333334,TE,8.0,0.0,121,0.9458287635846366,0.0,0.054171236415363366,0.9820431105517547,0.0,0.01795688944824525,0.01795688944824525,0.054171236415363366,0.036214346967118116,1.0,1.0
15.717066666666668,TE,8.0,0.0,121,0.9481065476783985,0.0,0.051893452321601474,0.9820024130681388,0.0,0.017997586931861154,0.017997586931861154,0.051893452321601474,0.03389586538974032,1.0,1.0
15.719000000000001,TE,8.0,0.0,121,0.9501973855193553,0.0,0.049802614480644714,0.9819413246204212,0.0,0.018058675379578837,0.018058675379578837,0.049802614480644714,0.03174393910106588,1.0,1.0
15.720933333333333,TE,8.0,0.0,121,0.9521148211846816,0.0,0.0478851788153184,0.9818586832790868,0.0,0.018141316720913236,0.018141316720913236,0.0478851788153184,0.02974386209440516,1.0,1.0
15.722866666666667,TE,8.0,0.0,121,0.9538705986043996,0.0,0.0461294013956004,0.9817531457193068,0.0,0.01824685428069317,0.01824685428069317,0.0461294013956004,0.02788254711490723,1.0,1.0
15.7248,TE,8.0,0.0,121,0.9554748247724018,0.0,0.044525175227598246,0.981623163640104,0.0,0.018376836359895954,0.018376836359895954,0.044525175227598246,0.026148338867702292,1.0,1.0
15.726733333333334,TE,8.0,0.0,121,0.9569361015300556,0.0,0.043063898469944406,0.9814669559303401,0.0,0.018533044069659943,0.018533044069659943,0.043063898469944406,0.024530854400284463,1.0,1.0
15.728666666666667,TE,8.0,0.0,121,0.9582616287321877,0.0,0.041738371267812324,0.981282475752565,0.0,0.018717524247435002,0.018717524247435002,0.041738371267812324,0.023020847020377322,1.0,1.0
15.7306,TE,8.0,0.0,121,0.9594572807508647,0.0,0.04054271924913533,0.9810673715254236,0.0,0.01893262847457644,0.01893262847457644,0.04054271924913533,0.021610090774558888,1.0,1.0
15.732533333333334,TE,8.0,0.0,121,0.9605276574646173,0.0,0.039472342535382676,0.9808189405462421,0.0,0.01918105945375792,0.01918105945375792,0.039472342535382676,0.020291283081624756,1.0,1.0
15.734466666666666,TE,8.0,0.0,121,0.9614761100755468,0.0,0.038523889924453214,0.9805340736947084,0.0,0.019465926305291648,0.019465926305291648,0.038523889924453214,0.019057963619161566,1.0,1.0
15.7364,TE,8.0,0.0,121,0.962304741263283,0.0,0.037695258736716974,0.9802091892755295,0.0,0.01979081072447053,0.01979081072447053,0.037695258736716974,0.017904448012246443,1.0,1.0
15.738333333333333,TE,8.0,0.0,121,0.9630143782772493,0.0,0.03698562172275066,0.9798401535712288,0.0,0.020159846428771222,0.020159846428771222,0.03698562172275066,0.01682577529397944,1.0,1.0
15.740266666666667,TE,8.0,0.0,121,0.9636045165423976,0.0,0.03639548345760235,0.9794221850506833,0.0,0.020577814949316653,0.020577814949316653,0.03639548345760235,0.015817668508285698,1.0,1.0
15.7422,TE,8.0,0.0,121,0.9640732301450489,0.0,0.035926769854951135,0.9789497383733723,0.0,0.02105026162662771,0.02105026162662771,0.035926769854951135,0.014876508228323426,1.0,1.0
15.744133333333334,TE,8.0,0.0,121,0.9644170441017025,0.0,0.03558295589829752,0.9784163632839458,0.0,0.021583636716054233,0.021583636716054233,0.03558295589829752,0.013999319182243286,1.0,1.0
15.746066666666668,TE,8.0,0.0,121,0.9646307614957507,0.0,0.035369238504249334,0.9778145321283386,0.0,0.022185467871661424,0.022185467871661424,0.035369238504249334,0.01318377063258791,1.0,1.0
15.748000000000001,TE,8.0,0.0,121,0.9647072362671169,0.0,0.03529276373288315,0.9771354279324899,0.0,0.022864572067510136,0.022864572067510136,0.03529276373288315,0.012428191665373012,1.0,1.0
15.749933333333333,TE,8.0,0.0,121,0.9646370794875164,0.0,0.035362920512483575,0.976368682619918,0.0,0.02363131738008195,0.02363131738008195,0.035362920512483575,0.011731603132401625,1.0,1.0
15.751866666666666,TE,8.0,0.0,121,0.964408283120457,0.0,0.03559171687954299,0.9755020518014805,0.0,0.02449794819851947,0.02449794819851947,0.03559171687954299,0.01109376868102352,1.0,1.0
15.7538,TE,8.0,0.0,121,0.9640057402417288,0.0,0.035994259758271197,0.9745210083626379,0.0,0.025478991637362114,0.025478991637362114,0.035994259758271197,0.010515268120909083,1.0,1.0
15.755733333333334,TE,8.0,0.0,121,0.9634106340694742,0.0,0.03658936593052575,0.9734082314075833,0.0,0.026591768592416742,0.026591768592416742,0.03658936593052575,0.00999759733810901,1.0,1.0
15.757666666666667,TE,8.0,0.0,121,0.9625996593557847,0.0,0.03740034064421527,0.9721429594331125,0.0,0.027857040566887536,0.027857040566887536,0.03740034064421527,0.009543300077327732,1.0,1.0
15.7596,TE,8.0,0.0,121,0.9615440279764257,0.0,0.038455972023574314,0.970700166118676,0.0,0.029299833881323956,0.029299833881323956,0.038455972023574314,0.009156138142250358,1.0,1.0
15.761533333333334,TE,8.0,0.0,121,0.9602081949067055,0.0,0.0397918050932945,0.9690495027119573,0.0,0.030950497288042667,0.030950497288042667,0.0397918050932945,0.00884130780525183,1.0,1.0
15.763466666666668,TE,8.0,0.0,121,0.9585482198792521,0.0,0.041451780120747905,0.9671539310965536,0.0,0.032846068903446435,0.032846068903446435,0.041451780120747905,0.00860571121730147,1.0,1.0
15.7654,TE,8.0,0.0,121,0.956509652205976,0.0,0.043490347794024053,0.9649679440094546,0.0,0.035032055990545374,0.035032055990545374,0.043490347794024053,0.00845829180347868,1.0,1.0
15.767333333333333,TE,8.0,0.0,121,0.9540247895264304,0.0,0.04597521047356956,0.9624352304174687,0.0,0.0375647695825313,0.0375647695825313,0.04597521047356956,0.008410440891038262,1.0,1.0
15.769266666666667,TE,8.0,0.0,121,0.9510091135238934,0.0,0.04899088647610661,0.9594855904171404,0.0,0.04051440958285957,0.04051440958285957,0.04899088647610661,0.008476476893247042,1.0,1.0
15.7712,TE,8.0,0.0,121,0.9473566454697246,0.0,0.052643354530275355,0.9560308293928041,0.0,0.04396917060719585,0.04396917060719585,0.052643354530275355,0.008674183923079504,1.0,1.0
15.773133333333334,TE,8.0,0.0,121,0.9429338927681881,0.0,0.057066107231811936,0.9519592581898062,0.0,0.0480407418101938,0.0480407418101938,0.057066107231811936,0.009025365421618137,1.0,1.0
15.775066666666667,TE,8.0,0.0,121,0.9375719821257742,0.0,0.062428017874225805,0.9471282866449947,0.0,0.05287171335500529,0.05287171335500529,0.062428017874225805,0.009556304519220515,1.0,1.0
15.777000000000001,TE,8.0,0.0,121,0.9310565193291263,0.0,0.06894348067087375,0.9413544163077272,0.0,0.058645583692272796,0.058645583692272796,0.06894348067087375,0.010297896978600951,1.0,1.0
15.778933333333335,TE,8.0,0.0,121,0.9231147402940122,0.0,0.07688525970598781,0.934399720894882,0.0,0.06560027910511801,0.06560027910511801,0.07688525970598781,0.011284980600869798,1.0,1.0
15.780866666666666,TE,8.0,0.0,121,0.913399763088071,0.0,0.08660023691192897,0.9259536934219916,0.0,0.07404630657800837,0.07404630657800837,0.08660023691192897,0.012553930333920604,1.0,1.0
15.7828,TE,8.0,0.0,121,0.9014725225558367,0.0,0.09852747744416335,0.9156092813080414,0.0,0.08439071869195858,0.08439071869195858,0.09852747744416335,0.01413675875220477,1.0,1.0
15.784733333333334,TE,8.0,0.0,121,0.8867839075157643,0.0,0.1132160924842357,0.902832423172948,0.0,0.09716757682705202,0.09716757682705202,0.1132160924842357,0.016048515657183682,1.0,1.0
15.786666666666667,TE,8.0,0.0,121,0.8686639806691265,0.0,0.13133601933087347,0.8869264524498017,0.0,0.11307354755019827,0.11307354755019827,0.13133601933087347,0.018262471780675194,1.0,1.0
15.7886,TE,8.0,0.0,121,0.8463341804879149,0.0,0.15366581951208513,0.8669987418254341,0.0,0.13300125817456587,0.13300125817456587,0.15366581951208513,0.02066456133751926,1.0,1.0
15.790533333333334,TE,8.0,0.0,121,0.8189753234623064,0.0,0.1810246765376936,0.8419522242027903,0.0,0.15804777579720974,0.15804777579720974,0.1810246765376936,0.022976900740483863,1.0,1.0
15.792466666666668,TE,8.0,0.0,121,0.7859112191529574,0.0,0.21408878084704264,0.8105591986011144,0.0,0.18944080139888564,0.18944080139888564,0.21408878084704264,0.024647979448156998,1.0,1.0
15.7944,TE,8.0,0.0,121,0.7469967452883572,0.0,0.25300325471164276,0.7717433674451082,0.0,0.22825663255489181,0.22825663255489181,0.25300325471164276,0.02474662215675094,1.0,1.0
15.796333333333333,TE,8.0,0.0,121,0.7032875474941744,0.0,0.29671245250582556,0.7252953730674403,0.0,0.2747046269325597,0.2747046269325597,0.29671245250582556,0.02200782557326586,1.0,1.0
15.798266666666667,TE,8.0,0.0,121,0.657905643988133,0.0,0.342094356011867,0.673267252358432,0.0,0.326732747641568,0.326732747641568,0.342094356011867,0.015361608370298985,1.0,1.0
15.8002,TE,8.0,0.0,121,0.6165747636763799,0.0,0.38342523632362013,0.6218314372697551,0.0,0.3781685627302449,0.3781685627302449,0.38342523632362013,0.005256673593375227,1.0,1.0
15.802133333333334,TE,8.0,0.0,121,0.5867914291163369,0.0,0.41320857088366314,0.5819118592416763,0.0,0.4180881407583237,0.4180881407583237,0.41320857088366314,0.004879569874660539,1.0,1.0
15.804066666666667,TE,8.0,0.0,121,0.5750113755445156,0.0,0.42498862445548435,0.5655477784546403,0.0,0.4344522215453597,0.4344522215453597,0.42498862445548435,0.00946359708987532,1.0,1.0
15.806000000000001,TE,8.0,0.0,121,0.5832730894055072,0.0,0.41672691059449285,0.5782249924555343,0.0,0.42177500754446573,0.42177500754446573,0.41672691059449285,0.00504809694997288,1.0,1.0
15.807933333333335,TE,8.0,0.0,121,0.6081845480748654,0.0,0.39181545192513456,0.6145996709628602,0.0,0.38540032903713983,0.38540032903713983,0.39181545192513456,0.006415122887994729,1.0,1.0
15.809866666666666,TE,8.0,0.0,121,0.6431815813861682,0.0,0.3568184186138318,0.6629576986325729,0.0,0.3370423013674271,0.3370423013674271,0.3568184186138318,0.019776117246404712,1.0,1.0
15.8118,TE,8.0,0.0,121,0.681765701833084,0.0,0.31823429816691595,0.7126849379016823,0.0,0.2873150620983177,0.2873150620983177,0.31823429816691595,0.030919236068598255,1.0,1.0
15.813733333333333,TE,8.0,0.0,121,0.7193676883652522,0.0,0.2806323116347478,0.7576916314369274,0.0,0.24230836856307258,0.24230836856307258,0.2806323116347478,0.03832394307167519,1.0,1.0
15.815666666666667,TE,8.0,0.0,121,0.7535529598062175,0.0,0.2464470401937825,0.795808039453898,0.0,0.204191960546102,0.204191960546102,0.2464470401937825,0.042255079647680494,1.0,1.0
15.8176,TE,8.0,0.0,121,0.7834329563588109,0.0,0.21656704364118906,0.8270498620334424,0.0,0.17295013796655756,0.17295013796655756,0.21656704364118906,0.0436169056746315,1.0,1.0
15.819533333333334,TE,8.0,0.0,121,0.80900036286892,0.0,0.19099963713108004,0.8523103452117801,0.0,0.14768965478821994,0.14768965478821994,0.19099963713108004,0.0433099823428601,1.0,1.0
15.821466666666668,TE,8.0,0.0,121,0.830655761609594,0.0,0.16934423839040602,0.8726761440872728,0.0,0.1273238559127272,0.1273238559127272,0.16934423839040602,0.04202038247767881,1.0,1.0
15.823400000000001,TE,8.0,0.0,121,0.8489354854289237,0.0,0.15106451457107628,0.889146307297793,0.0,0.11085369270220702,0.11085369270220702,0.15106451457107628,0.04021082186886926,1.0,1.0
15.825333333333333,TE,8.0,0.0,121,0.8643770722843704,0.0,0.13562292771562956,0.9025493235184803,0.0,0.09745067648151973,0.09745067648151973,0.13562292771562956,0.03817225123410983,1.0,1.0
15.827266666666667,TE,8.0,0.0,121,0.877462979569849,0.0,0.12253702043015102,0.9135415888760553,0.0,0.0864584111239447,0.0864584111239447,0.12253702043015102,0.03607860930620632,1.0,1.0
15.8292,TE,8.0,0.0,121,0.8886038901296885,0.0,0.11139610987031145,0.9226327863238751,0.0,0.07736721367612487,0.07736721367612487,0.11139610987031145,0.034028896194186586,1.0,1.0
15.831133333333334,TE,8.0,0.0,121,0.8981399955621211,0.0,0.1018600044378789,0.9302158410028493,0.0,0.06978415899715074,0.06978415899715074,0.1018600044378789,0.03207584544072817,1.0,1.0
15.833066666666667,TE,8.0,0.0,121,0.9063492414837067,0.0,0.09365075851629334,0.9365936122319569,0.0,0.06340638776804308,0.06340638776804308,0.09365075851629334,0.03024437074825026,1.0,1.0
15.835,TE,8.0,0.0,121,0.9134573360990382,0.0,0.08654266390096177,0.94200040897564,0.0,0.05799959102436003,0.05799959102436003,0.08654266390096177,0.02854307287660174,1.0,1.0
15.836933333333334,TE,8.0,0.0,121,0.9196472901568644,0.0,0.08035270984313558,0.9466185762075701,0.0,0.05338142379242994,0.05338142379242994,0.08035270984313558,0.026971286050705645,1.0,1.0
15.838866666666668,TE,8.0,0.0,121,0.9250676857924115,0.0,0.0749323142075885,0.9505910215983444,0.0,0.04940897840165559,0.04940897840165559,0.0749323142075885,0.025523335805932912,1.0,1.0
15.8408,TE,8.0,0.0,121,0.9298395185429127,0.0,0.07016048145708731,0.9540305975814474,0.0,0.04596940241855263,0.04596940241855263,0.07016048145708731,0.02419107903853468,1.0,1.0
15.842733333333333,TE,8.0,0.0,121,0.9340617220490457,0.0,0.0659382779509543,0.9570271167834031,0.0,0.04297288321659687,0.04297288321659687,0.0659382779509543,0.022965394734357436,1.0,1.0
15.844666666666667,TE,8.0,0.0,121,0.9378155721175867,0.0,0.062184427882413296,0.9596526095793126,0.0,0.04034739042068736,0.04034739042068736,0.062184427882413296,0.02183703746172594,1.0,1.0
15.8466,TE,8.0,0.0,121,0.9411681759175369,0.0,0.058831824082463124,0.9619652820750071,0.0,0.03803471792499291,0.03803471792499291,0.058831824082463124,0.020797106157470213,1.0,1.0
15.848533333333334,TE,8.0,0.0,121,0.9441752306370876,0.0,0.05582476936291236,0.9640125131861331,0.0,0.035987486813866876,0.035987486813866876,0.05582476936291236,0.019837282549045487,1.0,1.0
15.850466666666668,TE,8.0,0.0,121,0.9468832056571541,0.0,0.053116794342845886,0.9658331390710024,0.0,0.03416686092899757,0.03416686092899757,0.053116794342845886,0.01894993341384832,1.0,1.0
15.852400000000001,TE,8.0,0.0,121,0.9493310724438164,0.0,0.050668927556183574,0.9674592065083734,0.0,0.03254079349162664,0.03254079349162664,0.050668927556183574,0.018128134064556933,1.0,1.0
15.854333333333333,TE,8.0,0.0,121,0.9515516803386188,0.0,0.04844831966138119,0.968917328241674,0.0,0.03108267175832602,0.03108267175832602,0.04844831966138119,0.01736564790305517,1.0,1.0
15.856266666666667,TE,8.0,0.0,121,0.9535728550160456,0.0,0.046427144983954394,0.9702297380803167,0.0,0.02977026191968335,0.02977026191968335,0.046427144983954394,0.016656883064271044,1.0,1.0
15.8582,TE,8.0,0.0,121,0.9554182793248397,0.0,0.04458172067516031,0.9714151180054924,0.0,0.028584881994507594,0.028584881994507594,0.04458172067516031,0.015996838680652714,1.0,1.0
15.860133333333334,TE,8.0,0.0,121,0.9571082028682717,0.0,0.042891797131728304,0.972489250963824,0.0,0.027510749036176008,0.027510749036176008,0.042891797131728304,0.015381048095552297,1.0,1.0
15.862066666666667,TE,8.0,0.0,121,0.9586600163164044,0.0,0.041339983683595594,0.9734655394852875,0.0,0.026534460514712532,0.026534460514712532,0.041339983683595594,0.014805523168883061,1.0,1.0
15.864,TE,8.0,0.0,121,0.9600887184461211,0.0,0.03991128155387891,0.9743554203281861,0.0,0.025644579671813883,0.025644579671813883,0.03991128155387891,0.014266701882065025,1.0,1.0
15.865933333333334,TE,8.0,0.0,121,0.9614072977436978,0.0,0.03859270225630218,0.9751686980267654,0.0,0.024831301973234576,0.024831301973234576,0.03859270225630218,0.013761400283067604,1.0,1.0
15.867866666666668,TE,8.0,0.0,121,0.9626270456544951,0.0,0.037372954345504916,0.9759138147807347,0.0,0.02408618521926531,0.02408618521926531,0.037372954345504916,0.013286769126239606,1.0,1.0
15.8698,TE,8.0,0.0,121,0.9637578149012371,0.0,0.03624218509876287,0.9765980700675178,0.0,0.023401929932482246,0.023401929932482246,0.03624218509876287,0.012840255166280623,1.0,1.0
15.871733333333333,TE,8.0,0.0,121,0.964808233455573,0.0,0.03519176654442702,0.9772278003085998,0.0,0.022772199691400208,0.022772199691400208,0.03519176654442702,0.012419566853026809,1.0,1.0
15.873666666666667,TE,8.0,0.0,121,0.9657858825466228,0.0,0.03421411745337721,0.9778085266156955,0.0,0.022191473384304494,0.022191473384304494,0.03421411745337721,0.012022644069072719,1.0,1.0
15.8756,TE,8.0,0.0,121,0.9666974453759166,0.0,0.03330255462408338,0.9783450768893762,0.0,0.02165492311062378,0.02165492311062378,0.03330255462408338,0.0116476315134596,1.0,1.0
15.877533333333334,TE,8.0,0.0,121,0.9675488318669558,0.0,0.03245116813304416,0.9788416872003396,0.0,0.021158312799660406,0.021158312799660406,0.03245116813304416,0.011292855333383756,1.0,1.0
15.879466666666668,TE,8.0,0.0,121,0.9683452837247439,0.0,0.03165471627525607,0.9793020863498937,0.0,0.020697913650106314,0.020697913650106314,0.03165471627525607,0.010956802625149753,1.0,1.0
15.881400000000001,TE,8.0,0.0,121,0.9690914632511995,0.0,0.030908536748800453,0.9797295667071052,0.0,0.020270433292894796,0.020270433292894796,0.030908536748800453,0.010638103455905656,1.0,1.0
15.883333333333333,TE,8.0,0.0,121,0.9697915287046596,0.0,0.030208471295340433,0.9801270437961103,0.0,0.019872956203889736,0.019872956203889736,0.030208471295340433,0.010335515091450698,1.0,1.0
15.885266666666666,TE,8.0,0.0,121,0.9704491984696508,0.0,0.02955080153034917,0.980497106619806,0.0,0.019502893380193953,0.019502893380193953,0.02955080153034917,0.010047908150155216,1.0,1.0
15.8872,TE,8.0,0.0,121,0.9710678058858863,0.0,0.02893219411411374,0.9808420603222997,0.0,0.019157939677700297,0.019157939677700297,0.02893219411411374,0.009774254436413443,1.0,1.0
15.889133333333334,TE,8.0,0.0,121,0.9716503462510879,0.0,0.028349653748912074,0.9811639624885738,0.0,0.01883603751142615,0.01883603751142615,0.028349653748912074,0.009513616237485922,1.0,1.0
15.891066666666667,TE,8.0,0.0,121,0.9721995172434809,0.0,0.02780048275651914,0.9814646541387134,0.0,0.01853534586128658,0.01853534586128658,0.02780048275651914,0.009265136895232562,1.0,1.0
15.893,TE,8.0,0.0,121,0.9727177537918337,0.0,0.027282246208166328,0.9817457862810791,0.0,0.018254213718920886,0.018254213718920886,0.027282246208166328,0.009028032489245441,1.0,1.0
15.894933333333334,TE,8.0,0.0,121,0.9732072582452319,0.0,0.02679274175476809,0.9820088427341385,0.0,0.017991157265861535,0.017991157265861535,0.02679274175476809,0.008801584488906555,1.0,1.0
15.896866666666668,TE,8.0,0.0,121,0.9736700265504084,0.0,0.026329973449591648,0.9822551598020342,0.0,0.01774484019796585,0.01774484019796585,0.026329973449591648,0.008585133251625798,1.0,1.0
15.8988,TE,8.0,0.0,121,0.9741078710278395,0.0,0.025892128972160533,0.9824859432880817,0.0,0.017514056711918302,0.017514056711918302,0.025892128972160533,0.00837807226024223,1.0,1.0
15.900733333333333,TE,8.0,0.0,121,0.9745224402408821,0.0,0.025477559759117918,0.9827022832482207,0.0,0.01729771675177927,0.01729771675177927,0.025477559759117918,0.00817984300733865,1.0,1.0
15.902666666666667,TE,8.0,0.0,121,0.9749152363734161,0.0,0.02508476362658385,0.9829051668197567,0.0,0.017094833180243296,0.017094833180243296,0.02508476362658385,0.007989930446340554,1.0,1.0
15.9046,TE,8.0,0.0,121,0.9752876304657854,0.0,0.02471236953421463,0.9830954894056757,0.0,0.016904510594324296,0.016904510594324296,0.02471236953421463,0.007807858939890333,1.0,1.0
15.906533333333334,TE,8.0,0.0,121,0.9756408758046662,0.0,0.024359124195333814,0.9832740644499668,0.0,0.01672593555003321,0.01672593555003321,0.024359124195333814,0.007633188645300604,1.0,1.0
15.908466666666667,TE,8.0,0.0,121,0.9759761197174649,0.0,0.024023880282535104,0.9834416320020103,0.0,0.01655836799798971,0.01655836799798971,0.024023880282535104,0.007465512284545395,1.0,1.0
15.910400000000001,TE,8.0,0.0,121,0.9762944139839332,0.0,0.02370558601606676,0.9835988662374185,0.0,0.016401133762581455,0.016401133762581455,0.02370558601606676,0.007304452253485305,1.0,1.0
15.912333333333335,TE,8.0,0.0,121,0.9765967240467818,0.0,0.023403275953218228,0.9837463820770497,0.0,0.016253617922950325,0.016253617922950325,0.023403275953218228,0.0071496580302679025,1.0,1.0
15.914266666666666,TE,8.0,0.0,121,0.9768839371759107,0.0,0.02311606282408929,0.9838847410246766,0.0,0.0161152589753234,0.0161152589753234,0.02311606282408929,0.007000803848765891,1.0,1.0
15.9162,TE,8.0,0.0,121,0.9771568697195311,0.0,0.022843130280468915,0.9840144563258842,0.0,0.015985543674115754,0.015985543674115754,0.022843130280468915,0.006857586606353161,1.0,1.0
15.918133333333333,TE,8.0,0.0,121,0.9774162735559331,0.0,0.02258372644406692,0.9841359975358704,0.0,0.015864002464129556,0.015864002464129556,0.02258372644406692,0.006719723979937364,1.0,1.0
15.920066666666667,TE,8.0,0.0,121,0.9776628418441727,0.0,0.022337158155827264,0.9842497945711239,0.0,0.015750205428876063,0.015750205428876063,0.022337158155827264,0.006586952726951201,1.0,1.0
15.922,TE,8.0,0.0,121,0.9778972141585814,0.0,0.02210278584141856,0.9843562413095609,0.0,0.015643758690439102,0.015643758690439102,0.02210278584141856,0.006459027150979457,1.0,1.0
15.923933333333334,TE,8.0,0.0,121,0.978119981080254,0.0,0.021880018919746003,0.9844556987945056,0.0,0.015544301205494437,0.015544301205494437,0.021880018919746003,0.006335717714251565,1.0,1.0
15.925866666666668,TE,8.0,0.0,121,0.978331688309047,0.0,0.021668311690952957,0.9845484980903297,0.0,0.015451501909670262,0.015451501909670262,0.021668311690952957,0.006216809781282695,1.0,1.0
15.927800000000001,TE,8.0,0.0,121,0.9785328403513772,0.0,0.02146715964862278,0.9846349428312006,0.0,0.015365057168799434,0.015365057168799434,0.02146715964862278,0.006102102479823346,1.0,1.0
15.929733333333333,TE,8.0,0.0,121,0.9787239038317692,0.0,0.021276096168230785,0.9847153114987078,0.0,0.015284688501292165,0.015284688501292165,0.021276096168230785,0.00599140766693862,1.0,1.0
15.931666666666667,TE,8.0,0.0,121,0.978905310470009,0.0,0.02109468952999105,0.9847898594595307,0.0,0.015210140540469319,0.015210140540469319,0.02109468952999105,0.005884548989521732,1.0,1.0
15.9336,TE,8.0,0.0,121,0.9790774597606019,0.0,0.020922540239398102,0.9848588207900953,0.0,0.015141179209904654,0.015141179209904654,0.020922540239398102,0.005781361029493448,1.0,1.0
15.935533333333334,TE,8.0,0.0,121,0.979240721386383,0.0,0.020759278613617038,0.9849224099119576,0.0,0.015077590088042436,0.015077590088042436,0.020759278613617038,0.005681688525574602,1.0,1.0
15.937466666666667,TE,8.0,0.0,121,0.9793954373944722,0.0,0.020604562605527788,0.9849808230583299,0.0,0.015019176941670098,0.015019176941670098,0.020604562605527788,0.005585385663857689,1.0,1.0
15.939400000000001,TE,8.0,0.0,121,0.9795419241591489,0.0,0.02045807584085113,0.9850342395898157,0.0,0.01496576041018427,0.01496576041018427,0.02045807584085113,0.005492315430666861,1.0,1.0
15.941333333333334,TE,8.0,0.0,121,0.9796804741532407,0.0,0.020319525846759334,0.9850828231751128,0.0,0.014917176824887246,0.014917176824887246,0.020319525846759334,0.005402349021872088,1.0,1.0
15.943266666666666,TE,8.0,0.0,121,0.9798113575472059,0.0,0.02018864245279406,0.9851267228503883,0.0,0.01487327714961173,0.01487327714961173,0.02018864245279406,0.005315365303182329,1.0,1.0
15.9452,TE,8.0,0.0,121,0.979934823652503,0.0,0.02006517634749705,0.9851660739695328,0.0,0.014833926030467182,0.014833926030467182,0.02006517634749705,0.005231250317029867,1.0,1.0
15.947133333333333,TE,8.0,0.0,121,0.9800511022241946,0.0,0.01994889777580544,0.9852009990558097,0.0,0.014799000944190288,0.014799000944190288,0.01994889777580544,0.005149896831615153,1.0,1.0
15.949066666666667,TE,8.0,0.0,121,0.9801604046357786,0.0,0.01983959536422142,0.9852316085643849,0.0,0.014768391435615147,0.014768391435615147,0.01983959536422142,0.0050712039286062716,1.0,1.0
15.951,TE,8.0,0.0,121,0.9802629249377165,0.0,0.019737075062283505,0.9852580015637405,0.0,0.014741998436259451,0.014741998436259451,0.019737075062283505,0.004995076626024053,1.0,1.0
15.952933333333334,TE,8.0,0.0,121,0.9803588408099142,0.0,0.0196411591900858,0.9852802663433851,0.0,0.014719733656614942,0.014719733656614942,0.0196411591900858,0.004921425533470858,1.0,1.0
15.954866666666668,TE,8.0,0.0,121,0.9804483144170186,0.0,0.01955168558298137,0.9852984809540524,0.0,0.01470151904594763,0.01470151904594763,0.01955168558298137,0.00485016653703374,1.0,1.0
15.956800000000001,TE,8.0,0.0,121,0.9805314931745149,0.0,0.019468506825485066,0.9853127136859852,0.0,0.014687286314014836,0.014687286314014836,0.019468506825485066,0.00478122051147023,1.0,1.0
15.958733333333333,TE,8.0,0.0,121,0.9806085104325162,0.0,0.01939148956748382,0.985323023490192,0.0,0.014676976509808037,0.014676976509808037,0.01939148956748382,0.004714513057675784,1.0,1.0
15.960666666666667,TE,8.0,0.0,121,0.9806794860833996,0.0,0.01932051391660039,0.9853294603469067,0.0,0.014670539653093284,0.014670539653093284,0.01932051391660039,0.004649974263507106,1.0,1.0
15.9626,TE,8.0,0.0,121,0.9807445270986124,0.0,0.019255472901387627,0.9853320655849479,0.0,0.014667934415052097,0.014667934415052097,0.019255472901387627,0.0045875384863355295,1.0,1.0
15.964533333333334,TE,8.0,0.0,121,0.98080372799931,0.0,0.019196272000689962,0.9853308721551993,0.0,0.014669127844800678,0.014669127844800678,0.019196272000689962,0.004527144155889284,1.0,1.0
15.966466666666667,TE,8.0,0.0,121,0.9808571712648795,0.0,0.01914282873512052,0.9853259048610038,0.0,0.014674095138996202,0.014674095138996202,0.01914282873512052,0.004468733596124319,1.0,1.0
15.9684,TE,8.0,0.0,121,0.9809049276828025,0.0,0.019095072317197537,0.9853171805477097,0.0,0.01468281945229033,0.01468281945229033,0.019095072317197537,0.004412252864907207,1.0,1.0
15.970333333333334,TE,8.0,0.0,121,0.9809470566428549,0.0,0.019052943357145136,0.9853047082535382,0.0,0.01469529174646178,0.01469529174646178,0.019052943357145136,0.004357651610683355,1.0,1.0
15.972266666666666,TE,8.0,0.0,121,0.98098360637805,0.0,0.019016393621949956,0.985288489323208,0.0,0.014711510676791995,0.014711510676791995,0.019016393621949956,0.004304882945157962,1.0,1.0
15.9742,TE,8.0,0.0,121,0.9810146141544153,0.0,0.018985385845584735,0.9852685174858387,0.0,0.014731482514161343,0.014731482514161343,0.018985385845584735,0.004253903331423392,1.0,1.0
15.976133333333333,TE,8.0,0.0,121,0.981040106411165,0.0,0.018959893588834986,0.9852447788979655,0.0,0.014755221102034533,0.014755221102034533,0.018959893588834986,0.004204672486800454,1.0,1.0
15.978066666666667,TE,8.0,0.0,121,0.9810600988524992,0.0,0.01893990114750077,0.985217252152577,0.0,0.01478274784742295,0.01478274784742295,0.01893990114750077,0.0041571533000778205,1.0,1.0
15.98,TE,8.0,0.0,121,0.9810745964918124,0.0,0.01892540350818761,0.9851859082545322,0.0,0.014814091745467772,0.014814091745467772,0.01892540350818761,0.004111311762719838,1.0,1.0
15.981933333333334,TE,8.0,0.0,121,0.9810835936488103,0.0,0.01891640635118974,0.9851507105625688,0.0,0.014849289437431246,0.014849289437431246,0.01891640635118974,0.004067116913758495,1.0,1.0
15.983866666666668,TE,8.0,0.0,121,0.9810870738995714,0.0,0.018912926100428606,0.985111614697979,0.0,0.014888385302020968,0.014888385302020968,0.018912926100428606,0.004024540798407639,1.0,1.0
15.985800000000001,TE,8.0,0.0,121,0.9810850099793016,0.0,0.018914990020698408,0.9850685684194711,0.0,0.014931431580528898,0.014931431580528898,0.018914990020698408,0.00398355844016951,1.0,1.0
15.987733333333335,TE,8.0,0.0,121,0.9810773636370852,0.0,0.018922636362914802,0.9850215114638009,0.0,0.014978488536199097,0.014978488536199097,0.018922636362914802,0.003944147826715705,1.0,1.0
15.989666666666666,TE,8.0,0.0,121,0.981064085441741,0.0,0.018935914558259048,0.9849703753513381,0.0,0.015029624648661866,0.015029624648661866,0.018935914558259048,0.003906289909597183,1.0,1.0
15.9916,TE,8.0,0.0,121,0.9810451145372203,0.0,0.01895488546277968,0.9849150831554215,0.0,0.015084916844578466,0.015084916844578466,0.01895488546277968,0.003869968618201214,1.0,1.0
15.993533333333334,TE,8.0,0.0,121,0.9810203783458659,0.0,0.018979621654134138,0.984855549234264,0.0,0.015144450765736006,0.015144450765736006,0.018979621654134138,0.0038351708883981317,1.0,1.0
15.995466666666667,TE,8.0,0.0,121,0.9809897922173214,0.0,0.01901020778267859,0.9847916789237104,0.0,0.015208321076289555,0.015208321076289555,0.01901020778267859,0.003801886706389035,1.0,1.0
15.9974,TE,8.0,0.0,121,0.9809532590203764,0.0,0.019046740979623555,0.9847233681889289,0.0,0.015276631811071084,0.015276631811071084,0.019046740979623555,0.0037701091685524712,1.0,1.0
15.999333333333334,TE,8.0,0.0,121,0.9809106686746955,0.0,0.019089331325304548,0.9846505032328654,0.0,0.015349496767134596,0.015349496767134596,0.019089331325304548,0.003739834558169952,1.0,1.0
16.001266666666666,TE,8.0,0.0,121,0.9808618976187915,0.0,0.0191381023812085,0.984572960058746,0.0,0.01542703994125405,0.01542703994125405,0.0191381023812085,0.003711062439954449,1.0,1.0
16.0032,TE,8.0,0.0,121,0.9808068082100303,0.0,0.0191931917899697,0.9844906039837868,0.0,0.01550939601621315,0.01550939601621315,0.0191931917899697,0.0036837957737565485,1.0,1.0
16.005133333333333,TE,8.0,0.0,121,0.9807452480519857,0.0,0.019254751948014293,0.9844032891007324,0.0,0.015596710899267618,0.015596710899267618,0.019254751948014293,0.003658041048746674,1.0,1.0
16.007066666666667,TE,8.0,0.0,121,0.9806770492435544,0.0,0.019322950756445634,0.9843108576834082,0.0,0.015689142316591798,0.015689142316591798,0.019322950756445634,0.003633808439853836,1.0,1.0
16.009,TE,8.0,0.0,121,0.980602027543897,0.0,0.019397972456102974,0.9842131395320427,0.0,0.015786860467957298,0.015786860467957298,0.019397972456102974,0.0036111119881456766,1.0,1.0
16.010933333333334,TE,8.0,0.0,121,0.9805199814460405,0.0,0.019480018553959533,0.9841099512536303,0.0,0.015890048746369678,0.015890048746369678,0.019480018553959533,0.0035899698075898545,1.0,1.0
16.012866666666667,TE,8.0,0.0,121,0.9804306911514583,0.0,0.01956930884854169,0.9840010954718805,0.0,0.015998904528119473,0.015998904528119473,0.01956930884854169,0.0035704043204222158,1.0,1.0
16.0148,TE,8.0,0.0,121,0.9803339174366626,0.0,0.01966608256333735,0.9838863599607861,0.0,0.016113640039213895,0.016113640039213895,0.01966608256333735,0.003552442524123456,1.0,1.0
16.016733333333335,TE,8.0,0.0,121,0.9802294004019289,0.0,0.019770599598071148,0.9837655166951825,0.0,0.01623448330481747,0.01623448330481747,0.019770599598071148,0.003536116293253677,1.0,1.0
16.018666666666668,TE,8.0,0.0,121,0.9801168580909783,0.0,0.01988314190902174,0.9836383208106317,0.0,0.01636167918936826,0.01636167918936826,0.01988314190902174,0.0035214627196534787,1.0,1.0
16.0206,TE,8.0,0.0,121,0.9799959849689228,0.0,0.020004015031077182,0.983504509464375,0.0,0.016495490535625046,0.016495490535625046,0.020004015031077182,0.0035085244954521366,1.0,1.0
16.022533333333335,TE,8.0,0.0,121,0.9798664502444283,0.0,0.02013354975557169,0.9833638005879355,0.0,0.016636199412064512,0.016636199412064512,0.02013354975557169,0.0034973503435071773,1.0,1.0
16.02446666666667,TE,8.0,0.0,121,0.9797278960199687,0.0,0.02027210398003132,0.9832158915208049,0.0,0.016784108479195092,0.016784108479195092,0.02027210398003132,0.0034879955008362273,1.0,1.0
16.0264,TE,8.0,0.0,121,0.9795799352523591,0.0,0.02042006474764091,0.9830604575135888,0.0,0.016939542486411163,0.016939542486411163,0.02042006474764091,0.003480522261229746,1.0,1.0
16.028333333333332,TE,8.0,0.0,121,0.9794221495031376,0.0,0.02057785049686245,0.9828971500873424,0.0,0.017102849912657647,0.017102849912657647,0.02057785049686245,0.0034750005842048015,1.0,1.0
16.030266666666666,TE,8.0,0.0,121,0.9792540864560086,0.0,0.020745913543991357,0.9827255952344531,0.0,0.01727440476554687,0.01727440476554687,0.020745913543991357,0.0034715087784444876,1.0,1.0
16.0322,TE,8.0,0.0,121,0.9790752571754069,0.0,0.020924742824593112,0.9825453914444211,0.0,0.0174546085555789,0.0174546085555789,0.020924742824593112,0.0034701342690142134,1.0,1.0
16.034133333333333,TE,8.0,0.0,121,0.9788851330769544,0.0,0.02111486692304565,0.9823561075360764,0.0,0.017643892463923616,0.017643892463923616,0.02111486692304565,0.0034709744591220337,1.0,1.0
16.036066666666667,TE,8.0,0.0,121,0.9786831425766643,0.0,0.021316857423335667,0.9821572802752161,0.0,0.017842719724783906,0.017842719724783906,0.021316857423335667,0.0034741376985517602,1.0,1.0
16.038,TE,8.0,0.0,121,0.9784686673812995,0.0,0.02153133261870055,0.9819484117543158,0.0,0.018051588245684203,0.018051588245684203,0.02153133261870055,0.003479744373016347,1.0,1.0
16.039933333333334,TE,8.0,0.0,121,0.9782410383771077,0.0,0.02175896162289226,0.9817289665075992,0.0,0.01827103349240078,0.01827103349240078,0.02175896162289226,0.00348792813049148,1.0,1.0
16.041866666666667,TE,8.0,0.0,121,0.9779995310683919,0.0,0.02200046893160812,0.9814983683317944,0.0,0.01850163166820562,0.01850163166820562,0.02200046893160812,0.003498837263402499,1.0,1.0
16.0438,TE,8.0,0.0,121,0.9777433605105003,0.0,0.02225663948949974,0.9812559967785202,0.0,0.018744003221479844,0.018744003221479844,0.02225663948949974,0.0035126362680198975,1.0,1.0
16.045733333333335,TE,8.0,0.0,121,0.9774716756740366,0.0,0.02252832432596341,0.9810011832802826,0.0,0.01899881671971737,0.01899881671971737,0.02252832432596341,0.0035295076062460407,1.0,1.0
16.047666666666668,TE,8.0,0.0,121,0.9771835531678345,0.0,0.02281644683216555,0.9807332068664582,0.0,0.01926679313354185,0.01926679313354185,0.02281644683216555,0.0035496536986237004,1.0,1.0
16.0496,TE,8.0,0.0,121,0.9768779902380379,0.0,0.023122009761962103,0.9804512894202048,0.0,0.019548710579795237,0.019548710579795237,0.023122009761962103,0.003573299182166867,1.0,1.0
16.051533333333335,TE,8.0,0.0,121,0.976553896948033,0.0,0.023446103051967038,0.9801545904201265,0.0,0.019845409579873463,0.019845409579873463,0.023446103051967038,0.0036006934720935746,1.0,1.0
16.05346666666667,TE,8.0,0.0,121,0.9762100874298067,0.0,0.02378991257019325,0.9798422011029337,0.0,0.02015779889706626,0.02015779889706626,0.02378991257019325,0.003632113673126991,1.0,1.0
16.0554,TE,8.0,0.0,121,0.9758452700807696,0.0,0.0241547299192304,0.9795131379742175,0.0,0.020486862025782537,0.020486862025782537,0.0241547299192304,0.0036678678934478626,1.0,1.0
16.057333333333332,TE,8.0,0.0,121,0.9754580365603231,0.0,0.02454196343967685,0.979166335584017,0.0,0.020833664415983,0.020833664415983,0.02454196343967685,0.0037082990236938507,1.0,1.0
16.059266666666666,TE,8.0,0.0,121,0.9750468494176342,0.0,0.024953150582365802,0.9788006384718594,0.0,0.021199361528140614,0.021199361528140614,0.024953150582365802,0.0037537890542251873,1.0,1.0
16.0612,TE,8.0,0.0,121,0.9746100281550748,0.0,0.025389971844925197,0.9784147921715824,0.0,0.021585207828417552,0.021585207828417552,0.025389971844925197,0.0038047640165076446,1.0,1.0
16.063133333333333,TE,8.0,0.0,121,0.9741457335001011,0.0,0.02585426649989886,0.978007433150204,0.0,0.021992566849796003,0.021992566849796003,0.02585426649989886,0.0038616996501028567,1.0,1.0
16.065066666666667,TE,8.0,0.0,121,0.9736519496204127,0.0,0.026348050379587318,0.9775770775354992,0.0,0.02242292246450084,0.02242292246450084,0.026348050379587318,0.003925127915086479,1.0,1.0
16.067,TE,8.0,0.0,121,0.9731264639730769,0.0,0.026873536026923106,0.977122108464946,0.0,0.02287789153505404,0.02287789153505404,0.026873536026923106,0.003995644491869066,1.0,1.0
16.068933333333334,TE,8.0,0.0,121,0.9725668444248736,0.0,0.027433155575126378,0.9766407618618613,0.0,0.02335923813813867,0.02335923813813867,0.027433155575126378,0.004073917436987706,1.0,1.0
16.070866666666667,TE,8.0,0.0,121,0.9719704132182723,0.0,0.028029586781727733,0.9761311104140153,0.0,0.023868889585984654,0.023868889585984654,0.028029586781727733,0.004160697195743079,1.0,1.0
16.0728,TE,8.0,0.0,121,0.9713342172816404,0.0,0.028665782718359623,0.9755910454931529,0.0,0.024408954506847103,0.024408954506847103,0.028665782718359623,0.00425682821151252,1.0,1.0
16.074733333333334,TE,8.0,0.0,121,0.970654994292004,0.0,0.02934500570799603,0.9750182567108248,0.0,0.02498174328917524,0.02498174328917524,0.02934500570799603,0.00436326241882079,1.0,1.0
16.076666666666668,TE,8.0,0.0,121,0.9699291337895039,0.0,0.03007086621049615,0.9744102087547181,0.0,0.025589791245281934,0.025589791245281934,0.03007086621049615,0.004481074965214216,1.0,1.0
16.0786,TE,8.0,0.0,121,0.9691526325115271,0.0,0.030847367488472943,0.9737641150888712,0.0,0.026235884911128826,0.026235884911128826,0.030847367488472943,0.004611482577344117,1.0,1.0
16.080533333333335,TE,8.0,0.0,121,0.9683210429556136,0.0,0.03167895704438639,0.9730769080287706,0.0,0.02692309197122944,0.02692309197122944,0.03167895704438639,0.004755865073156951,1.0,1.0
16.08246666666667,TE,8.0,0.0,121,0.9674294139871432,0.0,0.032570586012856784,0.9723452046157102,0.0,0.027654795384289832,0.027654795384289832,0.032570586012856784,0.004915790628566952,1.0,1.0
16.084400000000002,TE,8.0,0.0,121,0.96647222207293,0.0,0.03352777792706996,0.9715652676112244,0.0,0.028434732388775585,0.028434732388775585,0.03352777792706996,0.005093045538294372,1.0,1.0
16.086333333333332,TE,8.0,0.0,121,0.9654432914348113,0.0,0.034556708565188665,0.9707329608078894,0.0,0.0292670391921106,0.0292670391921106,0.034556708565188665,0.005289669373078065,1.0,1.0
16.088266666666666,TE,8.0,0.0,121,0.964335701065093,0.0,0.03566429893490697,0.9698436977023848,0.0,0.030156302297615234,0.030156302297615234,0.03566429893490697,0.005507996637291734,1.0,1.0
16.0902,TE,8.0,0.0,121,0.9631416761122671,0.0,0.03685832388773291,0.9688923823957892,0.0,0.03110761760421077,0.03110761760421077,0.03685832388773291,0.0057507062835221445,1.0,1.0
16.092133333333333,TE,8.0,0.0,121,0.9618524606108199,0.0,0.03814753938918014,0.967873341365669,0.0,0.03212665863433095,0.03212665863433095,0.03814753938918014,0.006020880754849189,1.0,1.0
16.094066666666667,TE,8.0,0.0,121,0.9604581678649559,0.0,0.03954183213504414,0.9667802444870626,0.0,0.03321975551293743,0.03321975551293743,0.03954183213504414,0.006322076622106709,1.0,1.0
16.096,TE,8.0,0.0,121,0.9589476039710774,0.0,0.04105239602892263,0.9656060133529265,0.0,0.03439398664707349,0.03439398664707349,0.04105239602892263,0.00665840938184914,1.0,1.0
16.097933333333334,TE,8.0,0.0,121,0.9573080589334768,0.0,0.04269194106652319,0.964342714544763,0.0,0.03565728545523705,0.03565728545523705,0.04269194106652319,0.007034655611286134,1.0,1.0
16.099866666666667,TE,8.0,0.0,121,0.95552505853573,0.0,0.04447494146427,0.9629814350130648,0.0,0.03701856498693523,0.03701856498693523,0.04447494146427,0.00745637647733477,1.0,1.0
16.1018,TE,8.0,0.0,121,0.9535820685054934,0.0,0.04641793149450657,0.9615121361215749,0.0,0.038487863878425066,0.038487863878425066,0.04641793149450657,0.007930067616081504,1.0,1.0
16.103733333333334,TE,8.0,0.0,121,0.951460140458555,0.0,0.04853985954144502,0.9599234821610341,0.0,0.04007651783896593,0.04007651783896593,0.04853985954144502,0.008463341702479088,1.0,1.0
16.105666666666668,TE,8.0,0.0,121,0.9491374865087575,0.0,0.05086251349124249,0.9582026382083604,0.0,0.04179736179163962,0.04179736179163962,0.05086251349124249,0.00906515169960287,1.0,1.0
16.1076,TE,8.0,0.0,121,0.9465889661247215,0.0,0.05341103387527846,0.9563350310504563,0.0,0.04366496894954375,0.04366496894954375,0.05341103387527846,0.00974606492573471,1.0,1.0
16.109533333333335,TE,8.0,0.0,121,0.9437854646016024,0.0,0.0562145353983976,0.95430406544625,0.0,0.045695934553749984,0.045695934553749984,0.0562145353983976,0.010518600844647619,1.0,1.0
16.11146666666667,TE,8.0,0.0,121,0.9406931371263715,0.0,0.05930686287362852,0.9520907861880478,0.0,0.047909213811952234,0.047909213811952234,0.05930686287362852,0.011397649061676285,1.0,1.0
16.1134,TE,8.0,0.0,121,0.937272485513261,0.0,0.06272751448673897,0.9496734741447892,0.0,0.0503265258552108,0.0503265258552108,0.06272751448673897,0.012400988631528165,1.0,1.0
16.115333333333332,TE,8.0,0.0,121,0.9334772258310271,0.0,0.0665227741689729,0.9470271615973826,0.0,0.05297283840261735,0.05297283840261735,0.0665227741689729,0.013549935766355548,1.0,1.0
16.117266666666666,TE,8.0,0.0,121,0.9292528937831701,0.0,0.07074710621682989,0.9441230485415574,0.0,0.055876951458442625,0.055876951458442625,0.07074710621682989,0.014870154758387266,1.0,1.0
16.1192,TE,8.0,0.0,121,0.9245351201573581,0.0,0.07546487984264194,0.9409277970328097,0.0,0.05907220296719029,0.05907220296719029,0.07546487984264194,0.01639267687545165,1.0,1.0
16.121133333333333,TE,8.0,0.0,121,0.919247490107173,0.0,0.080752509892827,0.9374026748052117,0.0,0.06259732519478833,0.06259732519478833,0.080752509892827,0.018155184698038673,1.0,1.0
16.123066666666666,TE,8.0,0.0,121,0.9132988765622596,0.0,0.08670112343774039,0.9335025119780291,0.0,0.06649748802197086,0.06649748802197086,0.08670112343774039,0.020203635415769527,1.0,1.0
16.125,TE,8.0,0.0,121,0.9065801087936574,0.0,0.09341989120634264,0.9291744252512313,0.0,0.07082557474876872,0.07082557474876872,0.09341989120634264,0.022594316457573926,1.0,1.0
16.126933333333334,TE,8.0,0.0,121,0.8989598015214416,0.0,0.10104019847855839,0.9243562520672645,0.0,0.07564374793273554,0.07564374793273554,0.10104019847855839,0.025396450545822846,1.0,1.0
16.128866666666667,TE,8.0,0.0,121,0.8902791283703307,0.0,0.10972087162966926,0.9189746221961329,0.0,0.0810253778038671,0.0810253778038671,0.10972087162966926,0.028695493825802165,1.0,1.0
16.1308,TE,8.0,0.0,121,0.8803452787394499,0.0,0.1196547212605501,0.9129425754311891,0.0,0.08705742456881094,0.08705742456881094,0.1196547212605501,0.032597296691739164,1.0,1.0
16.132733333333334,TE,8.0,0.0,121,0.8689232972029474,0.0,0.13107670279705264,0.9061566109806871,0.0,0.09384338901931288,0.09384338901931288,0.13107670279705264,0.03723331377773975,1.0,1.0
16.134666666666668,TE,8.0,0.0,121,0.8557259880132189,0.0,0.14427401198678114,0.8984930263876603,0.0,0.10150697361233973,0.10150697361233973,0.14427401198678114,0.0427670383744414,1.0,1.0
16.1366,TE,8.0,0.0,121,0.840401614080976,0.0,0.15959838591902398,0.8898033718590521,0.0,0.11019662814094788,0.11019662814094788,0.15959838591902398,0.049401757778076094,1.0,1.0
16.138533333333335,TE,8.0,0.0,121,0.8225193115774572,0.0,0.17748068842254283,0.8799088119409342,0.0,0.12009118805906582,0.12009118805906582,0.17748068842254283,0.05738950036347701,1.0,1.0
16.14046666666667,TE,8.0,0.0,121,0.8015526388353117,0.0,0.1984473611646883,0.8685931563429655,0.0,0.13140684365703448,0.13140684365703448,0.1984473611646883,0.06704051750765383,1.0,1.0
16.142400000000002,TE,8.0,0.0,121,0.7768627887139199,0.0,0.2231372112860801,0.8555943085459427,0.0,0.14440569145405735,0.14440569145405735,0.2231372112860801,0.07873151983202276,1.0,1.0
16.144333333333332,TE,8.0,0.0,121,0.7476852818355936,0.0,0.2523147181644064,0.8405939118333889,0.0,0.15940608816661106,0.15940608816661106,0.2523147181644064,0.09290862999779537,1.0,1.0
16.146266666666666,TE,8.0,0.0,121,0.7131284071359769,0.0,0.2868715928640231,0.8232051016572346,0.0,0.1767948983427654,0.1767948983427654,0.2868715928640231,0.11007669452125768,1.0,1.0
16.1482,TE,8.0,0.0,121,0.6721998379259264,0.0,0.3278001620740736,0.8029586045174141,0.0,0.19704139548258592,0.19704139548258592,0.3278001620740736,0.13075876659148766,1.0,1.0
16.150133333333333,TE,8.0,0.0,121,0.6238917048890835,0.0,0.3761082951109165,0.779288150188161,0.0,0.220711849811839,0.220711849811839,0.3761082951109165,0.15539644529907748,1.0,1.0
16.152066666666666,TE,8.0,0.0,121,0.5673750107695834,0.0,0.4326249892304166,0.7515176348713577,0.0,0.2484823651286423,0.2484823651286423,0.4326249892304166,0.1841426241017743,1.0,1.0
16.154,TE,8.0,0.0,121,0.5023769571747324,0.0,0.4976230428252676,0.7188552878542935,0.0,0.28114471214570647,0.28114471214570647,0.4976230428252676,0.21647833067956113,1.0,1.0
16.155933333333333,TE,8.0,0.0,121,0.42981711599120076,0.0,0.5701828840087992,0.6804052102421769,0.0,0.3195947897578231,0.3195947897578231,0.5701828840087992,0.25058809425097617,1.0,1.0
16.157866666666667,TE,8.0,0.0,121,0.3527010141561582,0.0,0.6472989858438418,0.6352153810615947,0.0,0.3647846189384053,0.3647846189384053,0.6472989858438418,0.2825143669054365,1.0,1.0
16.1598,TE,8.0,0.0,121,0.27701595168329385,0.0,0.7229840483167062,0.582394727636139,0.0,0.417605272363861,0.417605272363861,0.7229840483167062,0.3053787759528451,1.0,1.0
16.161733333333334,TE,8.0,0.0,121,0.21191870858232936,0.0,0.7880812914176707,0.5213491568201577,0.0,0.4786508431798423,0.4786508431798423,0.7880812914176707,0.3094304482378284,1.0,1.0
16.163666666666668,TE,8.0,0.0,121,0.16819612573561757,0.0,0.8318038742643824,0.452198981975812,0.0,0.547801018024188,0.547801018024188,0.8318038742643824,0.2840028562401944,1.0,1.0
16.1656,TE,8.0,0.0,121,0.15466829024523326,0.0,0.8453317097547668,0.37642110320938094,0.0,0.6235788967906191,0.6235788967906191,0.8453317097547668,0.22175281296414773,1.0,1.0
16.167533333333335,TE,8.0,0.0,121,0.1741818944216488,0.0,0.8258181055783512,0.29765289942322826,0.0,0.7023471005767717,0.7023471005767717,0.8258181055783512,0.12347100500157948,1.0,1.0
16.16946666666667,TE,8.0,0.0,121,0.2221696998061274,0.0,0.7778303001938726,0.22233798392051302,0.0,0.7776620160794869,0.7776620160794869,0.7778303001938726,0.00016828411438563062,1.0,1.0
16.171400000000002,TE,8.0,0.0,121,0.28900813207745185,0.0,0.7109918679225482,0.1595380145652353,0.0,0.8404619854347647,0.8404619854347647,0.7109918679225482,0.1294701175122165,1.0,1.0
16.173333333333332,TE,8.0,0.0,121,0.364164263670107,0.0,0.635835736329893,0.11915780395499484,0.0,0.8808421960450051,0.8808421960450051,0.635835736329893,0.24500645971511215,1.0,1.0
16.175266666666666,TE,8.0,0.0,121,0.4392906423001333,0.0,0.5607093576998667,0.10864380831864989,0.0,0.8913561916813502,0.8913561916813502,0.5607093576998667,0.3306468339814834,1.0,1.0
16.1772,TE,8.0,0.0,121,0.5092249237016784,0.0,0.4907750762983216,0.1297907899152676,0.0,0.8702092100847324,0.8702092100847324,0.4907750762983216,0.3794341337864108,1.0,1.0
16.179133333333333,TE,8.0,0.0,121,0.5715426881685998,0.0,0.42845731183140023,0.17794055738610304,0.0,0.822059442613897,0.822059442613897,0.42845731183140023,0.39360213078249673,1.0,1.0
16.181066666666666,TE,8.0,0.0,121,0.6256395926669759,0.0,0.3743604073330241,0.2441970562878714,0.0,0.7558029437121286,0.7558029437121286,0.3743604073330241,0.3814425363791045,1.0,1.0
16.183,TE,8.0,0.0,121,0.6719123993182655,0.0,0.3280876006817345,0.3189183008644157,0.0,0.6810816991355844,0.6810816991355844,0.3280876006817345,0.3529940984538499,1.0,1.0
16.184933333333333,TE,8.0,0.0,121,0.7112041786245802,0.0,0.2887958213754198,0.39431334488283004,0.0,0.60568665511717,0.60568665511717,0.2887958213754198,0.3168908337417502,1.0,1.0
16.186866666666667,TE,8.0,0.0,121,0.7444849027881988,0.0,0.2555150972118012,0.4653547733022097,0.0,0.5346452266977904,0.5346452266977904,0.2555150972118012,0.27913012948598914,1.0,1.0
16.1888,TE,8.0,0.0,121,0.7726907875520207,0.0,0.2273092124479793,0.5294821746999414,0.0,0.4705178253000586,0.4705178253000586,0.2273092124479793,0.2432086128520793,1.0,1.0
16.190733333333334,TE,8.0,0.0,121,0.796656236128436,0.0,0.20334376387156405,0.5858570509747631,0.0,0.41414294902523685,0.41414294902523685,0.20334376387156405,0.2107991851536728,1.0,1.0
16.192666666666668,TE,8.0,0.0,121,0.8170945093458961,0.0,0.18290549065410389,0.6346503923356476,0.0,0.3653496076643524,0.3653496076643524,0.18290549065410389,0.18244411701024854,1.0,1.0
16.1946,TE,8.0,0.0,121,0.8346015330556164,0.0,0.16539846694438365,0.6765303249155383,0.0,0.32346967508446167,0.32346967508446167,0.16539846694438365,0.15807120814007802,1.0,1.0
16.196533333333335,TE,8.0,0.0,121,0.849669115828969,0.0,0.15033088417103102,0.7123481557483873,0.0,0.2876518442516127,0.2876518442516127,0.15033088417103102,0.1373209600805817,1.0,1.0
16.19846666666667,TE,8.0,0.0,121,0.8627007249818545,0.0,0.13729927501814554,0.7429681180815679,0.0,0.25703188191843207,0.25703188191843207,0.13729927501814554,0.11973260690028653,1.0,1.0
16.200400000000002,TE,8.0,0.0,121,0.874026686467212,0.0,0.12597331353278796,0.7691864837369086,0.0,0.23081351626309143,0.23081351626309143,0.12597331353278796,0.10484020273030348,1.0,1.0
16.202333333333335,TE,8.0,0.0,121,0.8839175778674335,0.0,0.11608242213256648,0.7917009576262329,0.0,0.20829904237376706,0.20829904237376706,0.11608242213256648,0.09221662024120059,1.0,1.0
16.204266666666665,TE,8.0,0.0,121,0.8925955043064836,0.0,0.1074044956935164,0.8111060050114443,0.0,0.18889399498855575,0.18889399498855575,0.1074044956935164,0.08148949929503935,1.0,1.0
16.2062,TE,8.0,0.0,121,0.9002433571453243,0.0,0.09975664285467567,0.8279001985057126,0.0,0.17209980149428739,0.17209980149428739,0.09975664285467567,0.07234315863961172,1.0,1.0
16.208133333333333,TE,8.0,0.0,121,0.907012310796811,0.0,0.092987689203189,0.8424981418714158,0.0,0.1575018581285842,0.1575018581285842,0.092987689203189,0.06451416892539519,1.0,1.0
16.210066666666666,TE,8.0,0.0,121,0.9130278478857238,0.0,0.08697215211427622,0.8552432453485855,0.0,0.14475675465141447,0.14475675465141447,0.08697215211427622,0.05778460253713824,1.0,1.0
16.212,TE,8.0,0.0,121,0.9183945853282695,0.0,0.08160541467173055,0.8664196527665455,0.0,0.13358034723345447,0.13358034723345447,0.08160541467173055,0.05197493256172392,1.0,1.0
16.213933333333333,TE,8.0,0.0,121,0.923200137101128,0.0,0.07679986289887197,0.8762626733650605,0.0,0.12373732663493953,0.12373732663493953,0.07679986289887197,0.04693746373606755,1.0,1.0
16.215866666666667,TE,8.0,0.0,121,0.9275182090737912,0.0,0.07248179092620877,0.8849675889013636,0.0,0.11503241109863638,0.11503241109863638,0.07248179092620877,0.04255062017242761,1.0,1.0
16.2178,TE,8.0,0.0,121,0.9314110839394946,0.0,0.06858891606050543,0.8926969404133879,0.0,0.10730305958661213,0.10730305958661213,0.06858891606050543,0.03871414352610669,1.0,1.0
16.219733333333334,TE,8.0,0.0,121,0.9349316223102542,0.0,0.06506837768974583,0.899586487698037,0.0,0.10041351230196305,0.10041351230196305,0.06506837768974583,0.03534513461221722,1.0,1.0
16.221666666666668,TE,8.0,0.0,121,0.9381248797485998,0.0,0.061875120251400184,0.905750052637738,0.0,0.094249947362262,0.094249947362262,0.061875120251400184,0.032374827110861815,1.0,1.0
16.2236,TE,8.0,0.0,121,0.9410294183958866,0.0,0.05897058160411339,0.9112834439440336,0.0,0.0887165560559664,0.0887165560559664,0.05897058160411339,0.029745974451853008,1.0,1.0
16.225533333333335,TE,8.0,0.0,121,0.943678375112405,0.0,0.05632162488759496,0.9162676353536836,0.0,0.08373236464631639,0.08373236464631639,0.05632162488759496,0.027410739758721436,1.0,1.0
16.22746666666667,TE,8.0,0.0,121,0.9461003348899812,0.0,0.05389966511001876,0.9207713414177101,0.0,0.07922865858228989,0.07922865858228989,0.05389966511001876,0.025328993472271133,1.0,1.0
16.229400000000002,TE,8.0,0.0,121,0.948320047982344,0.0,0.05167995201765596,0.9248531089277757,0.0,0.07514689107222428,0.07514689107222428,0.05167995201765596,0.023466939054568314,1.0,1.0
16.231333333333335,TE,8.0,0.0,121,0.9503590211498013,0.0,0.04964097885019869,0.928563019422555,0.0,0.07143698057744496,0.07143698057744496,0.04964097885019869,0.021796001727246272,1.0,1.0
16.233266666666665,TE,8.0,0.0,121,0.9522360070991122,0.0,0.04776399290088784,0.9319440792799687,0.0,0.0680559207200313,0.0680559207200313,0.04776399290088784,0.020291927819143463,1.0,1.0
16.2352,TE,8.0,0.0,121,0.9539674112783831,0.0,0.04603258872161686,0.9350333585348702,0.0,0.06496664146512976,0.06496664146512976,0.04603258872161686,0.018934052743512897,1.0,1.0
16.237133333333333,TE,8.0,0.0,121,0.9555676313113464,0.0,0.044432368688653634,0.9378629271449739,0.0,0.06213707285502612,0.06213707285502612,0.044432368688653634,0.017704704166372487,1.0,1.0
16.239066666666666,TE,8.0,0.0,121,0.9570493413120713,0.0,0.04295065868792869,0.9404606275454794,0.0,0.05953937245452057,0.05953937245452057,0.04295065868792869,0.016588713766591878,1.0,1.0
16.241,TE,8.0,0.0,121,0.9584237309214982,0.0,0.04157626907850176,0.9428507144853503,0.0,0.057149285514649706,0.057149285514649706,0.04157626907850176,0.015573016436147946,1.0,1.0
16.242933333333333,TE,8.0,0.0,121,0.9597007070065505,0.0,0.040299292993449476,0.9450543869160806,0.0,0.05494561308391943,0.05494561308391943,0.040299292993449476,0.014646320090469955,1.0,1.0
16.244866666666667,TE,8.0,0.0,121,0.9608890644543483,0.0,0.039110935545651704,0.9470902317805525,0.0,0.052909768219447484,0.052909768219447484,0.039110935545651704,0.01379883267379578,1.0,1.0
16.2468,TE,8.0,0.0,121,0.9619966312914154,0.0,0.03800336870858456,0.9489745956469248,0.0,0.05102540435307523,0.05102540435307523,0.03800336870858456,0.01302203564449067,1.0,1.0
16.248733333333334,TE,8.0,0.0,121,0.9630303923954613,0.0,0.03696960760453871,0.9507218970355533,0.0,0.04927810296444668,0.04927810296444668,0.03696960760453871,0.012308495359907967,1.0,1.0
16.250666666666667,TE,8.0,0.0,121,0.9639965952961372,0.0,0.03600340470386276,0.9523448898269218,0.0,0.04765511017307822,0.04765511017307822,0.03600340470386276,0.011651705469215456,1.0,1.0
16.2526,TE,8.0,0.0,121,0.9649008409387405,0.0,0.03509915906125949,0.9538548861751959,0.0,0.04614511382480413,0.04614511382480413,0.03509915906125949,0.011045954763544641,1.0,1.0
16.254533333333335,TE,8.0,0.0,121,0.9657481617814212,0.0,0.0342518382185788,0.955261945783507,0.0,0.04473805421649302,0.04473805421649302,0.0342518382185788,0.010486215997914217,1.0,1.0
16.256466666666668,TE,8.0,0.0,121,0.966543089189086,0.0,0.03345691081091395,0.9565750371409797,0.0,0.04342496285902031,0.04342496285902031,0.03345691081091395,0.009968052048106357,1.0,1.0
16.2584,TE,8.0,0.0,121,0.9672897117539346,0.0,0.03271028824606537,0.957802175308753,0.0,0.042197824691247,0.042197824691247,0.03271028824606537,0.009487536445181632,1.0,1.0
16.260333333333335,TE,8.0,0.0,121,0.9679917259017413,0.0,0.03200827409825868,0.958950540028167,0.0,0.04104945997183296,0.04104945997183296,0.03200827409825868,0.009041185873574276,1.0,1.0
16.26226666666667,TE,8.0,0.0,121,0.9686524799192582,0.0,0.03134752008074182,0.9600265772625434,0.0,0.03997342273745663,0.03997342273745663,0.03134752008074182,0.008625902656714812,1.0,1.0
16.2642,TE,8.0,0.0,121,0.9692750123559077,0.0,0.03072498764409226,0.961036086748952,0.0,0.03896391325104798,0.03896391325104798,0.03072498764409226,0.008238925606955716,1.0,1.0
16.266133333333332,TE,8.0,0.0,121,0.969862085600668,0.0,0.030137914399332,0.9619842976984456,0.0,0.03801570230155438,0.03801570230155438,0.030137914399332,0.007877787902222377,1.0,1.0
16.268066666666666,TE,8.0,0.0,121,0.9704162153107225,0.0,0.02958378468927747,0.9628759344273351,0.0,0.0371240655726649,0.0371240655726649,0.02958378468927747,0.007540280883387429,1.0,1.0
16.27,TE,8.0,0.0,121,0.9709396962634532,0.0,0.029060303736546778,0.9637152734077838,0.0,0.036284726592216154,0.036284726592216154,0.029060303736546778,0.007224422855669377,1.0,1.0
16.271933333333333,TE,8.0,0.0,121,0.9714346251175994,0.0,0.02856537488240063,0.9645061929866028,0.0,0.035493807013397216,0.035493807013397216,0.02856537488240063,0.006928432130996587,1.0,1.0
16.273866666666667,TE,8.0,0.0,121,0.9719029204963179,0.0,0.02809707950368212,0.9652522168211136,0.0,0.03474778317888638,0.03474778317888638,0.02809707950368212,0.006650703675204261,1.0,1.0
16.2758,TE,8.0,0.0,121,0.9723463407444898,0.0,0.02765365925551022,0.9659565519170051,0.0,0.034043448082994865,0.034043448082994865,0.02765365925551022,0.006389788827484644,1.0,1.0
16.277733333333334,TE,8.0,0.0,121,0.9727664996614755,0.0,0.027233500338524452,0.9666221220162469,0.0,0.033377877983753135,0.033377877983753135,0.027233500338524452,0.0061443776452286825,1.0,1.0
16.279666666666667,TE,8.0,0.0,121,0.9731648804677885,0.0,0.026835119532211515,0.967251596969508,0.0,0.03274840303049198,0.03274840303049198,0.026835119532211515,0.005913283498280464,1.0,1.0
16.2816,TE,8.0,0.0,121,0.9735428482274692,0.0,0.02645715177253083,0.9678474186321158,0.0,0.032152581367884236,0.032152581367884236,0.02645715177253083,0.005695429595353407,1.0,1.0
16.283533333333335,TE,8.0,0.0,121,0.9739016609175738,0.0,0.026098339082426203,0.9684118237435604,0.0,0.031588176256439615,0.031588176256439615,0.026098339082426203,0.005489837174013412,1.0,1.0
16.285466666666668,TE,8.0,0.0,121,0.9742424793098182,0.0,0.02575752069018178,0.9689468641831464,0.0,0.03105313581685365,0.03105313581685365,0.02575752069018178,0.005295615126671871,1.0,1.0
16.2874,TE,8.0,0.0,121,0.9745663758072274,0.0,0.02543362419277262,0.9694544249384166,0.0,0.030545575061583397,0.030545575061583397,0.02543362419277262,0.005111950868810777,1.0,1.0
16.289333333333335,TE,8.0,0.0,121,0.9748743423598165,0.0,0.025125657640183485,0.9699362400754523,0.0,0.030063759924547684,0.030063759924547684,0.025125657640183485,0.004938102284364199,1.0,1.0
16.29126666666667,TE,8.0,0.0,121,0.9751672975669237,0.0,0.024832702433076337,0.9703939069597572,0.0,0.029606093040242754,0.029606093040242754,0.024832702433076337,0.004773390607166417,1.0,1.0
16.2932,TE,8.0,0.0,121,0.97544609306001,0.0,0.024553906939990044,0.9708288989424669,0.0,0.029171101057533066,0.029171101057533066,0.024553906939990044,0.004617194117543022,1.0,1.0
16.295133333333332,TE,8.0,0.0,121,0.9757115192477206,0.0,0.024288480752279407,0.9712425766973862,0.0,0.02875742330261377,0.02875742330261377,0.024288480752279407,0.004468942550334365,1.0,1.0
16.297066666666666,TE,8.0,0.0,121,0.9759643104948442,0.0,0.024035689505155777,0.9716361983698527,0.0,0.02836380163014729,0.02836380163014729,0.024035689505155777,0.004328112124991512,1.0,1.0
16.299,TE,8.0,0.0,121,0.9762051497977483,0.0,0.023794850202251694,0.9720109286770243,0.0,0.027989071322975678,0.027989071322975678,0.023794850202251694,0.004194221120723984,1.0,1.0
16.300933333333333,TE,8.0,0.0,121,0.9764346730113151,0.0,0.023565326988684854,0.9723678470811317,0.0,0.027632152918868336,0.027632152918868336,0.023565326988684854,0.004066825930183482,1.0,1.0
16.302866666666667,TE,8.0,0.0,121,0.9766534726758207,0.0,0.0233465273241793,0.9727079551417939,0.0,0.027292044858206133,0.027292044858206133,0.0233465273241793,0.003945517534026832,1.0,1.0
16.3048,TE,8.0,0.0,121,0.9768621014861785,0.0,0.02313789851382153,0.9730321831399026,0.0,0.026967816860097416,0.026967816860097416,0.02313789851382153,0.0038299183462758846,1.0,1.0
16.306733333333334,TE,8.0,0.0,121,0.9770610754412388,0.0,0.02293892455876123,0.9733413960541664,0.0,0.026658603945833637,0.026658603945833637,0.02293892455876123,0.0037196793870724054,1.0,1.0
16.308666666666667,TE,8.0,0.0,121,0.977250876706321,0.0,0.022749123293678952,0.9736363989614258,0.0,0.026363601038574158,0.026363601038574158,0.022749123293678952,0.003614477744895206,1.0,1.0
16.3106,TE,8.0,0.0,121,0.9774319562182618,0.0,0.022568043781738156,0.9739179419231149,0.0,0.02608205807688513,0.02608205807688513,0.022568043781738156,0.003514014295146972,1.0,1.0
16.312533333333334,TE,8.0,0.0,121,0.9776047360591713,0.0,0.02239526394082869,0.9741867244129361,0.0,0.025813275587063922,0.025813275587063922,0.02239526394082869,0.0034180116462352306,1.0,1.0
16.314466666666668,TE,8.0,0.0,121,0.9777696116219152,0.0,0.022230388378084776,0.9744433993341242,0.0,0.02555660066587584,0.02555660066587584,0.022230388378084776,0.003326212287791064,1.0,1.0
16.3164,TE,8.0,0.0,121,0.9779269535878945,0.0,0.0220730464121055,0.9746885766690607,0.0,0.025311423330939276,0.025311423330939276,0.0220730464121055,0.003238376918833774,1.0,1.0
16.318333333333335,TE,8.0,0.0,121,0.9780771097354961,0.0,0.02192289026450389,0.9749228267992244,0.0,0.025077173200775627,0.025077173200775627,0.02192289026450389,0.003154282936271735,1.0,1.0
16.32026666666667,TE,8.0,0.0,121,0.9782204065954504,0.0,0.021779593404549602,0.9751466835288206,0.0,0.024853316471179387,0.024853316471179387,0.021779593404549602,0.0030737230666297854,1.0,1.0
16.322200000000002,TE,8.0,0.0,121,0.9783571509677687,0.0,0.021642849032231348,0.975360646842001,0.0,0.024639353157999033,0.024639353157999033,0.021642849032231348,0.002996504125767685,1.0,1.0
16.324133333333332,TE,8.0,0.0,121,0.978487631313204,0.0,0.021512368686795957,0.9755651854199809,0.0,0.02443481458001906,0.02443481458001906,0.021512368686795957,0.0029224458932231023,1.0,1.0
16.326066666666666,TE,8.0,0.0,121,0.9786121190310185,0.0,0.021387880968981476,0.9757607389417233,0.0,0.024239261058276673,0.024239261058276673,0.021387880968981476,0.002851380089295197,1.0,1.0
16.328,TE,8.0,0.0,121,0.9787308696334149,0.0,0.021269130366585065,0.9759477201889954,0.0,0.02405227981100455,0.02405227981100455,0.021269130366585065,0.002783149444419486,1.0,1.0
16.329933333333333,TE,8.0,0.0,121,0.9788441238261195,0.0,0.021155876173880483,0.976126516974674,0.0,0.023873483025325992,0.023873483025325992,0.021155876173880483,0.0027176068514455087,1.0,1.0
16.331866666666667,TE,8.0,0.0,121,0.9789521085035013,0.0,0.02104789149649866,0.9762974939108997,0.0,0.023702506089100295,0.023702506089100295,0.02104789149649866,0.002654614592601634,1.0,1.0
16.3338,TE,8.0,0.0,121,0.9790550376658763,0.0,0.020944962334123685,0.976460994032136,0.0,0.023539005967863957,0.023539005967863957,0.020944962334123685,0.002594043633740273,1.0,1.0
16.335733333333334,TE,8.0,0.0,121,0.9791531132658065,0.0,0.020846886734193548,0.9766173402865004,0.0,0.02338265971349962,0.02338265971349962,0.020846886734193548,0.0025357729793060724,1.0,1.0
16.337666666666667,TE,8.0,0.0,121,0.9792465259895895,0.0,0.0207534740104105,0.9767668369074027,0.0,0.023233163092597264,0.023233163092597264,0.0207534740104105,0.0024796890821867645,1.0,1.0
16.3396,TE,8.0,0.0,121,0.9793354559795544,0.0,0.020664544020445597,0.9769097706763843,0.0,0.023090229323615707,0.023090229323615707,0.020664544020445597,0.002425685303170111,1.0,1.0
16.341533333333334,TE,8.0,0.0,121,0.9794200735021116,0.0,0.020579926497888423,0.9770464120867233,0.0,0.02295358791327673,0.02295358791327673,0.020579926497888423,0.0023736614153883062,1.0,1.0
16.343466666666668,TE,8.0,0.0,121,0.9795005395662538,0.0,0.020499460433746175,0.9771770164167611,0.0,0.022822983583238865,0.022822983583238865,0.020499460433746175,0.00232352314949269,1.0,1.0
16.3454,TE,8.0,0.0,121,0.9795770064965262,0.0,0.020422993503473763,0.9773018247207079,0.0,0.022698175279292077,0.022698175279292077,0.020422993503473763,0.0022751817758183135,1.0,1.0
16.347333333333335,TE,8.0,0.0,121,0.9796496184642741,0.0,0.02035038153572588,0.9774210647440811,0.0,0.02257893525591892,0.02257893525591892,0.02035038153572588,0.0022285537201930383,1.0,1.0
16.34926666666667,TE,8.0,0.0,121,0.9797185119806002,0.0,0.020281488019399774,0.9775349517703071,0.0,0.022465048229692863,0.022465048229692863,0.020281488019399774,0.0021835602102930896,1.0,1.0
16.351200000000002,TE,8.0,0.0,121,0.9797838163540611,0.0,0.020216183645938912,0.9776436894041718,0.0,0.02235631059582821,0.02235631059582821,0.020216183645938912,0.0021401269498892983,1.0,1.0
16.353133333333332,TE,8.0,0.0,121,0.9798456541159565,0.0,0.020154345884043523,0.9777474702975442,0.0,0.022252529702455837,0.022252529702455837,0.020154345884043523,0.0020981838184123136,1.0,1.0
16.355066666666666,TE,8.0,0.0,121,0.9799041414157841,0.0,0.02009585858421592,0.9778464768220337,0.0,0.02215352317796626,0.02215352317796626,0.02009585858421592,0.0020576645937503413,1.0,1.0
16.357,TE,8.0,0.0,121,0.9799593883891933,0.0,0.020040611610806724,0.9779408816930418,0.0,0.02205911830695817,0.02205911830695817,0.020040611610806724,0.0020185066961514453,1.0,1.0
16.358933333333333,TE,8.0,0.0,121,0.980011499500519,0.0,0.019988500499480977,0.9780308485490385,0.0,0.021969151450961455,0.021969151450961455,0.019988500499480977,0.001980650951480478,1.0,1.0
16.360866666666666,TE,8.0,0.0,121,0.9800605738619231,0.0,0.019939426138076866,0.9781165324897356,0.0,0.021883467510264376,0.021883467510264376,0.019939426138076866,0.0019440413721875105,1.0,1.0
16.3628,TE,8.0,0.0,121,0.9801067055308501,0.0,0.01989329446914989,0.9781980805763858,0.0,0.021801919423614202,0.021801919423614202,0.01989329446914989,0.0019086249544643108,1.0,1.0
16.364733333333334,TE,8.0,0.0,121,0.980149983787499,0.0,0.019850016212501043,0.9782756322971855,0.0,0.021724367702814495,0.021724367702814495,0.019850016212501043,0.0018743514903134528,1.0,1.0
16.366666666666667,TE,8.0,0.0,121,0.9801904933936765,0.0,0.019809506606323524,0.9783493200005159,0.0,0.021650679999484113,0.021650679999484113,0.019809506606323524,0.001841173393160589,1.0,1.0
16.3686,TE,8.0,0.0,121,0.9802283148345502,0.0,0.019771685165449804,0.9784192692984324,0.0,0.02158073070156763,0.02158073070156763,0.019771685165449804,0.001809045536117826,1.0,1.0
16.370533333333334,TE,8.0,0.0,121,0.9802635245444201,0.0,0.019736475455579883,0.9784855994427681,0.0,0.02151440055723186,0.02151440055723186,0.019736475455579883,0.0017779251016519781,1.0,1.0
16.372466666666668,TE,8.0,0.0,121,0.9802961951177193,0.0,0.01970380488228074,0.9785484236758093,0.0,0.021451576324190702,0.021451576324190702,0.01970380488228074,0.0017477714419099621,1.0,1.0
16.3744,TE,8.0,0.0,121,0.9803263955063022,0.0,0.019673604493697816,0.9786078495575176,0.0,0.021392150442482438,0.021392150442482438,0.019673604493697816,0.0017185459487846222,1.0,1.0
16.376333333333335,TE,8.0,0.0,121,0.9803541912039264,0.0,0.019645808796073583,0.9786639792709739,0.0,0.021336020729026073,0.021336020729026073,0.019645808796073583,0.00169021193295249,1.0,1.0
16.37826666666667,TE,8.0,0.0,121,0.9803796444188758,0.0,0.019620355581124183,0.9787169099076467,0.0,0.021283090092353296,0.021283090092353296,0.019620355581124183,0.0016627345112291136,1.0,1.0
16.380200000000002,TE,8.0,0.0,121,0.9804028142355221,0.0,0.019597185764477887,0.978766733733973,0.0,0.02123326626602695,0.02123326626602695,0.019597185764477887,0.0016360805015490643,1.0,1.0
16.382133333333332,TE,8.0,0.0,121,0.9804237567655698,0.0,0.01957624323443019,0.9788135384405314,0.0,0.021186461559468572,0.021186461559468572,0.01957624323443019,0.0016102183250383817,1.0,1.0
16.384066666666666,TE,8.0,0.0,121,0.9804425252896702,0.0,0.01955747471032976,0.9788574073750523,0.0,0.021142592624947665,0.021142592624947665,0.01955747471032976,0.0015851179146179062,1.0,1.0
16.386,TE,8.0,0.0,121,0.9804591703900374,0.0,0.019540829609962618,0.9788984197604089,0.0,0.021101580239591078,0.021101580239591078,0.019540829609962618,0.0015607506296284601,1.0,1.0
16.387933333333333,TE,8.0,0.0,121,0.9804737400747001,0.0,0.019526259925299883,0.9789366508986116,0.0,0.021063349101388407,0.021063349101388407,0.019526259925299883,0.0015370891760885241,1.0,1.0
16.389866666666666,TE,8.0,0.0,121,0.9804862798938545,0.0,0.019513720106145493,0.978972172361737,0.0,0.021027827638263052,0.021027827638263052,0.019513720106145493,0.001514107532117559,1.0,1.0
16.3918,TE,8.0,0.0,121,0.9804968330488697,0.0,0.019503166951130302,0.9790050521706917,0.0,0.02099494782930833,0.02099494782930833,0.019503166951130302,0.0014917808781780284,1.0,1.0
16.393733333333333,TE,8.0,0.0,121,0.9805054404943826,0.0,0.019494559505617404,0.9790353549626232,0.0,0.020964645037376828,0.020964645037376828,0.019494559505617404,0.0014700855317594241,1.0,1.0
16.395666666666667,TE,8.0,0.0,121,0.9805121410339108,0.0,0.019487858966089178,0.9790631421476571,0.0,0.020936857852342894,0.020936857852342894,0.019487858966089178,0.0014489988862537162,1.0,1.0
16.3976,TE,8.0,0.0,121,0.9805169714093698,0.0,0.019483028590630225,0.9790884720557488,0.0,0.020911527944251218,0.020911527944251218,0.019483028590630225,0.0014284993536209933,1.0,1.0
16.399533333333334,TE,8.0,0.0,121,0.9805199663848666,0.0,0.019480033615133396,0.9791114000741831,0.0,0.02088859992581693,0.02088859992581693,0.019480033615133396,0.0014085663106835344,1.0,1.0
16.401466666666668,TE,8.0,0.0,121,0.9805211588250603,0.0,0.0194788411749397,0.9791319787763328,0.0,0.020868021223667155,0.020868021223667155,0.0194788411749397,0.0013891800487274564,1.0,1.0
16.4034,TE,8.0,0.0,121,0.9805205797684597,0.0,0.019479420231540256,0.9791502580422347,0.0,0.020849741957765344,0.020849741957765344,0.019479420231540256,0.0013703217262250877,1.0,1.0
16.405333333333335,TE,8.0,0.0,121,0.9805182584958831,0.0,0.019481741504116856,0.9791662851714553,0.0,0.02083371482854468,0.02083371482854468,0.019481741504116856,0.0013519733244278243,1.0,1.0
16.40726666666667,TE,8.0,0.0,121,0.980514222594356,0.0,0.019485777405643945,0.9791801049886801,0.0,0.020819895011319867,0.020819895011319867,0.019485777405643945,0.0013341176056759219,1.0,1.0
16.409200000000002,TE,8.0,0.0,121,0.9805084980166745,0.0,0.0194915019833255,0.9791917599424639,0.0,0.02080824005753612,0.02080824005753612,0.0194915019833255,0.0013167380742106216,1.0,1.0
16.411133333333332,TE,8.0,0.0,121,0.9805011091369047,0.0,0.01949889086309531,0.9792012901975542,0.0,0.020798709802445803,0.020798709802445803,0.01949889086309531,0.0012998189393504944,1.0,1.0
16.413066666666666,TE,8.0,0.0,121,0.9804920788019188,0.0,0.0195079211980812,0.9792087337210738,0.0,0.020791266278926246,0.020791266278926246,0.0195079211980812,0.0012833450808450442,1.0,1.0
16.415,TE,8.0,0.0,121,0.980481428379235,0.0,0.01951857162076498,0.979214126362937,0.0,0.020785873637062968,0.020785873637062968,0.01951857162076498,0.0012673020162979887,1.0,1.0
16.416933333333333,TE,8.0,0.0,121,0.9804691778013094,0.0,0.019530822198690623,0.979217501930805,0.0,0.020782498069194966,0.020782498069194966,0.019530822198690623,0.001251675870504343,1.0,1.0
16.418866666666666,TE,8.0,0.0,121,0.9804553456063794,0.0,0.01954465439362063,0.9792188922597982,0.0,0.02078110774020181,0.02078110774020181,0.01954465439362063,0.0012364533465811789,1.0,1.0
16.4208,TE,8.0,0.0,121,0.9804399489760839,0.0,0.019560051023916114,0.9792183272772833,0.0,0.020781672722716693,0.020781672722716693,0.019560051023916114,0.001221621698800579,1.0,1.0
16.422733333333333,TE,8.0,0.0,121,0.9804230037698969,0.0,0.019576996230103116,0.9792158350629226,0.0,0.020784164937077354,0.020784164937077354,0.019576996230103116,0.0012071687069742376,1.0,1.0
16.424666666666667,TE,8.0,0.0,121,0.9804045245565327,0.0,0.019595475443467292,0.9792114419041841,0.0,0.020788558095815923,0.020788558095815923,0.019595475443467292,0.0011930826523486315,1.0,1.0
16.4266,TE,8.0,0.0,121,0.9803845246424348,0.0,0.01961547535756525,0.9792051723475598,0.0,0.02079482765244023,0.02079482765244023,0.01961547535756525,0.0011793522948749802,1.0,1.0
16.428533333333334,TE,8.0,0.0,121,0.9803630160973792,0.0,0.019636983902620808,0.9791970492455995,0.0,0.02080295075440053,0.02080295075440053,0.019636983902620808,0.0011659668517797206,1.0,1.0
16.430466666666668,TE,8.0,0.0,121,0.9803400097773353,0.0,0.019659990222664736,0.9791870937999594,0.0,0.020812906200040615,0.020812906200040615,0.019659990222664736,0.001152915977375879,1.0,1.0
16.4324,TE,8.0,0.0,121,0.9803155153445963,0.0,0.019684484655403733,0.9791753256005808,0.0,0.020824674399419152,0.020824674399419152,0.019684484655403733,0.0011401897440154185,1.0,1.0
16.434333333333335,TE,8.0,0.0,121,0.9802895412852786,0.0,0.019710458714721435,0.9791617626611508,0.0,0.020838237338849153,0.020838237338849153,0.019710458714721435,0.0011277786241277177,1.0,1.0
16.43626666666667,TE,8.0,0.0,121,0.9802620949242035,0.0,0.019737905075796536,0.9791464214509318,0.0,0.02085357854906822,0.02085357854906822,0.019737905075796536,0.0011156734732716833,1.0,1.0
16.438200000000002,TE,8.0,0.0,121,0.9802331824372372,0.0,0.019766817562762773,0.9791293169230826,0.0,0.020870683076917418,0.020870683076917418,0.019766817562762773,0.001103865514154645,1.0,1.0
16.440133333333335,TE,8.0,0.0,121,0.9802028088610819,0.0,0.01979719113891809,0.979110462539536,0.0,0.02088953746046396,0.02088953746046396,0.01979719113891809,0.0010923463215458673,1.0,1.0
16.442066666666665,TE,8.0,0.0,121,0.980170978100561,0.0,0.019829021899439025,0.9790898702925457,0.0,0.020910129707454317,0.020910129707454317,0.019829021899439025,0.0010811078080152914,1.0,1.0
16.444,TE,8.0,0.0,121,0.9801376929334507,0.0,0.019862307066549345,0.9790675507229556,0.0,0.020932449277044407,0.020932449277044407,0.019862307066549345,0.001070142210495062,1.0,1.0
16.445933333333333,TE,8.0,0.0,121,0.9801029550127741,0.0,0.019897044987225887,0.9790435129352149,0.0,0.020956487064785145,0.020956487064785145,0.019897044987225887,0.0010594420775592583,1.0,1.0
16.447866666666666,TE,8.0,0.0,121,0.9800667648666834,0.0,0.019933235133316574,0.9790177646092711,0.0,0.020982235390728854,0.020982235390728854,0.019933235133316574,0.0010490002574122803,1.0,1.0
16.4498,TE,8.0,0.0,121,0.9800291218958328,0.0,0.0199708781041672,0.9789903120093326,0.0,0.02100968799066738,0.02100968799066738,0.0199708781041672,0.0010388098865001805,1.0,1.0
16.451733333333333,TE,8.0,0.0,121,0.9799900243683024,0.0,0.020009975631697596,0.9789611599895462,0.0,0.021038840010453752,0.021038840010453752,0.020009975631697596,0.0010288643787561558,1.0,1.0
16.453666666666667,TE,8.0,0.0,121,0.9799494694120257,0.0,0.020050530587974347,0.9789303119966561,0.0,0.021069688003343856,0.021069688003343856,0.020050530587974347,0.0010191574153695093,1.0,1.0
16.4556,TE,8.0,0.0,121,0.9799074530047576,0.0,0.020092546995242433,0.9788977700696779,0.0,0.02110222993032207,0.02110222993032207,0.020092546995242433,0.0010096829350796366,1.0,1.0
16.457533333333334,TE,8.0,0.0,121,0.9798639699615314,0.0,0.020136030038468644,0.9788635348366048,0.0,0.02113646516339518,0.02113646516339518,0.020136030038468644,0.0010004351249265353,1.0,1.0
16.459466666666668,TE,8.0,0.0,121,0.9798190139196563,0.0,0.020180986080343688,0.9788276055082371,0.0,0.02117239449176289,0.02117239449176289,0.020180986080343688,0.0009914084114192034,1.0,1.0
16.4614,TE,8.0,0.0,121,0.9797725773212189,0.0,0.020227422678781082,0.9787899798691462,0.0,0.021210020130853824,0.021210020130853824,0.020227422678781082,0.000982597452072742,1.0,1.0
16.463333333333335,TE,8.0,0.0,121,0.9797246513931048,0.0,0.02027534860689517,0.9787506542658633,0.0,0.021249345734136726,0.021249345734136726,0.02027534860689517,0.0009739971272415548,1.0,1.0
16.46526666666667,TE,8.0,0.0,121,0.9796752261246091,0.0,0.02032477387539089,0.978709623592375,0.0,0.02129037640762499,0.02129037640762499,0.02032477387539089,0.0009656025322341,1.0,1.0
16.467200000000002,TE,8.0,0.0,121,0.9796242902426224,0.0,0.02037570975737757,0.9786668812730108,0.0,0.021333118726989175,0.021333118726989175,0.02037570975737757,0.0009574089696116062,1.0,1.0
16.469133333333335,TE,8.0,0.0,121,0.9795718311844845,0.0,0.020428168815515457,0.9786224192428622,0.0,0.021377580757137804,0.021377580757137804,0.020428168815515457,0.0009494119416223468,1.0,1.0
16.471066666666665,TE,8.0,0.0,121,0.9795178350686091,0.0,0.020482164931390878,0.9785762279259076,0.0,0.021423772074092406,0.021423772074092406,0.020482164931390878,0.0009416071427015282,1.0,1.0
16.473,TE,8.0,0.0,121,0.9794622866629898,0.0,0.020537713337010155,0.9785282962110382,0.0,0.021471703788961793,0.021471703788961793,0.020537713337010155,0.0009339904519516384,1.0,1.0
16.474933333333333,TE,8.0,0.0,121,0.9794051693517605,0.0,0.020594830648239526,0.9784786114262389,0.0,0.02152138857376107,0.02152138857376107,0.020594830648239526,0.0009265579255215428,1.0,1.0
16.476866666666666,TE,8.0,0.0,121,0.9793464651000584,0.0,0.020653534899941595,0.9784271593112768,0.0,0.021572840688723227,0.021572840688723227,0.020653534899941595,0.0009193057887816325,1.0,1.0
16.4788,TE,8.0,0.0,121,0.9792861544174714,0.0,0.020713845582528645,0.9783739239892721,0.0,0.021626076010727857,0.021626076010727857,0.020713845582528645,0.0009122304281992122,1.0,1.0
16.480733333333333,TE,8.0,0.0,121,0.9792242163204413,0.0,0.02077578367955868,0.9783188879376821,0.0,0.02168111206231793,0.02168111206231793,0.02077578367955868,0.0009053283827592518,1.0,1.0
16.482666666666667,TE,8.0,0.0,121,0.9791606282941281,0.0,0.020839371705871912,0.9782620319592977,0.0,0.02173796804070227,0.02173796804070227,0.020839371705871912,0.0008985963348303594,1.0,1.0
16.4846,TE,8.0,0.0,121,0.9790953662542927,0.0,0.02090463374570728,0.978203335154018,0.0,0.021796664845981972,0.021796664845981972,0.02090463374570728,0.0008920311002746928,1.0,1.0
16.486533333333334,TE,8.0,0.0,121,0.9790284045099998,0.0,0.02097159549000016,0.9781427748923142,0.0,0.02185722510768584,0.02185722510768584,0.02097159549000016,0.0008856296176856793,1.0,1.0
16.488466666666667,TE,8.0,0.0,121,0.97895971572796,0.0,0.021040284272039966,0.9780803267914872,0.0,0.021919673208512847,0.021919673208512847,0.021040284272039966,0.0008793889364728802,1.0,1.0
16.4904,TE,8.0,0.0,121,0.978889270899711,0.0,0.021110729100288994,0.9780159646960795,0.0,0.021984035303920457,0.021984035303920457,0.021110729100288994,0.0008733062036314632,1.0,1.0
16.492333333333335,TE,8.0,0.0,121,0.9788170393129118,0.0,0.021182960687088248,0.9779496606640001,0.0,0.02205033933599987,0.02205033933599987,0.021182960687088248,0.0008673786489116209,1.0,1.0
16.494266666666668,TE,8.0,0.0,121,0.978742988528383,0.0,0.02125701147161696,0.9778813849602797,0.0,0.022118615039720346,0.022118615039720346,0.02125701147161696,0.0008616035681033862,1.0,1.0
16.4962,TE,8.0,0.0,121,0.9786670843648559,0.0,0.021332915635144056,0.977811106060734,0.0,0.02218889393926604,0.02218889393926604,0.021332915635144056,0.0008559783041219848,1.0,1.0
16.498133333333335,TE,8.0,0.0,121,0.9785892908936503,0.0,0.02141070910634968,0.9777387906681156,0.0,0.022261209331884357,0.022261209331884357,0.02141070910634968,0.0008505002255346783,1.0,1.0
16.50006666666667,TE,8.0,0.0,121,0.9785095704460327,0.0,0.021490429553967294,0.9776644037439066,0.0,0.022335596256093382,0.022335596256093382,0.021490429553967294,0.0008451667021260878,1.0,1.0
16.502,TE,8.0,0.0,121,0.9784278836364031,0.0,0.021572116363596905,0.9775879085593333,0.0,0.022412091440666693,0.022412091440666693,0.021572116363596905,0.0008399750770697878,1.0,1.0
16.503933333333332,TE,8.0,0.0,121,0.9783441894050153,0.0,0.02165581059498467,0.9775092667697745,0.0,0.022490733230225546,0.022490733230225546,0.02165581059498467,0.0008349226352408756,1.0,1.0
16.505866666666666,TE,8.0,0.0,121,0.9782584450844377,0.0,0.02174155491556229,0.9774284385172993,0.0,0.022571561482700675,0.022571561482700675,0.02174155491556229,0.000830006567138386,1.0,1.0
16.5078,TE,8.0,0.0,121,0.9781706064946833,0.0,0.021829393505316652,0.9773453825668259,0.0,0.022654617433174096,0.022654617433174096,0.021829393505316652,0.0008252239278574436,1.0,1.0
16.509733333333333,TE,8.0,0.0,121,0.9780806280725154,0.0,0.02191937192748461,0.9772600564819333,0.0,0.02273994351806674,0.02273994351806674,0.02191937192748461,0.0008205715905821309,1.0,1.0
16.511666666666667,TE,8.0,0.0,121,0.9779884630411116,0.0,0.022011536958888356,0.9771724168471951,0.0,0.022827583152804864,0.022827583152804864,0.022011536958888356,0.0008160461939165087,1.0,1.0
16.5136,TE,8.0,0.0,121,0.9778940636269993,0.0,0.022105936373000734,0.9770824195444769,0.0,0.022917580455523057,0.022917580455523057,0.022105936373000734,0.0008116440825223226,1.0,1.0
16.515533333333334,TE,8.0,0.0,121,0.9777973813317336,0.0,0.02220261866826645,0.9769900200913451,0.0,0.023009979908654943,0.023009979908654943,0.02220261866826645,0.0008073612403884933,1.0,1.0
16.517466666666667,TE,8.0,0.0,121,0.9776983672664009,0.0,0.022301632733599086,0.9768951740501335,0.0,0.023104825949866514,0.023104825949866514,0.022301632733599086,0.0008031932162674282,1.0,1.0
16.5194,TE,8.0,0.0,121,0.9775969725572844,0.0,0.022403027442715606,0.9767978375165967,0.0,0.023202162483403344,0.023202162483403344,0.022403027442715606,0.0007991350406877373,1.0,1.0
16.521333333333335,TE,8.0,0.0,121,0.9774931488313452,0.0,0.022506851168654807,0.9766979676971019,0.0,0.023302032302898068,0.023302032302898068,0.022506851168654807,0.0007951811342432613,1.0,1.0
16.523266666666668,TE,8.0,0.0,121,0.977386848789738,0.0,0.022613151210261973,0.9765955235827999,0.0,0.023404476417200115,0.023404476417200115,0.022613151210261973,0.0007913252069381427,1.0,1.0
16.5252,TE,8.0,0.0,121,0.9772780268770295,0.0,0.02272197312297053,0.9764904667284182,0.0,0.023509533271581784,0.023509533271581784,0.02272197312297053,0.0007875601486112549,1.0,1.0
16.527133333333335,TE,8.0,0.0,121,0.9771666400522838,0.0,0.02283335994771618,0.9763827621414627,0.0,0.02361723785853731,0.02361723785853731,0.02283335994771618,0.0007838779108211291,1.0,1.0
16.52906666666667,TE,8.0,0.0,121,0.9770526486661086,0.0,0.022947351333891364,0.976272379285167,0.0,0.02372762071483303,0.02372762071483303,0.022947351333891364,0.0007802693809416672,1.0,1.0
16.531,TE,8.0,0.0,121,0.9769360174443481,0.0,0.023063982555651896,0.9761592931945542,0.0,0.02384070680544581,0.02384070680544581,0.023063982555651896,0.0007767242497939142,1.0,1.0
16.532933333333332,TE,8.0,0.0,121,0.9768167165748551,0.0,0.023183283425144863,0.9760434857001578,0.0,0.023956514299842246,0.023956514299842246,0.023183283425144863,0.0007732308746973837,1.0,1.0
16.534866666666666,TE,8.0,0.0,121,0.9766947228877283,0.0,0.023305277112271705,0.975924946747031,0.0,0.024075053252968992,0.024075053252968992,0.023305277112271705,0.000769776140697287,1.0,1.0
16.5368,TE,8.0,0.0,121,0.9765700211120515,0.0,0.02342997888794851,0.9758036757885467,0.0,0.024196324211453346,0.024196324211453346,0.02342997888794851,0.0007663453235048356,1.0,1.0
16.538733333333333,TE,8.0,0.0,121,0.9764426051832154,0.0,0.02355739481678465,0.975679683224431,0.0,0.024320316775569006,0.024320316775569006,0.02355739481678465,0.0007629219587843572,1.0,1.0
16.540666666666667,TE,8.0,0.0,121,0.9763124795642786,0.0,0.02368752043572142,0.9755529918408705,0.0,0.02444700815912948,0.02444700815912948,0.02368752043572142,0.0007594877234080588,1.0,1.0
16.5426,TE,8.0,0.0,121,0.9761796605331041,0.0,0.02382033946689588,0.9754236381975315,0.0,0.02457636180246847,0.02457636180246847,0.02382033946689588,0.0007560223355725926,1.0,1.0
16.544533333333334,TE,8.0,0.0,121,0.9760441773745012,0.0,0.02395582262549878,0.9752916738928943,0.0,0.024708326107105716,0.024708326107105716,0.02395582262549878,0.0007525034816069365,1.0,1.0
16.546466666666667,TE,8.0,0.0,121,0.9759060734041807,0.0,0.024093926595819326,0.9751571666256895,0.0,0.02484283337431048,0.02484283337431048,0.024093926595819326,0.0007489067784911541,1.0,1.0
16.5484,TE,8.0,0.0,121,0.975765406740154,0.0,0.024234593259846005,0.9750202009584794,0.0,0.02497979904152059,0.02497979904152059,0.024234593259846005,0.000745205781674585,1.0,1.0
16.550333333333334,TE,8.0,0.0,121,0.9756222507287275,0.0,0.024377749271272453,0.9748808786804122,0.0,0.025119121319587823,0.025119121319587823,0.024377749271272453,0.0007413720483153696,1.0,1.0
16.552266666666668,TE,8.0,0.0,121,0.9754766939282078,0.0,0.024523306071792206,0.9747393186624946,0.0,0.025260681337505364,0.025260681337505364,0.024523306071792206,0.0007373752657131583,1.0,1.0
16.5542,TE,8.0,0.0,121,0.9753288395557915,0.0,0.024671160444208473,0.9745956561018885,0.0,0.025404343898111525,0.025404343898111525,0.024671160444208473,0.0007331834539030524,1.0,1.0
16.556133333333335,TE,8.0,0.0,121,0.9751788043134091,0.0,0.024821195686590913,0.9744500410640312,0.0,0.025549958935968786,0.025549958935968786,0.024821195686590913,0.0007287632493778728,1.0,1.0
16.55806666666667,TE,8.0,0.0,121,0.9750267165283486,0.0,0.024973283471651397,0.9743026362542788,0.0,0.02569736374572118,0.02569736374572118,0.024973283471651397,0.0007240802740697827,1.0,1.0
16.560000000000002,TE,8.0,0.0,121,0.9748727135745912,0.0,0.025127286425408846,0.9741536139850204,0.0,0.025846386014979572,0.025846386014979572,0.025127286425408846,0.0007190995895707264,1.0,1.0
16.561933333333332,TE,8.0,0.0,121,0.9747169385806367,0.0,0.025283061419363317,0.9740031523491552,0.0,0.025996847650844757,0.025996847650844757,0.025283061419363317,0.0007137862314814392,1.0,1.0
16.563866666666666,TE,8.0,0.0,121,0.9745595364775966,0.0,0.025440463522403367,0.9738514306649118,0.0,0.026148569335088245,0.026148569335088245,0.025440463522403367,0.0007081058126848783,1.0,1.0
16.5658,TE,8.0,0.0,121,0.9744006494938385,0.0,0.025599350506161467,0.9736986243160801,0.0,0.02630137568391988,0.02630137568391988,0.025599350506161467,0.0007020251777584141,1.0,1.0
16.567733333333333,TE,8.0,0.0,121,0.9742404122548333,0.0,0.025759587745166734,0.973544899170585,0.0,0.026455100829415046,0.026455100829415046,0.025759587745166734,0.0006955130842483115,1.0,1.0
16.569666666666667,TE,8.0,0.0,121,0.9740789466937028,0.0,0.025921053306297237,0.9733904058130629,0.0,0.02660959418693709,0.02660959418693709,0.025921053306297237,0.0006885408806398541,1.0,1.0
16.5716,TE,8.0,0.0,121,0.9739163570124632,0.0,0.026083642987536848,0.9732352738658405,0.0,0.026764726134159478,0.026764726134159478,0.026083642987536848,0.0006810831466226297,1.0,1.0
16.573533333333334,TE,8.0,0.0,121,0.9737527249517073,0.0,0.026247275048292718,0.9730796066925301,0.0,0.02692039330746987,0.02692039330746987,0.026247275048292718,0.0006731182591771523,1.0,1.0
16.575466666666667,TE,8.0,0.0,121,0.9735881056227162,0.0,0.02641189437728375,0.9729234767737964,0.0,0.027076523226203575,0.027076523226203575,0.02641189437728375,0.0006646288489198238,1.0,1.0
16.5774,TE,8.0,0.0,121,0.9734225241298551,0.0,0.026577475870144918,0.9727669220147408,0.0,0.027233077985259202,0.027233077985259202,0.026577475870144918,0.0006556021151142843,1.0,1.0
16.579333333333334,TE,8.0,0.0,121,0.9732559731639643,0.0,0.026744026836035717,0.9726099431888624,0.0,0.027390056811137597,0.027390056811137597,0.026744026836035717,0.0006460299751018805,1.0,1.0
16.581266666666668,TE,8.0,0.0,121,0.9730884116834924,0.0,0.02691158831650764,0.9724525026499362,0.0,0.027547497350063788,0.027547497350063788,0.02691158831650764,0.0006359090335561479,1.0,1.0
16.5832,TE,8.0,0.0,121,0.9729197647261605,0.0,0.027080235273839515,0.9722945243574745,0.0,0.027705475642525457,0.027705475642525457,0.027080235273839515,0.000625240368685942,1.0,1.0
16.585133333333335,TE,8.0,0.0,121,0.9727499243178099,0.0,0.027250075682190067,0.9721358951733433,0.0,0.027864104826656688,0.027864104826656688,0.027250075682190067,0.0006140291444666213,1.0,1.0
16.58706666666667,TE,8.0,0.0,121,0.9725787513749367,0.0,0.027421248625063344,0.9719764673055109,0.0,0.028023532694489095,0.028023532694489095,0.027421248625063344,0.0006022840694257514,1.0,1.0
16.589,TE,8.0,0.0,121,0.9724060784400121,0.0,0.027593921559987855,0.971816061708193,0.0,0.028183938291806987,0.028183938291806987,0.027593921559987855,0.0005900167318191318,1.0,1.0
16.590933333333332,TE,8.0,0.0,121,0.9722317130488772,0.0,0.027768286951122767,0.9716544722013065,0.0,0.02834552779869348,0.02834552779869348,0.027768286951122767,0.0005772408475707147,1.0,1.0
16.592866666666666,TE,8.0,0.0,121,0.972055441509637,0.0,0.027944558490363036,0.9714914700490482,0.0,0.028508529950951766,0.028508529950951766,0.027944558490363036,0.0005639714605887303,1.0,1.0
16.5948,TE,8.0,0.0,121,0.9718770328717613,0.0,0.028122967128238696,0.9713268087371325,0.0,0.028673191262867492,0.028673191262867492,0.028122967128238696,0.0005502241346287962,1.0,1.0
16.596733333333333,TE,8.0,0.0,121,0.9716962428805476,0.0,0.028303757119452433,0.9711602287077196,0.0,0.028839771292280436,0.028839771292280436,0.028303757119452433,0.0005360141728280032,1.0,1.0
16.598666666666666,TE,8.0,0.0,121,0.9715128177410177,0.0,0.02848718225898228,0.9709914618458477,0.0,0.029008538154152275,0.029008538154152275,0.02848718225898228,0.0005213558951699948,1.0,1.0
16.6006,TE,8.0,0.0,121,0.9713264975523452,0.0,0.028673502447654764,0.9708202355551581,0.0,0.029179764444841938,0.029179764444841938,0.028673502447654764,0.000506261997187174,1.0,1.0
16.602533333333334,TE,8.0,0.0,121,0.9711370193142541,0.0,0.028862980685745887,0.9706462763088647,0.0,0.029353723691135314,0.029353723691135314,0.028862980685745887,0.0004907430053894268,1.0,1.0
16.604466666666667,TE,8.0,0.0,121,0.9709441194463293,0.0,0.0290558805536707,0.970469312608824,0.0,0.029530687391176036,0.029530687391176036,0.0290558805536707,0.00047480683750533714,1.0,1.0
16.6064,TE,8.0,0.0,121,0.9707475357967941,0.0,0.02925246420320593,0.9702890773279487,0.0,0.029710922672051332,0.029710922672051332,0.02925246420320593,0.00045845846884540187,1.0,1.0
16.608333333333334,TE,8.0,0.0,121,0.9705470091471091,0.0,0.02945299085289088,0.9701053094463525,0.0,0.029894690553647463,0.029894690553647463,0.02945299085289088,0.0004416997007565815,1.0,1.0
16.610266666666668,TE,8.0,0.0,121,0.9703422842419117,0.0,0.029657715758088288,0.9699177552188477,0.0,0.03008224478115229,0.03008224478115229,0.029657715758088288,0.000424529023064002,1.0,1.0
16.6122,TE,8.0,0.0,121,0.9701331103896984,0.0,0.029866889610301595,0.9697261688298382,0.0,0.030273831170161802,0.030273831170161802,0.029866889610301595,0.00040694155986020775,1.0,1.0
16.614133333333335,TE,8.0,0.0,121,0.9699192416898035,0.0,0.03008075831019652,0.9695303126031269,0.0,0.030469687396873057,0.030469687396873057,0.03008075831019652,0.00038892908667653714,1.0,1.0
16.61606666666667,TE,8.0,0.0,121,0.9697004369455351,0.0,0.030299563054464906,0.9693299568385005,0.0,0.03067004316149946,0.03067004316149946,0.030299563054464906,0.00037048010703455425,1.0,1.0
16.618000000000002,TE,8.0,0.0,121,0.9694764593237564,0.0,0.030523540676243632,0.9691248793468545,0.0,0.03087512065314546,0.03087512065314546,0.030523540676243632,0.00035157997690182796,1.0,1.0
16.619933333333336,TE,8.0,0.0,121,0.9692470758183136,0.0,0.030752924181686403,0.9689148647512626,0.0,0.03108513524873735,0.03108513524873735,0.030752924181686403,0.00033221106705094705,1.0,1.0
16.621866666666666,TE,8.0,0.0,121,0.9690120565699936,0.0,0.030987943430006437,0.9686997036151725,0.0,0.03130029638482745,0.03130029638482745,0.030987943430006437,0.00031235295482101577,1.0,1.0
16.6238,TE,8.0,0.0,121,0.9687711740895812,0.0,0.031228825910418756,0.9684791914508628,0.0,0.03152080854913719,0.03152080854913719,0.031228825910418756,0.00029198263871843544,1.0,1.0
16.625733333333333,TE,8.0,0.0,121,0.9685242024243704,0.0,0.03147579757562957,0.9682531276532368,0.0,0.03174687234676321,0.03174687234676321,0.03147579757562957,0.0002710747711336392,1.0,1.0
16.627666666666666,TE,8.0,0.0,121,0.9682709163018532,0.0,0.031729083698146754,0.9680213143957404,0.0,0.03197868560425965,0.03197868560425965,0.031729083698146754,0.0002496019061128951,1.0,1.0
16.6296,TE,8.0,0.0,121,0.9680110902784613,0.0,0.03198890972153867,0.967783555517679,0.0,0.03221644448232097,0.03221644448232097,0.03198890972153867,0.00022753476078229973,1.0,1.0
16.631533333333334,TE,8.0,0.0,121,0.9677444979158498,0.0,0.03225550208415018,0.9675396554255608,0.0,0.03246034457443925,0.03246034457443925,0.03225550208415018,0.00020484249028906998,1.0,1.0
16.633466666666667,TE,8.0,0.0,121,0.9674709110022401,0.0,0.03252908899775986,0.9672894180251668,0.0,0.03271058197483323,0.03271058197483323,0.03252908899775986,0.00018149297707337197,1.0,1.0
16.6354,TE,8.0,0.0,121,0.967190098832382,0.0,0.03280990116761795,0.9670326456963227,0.0,0.032967354303677254,0.032967354303677254,0.03280990116761795,0.00015745313605930455,1.0,1.0
16.637333333333334,TE,8.0,0.0,121,0.9669018275559764,0.0,0.03309817244402358,0.9667691383183747,0.0,0.03323086168162526,0.03323086168162526,0.03309817244402358,0.00013268923760167972,1.0,1.0
16.639266666666668,TE,8.0,0.0,121,0.9666058596012326,0.0,0.033394140398767425,0.9664986923512873,0.0,0.03350130764871273,0.03350130764871273,0.033394140398767425,0.0001071672499453058,1.0,1.0
16.6412,TE,8.0,0.0,121,0.9663019531772891,0.0,0.033698046822710936,0.9662210999748255,0.0,0.033778900025174474,0.033778900025174474,0.033698046822710936,8.085320246353778e-05,1.0,1.0
16.643133333333335,TE,8.0,0.0,121,0.9659898618563763,0.0,0.03401013814362375,0.9659361482864529,0.0,0.03406385171354709,0.03406385171354709,0.03401013814362375,5.371356992334153e-05,1.0,1.0
16.64506666666667,TE,8.0,0.0,121,0.9656693342336288,0.0,0.03433066576637123,0.9656436185571078,0.0,0.034356381442892214,0.034356381442892214,0.03433066576637123,2.5715676520987607e-05,1.0,1.0
16.647000000000002,TE,8.0,0.0,121,0.9653401136590976,0.0,0.034659886340902446,0.9653432855427309,0.0,0.034656714457269144,0.034656714457269144,0.034659886340902446,3.1718836333016753e-06,1.0,1.0
16.648933333333332,TE,8.0,0.0,121,0.9650019380329091,0.0,0.03499806196709088,0.9650349168484897,0.0,0.03496508315151026,0.03496508315151026,0.03499806196709088,3.297881558061988e-05,1.0,1.0
16.650866666666666,TE,8.0,0.0,121,0.9646545396502446,0.0,0.03534546034975539,0.9647182723415253,0.0,0.035281727658474704,0.035281727658474704,0.03534546034975539,6.373269128068237e-05,1.0,1.0
16.6528,TE,8.0,0.0,121,0.9642976450775849,0.0,0.035702354922415136,0.9643931036066682,0.0,0.03560689639333181,0.03560689639333181,0.035702354922415136,9.545852908332542e-05,1.0,1.0
16.654733333333333,TE,8.0,0.0,121,0.9639309750365959,0.0,0.03606902496340414,0.9640591534386125,0.0,0.03594084656138752,0.03594084656138752,0.03606902496340414,0.000128178402016621,1.0,1.0
16.656666666666666,TE,8.0,0.0,121,0.9635542442654397,0.0,0.036445755734560326,0.9637161553618601,0.0,0.03628384463813994,0.03628384463813994,0.036445755734560326,0.00016191109642038626,1.0,1.0
16.6586,TE,8.0,0.0,121,0.9631671613213428,0.0,0.036832838678657165,0.9633638331682619,0.0,0.03663616683173809,0.03663616683173809,0.036832838678657165,0.00019667184691907202,1.0,1.0
16.660533333333333,TE,8.0,0.0,121,0.9627694282819873,0.0,0.037230571718012695,0.9630019004595886,0.0,0.036998099540411444,0.036998099540411444,0.037230571718012695,0.0002324721776012506,1.0,1.0
16.662466666666667,TE,8.0,0.0,121,0.9623607402975132,0.0,0.03763925970248683,0.9626300601798959,0.0,0.03736993982010406,0.03736993982010406,0.03763925970248683,0.00026931988238276805,1.0,1.0
16.6644,TE,8.0,0.0,121,0.9619407849416788,0.0,0.038059215058321216,0.9622480041207827,0.0,0.03775199587921729,0.03775199587921729,0.038059215058321216,0.0003072191791039236,1.0,1.0
16.666333333333334,TE,8.0,0.0,121,0.9615092413080143,0.0,0.038490758691985705,0.9618554123793897,0.0,0.03814458762061035,0.03814458762061035,0.038490758691985705,0.0003461710713753563,1.0,1.0
16.668266666666668,TE,8.0,0.0,121,0.9610657787991138,0.0,0.03893422120088619,0.9614519527480867,0.0,0.0385480472519133,0.0385480472519133,0.03893422120088619,0.0003861739489728899,1.0,1.0
16.6702,TE,8.0,0.0,121,0.9606100555620667,0.0,0.03938994443793331,0.9610372800132239,0.0,0.03896271998677614,0.03896271998677614,0.03938994443793331,0.000427224451157171,1.0,1.0
16.672133333333335,TE,8.0,0.0,121,0.9601417165332317,0.0,0.03985828346676834,0.9606110351407425,0.0,0.03938896485925747,0.03938896485925747,0.03985828346676834,0.0004693186075108713,1.0,1.0
16.67406666666667,TE,8.0,0.0,121,0.9596603910700094,0.0,0.040339608929990556,0.9601728443275588,0.0,0.03982715567244122,0.03982715567244122,0.040339608929990556,0.000512453257549339,1.0,1.0
16.676000000000002,TE,8.0,0.0,121,0.9591656901666894,0.0,0.0408343098333106,0.9597223179010784,0.0,0.040277682098921574,0.040277682098921574,0.0408343098333106,0.0005566277343890258,1.0,1.0
16.677933333333335,TE,8.0,0.0,121,0.9586572032737006,0.0,0.04134279672629937,0.9592590490534142,0.0,0.04074095094658581,0.04074095094658581,0.04134279672629937,0.0006018457797135612,1.0,1.0
16.679866666666666,TE,8.0,0.0,121,0.9581344947639566,0.0,0.04186550523604338,0.9587826124030949,0.0,0.041217387596905075,0.041217387596905075,0.04186550523604338,0.0006481176391383014,1.0,1.0
16.6818,TE,8.0,0.0,121,0.9575971001140098,0.0,0.04240289988599022,0.9582925623840151,0.0,0.041707437615984944,0.041707437615984944,0.04240289988599022,0.0006954622700052759,1.0,1.0
16.683733333333333,TE,8.0,0.0,121,0.9570445218882878,0.0,0.042955478111712186,0.9577884314687957,0.0,0.042211568531204335,0.042211568531204335,0.042955478111712186,0.000743909580507851,1.0,1.0
16.685666666666666,TE,8.0,0.0,121,0.956476225629692,0.0,0.043523774370307966,0.957269728240734,0.0,0.042730271759266025,0.042730271759266025,0.043523774370307966,0.0007935026110419408,1.0,1.0
16.6876,TE,8.0,0.0,121,0.9558916357669192,0.0,0.04410836423308084,0.956735935334545,0.0,0.04326406466545496,0.04326406466545496,0.04410836423308084,0.0008442995676258835,1.0,1.0
16.689533333333333,TE,8.0,0.0,121,0.9552901316459119,0.0,0.04470986835408808,0.9561865072699016,0.0,0.04381349273009838,0.04381349273009838,0.04470986835408808,0.0008963756239896981,1.0,1.0
16.691466666666667,TE,8.0,0.0,121,0.9546710437802348,0.0,0.04532895621976518,0.9556208682033709,0.0,0.04437913179662911,0.04437913179662911,0.04532895621976518,0.0009498244231360697,1.0,1.0
16.6934,TE,8.0,0.0,121,0.9540336503933046,0.0,0.045966349606695434,0.9550384096231888,0.0,0.044961590376811245,0.044961590376811245,0.045966349606695434,0.001004759229884189,1.0,1.0
16.695333333333334,TE,8.0,0.0,121,0.9533771742956121,0.0,0.046622825704387916,0.9544384880068376,0.0,0.045561511993162385,0.045561511993162385,0.046622825704387916,0.001061313711225531,1.0,1.0
16.697266666666668,TE,8.0,0.0,121,0.952700780107011,0.0,0.04729921989298902,0.9538204224555467,0.0,0.04617957754445334,0.04617957754445334,0.04729921989298902,0.0011196423485356766,1.0,1.0
16.6992,TE,8.0,0.0,121,0.952003571799415,0.0,0.04799642820058503,0.9531834923115764,0.0,0.0468165076884236,0.0468165076884236,0.04799642820058503,0.0011799205121614253,1.0,1.0
16.701133333333335,TE,8.0,0.0,121,0.9512845905027513,0.0,0.04871540949724873,0.9525269347549097,0.0,0.04747306524509032,0.04747306524509032,0.04871540949724873,0.0012423442521584116,1.0,1.0
16.70306666666667,TE,8.0,0.0,121,0.9505428124909046,0.0,0.049457187509095446,0.9518499423676008,0.0,0.04815005763239921,0.04815005763239921,0.049457187509095446,0.0013071298766962336,1.0,1.0
16.705000000000002,TE,8.0,0.0,121,0.9497771472440195,0.0,0.050222852755980485,0.9511516606451229,0.0,0.04884833935487709,0.04884833935487709,0.050222852755980485,0.0013745134011033944,1.0,1.0
16.706933333333335,TE,8.0,0.0,121,0.9489864354729627,0.0,0.051013564527037314,0.950431185427796,0.0,0.04956881457220397,0.04956881457220397,0.051013564527037314,0.0014447499548333465,1.0,1.0
16.708866666666665,TE,8.0,0.0,121,0.9481694469876314,0.0,0.05183055301236861,0.9496875602194157,0.0,0.050312439780584306,0.050312439780584306,0.05183055301236861,0.0015181132317843016,1.0,1.0
16.7108,TE,8.0,0.0,121,0.9473248782951109,0.0,0.05267512170488908,0.9489197733573465,0.0,0.05108022664265355,0.05108022664265355,0.05267512170488908,0.0015948950622355351,1.0,1.0
16.712733333333333,TE,8.0,0.0,121,0.9464513498222908,0.0,0.053548650177709156,0.9481267549960226,0.0,0.051873245003977386,0.051873245003977386,0.053548650177709156,0.00167540517373177,1.0,1.0
16.714666666666666,TE,8.0,0.0,121,0.9455474026699588,0.0,0.05445259733004115,0.9473073738652762,0.0,0.05269262613472381,0.05269262613472381,0.05445259733004115,0.0017599711953173447,1.0,1.0
16.7166,TE,8.0,0.0,121,0.9446114948195853,0.0,0.055388505180414715,0.9464604337656228,0.0,0.05353956623437717,0.05353956623437717,0.055388505180414715,0.0018489389460375483,1.0,1.0
16.718533333333333,TE,8.0,0.0,121,0.9436419967272378,0.0,0.05635800327276219,0.9455846697631443,0.0,0.05441533023685574,0.05441533023685574,0.05635800327276219,0.0019426730359064504,1.0,1.0
16.720466666666667,TE,8.0,0.0,121,0.9426371862514233,0.0,0.05736281374857666,0.9446787440481381,0.0,0.05532125595186188,0.05532125595186188,0.05736281374857666,0.002041557796714777,1.0,1.0
16.7224,TE,8.0,0.0,121,0.9415952428714338,0.0,0.05840475712856619,0.9437412414225644,0.0,0.056258758577435564,0.056258758577435564,0.05840475712856619,0.0021459985511306234,1.0,1.0
16.724333333333334,TE,8.0,0.0,121,0.9405142411585621,0.0,0.05948575884143792,0.9427706643814289,0.0,0.05722933561857113,0.05722933561857113,0.05948575884143792,0.002256423222866788,1.0,1.0
16.726266666666668,TE,8.0,0.0,121,0.9393921434674952,0.0,0.06060785653250478,0.941765427754093,0.0,0.058234572245907,0.058234572245907,0.06060785653250478,0.0023732842865977766,1.0,1.0
16.7282,TE,8.0,0.0,121,0.938226791814032,0.0,0.06177320818596799,0.9407238528696299,0.0,0.059276147130370105,0.059276147130370105,0.06177320818596799,0.0024970610555978823,1.0,1.0
16.730133333333335,TE,8.0,0.0,121,0.9370158989045749,0.0,0.06298410109542507,0.9396441612098392,0.0,0.06035583879016082,0.06035583879016082,0.06298410109542507,0.0026282623052642506,1.0,1.0
16.732066666666668,TE,8.0,0.0,121,0.9357570382771225,0.0,0.06424296172287747,0.9385244675104942,0.0,0.06147553248950577,0.06147553248950577,0.06424296172287747,0.0027674292333716988,1.0,1.0
16.734,TE,8.0,0.0,121,0.9344476335076808,0.0,0.06555236649231921,0.937362772268918,0.0,0.06263722773108205,0.06263722773108205,0.06555236649231921,0.002915138761237168,1.0,1.0
16.735933333333335,TE,8.0,0.0,121,0.9330849464274572,0.0,0.0669150535725428,0.9361569536117601,0.0,0.0638430463882399,0.0638430463882399,0.0669150535725428,0.003072007184302894,1.0,1.0
16.73786666666667,TE,8.0,0.0,121,0.9316660642875801,0.0,0.06833393571241986,0.9349047584734234,0.0,0.06509524152657664,0.06509524152657664,0.06833393571241986,0.003238694185843216,1.0,1.0
16.7398,TE,8.0,0.0,121,0.9301878857964563,0.0,0.06981211420354372,0.9336037930291106,0.0,0.06639620697088944,0.06639620697088944,0.06981211420354372,0.0034159072326542805,1.0,1.0
16.741733333333332,TE,8.0,0.0,121,0.9286471059455352,0.0,0.07135289405446477,0.9322515123227001,0.0,0.0677484876772999,0.0677484876772999,0.07135289405446477,0.0036044063771648593,1.0,1.0
16.743666666666666,TE,8.0,0.0,121,0.9270401995259336,0.0,0.07295980047406636,0.9308452090221322,0.0,0.06915479097786781,0.06915479097786781,0.07295980047406636,0.0038050094961985526,1.0,1.0
16.7456,TE,8.0,0.0,121,0.9253634032266831,0.0,0.07463659677331691,0.92938200122889,0.0,0.07061799877110997,0.07061799877110997,0.07463659677331691,0.004018598002206941,1.0,1.0
16.747533333333333,TE,8.0,0.0,121,0.923612696192686,0.0,0.07638730380731396,0.9278588192609536,0.0,0.0721411807390464,0.0721411807390464,0.07638730380731396,0.004246123068267549,1.0,1.0
16.749466666666667,TE,8.0,0.0,121,0.9217837789069325,0.0,0.07821622109306747,0.9262723913212,0.0,0.07372760867880002,0.07372760867880002,0.07821622109306747,0.004488612414267457,1.0,1.0
16.7514,TE,8.0,0.0,121,0.9198720502464057,0.0,0.08012794975359427,0.9246192279531718,0.0,0.07538077204682825,0.07538077204682825,0.08012794975359427,0.004747177706766026,1.0,1.0
16.753333333333334,TE,8.0,0.0,121,0.9178725825492585,0.0,0.08212741745074148,0.9228956051801329,0.0,0.07710439481986708,0.07710439481986708,0.08212741745074148,0.005023022630874396,1.0,1.0
16.755266666666667,TE,8.0,0.0,121,0.915780094512367,0.0,0.08421990548763303,0.9210975462102887,0.0,0.07890245378971128,0.07890245378971128,0.08421990548763303,0.005317451697921749,1.0,1.0
16.7572,TE,8.0,0.0,121,0.9135889217263862,0.0,0.08641107827361383,0.9192208015842939,0.0,0.08077919841570613,0.08077919841570613,0.08641107827361383,0.005631879857907696,1.0,1.0
16.759133333333335,TE,8.0,0.0,121,0.9112929846361129,0.0,0.08870701536388714,0.9172608276271113,0.0,0.08273917237288875,0.08273917237288875,0.08870701536388714,0.0059678429909983954,1.0,1.0
16.761066666666668,TE,8.0,0.0,121,0.9088857537004575,0.0,0.09111424629954246,0.9152127630575992,0.0,0.08478723694240076,0.08478723694240076,0.09111424629954246,0.0063270093571417,1.0,1.0
16.763,TE,8.0,0.0,121,0.9063602115078642,0.0,0.09363978849213583,0.9130714035951111,0.0,0.08692859640488892,0.08692859640488892,0.09363978849213583,0.006711192087246909,1.0,1.0
16.764933333333335,TE,8.0,0.0,121,0.903708811587552,0.0,0.09629118841244799,0.9108311743906493,0.0,0.08916882560935069,0.08916882560935069,0.09629118841244799,0.007122362803097304,1.0,1.0
16.76686666666667,TE,8.0,0.0,121,0.9009234336403585,0.0,0.09907656635964146,0.9084861000964402,0.0,0.09151389990355985,0.09151389990355985,0.09907656635964146,0.007562666456081613,1.0,1.0
16.7688,TE,8.0,0.0,121,0.8979953348979977,0.0,0.10200466510200235,0.9060297723740816,0.0,0.09397022762591845,0.09397022762591845,0.10200466510200235,0.0080344374760839,1.0,1.0
16.770733333333332,TE,8.0,0.0,121,0.8949150973053623,0.0,0.10508490269463766,0.9034553146269283,0.0,0.0965446853730717,0.0965446853730717,0.10508490269463766,0.008540217321565957,1.0,1.0
16.772666666666666,TE,8.0,0.0,121,0.8916725702078785,0.0,0.10832742979212151,0.9007553437272896,0.0,0.0992446562727104,0.0992446562727104,0.10832742979212151,0.009082773519411114,1.0,1.0
16.7746,TE,8.0,0.0,121,0.8882568082195592,0.0,0.11174319178044079,0.8979219284956912,0.0,0.10207807150430881,0.10207807150430881,0.11174319178044079,0.009665120276131978,1.0,1.0
16.776533333333333,TE,8.0,0.0,121,0.8846560039387785,0.0,0.11534399606122148,0.894946544671723,0.0,0.10505345532827703,0.10505345532827703,0.11534399606122148,0.010290540732944442,1.0,1.0
16.778466666666667,TE,8.0,0.0,121,0.880857415184578,0.0,0.11914258481542195,0.8918200261044398,0.0,0.10817997389556022,0.10817997389556022,0.11914258481542195,0.010962610919861726,1.0,1.0
16.7804,TE,8.0,0.0,121,0.876847286433402,0.0,0.12315271356659796,0.8885325118744591,0.0,0.11146748812554086,0.11146748812554086,0.12315271356659796,0.011685225441057101,1.0,1.0
16.782333333333334,TE,8.0,0.0,121,0.8726107641570925,0.0,0.1273892358429075,0.8850733890475758,0.0,0.11492661095242418,0.11492661095242418,0.1273892358429075,0.012462624890483331,1.0,1.0
16.784266666666667,TE,8.0,0.0,121,0.8681318058014479,0.0,0.1318681941985521,0.8814312307509794,0.0,0.1185687692490206,0.1185687692490206,0.1318681941985521,0.013299424949531513,1.0,1.0
16.7862,TE,8.0,0.0,121,0.8633930821965201,0.0,0.1366069178034799,0.8775937292532079,0.0,0.12240627074679211,0.12240627074679211,0.1366069178034799,0.014200647056687776,1.0,1.0
16.788133333333334,TE,8.0,0.0,121,0.8583758732790326,0.0,0.14162412672096736,0.8735476237308963,0.0,0.12645237626910366,0.12645237626910366,0.14162412672096736,0.015171750451863697,1.0,1.0
16.790066666666668,TE,8.0,0.0,121,0.8530599571250992,0.0,0.1469400428749008,0.8692786224096469,0.0,0.13072137759035307,0.13072137759035307,0.1469400428749008,0.01621866528454774,1.0,1.0
16.792,TE,8.0,0.0,121,0.8474234924641364,0.0,0.1525765075358636,0.8647713187836766,0.0,0.13522868121632337,0.13522868121632337,0.1525765075358636,0.017347826319540238,1.0,1.0
16.793933333333335,TE,8.0,0.0,121,0.8414428950861313,0.0,0.15855710491386865,0.8600091016554245,0.0,0.13999089834457545,0.13999089834457545,0.15855710491386865,0.018566206569293198,1.0,1.0
16.79586666666667,TE,8.0,0.0,121,0.8350927088866845,0.0,0.16490729111331548,0.8549740587939508,0.0,0.14502594120604917,0.14502594120604917,0.16490729111331548,0.01988134990726631,1.0,1.0
16.797800000000002,TE,8.0,0.0,121,0.8283454727499909,0.0,0.17165452725000907,0.8496468741040536,0.0,0.1503531258959464,0.1503531258959464,0.17165452725000907,0.021301401354062666,1.0,1.0
16.799733333333332,TE,8.0,0.0,121,0.8211715850927799,0.0,0.17882841490722012,0.844006718339707,0.0,0.15599328166029303,0.15599328166029303,0.17882841490722012,0.022835133246927097,1.0,1.0
16.801666666666666,TE,8.0,0.0,121,0.8135391687324438,0.0,0.1864608312675562,0.8380311336021076,0.0,0.16196886639789243,0.16196886639789243,0.1864608312675562,0.024491964869663763,1.0,1.0
16.8036,TE,8.0,0.0,121,0.8054139398702572,0.0,0.19458606012974278,0.8316959121604107,0.0,0.16830408783958928,0.16830408783958928,0.19458606012974278,0.0262819722901535,1.0,1.0
16.805533333333333,TE,8.0,0.0,121,0.7967590864828455,0.0,0.20324091351715445,0.8249749705526397,0.0,0.17502502944736031,0.17502502944736031,0.20324091351715445,0.02821588406979414,1.0,1.0
16.807466666666667,TE,8.0,0.0,121,0.787535163389865,0.0,0.21246483661013504,0.8178402205014933,0.0,0.1821597794985067,0.1821597794985067,0.21246483661013504,0.030305057111628342,1.0,1.0
16.8094,TE,8.0,0.0,121,0.7777000138485202,0.0,0.22229998615147983,0.8102614389697675,0.0,0.18973856103023246,0.18973856103023246,0.22229998615147983,0.03256142512124738,1.0,1.0
16.811333333333334,TE,8.0,0.0,121,0.7672087308528448,0.0,0.2327912691471552,0.8022061407352126,0.0,0.19779385926478743,0.19779385926478743,0.2327912691471552,0.03499740988236777,1.0,1.0
16.813266666666667,TE,8.0,0.0,121,0.7560136755543997,0.0,0.2439863244456003,0.7936394582596478,0.0,0.20636054174035223,0.20636054174035223,0.2439863244456003,0.03762578270524808,1.0,1.0
16.8152,TE,8.0,0.0,121,0.7440645755537137,0.0,0.25593542444628625,0.7845240354489545,0.0,0.21547596455104545,0.21547596455104545,0.25593542444628625,0.0404594598952408,1.0,1.0
16.817133333333334,TE,8.0,0.0,121,0.7313087324082773,0.0,0.2686912675917227,0.7748199442409697,0.0,0.22518005575903033,0.22518005575903033,0.2686912675917227,0.043511211832692354,1.0,1.0
16.819066666666668,TE,8.0,0.0,121,0.7176913757232919,0.0,0.2823086242767081,0.7644846359307652,0.0,0.2355153640692348,0.2355153640692348,0.2823086242767081,0.04679326020747332,1.0,1.0
16.821,TE,8.0,0.0,121,0.7031562107465048,0.0,0.2968437892534952,0.7534729428745093,0.0,0.24652705712549072,0.24652705712549072,0.2968437892534952,0.05031673212800447,1.0,1.0
16.822933333333335,TE,8.0,0.0,121,0.6876462174728545,0.0,0.3123537825271455,0.7417371508341916,0.0,0.25826284916580844,0.25826284916580844,0.3123537825271455,0.05409093336133708,1.0,1.0
16.82486666666667,TE,8.0,0.0,121,0.6711047716711971,0.0,0.3288952283288029,0.7292271678624943,0.0,0.2707728321375057,0.2707728321375057,0.3288952283288029,0.05812239619129722,1.0,1.0
16.8268,TE,8.0,0.0,121,0.6534771715004675,0.0,0.34652282849953253,0.7158908224254199,0.0,0.2841091775745801,0.2841091775745801,0.34652282849953253,0.062413650924952435,1.0,1.0
16.828733333333332,TE,8.0,0.0,121,0.6347126664410894,0.0,0.36528733355891063,0.7016743314787827,0.0,0.29832566852121734,0.29832566852121734,0.36528733355891063,0.0669616650376933,1.0,1.0
16.830666666666666,TE,8.0,0.0,121,0.6147670964567584,0.0,0.3852329035432416,0.6865229884992151,0.0,0.3134770115007849,0.3134770115007849,0.3852329035432416,0.07175589204245669,1.0,1.0
16.8326,TE,8.0,0.0,121,0.5936062558232349,0.0,0.4063937441767651,0.6703821318765885,0.0,0.32961786812341154,0.32961786812341154,0.4063937441767651,0.07677587605335356,1.0,1.0
16.834533333333333,TE,8.0,0.0,121,0.5712100937917076,0.0,0.4287899062082924,0.6531984652482121,0.0,0.3468015347517879,0.3468015347517879,0.4287899062082924,0.0819883714565045,1.0,1.0
16.836466666666666,TE,8.0,0.0,121,0.5475778473816975,0.0,0.45242215261830254,0.6349218126165405,0.0,0.36507818738345954,0.36507818738345954,0.45242215261830254,0.087343965234843,1.0,1.0
16.8384,TE,8.0,0.0,121,0.5227341622528474,0.0,0.4772658377471526,0.6155074010998806,0.0,0.38449259890011944,0.38449259890011944,0.4772658377471526,0.09277323884703315,1.0,1.0
16.840333333333334,TE,8.0,0.0,121,0.49673618630782507,0.0,0.503263813692175,0.5949187709455126,0.0,0.4050812290544874,0.4050812290544874,0.503263813692175,0.09818258463768759,1.0,1.0
16.842266666666667,TE,8.0,0.0,121,0.46968150680423093,0.0,0.5303184931957691,0.5731314128185665,0.0,0.4268685871814335,0.4268685871814335,0.5303184931957691,0.10344990601433557,1.0,1.0
16.8442,TE,8.0,0.0,121,0.44171663569729663,0.0,0.5582833643027034,0.5501372218999939,0.0,0.4498627781000061,0.4498627781000061,0.5582833643027034,0.10842058620269734,1.0,1.0
16.846133333333334,TE,8.0,0.0,121,0.41304552473576017,0.0,0.5869544752642398,0.5259498310111814,0.0,0.4740501689888186,0.4740501689888186,0.5869544752642398,0.11290430627542125,1.0,1.0
16.848066666666668,TE,8.0,0.0,121,0.3839373165223112,0.0,0.6160626834776888,0.5006108332024933,0.0,0.49938916679750667,0.49938916679750667,0.6160626834776888,0.11667351668018211,1.0,1.0
16.85,TE,8.0,0.0,121,0.35473223299305134,0.0,0.6452677670069487,0.4741968193465238,0.0,0.5258031806534762,0.5258031806534762,0.6452677670069487,0.11946458635347246,1.0,1.0
16.851933333333335,TE,8.0,0.0,121,0.32584421640553785,0.0,0.6741557835944622,0.44682702972442734,0.0,0.5531729702755727,0.5531729702755727,0.6741557835944622,0.12098281331888949,1.0,1.0
16.85386666666667,TE,8.0,0.0,121,0.2977587478389396,0.0,0.7022412521610604,0.418671244302461,0.0,0.5813287556975391,0.5813287556975391,0.7022412521610604,0.12091249646352131,1.0,1.0
16.855800000000002,TE,8.0,0.0,121,0.27102427921707856,0.0,0.7289757207829215,0.389957314770697,0.0,0.610042685229303,0.610042685229303,0.7289757207829215,0.11893303555361845,1.0,1.0
16.857733333333336,TE,8.0,0.0,121,0.24623604096896057,0.0,0.7537639590310394,0.3609774845855861,0.0,0.6390225154144139,0.6390225154144139,0.7537639590310394,0.11474144361662553,1.0,1.0
16.859666666666666,TE,8.0,0.0,121,0.224011716086217,0.0,0.775988283913783,0.3320923815506367,0.0,0.6679076184493633,0.6679076184493633,0.775988283913783,0.10808066546441975,1.0,1.0
16.8616,TE,8.0,0.0,121,0.2049596121850258,0.0,0.7950403878149742,0.3037313546323075,0.0,0.6962686453676925,0.6962686453676925,0.7950403878149742,0.09877174244728171,1.0,1.0
16.863533333333333,TE,8.0,0.0,121,0.18964139722622345,0.0,0.8103586027737766,0.2763877407397748,0.0,0.7236122592602252,0.7236122592602252,0.8103586027737766,0.08674634351355137,1.0,1.0
16.865466666666666,TE,8.0,0.0,121,0.1785329214730299,0.0,0.8214670785269701,0.25060778231389463,0.0,0.7493922176861054,0.7493922176861054,0.8214670785269701,0.07207486084086467,1.0,1.0
16.8674,TE,8.0,0.0,121,0.1719877419184198,0.0,0.8280122580815802,0.22697236146673516,0.0,0.7730276385332648,0.7730276385332648,0.8280122580815802,0.05498461954831535,1.0,1.0
16.869333333333334,TE,8.0,0.0,121,0.17020830053330116,0.0,0.8297916994666988,0.2060715184265837,0.0,0.7939284815734163,0.7939284815734163,0.8297916994666988,0.035863217893282506,1.0,1.0
16.871266666666667,TE,8.0,0.0,121,0.17322903289411926,0.0,0.8267709671058807,0.18847284402652295,0.0,0.811527155973477,0.811527155973477,0.8267709671058807,0.015243811132403695,1.0,1.0
16.8732,TE,8.0,0.0,121,0.18091402570109083,0.0,0.8190859742989092,0.1746861224953079,0.0,0.8253138775046921,0.8253138775046921,0.8190859742989092,0.006227903205782925,1.0,1.0
16.875133333333334,TE,8.0,0.0,121,0.19296954457189025,0.0,0.8070304554281098,0.16512777808814913,0.0,0.8348722219118508,0.8348722219118508,0.8070304554281098,0.027841766483741037,1.0,1.0
16.877066666666668,TE,8.0,0.0,121,0.20896938371319557,0.0,0.7910306162868044,0.1600894080802594,0.0,0.8399105919197406,0.8399105919197406,0.7910306162868044,0.04887997563293622,1.0,1.0
16.879,TE,8.0,0.0,121,0.22838913716851392,0.0,0.771610862831486,0.15971466636483286,0.0,0.8402853336351671,0.8402853336351671,0.771610862831486,0.06867447080368105,1.0,1.0
16.880933333333335,TE,8.0,0.0,121,0.25064456293872883,0.0,0.7493554370612712,0.16398786211338723,0.0,0.8360121378866128,0.8360121378866128,0.7493554370612712,0.0866567008253416,1.0,1.0
16.88286666666667,TE,8.0,0.0,121,0.2751293055376812,0.0,0.7248706944623188,0.1727359735566022,0.0,0.8272640264433978,0.8272640264433978,0.7248706944623188,0.10239333198107903,1.0,1.0
16.884800000000002,TE,8.0,0.0,121,0.3012481642583321,0.0,0.6987518357416679,0.18564371070149208,0.0,0.8143562892985079,0.8143562892985079,0.6987518357416679,0.11560445355684001,1.0,1.0
16.886733333333332,TE,8.0,0.0,121,0.32844347267572466,0.0,0.6715565273242754,0.2022792915058139,0.0,0.7977207084941861,0.7977207084941861,0.6715565273242754,0.12616418116991068,1.0,1.0
16.888666666666666,TE,8.0,0.0,121,0.356213596354376,0.0,0.643786403645624,0.22212718705343656,0.0,0.7778728129465634,0.7778728129465634,0.643786403645624,0.1340864093009394,1.0,1.0
16.8906,TE,8.0,0.0,121,0.3841237629495665,0.0,0.6158762370504335,0.24462351612230931,0.0,0.7553764838776906,0.7553764838776906,0.6158762370504335,0.13950024682725715,1.0,1.0
16.892533333333333,TE,8.0,0.0,121,0.41181026047851155,0.0,0.5881897395214885,0.2691900426342266,0.0,0.7308099573657734,0.7308099573657734,0.5881897395214885,0.1426202178442849,1.0,1.0
16.894466666666666,TE,8.0,0.0,121,0.4389794582397122,0.0,0.5610205417602878,0.29526364212932704,0.0,0.7047363578706729,0.7047363578706729,0.5610205417602878,0.1437158161103851,1.0,1.0
16.8964,TE,8.0,0.0,121,0.46540319165866295,0.0,0.534596808341337,0.3223193318284966,0.0,0.6776806681715034,0.6776806681715034,0.534596808341337,0.14308385983016636,1.0,1.0
16.898333333333333,TE,8.0,0.0,121,0.4909119148363862,0.0,0.5090880851636138,0.34988618493883034,0.0,0.6501138150611696,0.6501138150611696,0.5090880851636138,0.1410257298975558,1.0,1.0
16.900266666666667,TE,8.0,0.0,121,0.5153867684990737,0.0,0.4846132315009263,0.3775564465188369,0.0,0.6224435534811631,0.6224435534811631,0.4846132315009263,0.13783032198023681,1.0,1.0
16.9022,TE,8.0,0.0,121,0.5387514188514966,0.0,0.4612485811485034,0.4049888290371426,0.0,0.5950111709628574,0.5950111709628574,0.4612485811485034,0.13376258981435396,1.0,1.0
16.904133333333334,TE,8.0,0.0,121,0.560964248076427,0.0,0.439035751923573,0.4319072894718037,0.0,0.5680927105281963,0.5680927105281963,0.439035751923573,0.1290569586046233,1.0,1.0
16.906066666666668,TE,8.0,0.0,121,0.582011247610906,0.0,0.41798875238909405,0.45809664135107464,0.0,0.5419033586489254,0.5419033586489254,0.41798875238909405,0.1239146062598313,1.0,1.0
16.908,TE,8.0,0.0,121,0.601899789804663,0.0,0.39810021019533703,0.4833962251650768,0.0,0.5166037748349233,0.5166037748349233,0.39810021019533703,0.11850356463958622,1.0,1.0
16.909933333333335,TE,8.0,0.0,121,0.6206533296500604,0.0,0.37934667034993963,0.5076926358356106,0.0,0.49230736416438936,0.49230736416438936,0.37934667034993963,0.11296069381444973,1.0,1.0
16.91186666666667,TE,8.0,0.0,121,0.638307007753525,0.0,0.361692992246475,0.530912253526175,0.0,0.469087746473825,0.469087746473825,0.361692992246475,0.10739475422735001,1.0,1.0
16.913800000000002,TE,8.0,0.0,121,0.6549040786651171,0.0,0.34509592133488287,0.5530140874460409,0.0,0.44698591255395914,0.44698591255395914,0.34509592133488287,0.10188999121907627,1.0,1.0
16.915733333333336,TE,8.0,0.0,121,0.670493065672418,0.0,0.32950693432758205,0.5739832440774025,0.0,0.42601675592259747,0.42601675592259747,0.32950693432758205,0.09650982159501542,1.0,1.0
16.91766666666667,TE,8.0,0.0,121,0.6851255362780001,0.0,0.3148744637219999,0.5938251788121307,0.0,0.4061748211878693,0.4061748211878693,0.3148744637219999,0.0913003574658694,1.0,1.0
16.9196,TE,8.0,0.0,121,0.6988543956926139,0.0,0.3011456043073861,0.6125607813250855,0.0,0.3874392186749145,0.3874392186749145,0.3011456043073861,0.08629361436752836,1.0,1.0
16.921533333333333,TE,8.0,0.0,121,0.7117326044353024,0.0,0.2882673955646976,0.6302222735040539,0.0,0.3697777264959461,0.3697777264959461,0.2882673955646976,0.08151033093124849,1.0,1.0
16.923466666666666,TE,8.0,0.0,121,0.7238122374919269,0.0,0.2761877625080731,0.646849856126939,0.0,0.353150143873061,0.353150143873061,0.2761877625080731,0.0769623813649879,1.0,1.0
16.9254,TE,8.0,0.0,121,0.735143814552502,0.0,0.264856185447498,0.6624890188463776,0.0,0.33751098115362244,0.33751098115362244,0.264856185447498,0.07265479570612443,1.0,1.0
16.927333333333333,TE,8.0,0.0,121,0.745775842475174,0.0,0.25422415752482597,0.6771884207118446,0.0,0.3228115792881554,0.3228115792881554,0.25422415752482597,0.06858742176332944,1.0,1.0
16.929266666666667,TE,8.0,0.0,121,0.7557545216820345,0.0,0.2442454783179655,0.6909982501703904,0.0,0.3090017498296096,0.3090017498296096,0.2442454783179655,0.06475627151164409,1.0,1.0
16.9312,TE,8.0,0.0,121,0.7651235774386285,0.0,0.23487642256137153,0.7039689804436466,0.0,0.29603101955635336,0.29603101955635336,0.23487642256137153,0.061154596994981825,1.0,1.0
16.933133333333334,TE,8.0,0.0,121,0.7739241848190014,0.0,0.22607581518099862,0.7161504456919365,0.0,0.28384955430806347,0.28384955430806347,0.22607581518099862,0.05777373912706485,1.0,1.0
16.935066666666668,TE,8.0,0.0,121,0.7821949627164122,0.0,0.2178050372835878,0.7275911737573945,0.0,0.27240882624260554,0.27240882624260554,0.2178050372835878,0.05460378895901774,1.0,1.0
16.937,TE,8.0,0.0,121,0.7899720176245878,0.0,0.2100279823754122,0.7383379214250908,0.0,0.2616620785749092,0.2616620785749092,0.2100279823754122,0.05163409619949699,1.0,1.0
16.938933333333335,TE,8.0,0.0,121,0.7972890222612421,0.0,0.2027109777387579,0.7484353674922741,0.0,0.25156463250772587,0.25156463250772587,0.2027109777387579,0.04885365476896797,1.0,1.0
16.94086666666667,TE,8.0,0.0,121,0.8041773175881033,0.0,0.1958226824118967,0.757925927206778,0.0,0.24207407279322202,0.24207407279322202,0.1958226824118967,0.04625139038132531,1.0,1.0
16.942800000000002,TE,8.0,0.0,121,0.8106660295399539,0.0,0.18933397046004607,0.7668496587334255,0.0,0.23315034126657452,0.23315034126657452,0.18933397046004607,0.04381637080652845,1.0,1.0
16.944733333333335,TE,8.0,0.0,121,0.8167821939497463,0.0,0.18321780605025373,0.7752442382832948,0.0,0.2247557617167052,0.2247557617167052,0.18321780605025373,0.041537955666451465,1.0,1.0
16.946666666666665,TE,8.0,0.0,121,0.8225508848490142,0.0,0.17744911515098583,0.7831449854723483,0.0,0.21685501452765166,0.21685501452765166,0.17744911515098583,0.03940589937666583,1.0,1.0
16.9486,TE,8.0,0.0,121,0.8279953426436824,0.0,0.17200465735631765,0.7905849245137363,0.0,0.2094150754862637,0.2094150754862637,0.17200465735631765,0.037410418129946055,1.0,1.0
16.950533333333333,TE,8.0,0.0,121,0.8331370996719634,0.0,0.16686290032803663,0.7975948700915374,0.0,0.2024051299084626,0.2024051299084626,0.16686290032803663,0.035542229580425966,1.0,1.0
16.952466666666666,TE,8.0,0.0,121,0.8379961014264545,0.0,0.16200389857354547,0.804203529366652,0.0,0.19579647063334804,0.19579647063334804,0.16200389857354547,0.03379257205980257,1.0,1.0
16.9544,TE,8.0,0.0,121,0.8425908223073455,0.0,0.1574091776926545,0.8104376136242941,0.0,0.18956238637570588,0.18956238637570588,0.1574091776926545,0.03215320868305138,1.0,1.0
16.956333333333333,TE,8.0,0.0,121,0.8469383752124788,0.0,0.15306162478752117,0.8163219546936447,0.0,0.18367804530635534,0.18367804530635534,0.15306162478752117,0.030616420518834175,1.0,1.0
16.958266666666667,TE,8.0,0.0,121,0.8510546145945723,0.0,0.14894538540542768,0.8218796225350388,0.0,0.17812037746496123,0.17812037746496123,0.14894538540542768,0.029174992059533555,1.0,1.0
16.9602,TE,8.0,0.0,121,0.8549542328564022,0.0,0.14504576714359785,0.8271320413756484,0.0,0.17286795862435156,0.17286795862435156,0.14504576714359785,0.02782219148075371,1.0,1.0
16.962133333333334,TE,8.0,0.0,121,0.8586508501218545,0.0,0.1413491498781455,0.8320991025262606,0.0,0.16790089747373937,0.16790089747373937,0.1413491498781455,0.026551747595593866,1.0,1.0
16.964066666666668,TE,8.0,0.0,121,0.8621570975446651,0.0,0.13784290245533493,0.83679927259706,0.0,0.16320072740294,0.16320072740294,0.13784290245533493,0.02535782494760508,1.0,1.0
16.966,TE,8.0,0.0,121,0.8654846943947206,0.0,0.13451530560527936,0.8412496962663885,0.0,0.15875030373361154,0.15875030373361154,0.13451530560527936,0.024234998128332186,1.0,1.0
16.967933333333335,TE,8.0,0.0,121,0.8686445192175791,0.0,0.13135548078242087,0.8454662930940263,0.0,0.15453370690597368,0.15453370690597368,0.13135548078242087,0.023178226123552803,1.0,1.0
16.969866666666668,TE,8.0,0.0,121,0.8716466753927644,0.0,0.12835332460723559,0.8494638481194614,0.0,0.1505361518805386,0.1505361518805386,0.12835332460723559,0.022182827273303007,1.0,1.0
16.9718,TE,8.0,0.0,121,0.8745005514325426,0.0,0.12549944856745743,0.8532560961741594,0.0,0.14674390382584057,0.14674390382584057,0.12549944856745743,0.021244455258383144,1.0,1.0
16.973733333333335,TE,8.0,0.0,121,0.87721487637121,0.0,0.12278512362879002,0.8568557999823988,0.0,0.1431442000176012,0.1431442000176012,0.12278512362879002,0.02035907638881118,1.0,1.0
16.97566666666667,TE,8.0,0.0,121,0.8797977705905675,0.0,0.12020222940943248,0.8602748222290424,0.0,0.1397251777709576,0.1397251777709576,0.12020222940943248,0.019522948361525128,1.0,1.0
16.9776,TE,8.0,0.0,121,0.882256792421706,0.0,0.11774320757829404,0.8635241918562202,0.0,0.1364758081437798,0.1364758081437798,0.11774320757829404,0.018732600565485757,1.0,1.0
16.979533333333332,TE,8.0,0.0,121,0.8845989808544706,0.0,0.11540101914552936,0.866614164914602,0.0,0.13338583508539803,0.13338583508539803,0.11540101914552936,0.01798481593986867,1.0,1.0
16.981466666666666,TE,8.0,0.0,121,0.8868308946722617,0.0,0.11316910532773827,0.8695542803406581,0.0,0.13044571965934193,0.13044571965934193,0.11316910532773827,0.017276614331603657,1.0,1.0
16.9834,TE,8.0,0.0,121,0.8889586483174682,0.0,0.11104135168253182,0.8723534110671739,0.0,0.1276465889328261,0.1276465889328261,0.11104135168253182,0.01660523725029428,1.0,1.0
16.985333333333333,TE,8.0,0.0,121,0.8909879447790463,0.0,0.1090120552209537,0.8750198108988926,0.0,0.12498018910110742,0.12498018910110742,0.1090120552209537,0.015968133880153723,1.0,1.0
16.987266666666667,TE,8.0,0.0,121,0.892924105775875,0.0,0.107075894224125,0.8775611575931864,0.0,0.12243884240681358,0.12243884240681358,0.107075894224125,0.015362948182688574,1.0,1.0
16.9892,TE,8.0,0.0,121,0.8947720994945884,0.0,0.10522790050541164,0.8799845925870419,0.0,0.12001540741295813,0.12001540741295813,0.10522790050541164,0.014787506907546488,1.0,1.0
16.991133333333334,TE,8.0,0.0,121,0.8965365661213314,0.0,0.10346343387866863,0.882296757795341,0.0,0.117703242204659,0.117703242204659,0.10346343387866863,0.014239808325990366,1.0,1.0
16.993066666666667,TE,8.0,0.0,121,0.8982218413858598,0.0,0.10177815861414019,0.8845038298755484,0.0,0.11549617012445157,0.11549617012445157,0.10177815861414019,0.013718011510311379,1.0,1.0
16.995,TE,8.0,0.0,121,0.8998319783179367,0.0,0.10016802168206329,0.8866115523156053,0.0,0.11338844768439471,0.11338844768439471,0.10016802168206329,0.01322042600233142,1.0,1.0
16.996933333333335,TE,8.0,0.0,121,0.901370767391189,0.0,0.09862923260881096,0.8886252656462367,0.0,0.11137473435376333,0.11137473435376333,0.09862923260881096,0.01274550174495237,1.0,1.0
16.998866666666668,TE,8.0,0.0,121,0.9028417552086394,0.0,0.09715824479136059,0.8905499360205147,0.0,0.10945006397948531,0.10945006397948531,0.09715824479136059,0.01229181918812472,1.0,1.0
17.0008,TE,8.0,0.0,121,0.9042482618633219,0.0,0.09575173813667814,0.8923901823413272,0.0,0.10760981765867283,0.10760981765867283,0.09575173813667814,0.011858079521994691,1.0,1.0
17.002733333333335,TE,8.0,0.0,121,0.9055933970849525,0.0,0.09440660291504754,0.894150302053269,0.0,0.10584969794673105,0.10584969794673105,0.09440660291504754,0.011443095031683503,1.0,1.0
17.00466666666667,TE,8.0,0.0,121,0.9068800752668325,0.0,0.09311992473316755,0.8958342956605833,0.0,0.10416570433941674,0.10416570433941674,0.09311992473316755,0.011045779606249195,1.0,1.0
17.0066,TE,8.0,0.0,121,0.9081110294520887,0.0,0.09188897054791134,0.8974458899879104,0.0,0.10255411001208958,0.10255411001208958,0.09188897054791134,0.010665139464178242,1.0,1.0
17.008533333333332,TE,8.0,0.0,121,0.9092888243438438,0.0,0.09071117565615616,0.898988560164343,0.0,0.10101143983565697,0.10101143983565697,0.09071117565615616,0.010300264179500807,1.0,1.0
17.010466666666666,TE,8.0,0.0,121,0.9104158683974467,0.0,0.0895841316025533,0.9004655502950567,0.0,0.0995344497049433,0.0995344497049433,0.0895841316025533,0.009950318102389999,1.0,1.0
17.0124,TE,8.0,0.0,121,0.9114944250444019,0.0,0.08850557495559808,0.9018798927770652,0.0,0.09812010722293485,0.09812010722293485,0.08850557495559808,0.009614532267336773,1.0,1.0
17.014333333333333,TE,8.0,0.0,121,0.9125266230956139,0.0,0.08747337690438606,0.9032344262230996,0.0,0.09676557377690043,0.09676557377690043,0.08747337690438606,0.009292196872514369,1.0,1.0
17.016266666666667,TE,8.0,0.0,121,0.9135144663688402,0.0,0.08648553363115985,0.9045318119727286,0.0,0.09546818802727142,0.09546818802727142,0.08648553363115985,0.008982654396111567,1.0,1.0
17.0182,TE,8.0,0.0,121,0.9144598425855679,0.0,0.0855401574144321,0.9057745491919041,0.0,0.09422545080809586,0.09422545080809586,0.0855401574144321,0.008685293393663751,1.0,1.0
17.020133333333334,TE,8.0,0.0,121,0.9153645315821871,0.0,0.08463546841781289,0.9069649885859721,0.0,0.09303501141402792,0.09303501141402792,0.08463546841781289,0.008399542996215037,1.0,1.0
17.022066666666667,TE,8.0,0.0,121,0.9162302128813781,0.0,0.08376978711862193,0.9081053447756954,0.0,0.09189465522430462,0.09189465522430462,0.08376978711862193,0.008124868105682692,1.0,1.0
17.024,TE,8.0,0.0,121,0.9170584726689313,0.0,0.08294152733106874,0.9091977074064621,0.0,0.09080229259353789,0.09080229259353789,0.08294152733106874,0.00786076526246915,1.0,1.0
17.025933333333334,TE,8.0,0.0,121,0.9178508102206477,0.0,0.08214918977935226,0.910244051077379,0.0,0.08975594892262095,0.08975594892262095,0.08214918977935226,0.007606759143268693,1.0,1.0
17.027866666666668,TE,8.0,0.0,121,0.9186086438226503,0.0,0.08139135617734972,0.9112462441890605,0.0,0.08875375581093947,0.08875375581093947,0.08139135617734972,0.007362399633589756,1.0,1.0
17.0298,TE,8.0,0.0,121,0.9193333162257901,0.0,0.08066668377420994,0.9122060568140589,0.0,0.08779394318594114,0.08779394318594114,0.08066668377420994,0.007127259411731202,1.0,1.0
17.031733333333335,TE,8.0,0.0,121,0.920026099671169,0.0,0.079973900328831,0.9131251676949513,0.0,0.08687483230504867,0.08687483230504867,0.079973900328831,0.006900931976217661,1.0,1.0
17.03366666666667,TE,8.0,0.0,121,0.9206882005208875,0.0,0.07931179947911249,0.9140051704721658,0.0,0.08599482952783422,0.08599482952783422,0.07931179947911249,0.006683030048721728,1.0,1.0
17.035600000000002,TE,8.0,0.0,121,0.9213207635221987,0.0,0.07867923647780128,0.9148475792356263,0.0,0.08515242076437368,0.08515242076437368,0.07867923647780128,0.006473184286572398,1.0,1.0
17.037533333333332,TE,8.0,0.0,121,0.9219248757300855,0.0,0.07807512426991448,0.9156538334866399,0.0,0.08434616651336013,0.08434616651336013,0.07807512426991448,0.006271042243445657,1.0,1.0
17.039466666666666,TE,8.0,0.0,121,0.9225015701074832,0.0,0.07749842989251676,0.9164253025849971,0.0,0.0835746974150029,0.0835746974150029,0.07749842989251676,0.006076267522486134,1.0,1.0
17.0414,TE,8.0,0.0,121,0.9230518288181069,0.0,0.07694817118189312,0.9171632897454944,0.0,0.08283671025450556,0.08283671025450556,0.07694817118189312,0.005888539072612442,1.0,1.0
17.043333333333333,TE,8.0,0.0,121,0.9235765862234615,0.0,0.0764234137765385,0.9178690356384256,0.0,0.08213096436157441,0.08213096436157441,0.0764234137765385,0.005707550585035914,1.0,1.0
17.045266666666667,TE,8.0,0.0,121,0.9240767315912334,0.0,0.07592326840876662,0.9185437216376785,0.0,0.0814562783623215,0.0814562783623215,0.07592326840876662,0.005533009953554879,1.0,1.0
17.0472,TE,8.0,0.0,121,0.9245531115210837,0.0,0.07544688847891634,0.9191884727529416,0.0,0.08081152724705842,0.08081152724705842,0.07544688847891634,0.005364638768142083,1.0,1.0
17.049133333333334,TE,8.0,0.0,121,0.9250065320926314,0.0,0.0749934679073686,0.9198043602757371,0.0,0.08019563972426291,0.08019563972426291,0.0749934679073686,0.005202171816894308,1.0,1.0
17.051066666666667,TE,8.0,0.0,121,0.925437760740444,0.0,0.07456223925955596,0.9203924041637807,0.0,0.07960759583621935,0.07960759583621935,0.07456223925955596,0.0050453565766633846,1.0,1.0
17.053,TE,8.0,0.0,121,0.9258475278643654,0.0,0.07415247213563458,0.9209535751867107,0.0,0.07904642481328927,0.07904642481328927,0.07415247213563458,0.004893952677654689,1.0,1.0
17.054933333333334,TE,8.0,0.0,121,0.9262365281863036,0.0,0.07376347181369636,0.9214887968541954,0.0,0.07851120314580462,0.07851120314580462,0.07376347181369636,0.004747731332108263,1.0,1.0
17.056866666666668,TE,8.0,0.0,121,0.9266054218711786,0.0,0.07339457812882144,0.9219989471493324,0.0,0.07800105285066761,0.07800105285066761,0.07339457812882144,0.0046064747218461655,1.0,1.0
17.0588,TE,8.0,0.0,121,0.9269548354366566,0.0,0.07304516456334342,0.9224848600922969,0.0,0.07751513990770309,0.07751513990770309,0.07304516456334342,0.004469975344359667,1.0,1.0
17.060733333333335,TE,8.0,0.0,121,0.9272853624840458,0.0,0.0727146375159542,0.9229473271621633,0.0,0.07705267283783668,0.07705267283783668,0.0727146375159542,0.004338035321882483,1.0,1.0
17.06266666666667,TE,8.0,0.0,121,0.9275975642916361,0.0,0.07240243570836391,0.9233870986092046,0.0,0.07661290139079535,0.07661290139079535,0.07240243570836391,0.004210465682431441,1.0,1.0
17.064600000000002,TE,8.0,0.0,121,0.9278919703188966,0.0,0.07210802968110341,0.9238048846926052,0.0,0.07619511530739476,0.07619511530739476,0.07210802968110341,0.004087085626291342,1.0,1.0
17.066533333333332,TE,8.0,0.0,121,0.9281690786763572,0.0,0.07183092132364277,0.924201356881279,0.0,0.07579864311872098,0.07579864311872098,0.07183092132364277,0.003967721795078205,1.0,1.0
17.068466666666666,TE,8.0,0.0,121,0.9284293566194166,0.0,0.07157064338058339,0.9245771490564632,0.0,0.07542285094353685,0.07542285094353685,0.07157064338058339,0.003852207562953458,1.0,1.0
17.0704,TE,8.0,0.0,121,0.928673241124167,0.0,0.07132675887583295,0.9249328587527761,0.0,0.07506714124722391,0.07506714124722391,0.07132675887583295,0.00374038237139096,1.0,1.0
17.072333333333333,TE,8.0,0.0,121,0.9289011395991508,0.0,0.07109886040084923,0.9252690484710288,0.0,0.07473095152897125,0.07473095152897125,0.07109886040084923,0.003632091128122017,1.0,1.0
17.074266666666666,TE,8.0,0.0,121,0.9291134307786826,0.0,0.07088656922131742,0.9255862470894864,0.0,0.07441375291051355,0.07441375291051355,0.07088656922131742,0.003527183689196134,1.0,1.0
17.0762,TE,8.0,0.0,121,0.9293104658306838,0.0,0.07068953416931623,0.9258849513914693,0.0,0.07411504860853069,0.07411504860853069,0.07068953416931623,0.003425514439214461,1.0,1.0
17.078133333333334,TE,8.0,0.0,121,0.9294925696959577,0.0,0.07050743030404227,0.926165627716502,0.0,0.07383437228349798,0.07383437228349798,0.07050743030404227,0.003326941979455711,1.0,1.0
17.080066666666667,TE,8.0,0.0,121,0.9296600426582141,0.0,0.07033995734178589,0.9264287137308637,0.0,0.07357128626913634,0.07357128626913634,0.07033995734178589,0.003231328927350452,1.0,1.0
17.082,TE,8.0,0.0,121,0.929813162125031,0.0,0.07018683787496904,0.9266746203010545,0.0,0.07332537969894548,0.07332537969894548,0.07018683787496904,0.0031385418239764373,1.0,1.0
17.083933333333334,TE,8.0,0.0,121,0.929952184582521,0.0,0.07004781541747895,0.9269037334431007,0.0,0.07309626655689927,0.07309626655689927,0.07004781541747895,0.003048451139420316,1.0,1.0
17.085866666666668,TE,8.0,0.0,121,0.9300773476705793,0.0,0.06992265232942074,0.927116416310495,0.0,0.07288358368950498,0.07288358368950498,0.06992265232942074,0.00296093136008424,1.0,1.0
17.0878,TE,8.0,0.0,121,0.9301888723137488,0.0,0.0698111276862512,0.9273130111763425,0.0,0.07268698882365754,0.07268698882365754,0.0698111276862512,0.0028758611374063436,1.0,1.0
17.089733333333335,TE,8.0,0.0,121,0.9302869648347317,0.0,0.06971303516526828,0.9274938413601498,0.0,0.07250615863985022,0.07250615863985022,0.06971303516526828,0.0027931234745819378,1.0,1.0
17.09166666666667,TE,8.0,0.0,121,0.9303718189738075,0.0,0.0696281810261925,0.9276592130471026,0.0,0.07234078695289736,0.07234078695289736,0.0696281810261925,0.0027126059267048586,1.0,1.0
17.093600000000002,TE,8.0,0.0,121,0.9304436177382809,0.0,0.06955638226171912,0.9278094169477195,0.0,0.07219058305228054,0.07219058305228054,0.06955638226171912,0.002634200790561425,1.0,1.0
17.095533333333336,TE,8.0,0.0,121,0.9305025350100441,0.0,0.0694974649899559,0.9279447297475492,0.0,0.07205527025245084,0.07205527025245084,0.0694974649899559,0.0025578052624949388,1.0,1.0
17.097466666666666,TE,8.0,0.0,121,0.9305487368469549,0.0,0.06945126315304506,0.9280654153010178,0.0,0.07193458469898217,0.07193458469898217,0.06945126315304506,0.0024833215459371116,1.0,1.0
17.0994,TE,8.0,0.0,121,0.9305823824229559,0.0,0.06941761757704412,0.9281717255283417,0.0,0.0718282744716583,0.0718282744716583,0.06941761757704412,0.0024106568946141715,1.0,1.0
17.101333333333333,TE,8.0,0.0,121,0.9306036245633365,0.0,0.06939637543666355,0.9282639009818983,0.0,0.07173609901810174,0.07173609901810174,0.06939637543666355,0.002339723581438191,1.0,1.0
17.103266666666666,TE,8.0,0.0,121,0.9306126098438396,0.0,0.06938739015616036,0.9283421710561099,0.0,0.07165782894389006,0.07165782894389006,0.06938739015616036,0.0022704387877297005,1.0,1.0
17.1052,TE,8.0,0.0,121,0.9306094782359069,0.0,0.0693905217640931,0.9284067538249925,0.0,0.07159324617500751,0.07159324617500751,0.0693905217640931,0.002202724410914403,1.0,1.0
17.107133333333334,TE,8.0,0.0,121,0.9305943622945309,0.0,0.06940563770546915,0.9284578555019682,0.0,0.07154214449803176,0.07154214449803176,0.06940563770546915,0.002136506792562609,1.0,1.0
17.109066666666667,TE,8.0,0.0,121,0.9305673859007302,0.0,0.06943261409926982,0.9284956695297519,0.0,0.07150433047024807,0.07150433047024807,0.06943261409926982,0.0020717163709782493,1.0,1.0
17.111,TE,8.0,0.0,121,0.9305286625864158,0.0,0.06947133741358424,0.9285203753215163,0.0,0.07147962467848368,0.07147962467848368,0.06947133741358424,0.002008287264899433,1.0,1.0
17.112933333333334,TE,8.0,0.0,121,0.9304782934867364,0.0,0.06952170651326361,0.9285321366903432,0.0,0.07146786330965682,0.07146786330965682,0.06952170651326361,0.0019461567963932058,1.0,1.0
17.114866666666668,TE,8.0,0.0,121,0.930416364981885,0.0,0.06958363501811504,0.928531100019365,0.0,0.07146889998063499,0.07146889998063499,0.06958363501811504,0.0018852649625199502,1.0,1.0
17.1168,TE,8.0,0.0,121,0.9303429461074351,0.0,0.06965705389256494,0.9285173922406649,0.0,0.07148260775933513,0.07148260775933513,0.06965705389256494,0.001825553866770191,1.0,1.0
17.118733333333335,TE,8.0,0.0,121,0.930258085827712,0.0,0.06974191417228803,0.9284911187050704,0.0,0.0715088812949296,0.0715088812949296,0.06974191417228803,0.0017669671226415717,1.0,1.0
17.12066666666667,TE,8.0,0.0,121,0.930161810279498,0.0,0.06983818972050204,0.9284523610358895,0.0,0.07154763896411054,0.07154763896411054,0.06983818972050204,0.0017094492436084963,1.0,1.0
17.122600000000002,TE,8.0,0.0,121,0.9300541201021906,0.0,0.06994587989780943,0.9284011750666964,0.0,0.0715988249333036,0.0715988249333036,0.06994587989780943,0.00165294503549418,1.0,1.0
17.124533333333332,TE,8.0,0.0,121,0.9299349879734136,0.0,0.07006501202658644,0.9283375889643242,0.0,0.07166241103567583,0.07166241103567583,0.07006501202658644,0.0015973990090893952,1.0,1.0
17.126466666666666,TE,8.0,0.0,121,0.9298043564654137,0.0,0.0701956435345863,0.9282616016331601,0.0,0.07173839836683993,0.07173839836683993,0.0701956435345863,0.0015427548322536344,1.0,1.0
17.1284,TE,8.0,0.0,121,0.9296621363262121,0.0,0.07033786367378791,0.9281731814848708,0.0,0.07182681851512918,0.07182681851512918,0.07033786367378791,0.0014889548413412612,1.0,1.0
17.130333333333333,TE,8.0,0.0,121,0.9295082052704586,0.0,0.07049179472954137,0.9280722656391813,0.0,0.07192773436081867,0.07192773436081867,0.07049179472954137,0.0014359396312773054,1.0,1.0
17.132266666666666,TE,8.0,0.0,121,0.9293424073393182,0.0,0.07065759266068183,0.9279587595980545,0.0,0.07204124040194548,0.07204124040194548,0.07065759266068183,0.0013836477412636494,1.0,1.0
17.1342,TE,8.0,0.0,121,0.9291645528576481,0.0,0.0708354471423519,0.9278325374080851,0.0,0.07216746259191487,0.07216746259191487,0.0708354471423519,0.0013320154495629621,1.0,1.0
17.136133333333333,TE,8.0,0.0,121,0.9289744189834465,0.0,0.07102558101655354,0.9276934422981251,0.0,0.07230655770187489,0.07230655770187489,0.07102558101655354,0.0012809766853213445,1.0,1.0
17.138066666666667,TE,8.0,0.0,121,0.9287717508107298,0.0,0.07122824918927018,0.9275412877516656,0.0,0.07245871224833444,0.07245871224833444,0.07122824918927018,0.0012304630590642684,1.0,1.0
17.14,TE,8.0,0.0,121,0.9285562629568052,0.0,0.07144373704319484,0.9273758589502679,0.0,0.07262414104973214,0.07262414104973214,0.07144373704319484,0.0011804040065372945,1.0,1.0
17.141933333333334,TE,8.0,0.0,121,0.9283276415402084,0.0,0.07167235845979159,0.9271969145064476,0.0,0.07280308549355241,0.07280308549355241,0.07167235845979159,0.0011307270337608255,1.0,1.0
17.143866666666668,TE,8.0,0.0,121,0.9280855464382496,0.0,0.07191445356175041,0.9270041883928581,0.0,0.07299581160714186,0.07299581160714186,0.07191445356175041,0.001081358045391445,1.0,1.0
17.1458,TE,8.0,0.0,121,0.9278296137050207,0.0,0.0721703862949793,0.9267973919710251,0.0,0.07320260802897494,0.07320260802897494,0.0721703862949793,0.0010322217339956419,1.0,1.0
17.147733333333335,TE,8.0,0.0,121,0.9275594580308004,0.0,0.07244054196919958,0.9265762160253888,0.0,0.07342378397461125,0.07342378397461125,0.07244054196919958,0.0009832420054116664,1.0,1.0
17.14966666666667,TE,8.0,0.0,121,0.92727467513223,0.0,0.07272532486776995,0.9263403327173727,0.0,0.0736596672826273,0.0736596672826273,0.07272532486776995,0.0009343424148573476,1.0,1.0
17.151600000000002,TE,8.0,0.0,121,0.9269748439769705,0.0,0.0730251560230295,0.9260893973873565,0.0,0.07391060261264348,0.07391060261264348,0.0730251560230295,0.0008854465896139807,1.0,1.0
17.153533333333336,TE,8.0,0.0,121,0.9266595287648633,0.0,0.07334047123513665,0.925823050147737,0.0,0.07417694985226297,0.07417694985226297,0.07334047123513665,0.0008364786171263239,1.0,1.0
17.15546666666667,TE,8.0,0.0,121,0.9263282806086599,0.0,0.0736717193913401,0.925540917227566,0.0,0.07445908277243396,0.07445908277243396,0.0736717193913401,0.0007873633810938641,1.0,1.0
17.1574,TE,8.0,0.0,121,0.9259806388769695,0.0,0.07401936112303054,0.9252426120443862,0.0,0.07475738795561382,0.07475738795561382,0.07401936112303054,0.0007380268325832828,1.0,1.0
17.159333333333333,TE,8.0,0.0,121,0.9256161321813509,0.0,0.07438386781864914,0.9249277359936424,0.0,0.07507226400635758,0.07507226400635758,0.07438386781864914,0.0006883961877084399,1.0,1.0
17.161266666666666,TE,8.0,0.0,121,0.9252342790043793,0.0,0.07476572099562073,0.9245958789567534,0.0,0.07540412104324656,0.07540412104324656,0.07476572099562073,0.0006384000476258311,1.0,1.0
17.1632,TE,8.0,0.0,121,0.9248345879780353,0.0,0.0751654120219647,0.9242466195377141,0.0,0.07575338046228586,0.07575338046228586,0.0751654120219647,0.0005879684403211627,1.0,1.0
17.165133333333333,TE,8.0,0.0,121,0.924416557829669,0.0,0.07558344217033097,0.9238795250429428,0.0,0.0761204749570572,0.0761204749570572,0.07558344217033097,0.0005370327867262326,1.0,1.0
17.167066666666667,TE,8.0,0.0,121,0.9239796770179218,0.0,0.07602032298207817,0.923494151221807,0.0,0.076505848778193,0.076505848778193,0.07602032298207817,0.0004855257961148274,1.0,1.0
17.169,TE,8.0,0.0,121,0.9235234230836712,0.0,0.07647657691632881,0.9230900417859353,0.0,0.07690995821406466,0.07690995821406466,0.07647657691632881,0.00043338129773584644,1.0,1.0
17.170933333333334,TE,8.0,0.0,121,0.9230472617412404,0.0,0.07695273825875959,0.9226667277241793,0.0,0.07733327227582065,0.07733327227582065,0.07695273825875959,0.0003805340170610627,1.0,1.0
17.172866666666668,TE,8.0,0.0,121,0.922550645735977,0.0,0.077449354264023,0.9222237264295576,0.0,0.07777627357044237,0.07777627357044237,0.077449354264023,0.00032691930641937095,1.0,1.0
17.1748,TE,8.0,0.0,121,0.9220330134943786,0.0,0.0779669865056214,0.9217605406534193,0.0,0.07823945934658072,0.07823945934658072,0.0779669865056214,0.0002724728409593258,1.0,1.0
17.176733333333335,TE,8.0,0.0,121,0.9214937875954378,0.0,0.07850621240456224,0.9212766573032747,0.0,0.07872334269672532,0.07872334269672532,0.07850621240456224,0.00021713029216308133,1.0,1.0
17.17866666666667,TE,8.0,0.0,121,0.9209323730959867,0.0,0.07906762690401326,0.9207715461035303,0.0,0.07922845389646971,0.07922845389646971,0.07906762690401326,0.00016082699245645316,1.0,1.0
17.180600000000002,TE,8.0,0.0,121,0.9203481557504143,0.0,0.07965184424958571,0.9202446581445849,0.0,0.07975534185541511,0.07975534185541511,0.07965184424958571,0.0001034976058293946,1.0,1.0
17.182533333333335,TE,8.0,0.0,121,0.9197405001756489,0.0,0.0802594998243511,0.9196954243548715,0.0,0.0803045756451285,0.0803045756451285,0.0802594998243511,4.5075820777396025e-05,1.0,1.0
17.184466666666665,TE,8.0,0.0,121,0.919108748026305,0.0,0.08089125197369496,0.9191232539431438,0.0,0.08087674605685624,0.08087674605685624,0.08089125197369496,1.450591683871405e-05,1.0,1.0
17.1864,TE,8.0,0.0,121,0.9184522162620401,0.0,0.0815477837379599,0.9185275328744013,0.0,0.08147246712559875,0.08147246712559875,0.0815477837379599,7.531661236115372e-05,1.0,1.0
17.188333333333333,TE,8.0,0.0,121,0.9177701956087714,0.0,0.08222980439122862,0.9179076224617333,0.0,0.0820923775382667,0.0820923775382667,0.08222980439122862,0.00013742685296191937,1.0,1.0
17.190266666666666,TE,8.0,0.0,121,0.9170619493364994,0.0,0.08293805066350057,0.9172628581771284,0.0,0.08273714182287162,0.08273714182287162,0.08293805066350057,0.00020090884062895498,1.0,1.0
17.1922,TE,8.0,0.0,121,0.9163267124979773,0.0,0.08367328750202274,0.9165925488058726,0.0,0.0834074511941274,0.0834074511941274,0.08367328750202274,0.00026583630789533963,1.0,1.0
17.194133333333333,TE,8.0,0.0,121,0.9155636917934469,0.0,0.08443630820655312,0.9158959760905581,0.0,0.08410402390944194,0.08410402390944194,0.08443630820655312,0.000332284297111185,1.0,1.0
17.196066666666667,TE,8.0,0.0,121,0.9147720662445465,0.0,0.08522793375545346,0.9151723950293672,0.0,0.0848276049706328,0.0848276049706328,0.08522793375545346,0.00040032878482065826,1.0,1.0
17.198,TE,8.0,0.0,121,0.9139509888758213,0.0,0.08604901112417873,0.9144210350093095,0.0,0.08557896499069051,0.08557896499069051,0.08604901112417873,0.0004700461334882222,1.0,1.0
17.199933333333334,TE,8.0,0.0,121,0.9130995896121883,0.0,0.08690041038781171,0.9136411019659889,0.0,0.08635889803401109,0.08635889803401109,0.08690041038781171,0.0005415123538006217,1.0,1.0
17.201866666666668,TE,8.0,0.0,121,0.9122169796063528,0.0,0.08778302039364716,0.9128317817674587,0.0,0.08716821823254128,0.08716821823254128,0.08778302039364716,0.0006148021611058763,1.0,1.0
17.2038,TE,8.0,0.0,121,0.9113022572093019,0.0,0.08869774279069809,0.9119922450196294,0.0,0.08800775498037061,0.08800775498037061,0.08869774279069809,0.0006899878103274748,1.0,1.0
17.205733333333335,TE,8.0,0.0,121,0.9103545157922457,0.0,0.08964548420775431,0.9111216534858713,0.0,0.08887834651412874,0.08887834651412874,0.08964548420775431,0.0007671376936255747,1.0,1.0
17.207666666666668,TE,8.0,0.0,121,0.9093728536187284,0.0,0.09062714638127156,0.9102191683042109,0.0,0.0897808316957891,0.0897808316957891,0.09062714638127156,0.0008463146854824632,1.0,1.0
17.209600000000002,TE,8.0,0.0,121,0.9083563859527208,0.0,0.09164361404727916,0.9092839601726064,0.0,0.09071603982739362,0.09071603982739362,0.09164361404727916,0.0009275742198855408,1.0,1.0
17.211533333333335,TE,8.0,0.0,121,0.9073042595741581,0.0,0.09269574042584194,0.9083152216589053,0.0,0.09168477834109467,0.09168477834109467,0.09269574042584194,0.001010962084747269,1.0,1.0
17.21346666666667,TE,8.0,0.0,121,0.9062156698577652,0.0,0.09378433014223475,0.9073121817771446,0.0,0.09268781822285543,0.09268781822285543,0.09378433014223475,0.0010965119193793171,1.0,1.0
17.2154,TE,8.0,0.0,121,0.9050898805558667,0.0,0.0949101194441333,0.9062741229580358,0.0,0.09372587704196422,0.09372587704196422,0.0949101194441333,0.0011842424021690778,1.0,1.0
17.217333333333332,TE,8.0,0.0,121,0.9039262464098026,0.0,0.09607375359019743,0.9052004005274465,0.0,0.09479959947255345,0.09479959947255345,0.09607375359019743,0.0012741541176439775,1.0,1.0
17.219266666666666,TE,8.0,0.0,121,0.9027242386984669,0.0,0.09727576130153315,0.9040904647936969,0.0,0.09590953520630308,0.09590953520630308,0.09727576130153315,0.001366226095230072,1.0,1.0
17.2212,TE,8.0,0.0,121,0.901483473812319,0.0,0.09851652618768103,0.9029438858288048,0.0,0.0970561141711952,0.0970561141711952,0.09851652618768103,0.0014604120164858347,1.0,1.0
17.223133333333333,TE,8.0,0.0,121,0.900203744915285,0.0,0.09979625508471501,0.9017603810092156,0.0,0.09823961899078437,0.09823961899078437,0.09979625508471501,0.0015566360939306412,1.0,1.0
17.225066666666667,TE,8.0,0.0,121,0.8988850567202262,0.0,0.10111494327977377,0.9005398453534312,0.0,0.09946015464656877,0.09946015464656877,0.10111494327977377,0.0016547886332050066,1.0,1.0
17.227,TE,8.0,0.0,121,0.8975276633508574,0.0,0.10247233664914257,0.8992823846527824,0.0,0.10071761534721757,0.10071761534721757,0.10247233664914257,0.0017547213019249996,1.0,1.0
17.228933333333334,TE,8.0,0.0,121,0.8961321091895367,0.0,0.10386789081046333,0.8979883513333664,0.0,0.10201164866663359,0.10201164866663359,0.10386789081046333,0.0018562421438297338,1.0,1.0
17.230866666666667,TE,8.0,0.0,121,0.8946992725084133,0.0,0.1053007274915867,0.8966583829046721,0.0,0.10334161709532785,0.10334161709532785,0.1053007274915867,0.001959110396258845,1.0,1.0
17.2328,TE,8.0,0.0,121,0.8932304115474208,0.0,0.10676958845257922,0.8952934427407164,0.0,0.10470655725928357,0.10470655725928357,0.10676958845257922,0.00206303119329565,1.0,1.0
17.234733333333335,TE,8.0,0.0,121,0.8917272125308107,0.0,0.10827278746918934,0.8938948627967465,0.0,0.10610513720325354,0.10610513720325354,0.10827278746918934,0.0021676502659357944,1.0,1.0
17.236666666666668,TE,8.0,0.0,121,0.8901918389005621,0.0,0.10980816109943792,0.8924643876857123,0.0,0.10753561231428765,0.10753561231428765,0.10980816109943792,0.0022725487851502635,1.0,1.0
17.2386,TE,8.0,0.0,121,0.8886269807904486,0.0,0.11137301920955145,0.8910042193226375,0.0,0.10899578067736249,0.10899578067736249,0.11137301920955145,0.0023772385321889633,1.0,1.0
17.240533333333335,TE,8.0,0.0,121,0.8870359034696793,0.0,0.11296409653032069,0.8895170610922676,0.0,0.11048293890773242,0.11048293890773242,0.11296409653032069,0.0024811576225882703,1.0,1.0
17.24246666666667,TE,8.0,0.0,121,0.8854224931560175,0.0,0.11457750684398249,0.8880061602099089,0.0,0.11199383979009114,0.11199383979009114,0.11457750684398249,0.0025836670538913475,1.0,1.0
17.2444,TE,8.0,0.0,121,0.8837912982474674,0.0,0.11620870175253262,0.8864753466367532,0.0,0.1135246533632468,0.1135246533632468,0.11620870175253262,0.0026840483892858202,1.0,1.0
17.246333333333332,TE,8.0,0.0,121,0.8821475636648214,0.0,0.11785243633517861,0.8849290665914684,0.0,0.11507093340853158,0.11507093340853158,0.11785243633517861,0.002781502926647028,1.0,1.0
17.248266666666666,TE,8.0,0.0,121,0.8804972556604443,0.0,0.11950274433955566,0.8833724083905181,0.0,0.11662759160948188,0.11662759160948188,0.11950274433955566,0.002875152730073771,1.0,1.0
17.2502,TE,8.0,0.0,121,0.8788470741621117,0.0,0.12115292583788828,0.8818111180754522,0.0,0.1181888819245478,0.1181888819245478,0.12115292583788828,0.002964043913340486,1.0,1.0
17.252133333333333,TE,8.0,0.0,121,0.8772044495256773,0.0,0.12279555047432267,0.8802516020813325,0.0,0.11974839791866754,0.11974839791866754,0.12279555047432267,0.0030471525556551304,1.0,1.0
17.254066666666667,TE,8.0,0.0,121,0.8755775205090086,0.0,0.12442247949099139,0.8787009141022804,0.0,0.12129908589771965,0.12129908589771965,0.12442247949099139,0.0031233935932717394,1.0,1.0
17.256,TE,8.0,0.0,121,0.8739750904029604,0.0,0.1260249095970396,0.8771667233632592,0.0,0.12283327663674082,0.12283327663674082,0.1260249095970396,0.0031916329602987847,1.0,1.0
17.257933333333334,TE,8.0,0.0,121,0.8724065586092882,0.0,0.12759344139071183,0.8756572617531078,0.0,0.12434273824689224,0.12434273824689224,0.12759344139071183,0.003250703143819589,1.0,1.0
17.259866666666667,TE,8.0,0.0,121,0.8708818255803796,0.0,0.12911817441962037,0.874181247751447,0.0,0.125818752248553,0.125818752248553,0.12911817441962037,0.003299422171067379,1.0,1.0
17.2618,TE,8.0,0.0,121,0.8694111699588984,0.0,0.13058883004110156,0.8727477858202783,0.0,0.12725221417972166,0.12725221417972166,0.13058883004110156,0.003336615861379899,1.0,1.0
17.263733333333334,TE,8.0,0.0,121,0.8680050979794907,0.0,0.13199490202050934,0.8713662409398308,0.0,0.12863375906016916,0.12863375906016916,0.13199490202050934,0.00336114296034018,1.0,1.0
17.265666666666668,TE,8.0,0.0,121,0.866674166693425,0.0,0.133325833306575,0.8700460892336842,0.0,0.1299539107663158,0.1299539107663158,0.133325833306575,0.003371922540259198,1.0,1.0
17.2676,TE,8.0,0.0,121,0.8654287842865124,0.0,0.13457121571348762,0.8687967471038269,0.0,0.13120325289617307,0.13120325289617307,0.13457121571348762,0.0033679628173145515,1.0,1.0
17.269533333333335,TE,8.0,0.0,121,0.8642789925779735,0.0,0.13572100742202653,0.8676273829025242,0.0,0.13237261709747583,0.13237261709747583,0.13572100742202653,0.0033483903245506985,1.0,1.0
17.27146666666667,TE,8.0,0.0,121,0.8632342385736576,0.0,0.13676576142634245,0.8665467167894334,0.0,0.1334532832105666,0.1334532832105666,0.13676576142634245,0.0033124782157758492,1.0,1.0
17.273400000000002,TE,8.0,0.0,121,0.8623031435319358,0.0,0.13769685646806418,0.8655628159154429,0.0,0.13443718408455707,0.13443718408455707,0.13769685646806418,0.003259672383507106,1.0,1.0
17.275333333333332,TE,8.0,0.0,121,0.8614932792066639,0.0,0.13850672079333615,0.8646828932815835,0.0,0.13531710671841646,0.13531710671841646,0.13850672079333615,0.003189614074919689,1.0,1.0
17.277266666666666,TE,8.0,0.0,121,0.8608109615855168,0.0,0.13918903841448316,0.8639131193817996,0.0,0.1360868806182004,0.1360868806182004,0.13918903841448316,0.0031021577962827562,1.0,1.0
17.2792,TE,8.0,0.0,121,0.8602610724107878,0.0,0.13973892758921225,0.8632584559207812,0.0,0.1367415440792188,0.1367415440792188,0.13973892758921225,0.0029973835099934565,1.0,1.0
17.281133333333333,TE,8.0,0.0,121,0.8598469179707549,0.0,0.14015308202924515,0.8627225204082369,0.0,0.13727747959176306,0.13727747959176306,0.14015308202924515,0.0028756024374820832,1.0,1.0
17.283066666666667,TE,8.0,0.0,121,0.8595701330863443,0.0,0.14042986691365567,0.8623074892472924,0.0,0.1376925107527076,0.1376925107527076,0.14042986691365567,0.0027373561609480568,1.0,1.0
17.285,TE,8.0,0.0,121,0.8594306359703524,0.0,0.1405693640296476,0.8620140451014674,0.0,0.1379859548985326,0.1379859548985326,0.1405693640296476,0.0025834091311149887,1.0,1.0
17.286933333333334,TE,8.0,0.0,121,0.8594266368744012,0.0,0.14057336312559876,0.8618413719687836,0.0,0.13815862803121637,0.13815862803121637,0.14057336312559876,0.002414735094382392,1.0,1.0
17.288866666666667,TE,8.0,0.0,121,0.8595547003928703,0.0,0.1404452996071297,0.8617871987007157,0.0,0.13821280129928426,0.13821280129928426,0.1404452996071297,0.002232498307845443,1.0,1.0
17.2908,TE,8.0,0.0,121,0.859809858232927,0.0,0.140190141767073,0.8618478889101614,0.0,0.1381521110898386,0.1381521110898386,0.140190141767073,0.0020380306772344037,1.0,1.0
17.292733333333334,TE,8.0,0.0,121,0.8601857664577004,0.0,0.1398142335422996,0.8620185725626072,0.0,0.13798142743739283,0.13798142743739283,0.1398142335422996,0.00183280610490677,1.0,1.0
17.294666666666668,TE,8.0,0.0,121,0.8606748989053141,0.0,0.13932510109468588,0.8622933122668011,0.0,0.13770668773319894,0.13770668773319894,0.13932510109468588,0.0016184133614869367,1.0,1.0
17.2966,TE,8.0,0.0,121,0.8612687668569774,0.0,0.1387312331430226,0.8626652955579297,0.0,0.1373347044420703,0.1373347044420703,0.1387312331430226,0.0013965287009523042,1.0,1.0
17.298533333333335,TE,8.0,0.0,121,0.8619581541714023,0.0,0.1380418458285977,0.8631270434162257,0.0,0.1368729565837743,0.1368729565837743,0.1380418458285977,0.00116888924482339,1.0,1.0
17.30046666666667,TE,8.0,0.0,121,0.862733357030637,0.0,0.13726664296936297,0.8636706249276065,0.0,0.1363293750723935,0.1363293750723935,0.13726664296936297,0.0009372678969694626,1.0,1.0
17.302400000000002,TE,8.0,0.0,121,0.8635844180863527,0.0,0.13641558191364733,0.8642878683404919,0.0,0.13571213165950813,0.13571213165950813,0.13641558191364733,0.000703450254139204,1.0,1.0
17.304333333333332,TE,8.0,0.0,121,0.8645013460285751,0.0,0.1354986539714249,0.8649705597136066,0.0,0.1350294402863934,0.1350294402863934,0.1354986539714249,0.00046921368503149985,1.0,1.0
17.306266666666666,TE,8.0,0.0,121,0.8654743132530776,0.0,0.13452568674692245,0.865710621749209,0.0,0.134289378250791,0.134289378250791,0.13452568674692245,0.00023630849613143212,1.0,1.0
17.3082,TE,8.0,0.0,121,0.8664938262008561,0.0,0.13350617379914387,0.8665002671118271,0.0,0.13349973288817285,0.13349973288817285,0.13350617379914387,6.4409109710172885e-06,1.0,1.0
17.310133333333333,TE,8.0,0.0,121,0.8675508649141987,0.0,0.13244913508580125,0.8673321223902268,0.0,0.13266787760977317,0.13266787760977317,0.13244913508580125,0.0002187425239719154,1.0,1.0
17.312066666666666,TE,8.0,0.0,121,0.8686369902517548,0.0,0.13136300974824522,0.868199320728215,0.0,0.13180067927178496,0.13180067927178496,0.13136300974824522,0.000437669523539741,1.0,1.0
17.314,TE,8.0,0.0,121,0.8697444189220236,0.0,0.1302555810779764,0.8690955629154231,0.0,0.13090443708457689,0.13090443708457689,0.1302555810779764,0.0006488560066004734,1.0,1.0
17.315933333333334,TE,8.0,0.0,121,0.8708660679534304,0.0,0.12913393204656964,0.870015148301673,0.0,0.12998485169832696,0.12998485169832696,0.12913393204656964,0.0008509196517573203,1.0,1.0
17.317866666666667,TE,8.0,0.0,121,0.8719955713825083,0.0,0.12800442861749173,0.8709529782220518,0.0,0.12904702177794825,0.12904702177794825,0.12800442861749173,0.0010425931604565175,1.0,1.0
17.3198,TE,8.0,0.0,121,0.8731272727944419,0.0,0.1268727272055581,0.8719045356551804,0.0,0.12809546434481955,0.12809546434481955,0.1268727272055581,0.001222737139261465,1.0,1.0
17.321733333333334,TE,8.0,0.0,121,0.8742561979032324,0.0,0.1257438020967676,0.8728658455709917,0.0,0.12713415442900833,0.12713415442900833,0.1257438020967676,0.0013903523322407185,1.0,1.0
17.323666666666668,TE,8.0,0.0,121,0.8753780116306313,0.0,0.12462198836936866,0.8738334208513043,0.0,0.12616657914869567,0.12616657914869567,0.12462198836936866,0.0015445907793270042,1.0,1.0
17.3256,TE,8.0,0.0,121,0.8764889641659135,0.0,0.12351103583408651,0.8748041987986062,0.0,0.12519580120139384,0.12519580120139384,0.12351103583408651,0.0016847653673073282,1.0,1.0
17.327533333333335,TE,8.0,0.0,121,0.8775858302949053,0.0,0.12241416970509467,0.8757754731031091,0.0,0.1242245268968909,0.1242245268968909,0.12241416970509467,0.0018103571917962302,1.0,1.0
17.32946666666667,TE,8.0,0.0,121,0.8786658459134674,0.0,0.12133415408653259,0.876744825744826,0.0,0.12325517425517396,0.12325517425517396,0.12133415408653259,0.0019210201686413741,1.0,1.0
17.331400000000002,TE,8.0,0.0,121,0.8797266451274162,0.0,0.12027335487258384,0.8777100627067776,0.0,0.12228993729322235,0.12228993729322235,0.12027335487258384,0.002016582420638513,1.0,1.0
17.333333333333336,TE,8.0,0.0,121,0.8807662007269639,0.0,0.11923379927303612,0.8786691566143078,0.0,0.12133084338569222,0.12133084338569222,0.11923379927303612,0.002097044112656099,1.0,1.0
17.335266666666666,TE,8.0,0.0,121,0.88178277015207,0.0,0.11821722984793004,0.8796201985537337,0.0,0.12037980144626625,0.12037980144626625,0.11821722984793004,0.002162571598336216,1.0,1.0
17.3372,TE,8.0,0.0,121,0.8827748483785515,0.0,0.11722515162144853,0.8805613604235115,0.0,0.11943863957648848,0.11943863957648848,0.11722515162144853,0.00221348795503995,1.0,1.0
17.339133333333333,TE,8.0,0.0,121,0.8837411284933469,0.0,0.11625887150665315,0.8814908682963054,0.0,0.11850913170369459,0.11850913170369459,0.11625887150665315,0.0022502601970414426,1.0,1.0
17.341066666666666,TE,8.0,0.0,121,0.8846804701282602,0.0,0.11531952987173977,0.8824069864793278,0.0,0.1175930135206722,0.1175930135206722,0.11531952987173977,0.0022734836489324284,1.0,1.0
17.343,TE,8.0,0.0,121,0.885591875414415,0.0,0.11440812458558502,0.883308011301859,0.0,0.11669198869814101,0.11669198869814101,0.11440812458558502,0.002283864112555989,1.0,1.0
17.344933333333334,TE,8.0,0.0,121,0.8864744717249209,0.0,0.11352552827507911,0.8841922731646351,0.0,0.11580772683536489,0.11580772683536489,0.11352552827507911,0.0022821985602857753,1.0,1.0
17.346866666666667,TE,8.0,0.0,121,0.8873275001996352,0.0,0.11267249980036476,0.8850581450721045,0.0,0.11494185492789555,0.11494185492789555,0.11267249980036476,0.002269355127530792,1.0,1.0
17.3488,TE,8.0,0.0,121,0.8881503088940778,0.0,0.11184969110592224,0.8859040557331801,0.0,0.1140959442668199,0.1140959442668199,0.11184969110592224,0.00224625316089766,1.0,1.0
17.350733333333334,TE,8.0,0.0,121,0.8889423493512809,0.0,0.11105765064871909,0.886728505340274,0.0,0.11327149465972597,0.11327149465972597,0.11105765064871909,0.0022138440110068824,1.0,1.0
17.352666666666668,TE,8.0,0.0,121,0.889703175444339,0.0,0.11029682455566103,0.8875300822917785,0.0,0.11246991770822146,0.11246991770822146,0.11029682455566103,0.0021730931525604236,1.0,1.0
17.3546,TE,8.0,0.0,121,0.8904324434557531,0.0,0.10956755654424688,0.8883074793732948,0.0,0.1116925206267052,0.1116925206267052,0.10956755654424688,0.002124964082458325,1.0,1.0
17.356533333333335,TE,8.0,0.0,121,0.891129912521971,0.0,0.10887008747802895,0.8890595082189383,0.0,0.11094049178106169,0.11094049178106169,0.10887008747802895,0.0020704043030327357,1.0,1.0
17.35846666666667,TE,8.0,0.0,121,0.8917954447574089,0.0,0.1082045552425911,0.8897851112022679,0.0,0.11021488879773211,0.11021488879773211,0.1082045552425911,0.0020103335551410195,1.0,1.0
17.360400000000002,TE,8.0,0.0,121,0.8924290045591801,0.0,0.10757099544081994,0.8904833702241588,0.0,0.1095166297758412,0.1095166297758412,0.10757099544081994,0.0019456343350212624,1.0,1.0
17.362333333333332,TE,8.0,0.0,121,0.8930306567703864,0.0,0.1069693432296136,0.8911535121535197,0.0,0.10884648784648032,0.10884648784648032,0.1069693432296136,0.0018771446168667216,1.0,1.0
17.364266666666666,TE,8.0,0.0,121,0.8936005635317733,0.0,0.1063994364682267,0.8917949109171295,0.0,0.10820508908287052,0.10820508908287052,0.1063994364682267,0.0018056526146438268,1.0,1.0
17.3662,TE,8.0,0.0,121,0.894138979778403,0.0,0.10586102022159705,0.8924070864249044,0.0,0.1075929135750956,0.1075929135750956,0.10586102022159705,0.0017318933534985481,1.0,1.0
17.368133333333333,TE,8.0,0.0,121,0.8946462474335612,0.0,0.10535375256643875,0.892989700651292,0.0,0.10701029934870798,0.10701029934870798,0.10535375256643875,0.0016565467822692304,1.0,1.0
17.370066666666666,TE,8.0,0.0,121,0.8951227884230917,0.0,0.10487721157690832,0.8935425512803866,0.0,0.10645744871961338,0.10645744871961338,0.10487721157690832,0.0015802371427050543,1.0,1.0
17.372,TE,8.0,0.0,121,0.8955690966787858,0.0,0.10443090332121419,0.8940655633646633,0.0,0.10593443663533675,0.10593443663533675,0.10443090332121419,0.0015035333141225626,1.0,1.0
17.373933333333333,TE,8.0,0.0,121,0.8959857293285612,0.0,0.10401427067143876,0.8945587794572619,0.0,0.10544122054273808,0.10544122054273808,0.10401427067143876,0.0014269498712993212,1.0,1.0
17.375866666666667,TE,8.0,0.0,121,0.8963732972852002,0.0,0.10362670271479979,0.8950223486610638,0.0,0.10497765133893622,0.10497765133893622,0.10362670271479979,0.0013509486241364277,1.0,1.0
17.3778,TE,8.0,0.0,121,0.8967324554512278,0.0,0.10326754454877218,0.8954565150045917,0.0,0.10454348499540833,0.10454348499540833,0.10326754454877218,0.001275940446636148,1.0,1.0
17.379733333333334,TE,8.0,0.0,121,0.8970638927572672,0.0,0.10293610724273283,0.8958616055112504,0.0,0.10413839448874962,0.10413839448874962,0.10293610724273283,0.0012022872460167866,1.0,1.0
17.381666666666668,TE,8.0,0.0,121,0.897368322246751,0.0,0.102631677753249,0.8962380182792129,0.0,0.1037619817207871,0.1037619817207871,0.102631677753249,0.0011303039675381044,1.0,1.0
17.3836,TE,8.0,0.0,121,0.8976464714139877,0.0,0.10235352858601232,0.8965862108406719,0.0,0.10341378915932808,0.10341378915932808,0.10235352858601232,0.0010602605733157633,1.0,1.0
17.385533333333335,TE,8.0,0.0,121,0.8978990729924125,0.0,0.10210092700758755,0.8969066890203802,0.0,0.10309331097961982,0.10309331097961982,0.10210092700758755,0.0009923839720322736,1.0,1.0
17.38746666666667,TE,8.0,0.0,121,0.898126856377189,0.0,0.10187314362281097,0.8971999964689301,0.0,0.10280000353106988,0.10280000353106988,0.10187314362281097,0.0009268599082589146,1.0,1.0
17.389400000000002,TE,8.0,0.0,121,0.8983305398487356,0.0,0.10166946015126443,0.8974667050047753,0.0,0.10253329499522468,0.10253329499522468,0.10166946015126443,0.0008638348439602428,1.0,1.0
17.391333333333336,TE,8.0,0.0,121,0.8985108237397633,0.0,0.10148917626023668,0.8977074058604896,0.0,0.10229259413951042,0.10229259413951042,0.10148917626023668,0.0008034178792737379,1.0,1.0
17.39326666666667,TE,8.0,0.0,121,0.8986683846594946,0.0,0.10133161534050539,0.8979227018946705,0.0,0.1020772981053295,0.1020772981053295,0.10133161534050539,0.0007456827648241182,1.0,1.0
17.3952,TE,8.0,0.0,121,0.8988038708525248,0.0,0.10119612914747522,0.8981132007983798,0.0,0.10188679920162025,0.10188679920162025,0.10119612914747522,0.0006906700541450261,1.0,1.0
17.397133333333333,TE,8.0,0.0,121,0.8989178987297275,0.0,0.1010821012702725,0.8982795092963063,0.0,0.10172049070369371,0.10172049070369371,0.1010821012702725,0.0006383894334212048,1.0,1.0
17.399066666666666,TE,8.0,0.0,121,0.8990110505654919,0.0,0.10098894943450809,0.8984222283166217,0.0,0.10157777168337834,0.10157777168337834,0.10098894943450809,0.0005888222488702466,1.0,1.0
17.401,TE,8.0,0.0,121,0.8990838733126187,0.0,0.10091612668738126,0.8985419490808036,0.0,0.10145805091919635,0.10145805091919635,0.10091612668738126,0.0005419242318150941,1.0,1.0
17.402933333333333,TE,8.0,0.0,121,0.8991368784466196,0.0,0.1008631215533804,0.898639250045774,0.0,0.10136074995422595,0.10136074995422595,0.1008631215533804,0.0004976284008455512,1.0,1.0
17.404866666666667,TE,8.0,0.0,121,0.8991705427164416,0.0,0.10082945728355841,0.8987146946154483,0.0,0.10128530538455172,0.10128530538455172,0.10082945728355841,0.00045584810099330575,1.0,1.0
17.4068,TE,8.0,0.0,121,0.8991853096545004,0.0,0.10081469034549961,0.8987688295296709,0.0,0.10123117047032915,0.10123117047032915,0.10081469034549961,0.00041648012482953245,1.0,1.0
17.408733333333334,TE,8.0,0.0,121,0.8991815916821168,0.0,0.10081840831788325,0.8988021838323431,0.0,0.10119781616765688,0.10119781616765688,0.10081840831788325,0.0003794078497736386,1.0,1.0
17.410666666666668,TE,8.0,0.0,121,0.8991597726423127,0.0,0.10084022735768727,0.8988152683206149,0.0,0.10118473167938513,0.10118473167938513,0.10084022735768727,0.0003445043216978583,1.0,1.0
17.4126,TE,8.0,0.0,121,0.8991202105962767,0.0,0.10087978940372333,0.898808575380174,0.0,0.101191424619826,0.101191424619826,0.10087978940372333,0.0003116352161026681,1.0,1.0
17.414533333333335,TE,8.0,0.0,121,0.8990632407339545,0.0,0.1009367592660455,0.8987825791195052,0.0,0.10121742088049479,0.10121742088049479,0.1009367592660455,0.0002806616144492846,1.0,1.0
17.41646666666667,TE,8.0,0.0,121,0.8989891782685351,0.0,0.10101082173146492,0.8987377357249016,0.0,0.10126226427509843,0.10126226427509843,0.10101082173146492,0.0002514425436335177,1.0,1.0
17.418400000000002,TE,8.0,0.0,121,0.8988983212097511,0.0,0.1011016787902489,0.8986744839703285,0.0,0.10132551602967155,0.10132551602967155,0.1011016787902489,0.00022383723942265288,1.0,1.0
17.420333333333335,TE,8.0,0.0,121,0.8987909529362674,0.0,0.10120904706373257,0.8985932458275223,0.0,0.10140675417247769,0.10140675417247769,0.10120904706373257,0.00019770710874511543,1.0,1.0
17.422266666666665,TE,8.0,0.0,121,0.8986673445136043,0.0,0.1013326554863957,0.8984944271341491,0.0,0.10150557286585093,0.10150557286585093,0.1013326554863957,0.00017291737945523966,1.0,1.0
17.4242,TE,8.0,0.0,121,0.8985277567272758,0.0,0.1014722432727242,0.8983784182881904,0.0,0.10162158171180957,0.10162158171180957,0.1014722432727242,0.00014933843908537803,1.0,1.0
17.426133333333333,TE,8.0,0.0,121,0.8983724418211665,0.0,0.10162755817883351,0.8982455949466576,0.0,0.10175440505334243,0.10175440505334243,0.10162755817883351,0.0001268468745089235,1.0,1.0
17.428066666666666,TE,8.0,0.0,121,0.8982016449471056,0.0,0.10179835505289436,0.8980963187141938,0.0,0.10190368128580618,0.10190368128580618,0.10179835505289436,0.00010532623291181764,1.0,1.0
17.43,TE,8.0,0.0,121,0.8980156053430637,0.0,0.10198439465693632,0.8979309378129235,0.0,0.10206906218707645,0.10206906218707645,0.10198439465693632,8.466753014013673e-05,1.0,1.0
17.431933333333333,TE,8.0,0.0,121,0.8978145572649994,0.0,0.10218544273500063,0.8977497877292544,0.0,0.1022502122707456,0.1022502122707456,0.10218544273500063,6.476953574496846e-05,1.0,1.0
17.433866666666667,TE,8.0,0.0,121,0.897598730700583,0.0,0.10240126929941695,0.8975531918352764,0.0,0.10244680816472362,0.10244680816472362,0.10240126929941695,4.5538865306671283e-05,1.0,1.0
17.4358,TE,8.0,0.0,121,0.8973683518934086,0.0,0.10263164810659142,0.8973414619836177,0.0,0.10265853801638225,0.10265853801638225,0.10263164810659142,2.688990979082817e-05,1.0,1.0
17.437733333333334,TE,8.0,0.0,121,0.8971236437038539,0.0,0.10287635629614611,0.8971148990739354,0.0,0.10288510092606462,0.10288510092606462,0.10287635629614611,8.744629918511215e-06,1.0,1.0
17.439666666666668,TE,8.0,0.0,121,0.8968648258287711,0.0,0.10313517417122886,0.8968737935881731,0.0,0.1031262064118269,0.1031262064118269,0.10313517417122886,8.967759401956599e-06,1.0,1.0
17.4416,TE,8.0,0.0,121,0.8965921148964778,0.0,0.10340788510352217,0.8966184260893367,0.0,0.10338157391066327,0.10338157391066327,0.10340788510352217,2.6311192858896604e-05,1.0,1.0
17.443533333333335,TE,8.0,0.0,121,0.8963057244480316,0.0,0.10369427555196842,0.8963490676762237,0.0,0.10365093232377631,0.10365093232377631,0.10369427555196842,4.334322819210534e-05,1.0,1.0
17.44546666666667,TE,8.0,0.0,121,0.8960058648097562,0.0,0.10399413519024381,0.896065980383808,0.0,0.10393401961619197,0.10393401961619197,0.10399413519024381,6.011557405183332e-05,1.0,1.0
17.447400000000002,TE,8.0,0.0,121,0.8956927428569168,0.0,0.1043072571430832,0.8957694175161657,0.0,0.10423058248383432,0.10423058248383432,0.1043072571430832,7.667465924887651e-05,1.0,1.0
17.449333333333335,TE,8.0,0.0,121,0.8953665616643173,0.0,0.10463343833568273,0.8954596238967678,0.0,0.10454037610323219,0.10454037610323219,0.10463343833568273,9.306223245053591e-05,1.0,1.0
17.45126666666667,TE,8.0,0.0,121,0.8950275200369326,0.0,0.10497247996306736,0.8951368360190801,0.0,0.10486316398091988,0.10486316398091988,0.10497247996306736,0.00010931598214747318,1.0,1.0
17.453200000000002,TE,8.0,0.0,121,0.8946758119130321,0.0,0.10532418808696786,0.8948012820800354,0.0,0.1051987179199646,0.1051987179199646,0.10532418808696786,0.00012547016700326097,1.0,1.0
17.455133333333333,TE,8.0,0.0,121,0.8943116256332627,0.0,0.10568837436673728,0.8944531818793129,0.0,0.10554681812068711,0.10554681812068711,0.10568837436673728,0.00014155624605016737,1.0,1.0
17.457066666666666,TE,8.0,0.0,121,0.8939351430729411,0.0,0.10606485692705891,0.8940927465698505,0.0,0.1059072534301495,0.1059072534301495,0.10606485692705891,0.00015760349690940867,1.0,1.0
17.459,TE,8.0,0.0,121,0.8935465386403306,0.0,0.10645346135966938,0.8937201782492603,0.0,0.10627982175073969,0.10627982175073969,0.10645346135966938,0.00017363960892968766,1.0,1.0
17.460933333333333,TE,8.0,0.0,121,0.8931459781513381,0.0,0.10685402184866188,0.8933356693876855,0.0,0.1066643306123145,0.1066643306123145,0.10685402184866188,0.00018969123634737795,1.0,1.0
17.462866666666667,TE,8.0,0.0,121,0.8927336176007602,0.0,0.1072663823992398,0.8929394020964287,0.0,0.10706059790357125,0.10706059790357125,0.1072663823992398,0.0002057844956685484,1.0,1.0
17.4648,TE,8.0,0.0,121,0.8923096018597181,0.0,0.10769039814028192,0.8925315472508393,0.0,0.10746845274916073,0.10746845274916073,0.10769039814028192,0.00022194539112119216,1.0,1.0
17.466733333333334,TE,8.0,0.0,121,0.8918740633403832,0.0,0.10812593665961678,0.8921122634930565,0.0,0.1078877365069435,0.1078877365069435,0.10812593665961678,0.00023820015267328465,1.0,1.0
17.468666666666667,TE,8.0,0.0,121,0.8914271206772775,0.0,0.10857287932272253,0.8916816961509062,0.0,0.1083183038490938,0.1083183038490938,0.10857287932272253,0.00025457547362872646,1.0,1.0
17.4706,TE,8.0,0.0,121,0.8909688774830613,0.0,0.1090311225169387,0.8912399761212678,0.0,0.10876002387873218,0.10876002387873218,0.1090311225169387,0.0002710986382065128,1.0,1.0
17.472533333333335,TE,8.0,0.0,121,0.8904994212397714,0.0,0.10950057876022856,0.8907872187748005,0.0,0.1092127812251995,0.1092127812251995,0.10950057876022856,0.00028779753502905514,1.0,1.0
17.474466666666668,TE,8.0,0.0,121,0.8900188223877942,0.0,0.10998117761220583,0.8903235229463548,0.0,0.10967647705364525,0.10967647705364525,0.10998117761220583,0.00030470055856057776,1.0,1.0
17.4764,TE,8.0,0.0,121,0.8895271336693148,0.0,0.1104728663306852,0.8898489700771224,0.0,0.11015102992287762,0.11015102992287762,0.1104728663306852,0.00032183640780758527,1.0,1.0
17.478333333333335,TE,8.0,0.0,121,0.8890243897740939,0.0,0.11097561022590607,0.8893636235728133,0.0,0.11063637642718671,0.11063637642718671,0.11097561022590607,0.00033923379871936277,1.0,1.0
17.480266666666665,TE,8.0,0.0,121,0.8885106073213962,0.0,0.1114893926786038,0.8888675284347046,0.0,0.11113247156529538,0.11113247156529538,0.1114893926786038,0.00035692111330842824,1.0,1.0
17.4822,TE,8.0,0.0,121,0.887985785193658,0.0,0.112014214806342,0.8883607112075216,0.0,0.11163928879247842,0.11163928879247842,0.112014214806342,0.0003749260138635746,1.0,1.0
17.484133333333332,TE,8.0,0.0,121,0.887449905217253,0.0,0.11255009478274702,0.8878431802712641,0.0,0.11215681972873592,0.11215681972873592,0.11255009478274702,0.00039327505401109963,1.0,1.0
17.486066666666666,TE,8.0,0.0,121,0.8869029331643112,0.0,0.11309706683568876,0.887314926483959,0.0,0.11268507351604096,0.11268507351604096,0.11309706683568876,0.0004119933196478076,1.0,1.0
17.488,TE,8.0,0.0,121,0.8863448200281198,0.0,0.11365517997188024,0.8867759241596649,0.0,0.11322407584033511,0.11322407584033511,0.11365517997188024,0.0004311041315451236,1.0,1.0
17.489933333333333,TE,8.0,0.0,121,0.8857755035067557,0.0,0.11422449649324429,0.8862261323446399,0.0,0.11377386765536013,0.11377386765536013,0.11422449649324429,0.0004506288378841594,1.0,1.0
17.491866666666667,TE,8.0,0.0,121,0.885194909613822,0.0,0.11480509038617803,0.8856654963335817,0.0,0.11433450366641829,0.11433450366641829,0.11480509038617803,0.00047058671975974686,1.0,1.0
17.4938,TE,8.0,0.0,121,0.8846029543255516,0.0,0.11539704567444842,0.8850939493514002,0.0,0.11490605064859982,0.11490605064859982,0.11539704567444842,0.0004909950258485951,1.0,1.0
17.495733333333334,TE,8.0,0.0,121,0.8839995451681334,0.0,0.1160004548318666,0.8845114143128963,0.0,0.11548858568710374,0.11548858568710374,0.1160004548318666,0.0005118691447628665,1.0,1.0
17.497666666666667,TE,8.0,0.0,121,0.8833845826499581,0.0,0.11661541735004188,0.883917805565935,0.0,0.11608219443406498,0.11608219443406498,0.11661541735004188,0.0005332229159769053,1.0,1.0
17.4996,TE,8.0,0.0,121,0.8827579614488361,0.0,0.11724203855116389,0.8833130305213903,0.0,0.11668696947860968,0.11668696947860968,0.11724203855116389,0.000555069072554204,1.0,1.0
17.501533333333334,TE,8.0,0.0,121,0.8821195712755527,0.0,0.11788042872444726,0.8826969910773907,0.0,0.11730300892260925,0.11730300892260925,0.11788042872444726,0.0005774198018380083,1.0,1.0
17.503466666666668,TE,8.0,0.0,121,0.8814692973486346,0.0,0.11853070265136545,0.8820695847529788,0.0,0.11793041524702119,0.11793041524702119,0.11853070265136545,0.0006002874043442574,1.0,1.0
17.5054,TE,8.0,0.0,121,0.8808070204343027,0.0,0.1191929795656973,0.8814307054600317,0.0,0.11856929453996834,0.11856929453996834,0.1191929795656973,0.0006236850257289595,1.0,1.0
17.507333333333335,TE,8.0,0.0,121,0.8801326164249579,0.0,0.11986738357504212,0.8807802438574256,0.0,0.1192197561425744,0.1192197561425744,0.11986738357504212,0.0006476274324677123,1.0,1.0
17.50926666666667,TE,8.0,0.0,121,0.8794459554520464,0.0,0.1205540445479536,0.8801180872508236,0.0,0.11988191274917637,0.11988191274917637,0.1205540445479536,0.0006721317987772313,1.0,1.0
17.511200000000002,TE,8.0,0.0,121,0.878746900551461,0.0,0.12125309944853901,0.879444119021586,0.0,0.12055588097841397,0.12055588097841397,0.12125309944853901,0.0006972184701250494,1.0,1.0
17.513133333333336,TE,8.0,0.0,121,0.8780353059224402,0.0,0.12196469407755983,0.8787582175902631,0.0,0.12124178240973693,0.12124178240973693,0.12196469407755983,0.0007229116678229008,1.0,1.0
17.515066666666666,TE,8.0,0.0,121,0.8773110148418094,0.0,0.1226889851581906,0.8780602549417338,0.0,0.12193974505826621,0.12193974505826621,0.1226889851581906,0.0007492400999243864,1.0,1.0
17.517,TE,8.0,0.0,121,0.8765738573146614,0.0,0.12342614268533858,0.877350094760796,0.0,0.12264990523920405,0.12264990523920405,0.12342614268533858,0.0007762374461345312,1.0,1.0
17.518933333333333,TE,8.0,0.0,121,0.8758236475579485,0.0,0.1241763524420515,0.8766275902467171,0.0,0.1233724097532829,0.1233724097532829,0.1241763524420515,0.0008039426887685996,1.0,1.0
17.520866666666667,TE,8.0,0.0,121,0.875060181424005,0.0,0.12493981857599501,0.8758925816926287,0.0,0.12410741830737126,0.12410741830737126,0.12493981857599501,0.0008324002686237453,1.0,1.0
17.5228,TE,8.0,0.0,121,0.8742832338765452,0.0,0.12571676612345484,0.8751448939297313,0.0,0.12485510607026873,0.12485510607026873,0.12571676612345484,0.0008616600531861085,1.0,1.0
17.524733333333334,TE,8.0,0.0,121,0.8734925566297698,0.0,0.12650744337023023,0.8743843337448916,0.0,0.12561566625510845,0.12561566625510845,0.12650744337023023,0.0008917771151217835,1.0,1.0
17.526666666666667,TE,8.0,0.0,121,0.8726878760531526,0.0,0.12731212394684743,0.8736106873837076,0.0,0.12638931261629238,0.12638931261629238,0.12731212394684743,0.0009228113305550512,1.0,1.0
17.5286,TE,8.0,0.0,121,0.8718688914293331,0.0,0.1281311085706669,0.8728237182477372,0.0,0.1271762817522628,0.1271762817522628,0.1281311085706669,0.0009548268184040865,1.0,1.0
17.530533333333334,TE,8.0,0.0,121,0.8710352736314235,0.0,0.12896472636857648,0.872023164884615,0.0,0.12797683511538505,0.12797683511538505,0.12896472636857648,0.0009878912531914308,1.0,1.0
17.532466666666668,TE,8.0,0.0,121,0.8701866642606582,0.0,0.12981333573934184,0.8712087393532582,0.0,0.12879126064674185,0.12879126064674185,0.12981333573934184,0.0010220750925999944,1.0,1.0
17.5344,TE,8.0,0.0,121,0.8693226752569931,0.0,0.13067732474300686,0.8703801260245275,0.0,0.12961987397547248,0.12961987397547248,0.13067732474300686,0.0010574507675343847,1.0,1.0
17.536333333333335,TE,8.0,0.0,121,0.8684428889664111,0.0,0.1315571110335889,0.8695369808512093,0.0,0.13046301914879066,0.13046301914879066,0.1315571110335889,0.001094091884798254,1.0,1.0
17.53826666666667,TE,8.0,0.0,121,0.8675468586217484,0.0,0.1324531413782516,0.8686789311133274,0.0,0.1313210688866726,0.1313210688866726,0.1324531413782516,0.0011320724915789837,1.0,1.0
17.5402,TE,8.0,0.0,121,0.8666341091703671,0.0,0.1333658908296329,0.8678055756159968,0.0,0.1321944243840032,0.1321944243840032,0.1333658908296329,0.0011714664456297097,1.0,1.0
17.542133333333332,TE,8.0,0.0,121,0.865704138364333,0.0,0.13429586163566698,0.8669164852915008,0.0,0.13308351470849922,0.13308351470849922,0.13429586163566698,0.0012123469271677623,1.0,1.0
17.544066666666666,TE,8.0,0.0,121,0.8647564180162624,0.0,0.13524358198373765,0.8660112041343778,0.0,0.13398879586562218,0.13398879586562218,0.13524358198373765,0.0012547861181154696,1.0,1.0
17.546,TE,8.0,0.0,121,0.8637903953200526,0.0,0.13620960467994736,0.8650892503827561,0.0,0.13491074961724392,0.13491074961724392,0.13620960467994736,0.0012988550627034412,1.0,1.0
17.547933333333333,TE,8.0,0.0,121,0.862805494135751,0.0,0.13719450586424897,0.8641501178479915,0.0,0.13584988215200855,0.13584988215200855,0.13719450586424897,0.0013446237122404225,1.0,1.0
17.549866666666667,TE,8.0,0.0,121,0.8618011161458121,0.0,0.13819888385418788,0.8631932772921566,0.0,0.13680672270784344,0.13680672270784344,0.13819888385418788,0.0013921611463444394,1.0,1.0
17.5518,TE,8.0,0.0,121,0.8607766418001432,0.0,0.13922335819985676,0.8622181777545449,0.0,0.1377818222454551,0.1377818222454551,0.13922335819985676,0.0014415359544016626,1.0,1.0
17.553733333333334,TE,8.0,0.0,121,0.8597314309821795,0.0,0.14026856901782048,0.8612242477367748,0.0,0.13877575226322525,0.13877575226322525,0.14026856901782048,0.0014928167545952276,1.0,1.0
17.555666666666667,TE,8.0,0.0,121,0.8586648233439265,0.0,0.14133517665607354,0.8602108961679216,0.0,0.13978910383207843,0.13978910383207843,0.14133517665607354,0.0015460728239951038,1.0,1.0
17.5576,TE,8.0,0.0,121,0.8575761382745538,0.0,0.1424238617254462,0.8591775130857053,0.0,0.14082248691429466,0.14082248691429466,0.1424238617254462,0.0016013748111515236,1.0,1.0
17.559533333333334,TE,8.0,0.0,121,0.8564646744826774,0.0,0.14353532551732262,0.8581234699854198,0.0,0.14187653001458023,0.14187653001458023,0.14353532551732262,0.001658795502742394,1.0,1.0
17.561466666666668,TE,8.0,0.0,121,0.855329709188775,0.0,0.14467029081122496,0.8570481198056064,0.0,0.14295188019439364,0.14295188019439364,0.14467029081122496,0.0017184106168313118,1.0,1.0
17.5634,TE,8.0,0.0,121,0.8541704969369918,0.0,0.14582950306300824,0.855950796534245,0.0,0.144049203465755,0.144049203465755,0.14582950306300824,0.001780299597253232,1.0,1.0
17.565333333333335,TE,8.0,0.0,121,0.8529862680487277,0.0,0.14701373195127232,0.8548308144346939,0.0,0.1451691855653061,0.1451691855653061,0.14701373195127232,0.001844546385966206,1.0,1.0
17.56726666666667,TE,8.0,0.0,121,0.8517762267515547,0.0,0.14822377324844527,0.8536874669037432,0.0,0.1463125330962568,0.1463125330962568,0.14822377324844527,0.0019112401521884648,1.0,1.0
17.569200000000002,TE,8.0,0.0,121,0.8505395490261282,0.0,0.14946045097387184,0.8525200249854868,0.0,0.14747997501451315,0.14747997501451315,0.14946045097387184,0.001980475959358685,1.0,1.0
17.571133333333336,TE,8.0,0.0,121,0.849275380222839,0.0,0.150724619777161,0.8513277355754315,0.0,0.1486722644245685,0.1486722644245685,0.150724619777161,0.0020523553525925164,1.0,1.0
17.573066666666666,TE,8.0,0.0,121,0.8479828325062958,0.0,0.1520171674937042,0.8501098193575999,0.0,0.14989018064240012,0.14989018064240012,0.1520171674937042,0.00212698685130408,1.0,1.0
17.575,TE,8.0,0.0,121,0.8466609821914934,0.0,0.15333901780850656,0.8488654685249293,0.0,0.15113453147507072,0.15113453147507072,0.15333901780850656,0.00220448633343584,1.0,1.0
17.576933333333333,TE,8.0,0.0,121,0.8453088670388622,0.0,0.1546911329611378,0.8475938443390265,0.0,0.15240615566097349,0.15240615566097349,0.1546911329611378,0.0022849773001643037,1.0,1.0
17.578866666666666,TE,8.0,0.0,121,0.8439254835771413,0.0,0.15607451642285874,0.8462940745899172,0.0,0.15370592541008277,0.15370592541008277,0.15607451642285874,0.002368591012775978,1.0,1.0
17.5808,TE,8.0,0.0,121,0.8425097845226135,0.0,0.1574902154773865,0.8449652510195984,0.0,0.1550347489804016,0.1550347489804016,0.1574902154773865,0.002455466496984915,1.0,1.0
17.582733333333334,TE,8.0,0.0,121,0.8410606763599646,0.0,0.15893932364003538,0.8436064267739858,0.0,0.15639357322601422,0.15639357322601422,0.15893932364003538,0.002545750414021164,1.0,1.0
17.584666666666667,TE,8.0,0.0,121,0.839577017145688,0.0,0.160422982854312,0.8422166139476931,0.0,0.1577833860523069,0.1577833860523069,0.160422982854312,0.0026395968020050953,1.0,1.0
17.5866,TE,8.0,0.0,121,0.8380576145879104,0.0,0.1619423854120896,0.8407947812834883,0.0,0.15920521871651172,0.15920521871651172,0.1619423854120896,0.002737166695577886,1.0,1.0
17.588533333333334,TE,8.0,0.0,121,0.8365012244487287,0.0,0.16349877555127135,0.8393398520837007,0.0,0.16066014791629935,0.16066014791629935,0.16349877555127135,0.002838627634972002,1.0,1.0
17.590466666666668,TE,8.0,0.0,121,0.8349065493072841,0.0,0.16509345069271586,0.837850702385642,0.0,0.16214929761435803,0.16214929761435803,0.16509345069271586,0.002944153078357825,1.0,1.0
17.5924,TE,8.0,0.0,121,0.8332722377133862,0.0,0.1667277622866138,0.8363261594453602,0.0,0.16367384055463985,0.16367384055463985,0.1667277622866138,0.003053921731973941,1.0,1.0
17.594333333333335,TE,8.0,0.0,121,0.8315968837564676,0.0,0.16840311624353244,0.8347650005675576,0.0,0.16523499943244235,0.16523499943244235,0.16840311624353244,0.0031681168110900826,1.0,1.0
17.59626666666667,TE,8.0,0.0,121,0.829879027069837,0.0,0.17012097293016304,0.8331659523118291,0.0,0.1668340476881709,0.1668340476881709,0.17012097293016304,0.0032869252419921446,1.0,1.0
17.598200000000002,TE,8.0,0.0,121,0.8281171532901064,0.0,0.17188284670989362,0.8315276900996236,0.0,0.16847230990037643,0.16847230990037643,0.17188284670989362,0.003410536809517195,1.0,1.0
17.600133333333332,TE,8.0,0.0,121,0.8263096949951351,0.0,0.17369030500486493,0.8298488382431004,0.0,0.1701511617568996,0.1701511617568996,0.17369030500486493,0.0035391432479653373,1.0,1.0
17.602066666666666,TE,8.0,0.0,121,0.8244550331492141,0.0,0.1755449668507859,0.8281279704144572,0.0,0.17187202958554282,0.17187202958554282,0.1755449668507859,0.0036729372652430925,1.0,1.0
17.604,TE,8.0,0.0,121,0.8225514990964305,0.0,0.17744850090356945,0.826363610577717,0.0,0.173636389422283,0.173636389422283,0.17744850090356945,0.003812111481286462,1.0,1.0
17.605933333333333,TE,8.0,0.0,121,0.8205973771556306,0.0,0.17940262284436936,0.824554234409037,0.0,0.17544576559096303,0.17544576559096303,0.17940262284436936,0.003956857253406332,1.0,1.0
17.607866666666666,TE,8.0,0.0,121,0.8185909078887577,0.0,0.18140909211124234,0.8226982712416875,0.0,0.17730172875831252,0.17730172875831252,0.18140909211124234,0.004107363352929827,1.0,1.0
17.6098,TE,8.0,0.0,121,0.8165302921324913,0.0,0.1834697078675087,0.8207941065827931,0.0,0.17920589341720694,0.17920589341720694,0.1834697078675087,0.004263814450301773,1.0,1.0
17.611733333333333,TE,8.0,0.0,121,0.8144136959051271,0.0,0.18558630409487287,0.818840085264823,0.0,0.181159914735177,0.181159914735177,0.18558630409487287,0.004426389359695859,1.0,1.0
17.613666666666667,TE,8.0,0.0,121,0.812239256323266,0.0,0.187760743676734,0.8168345153123392,0.0,0.1831654846876608,0.1831654846876608,0.187760743676734,0.004595258989073203,1.0,1.0
17.6156,TE,8.0,0.0,121,0.8100050886855267,0.0,0.18999491131447332,0.8147756726235523,0.0,0.18522432737644767,0.18522432737644767,0.18999491131447332,0.004770583938025652,1.0,1.0
17.617533333333334,TE,8.0,0.0,121,0.8077092949049599,0.0,0.1922907050950401,0.8126618065875505,0.0,0.1873381934124495,0.1873381934124495,0.1922907050950401,0.004952511682590588,1.0,1.0
17.619466666666668,TE,8.0,0.0,121,0.8053499734949724,0.0,0.1946500265050276,0.8104911467797549,0.0,0.18950885322024513,0.18950885322024513,0.1946500265050276,0.005141173284782474,1.0,1.0
17.6214,TE,8.0,0.0,121,0.8029252313369399,0.0,0.19707476866306006,0.8082619109001588,0.0,0.19173808909984125,0.19173808909984125,0.19707476866306006,0.005336679563218816,1.0,1.0
17.623333333333335,TE,8.0,0.0,121,0.8004331974798832,0.0,0.19956680252011683,0.805972314141145,0.0,0.194027685858855,0.194027685858855,0.19956680252011683,0.005539116661261834,1.0,1.0
17.62526666666667,TE,8.0,0.0,121,0.7978720392442123,0.0,0.20212796075578765,0.8036205801940556,0.0,0.19637941980594442,0.19637941980594442,0.20212796075578765,0.005748540949843228,1.0,1.0
17.627200000000002,TE,8.0,0.0,121,0.7952399809188221,0.0,0.2047600190811779,0.8012049541228923,0.0,0.19879504587710772,0.19879504587710772,0.2047600190811779,0.00596497320407019,1.0,1.0
17.629133333333336,TE,8.0,0.0,121,0.7925353253597981,0.0,0.2074646746402019,0.7987237173560721,0.0,0.20127628264392794,0.20127628264392794,0.2074646746402019,0.0061883919962739675,1.0,1.0
17.63106666666667,TE,8.0,0.0,121,0.7897564788076047,0.0,0.2102435211923953,0.7961752050615084,0.0,0.2038247949384916,0.2038247949384916,0.2102435211923953,0.006418726253903717,1.0,1.0
17.633,TE,8.0,0.0,121,0.78690197924888,0.0,0.21309802075112005,0.7935578261879719,0.0,0.20644217381202812,0.20644217381202812,0.21309802075112005,0.006655846939091936,1.0,1.0
17.634933333333333,TE,8.0,0.0,121,0.7839705286462147,0.0,0.21602947135378525,0.7908700864651775,0.0,0.20912991353482246,0.20912991353482246,0.21602947135378525,0.006899557818962787,1.0,1.0
17.636866666666666,TE,8.0,0.0,121,0.780961029348465,0.0,0.219038970651535,0.7881106146610644,0.0,0.21188938533893564,0.21188938533893564,0.219038970651535,0.007149585312599349,1.0,1.0
17.6388,TE,8.0,0.0,121,0.7778726249713362,0.0,0.22212737502866375,0.7852781923947272,0.0,0.21472180760527282,0.21472180760527282,0.22212737502866375,0.007405567423390935,1.0,1.0
17.640733333333333,TE,8.0,0.0,121,0.7747047459960534,0.0,0.22529525400394657,0.782371787791073,0.0,0.21762821220892703,0.21762821220892703,0.22529525400394657,0.007667041795019536,1.0,1.0
17.642666666666667,TE,8.0,0.0,121,0.7714571602754204,0.0,0.22854283972457956,0.7793905932432618,0.0,0.22060940675673824,0.22060940675673824,0.22854283972457956,0.007933432967841325,1.0,1.0
17.6446,TE,8.0,0.0,121,0.768130028550757,0.0,0.23186997144924304,0.7763340675107261,0.0,0.2236659324892739,0.2236659324892739,0.23186997144924304,0.008204038959969129,1.0,1.0
17.646533333333334,TE,8.0,0.0,121,0.7647239649692943,0.0,0.2352760350307057,0.7732019823256288,0.0,0.22679801767437124,0.22679801767437124,0.2352760350307057,0.008478017356334466,1.0,1.0
17.648466666666668,TE,8.0,0.0,121,0.7612401024433222,0.0,0.2387598975566778,0.7699944736027047,0.0,0.23000552639729532,0.23000552639729532,0.2387598975566778,0.00875437115938249,1.0,1.0
17.6504,TE,8.0,0.0,121,0.7576801625048881,0.0,0.24231983749511188,0.7667120972436039,0.0,0.2332879027563961,0.2332879027563961,0.24231983749511188,0.009031934738715774,1.0,1.0
17.652333333333335,TE,8.0,0.0,121,0.7540465290788659,0.0,0.24595347092113407,0.7633558893908077,0.0,0.23664411060919233,0.23664411060919233,0.24595347092113407,0.009309360311941739,1.0,1.0
17.65426666666667,TE,8.0,0.0,121,0.7503423253192493,0.0,0.24965767468075073,0.759927430815886,0.0,0.24007256918411402,0.24007256918411402,0.24965767468075073,0.009585105496636714,1.0,1.0
17.656200000000002,TE,8.0,0.0,121,0.7465714923273399,0.0,0.2534285076726601,0.7564289149165799,0.0,0.24357108508342007,0.24357108508342007,0.2534285076726601,0.00985742258924005,1.0,1.0
17.658133333333335,TE,8.0,0.0,121,0.7427388681973741,0.0,0.2572611318026259,0.7528632185457232,0.0,0.24713678145427675,0.24713678145427675,0.2572611318026259,0.010124350348349132,1.0,1.0
17.660066666666665,TE,8.0,0.0,121,0.7388502654167307,0.0,0.2611497345832693,0.7492339745975706,0.0,0.2507660254024294,0.2507660254024294,0.2611497345832693,0.010383709180839862,1.0,1.0
17.662,TE,8.0,0.0,121,0.7349125441994676,0.0,0.2650874558005324,0.7455456449404783,0.0,0.25445435505952174,0.25445435505952174,0.2650874558005324,0.010633100741010648,1.0,1.0
17.663933333333333,TE,8.0,0.0,121,0.7309336788610329,0.0,0.2690663211389671,0.7418035919055584,0.0,0.25819640809444155,0.25819640809444155,0.2690663211389671,0.010869913044525559,1.0,1.0
17.665866666666666,TE,8.0,0.0,121,0.7269228138776523,0.0,0.27307718612234766,0.7380141461349107,0.0,0.2619858538650893,0.2619858538650893,0.27307718612234766,0.011091332257258335,1.0,1.0
17.6678,TE,8.0,0.0,121,0.7228903058414846,0.0,0.2771096941585154,0.7341846681676071,0.0,0.2658153318323929,0.2658153318323929,0.2771096941585154,0.011294362326122465,1.0,1.0
17.669733333333333,TE,8.0,0.0,121,0.7188477471614139,0.0,0.28115225283858614,0.730323600720141,0.0,0.269676399279859,0.269676399279859,0.28115225283858614,0.011475853558727156,1.0,1.0
17.671666666666667,TE,8.0,0.0,121,0.714807967117341,0.0,0.28519203288265904,0.7264405082276997,0.0,0.2735594917723003,0.2735594917723003,0.28519203288265904,0.011632541110358718,1.0,1.0
17.6736,TE,8.0,0.0,121,0.7107850058000412,0.0,0.2892149941999588,0.722546099883605,0.0,0.27745390011639504,0.27745390011639504,0.2892149941999588,0.011761094083563739,1.0,1.0
17.675533333333334,TE,8.0,0.0,121,0.7067940566192913,0.0,0.2932059433807087,0.7186522321925691,0.0,0.28134776780743087,0.28134776780743087,0.2932059433807087,0.01185817557327784,1.0,1.0
17.677466666666668,TE,8.0,0.0,121,0.7028513734909417,0.0,0.29714862650905827,0.7147718869819967,0.0,0.2852281130180033,0.2852281130180033,0.29714862650905827,0.01192051349105494,1.0,1.0
17.6794,TE,8.0,0.0,121,0.6989741395668705,0.0,0.3010258604331295,0.710919120945584,0.0,0.28908087905441604,0.28908087905441604,0.3010258604331295,0.01194498137871347,1.0,1.0
17.681333333333335,TE,8.0,0.0,121,0.6951802954817989,0.0,0.30481970451820106,0.7071089831724345,0.0,0.29289101682756546,0.29289101682756546,0.30481970451820106,0.011928687690635598,1.0,1.0
17.68326666666667,TE,8.0,0.0,121,0.6914883265697283,0.0,0.30851167343027175,0.7033573977878395,0.0,0.29664260221216054,0.29664260221216054,0.30851167343027175,0.011869071218111205,1.0,1.0
17.685200000000002,TE,8.0,0.0,121,0.6879170103254562,0.0,0.31208298967454384,0.6996810098246871,0.0,0.30031899017531294,0.30031899017531294,0.31208298967454384,0.011763999499230904,1.0,1.0
17.687133333333335,TE,8.0,0.0,121,0.684485127496225,0.0,0.31551487250377497,0.6960969937690504,0.0,0.30390300623094957,0.30390300623094957,0.31551487250377497,0.0116118662728254,1.0,1.0
17.68906666666667,TE,8.0,0.0,121,0.6812111424857574,0.0,0.3187888575142426,0.6926228258625384,0.0,0.3073771741374616,0.3073771741374616,0.3187888575142426,0.011411683376781001,1.0,1.0
17.691000000000003,TE,8.0,0.0,121,0.6781128610919784,0.0,0.32188713890802156,0.6892760231423944,0.0,0.31072397685760555,0.31072397685760555,0.32188713890802156,0.011163162050416009,1.0,1.0
17.692933333333333,TE,8.0,0.0,121,0.6752070758072557,0.0,0.3247929241927443,0.6860738542710578,0.0,0.3139261457289422,0.3139261457289422,0.3247929241927443,0.01086677846380213,1.0,1.0
17.694866666666666,TE,8.0,0.0,121,0.6725092107869517,0.0,0.3274907892130483,0.683033029324026,0.0,0.316966970675974,0.316966970675974,0.3274907892130483,0.010523818537074292,1.0,1.0
17.6968,TE,8.0,0.0,121,0.6700329799342133,0.0,0.3299670200657867,0.6801693777069666,0.0,0.3198306222930334,0.3198306222930334,0.3299670200657867,0.010136397772753325,1.0,1.0
17.698733333333333,TE,8.0,0.0,121,0.6677900721761787,0.0,0.3322099278238213,0.6774975250838148,0.0,0.3225024749161852,0.3225024749161852,0.3322099278238213,0.009707452907636083,1.0,1.0
17.700666666666667,TE,8.0,0.0,121,0.6657898777792761,0.0,0.3342101222207239,0.6750305814310127,0.0,0.3249694185689873,0.3249694185689873,0.3342101222207239,0.00924070365173657,1.0,1.0
17.7026,TE,8.0,0.0,121,0.6640392684001165,0.0,0.3359607315998835,0.6727798529242848,0.0,0.32722014707571523,0.32722014707571523,0.3359607315998835,0.00874058452416826,1.0,1.0
17.704533333333334,TE,8.0,0.0,121,0.6625424415048599,0.0,0.33745755849514014,0.6707545901826414,0.0,0.3292454098173586,0.3292454098173586,0.33745755849514014,0.008212148677781528,1.0,1.0
17.706466666666667,TE,8.0,0.0,121,0.6613008369183233,0.0,0.3386991630816767,0.6689617843728631,0.0,0.33103821562713687,0.33103821562713687,0.3386991630816767,0.007660947454539824,1.0,1.0
17.7084,TE,8.0,0.0,121,0.6603131297756101,0.0,0.3396868702243899,0.667406020824013,0.0,0.332593979175987,0.332593979175987,0.3396868702243899,0.007092891048402938,1.0,1.0
17.710333333333335,TE,8.0,0.0,121,0.6595753002979351,0.0,0.3404246997020649,0.6660893972035217,0.0,0.33391060279647833,0.33391060279647833,0.3404246997020649,0.006514096905586575,1.0,1.0
17.712266666666668,TE,8.0,0.0,121,0.6590807769044795,0.0,0.3409192230955205,0.6650115101360474,0.0,0.3349884898639526,0.3349884898639526,0.3409192230955205,0.005930733231567897,1.0,1.0
17.7142,TE,8.0,0.0,121,0.6588206455065908,0.0,0.3411793544934092,0.6641695106361605,0.0,0.3358304893638395,0.3358304893638395,0.3411793544934092,0.005348865129569669,1.0,1.0
17.716133333333335,TE,8.0,0.0,121,0.6587839146916521,0.0,0.3412160853083479,0.6635582251514252,0.0,0.33644177484857485,0.33644177484857485,0.3412160853083479,0.004774310459773057,1.0,1.0
17.718066666666665,TE,8.0,0.0,121,0.6589578241139377,0.0,0.34104217588606234,0.6631703356600962,0.0,0.3368296643399038,0.3368296643399038,0.34104217588606234,0.004212511546158537,1.0,1.0
17.72,TE,8.0,0.0,121,0.6593281819127581,0.0,0.3406718180872419,0.6629966094006368,0.0,0.33700339059936324,0.33700339059936324,0.3406718180872419,0.003668427487878656,1.0,1.0
17.721933333333332,TE,8.0,0.0,121,0.6598797164291255,0.0,0.34012028357087454,0.6630261666419428,0.0,0.3369738333580572,0.3369738333580572,0.34012028357087454,0.003146450212817342,1.0,1.0
17.723866666666666,TE,8.0,0.0,121,0.6605964278632269,0.0,0.3394035721367731,0.6632467735787358,0.0,0.33675322642126415,0.33675322642126415,0.3394035721367731,0.0026503457155089283,1.0,1.0
17.7258,TE,8.0,0.0,121,0.6614619266948341,0.0,0.33853807330516594,0.6636451470089043,0.0,0.3363548529910957,0.3363548529910957,0.33853807330516594,0.0021832203140702555,1.0,1.0
17.727733333333333,TE,8.0,0.0,121,0.6624597475245751,0.0,0.33754025247542485,0.6642072579013214,0.0,0.3357927420986786,0.3357927420986786,0.33754025247542485,0.001747510376746253,1.0,1.0
17.729666666666667,TE,8.0,0.0,121,0.6635736292872032,0.0,0.3364263707127968,0.6649186221883655,0.0,0.3350813778116345,0.3350813778116345,0.3364263707127968,0.0013449929011623007,1.0,1.0
17.7316,TE,8.0,0.0,121,0.6647877553397175,0.0,0.33521224466028254,0.6657645689632361,0.0,0.3342354310367639,0.3342354310367639,0.33521224466028254,0.0009768136235186464,1.0,1.0
17.733533333333334,TE,8.0,0.0,121,0.6660869495463361,0.0,0.33391305045366393,0.6667304785358724,0.0,0.3332695214641276,0.3332695214641276,0.33391305045366393,0.0006435289895363461,1.0,1.0
17.735466666666667,TE,8.0,0.0,121,0.6674568269964197,0.0,0.3325431730035803,0.667801985291619,0.0,0.33219801470838095,0.33219801470838095,0.3325431730035803,0.0003451582951993215,1.0,1.0
17.7374,TE,8.0,0.0,121,0.6688839002674659,0.0,0.3311160997325341,0.6689651428036697,0.0,0.3310348571963303,0.3310348571963303,0.3311160997325341,8.124253620378497e-05,1.0,1.0
17.739333333333335,TE,8.0,0.0,121,0.6703556440827727,0.0,0.3296443559172273,0.6702065509955405,0.0,0.3297934490044595,0.3297934490044595,0.3296443559172273,0.00014909308723221049,1.0,1.0
17.741266666666668,TE,8.0,0.0,121,0.6718605227416244,0.0,0.32813947725837556,0.671513447181092,0.0,0.32848655281890804,0.32848655281890804,0.32813947725837556,0.0003470755605324838,1.0,1.0
17.7432,TE,8.0,0.0,121,0.6733879857953924,0.0,0.3266120142046076,0.6728737644328826,0.0,0.3271262355671174,0.3271262355671174,0.3266120142046076,0.0005142213625097813,1.0,1.0
17.745133333333335,TE,8.0,0.0,121,0.6749284380912081,0.0,0.32507156190879194,0.6742761618756021,0.0,0.32572383812439787,0.32572383812439787,0.32507156190879194,0.0006522762156059292,1.0,1.0
17.74706666666667,TE,8.0,0.0,121,0.676473190535321,0.0,0.32352680946467904,0.6757100321625743,0.0,0.3242899678374257,0.3242899678374257,0.32352680946467904,0.0007631583727466529,1.0,1.0
17.749000000000002,TE,8.0,0.0,121,0.6780143977773709,0.0,0.32198560222262906,0.6771654915907445,0.0,0.32283450840925554,0.32283450840925554,0.32198560222262906,0.0008489061866264747,1.0,1.0
17.750933333333336,TE,8.0,0.0,121,0.679544988543521,0.0,0.32045501145647903,0.6786333581009513,0.0,0.32136664189904873,0.32136664189904873,0.32045501145647903,0.0009116304425696997,1.0,1.0
17.752866666666666,TE,8.0,0.0,121,0.6810585936205377,0.0,0.31894140637946233,0.6801051218770443,0.0,0.3198948781229557,0.3198948781229557,0.31894140637946233,0.0009534717434933615,1.0,1.0
17.7548,TE,8.0,0.0,121,0.6825494755949628,0.0,0.3174505244050372,0.6815729124988642,0.0,0.3184270875011358,0.3184270875011358,0.3174505244050372,0.000976563096098615,1.0,1.0
17.756733333333333,TE,8.0,0.0,121,0.684012463457007,0.0,0.31598753654299305,0.6830294657142313,0.0,0.3169705342857687,0.3169705342857687,0.31598753654299305,0.0009829977427756598,1.0,1.0
17.758666666666667,TE,8.0,0.0,121,0.6854428941715025,0.0,0.3145571058284975,0.6844680919760119,0.0,0.3155319080239881,0.3155319080239881,0.3145571058284975,0.0009748021954906205,1.0,1.0
17.7606,TE,8.0,0.0,121,0.6868365623647137,0.0,0.3131634376352863,0.6858826480191973,0.0,0.3141173519808027,0.3141173519808027,0.3131634376352863,0.0009539143455163934,1.0,1.0
17.762533333333334,TE,8.0,0.0,121,0.6881896784322362,0.0,0.3118103215677638,0.6872675119935028,0.0,0.3127324880064972,0.3127324880064972,0.3118103215677638,0.0009221664387334405,1.0,1.0
17.764466666666667,TE,8.0,0.0,121,0.6894988346839314,0.0,0.31050116531606864,0.6886175620616182,0.0,0.31138243793838183,0.31138243793838183,0.31050116531606864,0.0008812726223131895,1.0,1.0
17.7664,TE,8.0,0.0,121,0.6907609786255211,0.0,0.3092390213744789,0.6899281579385663,0.0,0.3100718420614337,0.3100718420614337,0.3092390213744789,0.0008328206869547827,1.0,1.0
17.768333333333334,TE,8.0,0.0,121,0.6919733921434565,0.0,0.30802660785654346,0.6911951245859168,0.0,0.3088048754140832,0.3088048754140832,0.30802660785654346,0.0007782675575397358,1.0,1.0
17.770266666666668,TE,8.0,0.0,121,0.6931336751938081,0.0,0.3068663248061919,0.692414737164122,0.0,0.30758526283587795,0.30758526283587795,0.3068663248061919,0.0007189380296860337,1.0,1.0
17.7722,TE,8.0,0.0,121,0.6942397325820002,0.0,0.3057602674179998,0.6935837063655799,0.0,0.30641629363442013,0.30641629363442013,0.3057602674179998,0.0006560262164203579,1.0,1.0
17.774133333333335,TE,8.0,0.0,121,0.6952897625221146,0.0,0.3047102374778854,0.694699163361995,0.0,0.305300836638005,0.305300836638005,0.3047102374778854,0.0005905991601196092,1.0,1.0
17.77606666666667,TE,8.0,0.0,121,0.6962822458544582,0.0,0.3037177541455418,0.6957586437729515,0.0,0.3042413562270485,0.3042413562270485,0.3037177541455418,0.0005236020815067022,1.0,1.0
17.778,TE,8.0,0.0,121,0.6972159350362863,0.0,0.3027840649637137,0.6967600702603043,0.0,0.3032399297396957,0.3032399297396957,0.3027840649637137,0.0004558647759820289,1.0,1.0
17.779933333333332,TE,8.0,0.0,121,0.6980898422852765,0.0,0.3019101577147235,0.6977017335602962,0.0,0.3022982664397038,0.3022982664397038,0.3019101577147235,0.00038810872498029614,1.0,1.0
17.781866666666666,TE,8.0,0.0,121,0.6989032265066002,0.0,0.3010967734933998,0.6985822719471162,0.0,0.3014177280528838,0.3014177280528838,0.3010967734933998,0.0003209545594839991,1.0,1.0
17.7838,TE,8.0,0.0,121,0.6996555788706958,0.0,0.30034442112930415,0.6994006492819276,0.0,0.3005993507180724,0.3005993507180724,0.30034442112930415,0.0002549295887682712,1.0,1.0
17.785733333333333,TE,8.0,0.0,121,0.7003466071008341,0.0,0.2996533928991659,0.700156131917123,0.0,0.299843868082877,0.299843868082877,0.2996533928991659,0.00019047518371106964,1.0,1.0
17.787666666666667,TE,8.0,0.0,121,0.70097621868208,0.0,0.29902378131791996,0.7008482648069438,0.0,0.29915173519305616,0.29915173519305616,0.29902378131791996,0.0001279538751361997,1.0,1.0
17.7896,TE,8.0,0.0,121,0.7015445033062329,0.0,0.29845549669376714,0.7014768472164491,0.0,0.2985231527835509,0.2985231527835509,0.29845549669376714,6.765608978376303e-05,1.0,1.0
17.791533333333334,TE,8.0,0.0,121,0.7020517149271926,0.0,0.29794828507280735,0.7020419084305257,0.0,0.2979580915694743,0.2979580915694743,0.29794828507280735,9.806496666930897e-06,1.0,1.0
17.793466666666667,TE,8.0,0.0,121,0.7024982538180464,0.0,0.2975017461819536,0.7025436838443841,0.0,0.29745631615561585,0.29745631615561585,0.2975017461819536,4.543002633772275e-05,1.0,1.0
17.7954,TE,8.0,0.0,121,0.7028846490054095,0.0,0.2971153509945905,0.7029825917778989,0.0,0.2970174082221011,0.2970174082221011,0.2971153509945905,9.794277248942329e-05,1.0,1.0
17.797333333333334,TE,8.0,0.0,121,0.7032115414137532,0.0,0.2967884585862468,0.7033592113016991,0.0,0.2966407886983009,0.2966407886983009,0.2967884585862468,0.0001476698879459004,1.0,1.0
17.799266666666668,TE,8.0,0.0,121,0.7034796679904816,0.0,0.29652033200951844,0.7036742613000737,0.0,0.2963257386999263,0.2963257386999263,0.29652033200951844,0.00019459330959215038,1.0,1.0
17.8012,TE,8.0,0.0,121,0.7036898470101717,0.0,0.2963101529898283,0.7039285809299577,0.0,0.2960714190700423,0.2960714190700423,0.2963101529898283,0.0002387339197860161,1.0,1.0
17.803133333333335,TE,8.0,0.0,121,0.7038429646815249,0.0,0.29615703531847515,0.7041231115720635,0.0,0.29587688842793647,0.29587688842793647,0.29615703531847515,0.00028014689053867947,1.0,1.0
17.80506666666667,TE,8.0,0.0,121,0.7039399631069797,0.0,0.2960600368930203,0.7042588803103995,0.0,0.2957411196896005,0.2957411196896005,0.2960600368930203,0.00031891720341981067,1.0,1.0
17.807000000000002,TE,8.0,0.0,121,0.7039818295803393,0.0,0.2960181704196607,0.7043369849253163,0.0,0.29566301507468373,0.29566301507468373,0.2960181704196607,0.0003551553449769873,1.0,1.0
17.808933333333336,TE,8.0,0.0,121,0.7039695871548628,0.0,0.2960304128451372,0.7043585803440942,0.0,0.29564141965590585,0.29564141965590585,0.2960304128451372,0.00038899318923135695,1.0,1.0
17.81086666666667,TE,8.0,0.0,121,0.7039042863725693,0.0,0.2960957136274307,0.7043248664593551,0.0,0.2956751335406449,0.2956751335406449,0.2960957136274307,0.0004205800867858045,1.0,1.0
17.8128,TE,8.0,0.0,121,0.7037869980204106,0.0,0.29621300197958944,0.7042370772051675,0.0,0.2957629227948325,0.2957629227948325,0.29621300197958944,0.0004500791847569241,1.0,1.0
17.814733333333333,TE,8.0,0.0,121,0.703618806765699,0.0,0.296381193234301,0.704096470767844,0.0,0.295903529232156,0.295903529232156,0.296381193234301,0.00047766400214499516,1.0,1.0
17.816666666666666,TE,8.0,0.0,121,0.7034008055211398,0.0,0.2965991944788602,0.7039043208037739,0.0,0.29609567919622615,0.29609567919622615,0.2965991944788602,0.0005035152826340372,1.0,1.0
17.8186,TE,8.0,0.0,121,0.7031340904000446,0.0,0.2968659095999554,0.7036619085416036,0.0,0.2963380914583964,0.2963380914583964,0.2968659095999554,0.000527818141559,1.0,1.0
17.820533333333334,TE,8.0,0.0,121,0.7028197561381242,0.0,0.2971802438618758,0.7033705156551909,0.0,0.29662948434480907,0.29662948434480907,0.2971802438618758,0.0005507595170667345,1.0,1.0
17.822466666666667,TE,8.0,0.0,121,0.7024588918793693,0.0,0.2975411081206307,0.7030314178071526,0.0,0.2969685821928474,0.2969685821928474,0.2975411081206307,0.0005725259277833405,1.0,1.0
17.8244,TE,8.0,0.0,121,0.7020525772504896,0.0,0.29794742274951036,0.7026458787825861,0.0,0.2973541212174139,0.2973541212174139,0.29794742274951036,0.0005933015320964685,1.0,1.0
17.826333333333334,TE,8.0,0.0,121,0.7016018786711319,0.0,0.2983981213288681,0.7022151451486047,0.0,0.2977848548513953,0.2977848548513953,0.2983981213288681,0.0006132664774728402,1.0,1.0
17.828266666666668,TE,8.0,0.0,121,0.7011078458761579,0.0,0.29889215412384207,0.7017404413985097,0.0,0.29825955860149034,0.29825955860149034,0.29889215412384207,0.000632595522351731,1.0,1.0
17.8302,TE,8.0,0.0,121,0.7005715086469204,0.0,0.2994284913530796,0.7012229655558609,0.0,0.29877703444413906,0.29877703444413906,0.2994284913530796,0.0006514569089405287,1.0,1.0
17.832133333333335,TE,8.0,0.0,121,0.6999938737713103,0.0,0.3000061262286897,0.700663885233042,0.0,0.299336114766958,0.299336114766958,0.3000061262286897,0.0006700114617317343,1.0,1.0
17.83406666666667,TE,8.0,0.0,121,0.6993759222691243,0.0,0.30062407773087574,0.7000643341535924,0.0,0.29993566584640763,0.29993566584640763,0.30062407773087574,0.0006884118844681097,1.0,1.0
17.836000000000002,TE,8.0,0.0,121,0.6987186069335766,0.0,0.30128139306642343,0.6994254091607011,0.0,0.30057459083929894,0.30057459083929894,0.30128139306642343,0.0007068022271244923,1.0,1.0
17.837933333333332,TE,8.0,0.0,121,0.6980228502484858,0.0,0.30197714975151424,0.6987481677424443,0.0,0.3012518322575557,0.3012518322575557,0.30197714975151424,0.0007253174939585438,1.0,1.0
17.839866666666666,TE,8.0,0.0,121,0.6972895427481975,0.0,0.30271045725180246,0.6980336261125688,0.0,0.3019663738874312,0.3019663738874312,0.30271045725180246,0.0007440833643712619,1.0,1.0
17.8418,TE,8.0,0.0,121,0.6965195418874632,0.0,0.30348045811253677,0.6972827578868162,0.0,0.30271724211318385,0.30271724211318385,0.30348045811253677,0.0007632159993529175,1.0,1.0
17.843733333333333,TE,8.0,0.0,121,0.6957136714882458,0.0,0.3042863285117542,0.6964964933967163,0.0,0.30350350660328373,0.30350350660328373,0.3042863285117542,0.0007828219084704546,1.0,1.0
17.845666666666666,TE,8.0,0.0,121,0.6948727218255651,0.0,0.30512727817443486,0.6956757196805146,0.0,0.30432428031948544,0.30432428031948544,0.30512727817443486,0.0008029978549494166,1.0,1.0
17.8476,TE,8.0,0.0,121,0.6939974504066106,0.0,0.30600254959338935,0.6948212811867087,0.0,0.3051787188132913,0.3051787188132913,0.30600254959338935,0.0008238307800980671,1.0,1.0
17.849533333333333,TE,8.0,0.0,121,0.6930885834886165,0.0,0.30691141651138354,0.693933981220511,0.0,0.306066018779489,0.306066018779489,0.30691141651138354,0.000845397731894515,1.0,1.0
17.851466666666667,TE,8.0,0.0,121,0.6921468183701438,0.0,0.3078531816298562,0.6930145841572997,0.0,0.30698541584270034,0.30698541584270034,0.3078531816298562,0.0008677657871558608,1.0,1.0
17.8534,TE,8.0,0.0,121,0.6911728264774584,0.0,0.30882717352254163,0.6920638184379793,0.0,0.30793618156202074,0.30793618156202074,0.30882717352254163,0.0008909919605208927,1.0,1.0
17.855333333333334,TE,8.0,0.0,121,0.69016725725632,0.0,0.30983274274368,0.6910823803535743,0.0,0.3089176196464257,0.3089176196464257,0.30983274274368,0.0009151230972542779,1.0,1.0
17.857266666666668,TE,8.0,0.0,121,0.6891307428666358,0.0,0.3108692571333642,0.6900709386164456,0.0,0.30992906138355436,0.30992906138355436,0.3108692571333642,0.0009401957498098579,1.0,1.0
17.8592,TE,8.0,0.0,121,0.6880639036646772,0.0,0.3119360963353228,0.6890301397046146,0.0,0.3109698602953854,0.3109698602953854,0.3119360963353228,0.0009662360399373959,1.0,1.0
17.861133333333335,TE,8.0,0.0,121,0.6869673544482522,0.0,0.3130326455517478,0.6879606139570908,0.0,0.31203938604290915,0.31203938604290915,0.3130326455517478,0.000993259508838662,1.0,1.0
17.86306666666667,TE,8.0,0.0,121,0.6858417114273225,0.0,0.31415828857267747,0.6868629823851711,0.0,0.3131370176148289,0.3131370176148289,0.31415828857267747,0.0010212709578485413,1.0,1.0
17.865000000000002,TE,8.0,0.0,121,0.6846875998754928,0.0,0.31531240012450723,0.6857378641565719,0.0,0.3142621358434281,0.3142621358434281,0.31531240012450723,0.0010502642810791274,1.0,1.0
17.866933333333336,TE,8.0,0.0,121,0.6835056624068069,0.0,0.3164943375931931,0.6845858846972136,0.0,0.3154141153027864,0.3154141153027864,0.3164943375931931,0.0010802222904067182,1.0,1.0
17.86886666666667,TE,8.0,0.0,121,0.6822965678144441,0.0,0.31770343218555586,0.6834076843467608,0.0,0.3165923156532392,0.3165923156532392,0.31770343218555586,0.0011111165323166583,1.0,1.0
17.8708,TE,8.0,0.0,121,0.681061020396947,0.0,0.31893897960305295,0.682203927493024,0.0,0.31779607250697595,0.31779607250697595,0.31893897960305295,0.001142907096077006,1.0,1.0
17.872733333333333,TE,8.0,0.0,121,0.679799769685804,0.0,0.320200230314196,0.6809753120998168,0.0,0.31902468790018323,0.31902468790018323,0.320200230314196,0.0011755424140127424,1.0,1.0
17.874666666666666,TE,8.0,0.0,121,0.6785136204733697,0.0,0.3214863795266303,0.6797225795308749,0.0,0.3202774204691251,0.3202774204691251,0.3214863795266303,0.0012089590575051767,1.0,1.0
17.8766,TE,8.0,0.0,121,0.6772034430205838,0.0,0.3227965569794162,0.6784465245577569,0.0,0.3215534754422431,0.3215534754422431,0.3227965569794162,0.0012430815371731185,1.0,1.0
17.878533333333333,TE,8.0,0.0,121,0.6758701833001017,0.0,0.32412981669989827,0.6771480054221077,0.0,0.32285199457789227,0.32285199457789227,0.32412981669989827,0.0012778221220060004,1.0,1.0
17.880466666666667,TE,8.0,0.0,121,0.6745148731013029,0.0,0.32548512689869713,0.675827953801515,0.0,0.32417204619848505,0.32417204619848505,0.32548512689869713,0.001313080700212077,1.0,1.0
17.8824,TE,8.0,0.0,121,0.6731386397882887,0.0,0.3268613602117113,0.6744873845015316,0.0,0.32551261549846844,0.32551261549846844,0.3268613602117113,0.0013487447132428665,1.0,1.0
17.884333333333334,TE,8.0,0.0,121,0.6717427154624147,0.0,0.3282572845375853,0.6731274046661335,0.0,0.3268725953338665,0.3268725953338665,0.3282572845375853,0.001384689203718814,1.0,1.0
17.886266666666668,TE,8.0,0.0,121,0.6703284452374003,0.0,0.3296715547625997,0.6717492222637871,0.0,0.3282507777362129,0.3282507777362129,0.3296715547625997,0.0014207770263867658,1.0,1.0
17.8882,TE,8.0,0.0,121,0.668897294289835,0.0,0.331102705710165,0.6703541535680692,0.0,0.32964584643193084,0.32964584643193084,0.331102705710165,0.001456859278234135,1.0,1.0
17.890133333333335,TE,8.0,0.0,121,0.6674508533045541,0.0,0.3325491466954459,0.6689436293133737,0.0,0.3310563706866263,0.3310563706866263,0.3325491466954459,0.0014927760088195852,1.0,1.0
17.89206666666667,TE,8.0,0.0,121,0.6659908418959186,0.0,0.3340091581040814,0.6675191991684052,0.0,0.3324808008315948,0.3324808008315948,0.3340091581040814,0.001528357272486569,1.0,1.0
17.894000000000002,TE,8.0,0.0,121,0.6645191095584555,0.0,0.3354808904415445,0.666082534139877,0.0,0.33391746586012305,0.33391746586012305,0.3354808904415445,0.0015634245814214465,1.0,1.0
17.895933333333335,TE,8.0,0.0,121,0.6630376336870022,0.0,0.3369623663129978,0.6646354264966827,0.0,0.3353645735033173,0.3353645735033173,0.3369623663129978,0.0015977928096805316,1.0,1.0
17.897866666666665,TE,8.0,0.0,121,0.6615485142165075,0.0,0.3384514857834925,0.6631797868009206,0.0,0.3368202131990794,0.3368202131990794,0.3384514857834925,0.0016312725844130904,1.0,1.0
17.8998,TE,8.0,0.0,121,0.660053964466047,0.0,0.339946035533953,0.6617176376461602,0.0,0.3382823623538398,0.3382823623538398,0.339946035533953,0.0016636731801131788,1.0,1.0
17.901733333333333,TE,8.0,0.0,121,0.6585562978401769,0.0,0.3414437021598231,0.6602511037460962,0.0,0.3397488962539038,0.3397488962539038,0.3414437021598231,0.0016948059059193055,1.0,1.0
17.903666666666666,TE,8.0,0.0,121,0.6570579101436943,0.0,0.3429420898563057,0.6587823980886891,0.0,0.3412176019113109,0.3412176019113109,0.3429420898563057,0.0017244879449948014,1.0,1.0
17.9056,TE,8.0,0.0,121,0.6555612574054983,0.0,0.3444387425945017,0.6573138039759293,0.0,0.3426861960240707,0.3426861960240707,0.3444387425945017,0.0017525465704310017,1.0,1.0
17.907533333333333,TE,8.0,0.0,121,0.6540688292834241,0.0,0.34593117071657586,0.6558476529094497,0.0,0.3441523470905503,0.3441523470905503,0.34593117071657586,0.0017788236260255497,1.0,1.0
17.909466666666667,TE,8.0,0.0,121,0.6525831183280197,0.0,0.34741688167198026,0.6543862984535931,0.0,0.3456137015464069,0.3456137015464069,0.34741688167198026,0.0018031801255733448,1.0,1.0
17.9114,TE,8.0,0.0,121,0.6511065856105284,0.0,0.34889341438947163,0.6529320864043608,0.0,0.34706791359563915,0.34706791359563915,0.34889341438947163,0.0018255007938324797,1.0,1.0
17.913333333333334,TE,8.0,0.0,121,0.6496416234587193,0.0,0.35035837654128066,0.6514873218084158,0.0,0.34851267819158416,0.34851267819158416,0.35035837654128066,0.0018456983496965007,1.0,1.0
17.915266666666668,TE,8.0,0.0,121,0.6481905162726374,0.0,0.35180948372736265,0.6500542335934991,0.0,0.3499457664065009,0.3499457664065009,0.35180948372736265,0.0018637173208617686,1.0,1.0
17.9172,TE,8.0,0.0,121,0.6467554005981694,0.0,0.3532445994018306,0.6486349377797748,0.0,0.35136506222022523,0.35136506222022523,0.3532445994018306,0.001879537181605384,1.0,1.0
17.919133333333335,TE,8.0,0.0,121,0.6453382257961562,0.0,0.3546617742038438,0.6472314004195033,0.0,0.35276859958049667,0.35276859958049667,0.3546617742038438,0.0018931746233471491,1.0,1.0
17.92106666666667,TE,8.0,0.0,121,0.6439407167421423,0.0,0.35605928325785774,0.6458454015437651,0.0,0.35415459845623487,0.35415459845623487,0.35605928325785774,0.001904684801622869,1.0,1.0
17.923000000000002,TE,8.0,0.0,121,0.6425643400131154,0.0,0.35743565998688465,0.6444785014644179,0.0,0.3555214985355821,0.3555214985355821,0.35743565998688465,0.0019141614513025207,1.0,1.0
17.924933333333335,TE,8.0,0.0,121,0.6412102749516789,0.0,0.3587897250483211,0.6431320107734043,0.0,0.3568679892265957,0.3568679892265957,0.3587897250483211,0.00192173582172539,1.0,1.0
17.92686666666667,TE,8.0,0.0,121,0.6398793908442622,0.0,0.36012060915573785,0.6418069652941936,0.0,0.35819303470580643,0.35819303470580643,0.36012060915573785,0.001927574449931413,1.0,1.0
17.928800000000003,TE,8.0,0.0,121,0.6385722312126636,0.0,0.3614277687873364,0.6405041070703144,0.0,0.35949589292968565,0.35949589292968565,0.3614277687873364,0.0019318758576507555,1.0,1.0
17.930733333333333,TE,8.0,0.0,121,0.6372890059125138,0.0,0.3627109940874862,0.6392238722333211,0.0,0.3607761277666789,0.3607761277666789,0.3627109940874862,0.0019348663208073047,1.0,1.0
17.932666666666666,TE,8.0,0.0,121,0.6360295913758974,0.0,0.36397040862410257,0.6379663862880556,0.0,0.3620336137119444,0.3620336137119444,0.36397040862410257,0.0019367949121581463,1.0,1.0
17.9346,TE,8.0,0.0,121,0.6347935389566074,0.0,0.3652064610433926,0.6367314670117903,0.0,0.3632685329882097,0.3632685329882097,0.3652064610433926,0.0019379280551828915,1.0,1.0
17.936533333333333,TE,8.0,0.0,121,0.6335800909603345,0.0,0.3664199090396655,0.635518634806547,0.0,0.364481365193453,0.364481365193453,0.3664199090396655,0.0019385438462125038,1.0,1.0
17.938466666666667,TE,8.0,0.0,121,0.6323882035982727,0.0,0.36761179640172725,0.6343271300003038,0.0,0.36567286999969617,0.36567286999969617,0.36761179640172725,0.0019389264020310826,1.0,1.0
17.9404,TE,8.0,0.0,121,0.631216575811753,0.0,0.36878342418824706,0.6331559362842454,0.0,0.3668440637157546,0.3668440637157546,0.36878342418824706,0.0019393604724924352,1.0,1.0
17.942333333333334,TE,8.0,0.0,121,0.6300636827004786,0.0,0.36993631729952137,0.6320038092252482,0.0,0.36799619077475176,0.36799619077475176,0.36993631729952137,0.0019401265247696031,1.0,1.0
17.944266666666667,TE,8.0,0.0,121,0.6289278121543214,0.0,0.37107218784567864,0.6308693086163697,0.0,0.3691306913836303,0.3691306913836303,0.37107218784567864,0.001941496462048331,1.0,1.0
17.9462,TE,8.0,0.0,121,0.6278071032455372,0.0,0.37219289675446277,0.6297508333351953,0.0,0.3702491666648047,0.3702491666648047,0.37219289675446277,0.0019437300896580911,1.0,1.0
17.948133333333335,TE,8.0,0.0,121,0.6266995849783134,0.0,0.37330041502168665,0.6286466573677093,0.0,0.3713533426322907,0.3713533426322907,0.37330041502168665,0.001947072389395954,1.0,1.0
17.950066666666668,TE,8.0,0.0,121,0.6256032141058762,0.0,0.37439678589412384,0.6275549657206518,0.0,0.37244503427934816,0.37244503427934816,0.37439678589412384,0.0019517516147756764,1.0,1.0
17.952,TE,8.0,0.0,121,0.6245159108971289,0.0,0.3754840891028711,0.6264738890734319,0.0,0.37352611092656807,0.37352611092656807,0.3754840891028711,0.0019579781763030546,1.0,1.0
17.953933333333335,TE,8.0,0.0,121,0.623435591945792,0.0,0.376564408054208,0.6254015361979145,0.0,0.3745984638020855,0.3745984638020855,0.376564408054208,0.001965944252122487,1.0,1.0
17.95586666666667,TE,8.0,0.0,121,0.6223601993467964,0.0,0.3776398006532036,0.6243360233806754,0.0,0.3756639766193246,0.3756639766193246,0.3776398006532036,0.00197582403387897,1.0,1.0
17.9578,TE,8.0,0.0,121,0.6212877257998044,0.0,0.3787122742001956,0.6232755003023653,0.0,0.37672449969763466,0.37672449969763466,0.3787122742001956,0.001987774502560935,1.0,1.0
17.959733333333332,TE,8.0,0.0,121,0.6202162354222179,0.0,0.37978376457778207,0.6222181720443997,0.0,0.37778182795560034,0.37778182795560034,0.37978376457778207,0.0020019366221817325,1.0,1.0
17.961666666666666,TE,8.0,0.0,121,0.6191438802526189,0.0,0.3808561197473811,0.6211623170928215,0.0,0.37883768290717845,0.37883768290717845,0.3808561197473811,0.002018436840202642,1.0,1.0
17.9636,TE,8.0,0.0,121,0.6180689125917671,0.0,0.3819310874082329,0.620106301381969,0.0,0.379893698618031,0.379893698618031,0.3819310874082329,0.0020373887902018772,1.0,1.0
17.965533333333333,TE,8.0,0.0,121,0.6169896934591395,0.0,0.38301030654086055,0.6190485885623045,0.0,0.3809514114376955,0.3809514114376955,0.38301030654086055,0.002058895103165037,1.0,1.0
17.967466666666667,TE,8.0,0.0,121,0.6159046975354415,0.0,0.3840953024645585,0.617987746782609,0.0,0.38201225321739096,0.38201225321739096,0.3840953024645585,0.002083049247167512,1.0,1.0
17.9694,TE,8.0,0.0,121,0.6148125150212213,0.0,0.38518748497877875,0.616922452350785,0.0,0.383077547649215,0.383077547649215,0.38518748497877875,0.0021099373295637713,1.0,1.0
17.971333333333334,TE,8.0,0.0,121,0.6137118508691027,0.0,0.38628814913089726,0.6158514906790686,0.0,0.38414850932093136,0.38414850932093136,0.38628814913089726,0.0021396398099658986,1.0,1.0
17.973266666666667,TE,8.0,0.0,121,0.6126015218499152,0.0,0.38739847815008477,0.6147737549355847,0.0,0.3852262450644153,0.3852262450644153,0.38739847815008477,0.002172233085669495,1.0,1.0
17.9752,TE,8.0,0.0,121,0.6114804518966003,0.0,0.3885195481033997,0.6136882428191729,0.0,0.3863117571808271,0.3863117571808271,0.3885195481033997,0.0022077909225726167,1.0,1.0
17.977133333333335,TE,8.0,0.0,121,0.6103476661383371,0.0,0.38965233386166287,0.612594051852908,0.0,0.38740594814709195,0.38740594814709195,0.38965233386166287,0.00224638571457092,1.0,1.0
17.979066666666668,TE,8.0,0.0,121,0.6092022839987657,0.0,0.39079771600123425,0.6114903735604904,0.0,0.3885096264395096,0.3885096264395096,0.39079771600123425,0.00228808956172466,1.0,1.0
17.981,TE,8.0,0.0,121,0.6080435116875995,0.0,0.3919564883124005,0.6103764868510101,0.0,0.3896235131489899,0.3896235131489899,0.3919564883124005,0.0023329751634105778,1.0,1.0
17.982933333333335,TE,8.0,0.0,121,0.6068706343713304,0.0,0.3931293656286696,0.6092517508975396,0.0,0.3907482491024604,0.3907482491024604,0.3931293656286696,0.0023811165262092038,1.0,1.0
17.98486666666667,TE,8.0,0.0,121,0.6056830082649649,0.0,0.3943169917350351,0.6081155977534953,0.0,0.39188440224650467,0.39188440224650467,0.3943169917350351,0.0024325894885304233,1.0,1.0
17.986800000000002,TE,8.0,0.0,121,0.6044800528481497,0.0,0.39551994715185035,0.6069675249129267,0.0,0.3930324750870733,0.3930324750870733,0.39551994715185035,0.002487472064777063,1.0,1.0
17.988733333333336,TE,8.0,0.0,121,0.6032612433738574,0.0,0.39673875662614255,0.6058070879853165,0.0,0.39419291201468354,0.39419291201468354,0.39673875662614255,0.002545844611459014,1.0,1.0
17.990666666666666,TE,8.0,0.0,121,0.6020261038077878,0.0,0.39797389619221224,0.6046338936244046,0.0,0.39536610637559544,0.39536610637559544,0.39797389619221224,0.002607789816616801,1.0,1.0
17.9926,TE,8.0,0.0,121,0.6007742003123968,0.0,0.3992257996876032,0.6034475928243668,0.0,0.3965524071756332,0.3965524071756332,0.3992257996876032,0.002673392511969963,1.0,1.0
17.994533333333333,TE,8.0,0.0,121,0.599505135368847,0.0,0.400494864631153,0.6022478746738944,0.0,0.3977521253261056,0.3977521253261056,0.400494864631153,0.002742739305047426,1.0,1.0
17.996466666666667,TE,8.0,0.0,121,0.5982185426151289,0.0,0.40178145738487114,0.601034460641102,0.0,0.398965539358898,0.398965539358898,0.40178145738487114,0.002815918025973141,1.0,1.0
17.9984,TE,8.0,0.0,121,0.5969140824669862,0.0,0.4030859175330138,0.5998070994477489,0.0,0.4001929005522511,0.4001929005522511,0.4030859175330138,0.0028930169807627193,1.0,1.0
18.000333333333334,TE,8.0,0.0,121,0.5955914385804502,0.0,0.40440856141954984,0.5985655625806867,0.0,0.4014344374193133,0.4014344374193133,0.40440856141954984,0.0029741240002365554,1.0,1.0
18.002266666666667,TE,8.0,0.0,121,0.5942503152099846,0.0,0.4057496847900154,0.5973096404806134,0.0,0.4026903595193866,0.4026903595193866,0.4057496847900154,0.0030593252706287988,1.0,1.0
18.0042,TE,8.0,0.0,121,0.5928904355138809,0.0,0.4071095644861191,0.5960391394432744,0.0,0.40396086055672564,0.40396086055672564,0.4071095644861191,0.0031487039293934815,1.0,1.0
18.006133333333334,TE,8.0,0.0,121,0.5915115408583052,0.0,0.40848845914169485,0.5947538792651179,0.0,0.4052461207348821,0.4052461207348821,0.40848845914169485,0.0032423384068127614,1.0,1.0
18.008066666666668,TE,8.0,0.0,121,0.5901133911737285,0.0,0.4098866088262715,0.5934536916652424,0.0,0.4065463083347576,0.4065463083347576,0.4098866088262715,0.0033403004915139034,1.0,1.0
18.01,TE,8.0,0.0,121,0.5886957664195336,0.0,0.4113042335804664,0.5921384195155442,0.0,0.40786158048445575,0.40786158048445575,0.4113042335804664,0.0034426530960106616,1.0,1.0
18.011933333333335,TE,8.0,0.0,121,0.5872584692170018,0.0,0.41274153078299824,0.5908079169133638,0.0,0.40919208308663624,0.40919208308663624,0.41274153078299824,0.003549447696362007,1.0,1.0
18.01386666666667,TE,8.0,0.0,121,0.5858013287151886,0.0,0.41419867128481136,0.5894620501340427,0.0,0.41053794986595726,0.41053794986595726,0.41419867128481136,0.003660721418854096,1.0,1.0
18.0158,TE,8.0,0.0,121,0.5843242057579,0.0,0.4156757942421,0.5881006995042406,0.0,0.4118993004957594,0.4118993004957594,0.4156757942421,0.0037764937463405923,1.0,1.0
18.017733333333332,TE,8.0,0.0,121,0.5828269994241035,0.0,0.41717300057589646,0.5867237622413058,0.0,0.41327623775869415,0.41327623775869415,0.41717300057589646,0.003896762817202304,1.0,1.0
18.019666666666666,TE,8.0,0.0,121,0.5813096550158902,0.0,0.41869034498410984,0.585331156307802,0.0,0.41466884369219803,0.41466884369219803,0.41869034498410984,0.004021501291911811,1.0,1.0
18.0216,TE,8.0,0.0,121,0.5797721735684096,0.0,0.4202278264315904,0.5839228253341705,0.0,0.4160771746658295,0.4160771746658295,0.4202278264315904,0.004150651765760904,1.0,1.0
18.023533333333333,TE,8.0,0.0,121,0.5782146229533187,0.0,0.4217853770466813,0.5824987446652135,0.0,0.41750125533478655,0.41750125533478655,0.4217853770466813,0.0042841217118947394,1.0,1.0
18.025466666666667,TE,8.0,0.0,121,0.576637150640296,0.0,0.42336284935970403,0.5810589285876051,0.0,0.4189410714123949,0.4189410714123949,0.42336284935970403,0.004421777947309136,1.0,1.0
18.0274,TE,8.0,0.0,121,0.5750399981693779,0.0,0.4249600018306221,0.5796034387949683,0.0,0.42039656120503166,0.42039656120503166,0.4249600018306221,0.0045634406255904425,1.0,1.0
18.029333333333334,TE,8.0,0.0,121,0.5734235173682564,0.0,0.42657648263174364,0.5781323941440131,0.0,0.4218676058559869,0.4218676058559869,0.42657648263174364,0.00470887677575671,1.0,1.0
18.031266666666667,TE,8.0,0.0,121,0.5717881883223643,0.0,0.42821181167763567,0.5766459817482075,0.0,0.42335401825179253,0.42335401825179253,0.42821181167763567,0.004857793425843138,1.0,1.0
18.0332,TE,8.0,0.0,121,0.5701346390702641,0.0,0.42986536092973593,0.5751444694446857,0.0,0.42485553055531433,0.42485553055531433,0.42986536092973593,0.005009830374421598,1.0,1.0
18.035133333333334,TE,8.0,0.0,121,0.5684636669501513,0.0,0.43153633304984873,0.5736282196535973,0.0,0.42637178034640266,0.42637178034640266,0.43153633304984873,0.005164552703446068,1.0,1.0
18.037066666666668,TE,8.0,0.0,121,0.5667762614649077,0.0,0.43322373853509233,0.5720977046261577,0.0,0.4279022953738423,0.4279022953738423,0.43322373853509233,0.00532144316125005,1.0,1.0
18.039,TE,8.0,0.0,121,0.5650736284610088,0.0,0.43492637153899116,0.5705535230480108,0.0,0.42944647695198923,0.42944647695198923,0.43492637153899116,0.005479894587001932,1.0,1.0
18.040933333333335,TE,8.0,0.0,121,0.5633572153305723,0.0,0.43664278466942774,0.5689964179257294,0.0,0.4310035820742706,0.4310035820742706,0.43664278466942774,0.005639202595157156,1.0,1.0
18.04286666666667,TE,8.0,0.0,121,0.5616287368441041,0.0,0.4383712631558959,0.5674272956361347,0.0,0.4325727043638653,0.4325727043638653,0.4383712631558959,0.005798558792030617,1.0,1.0
18.044800000000002,TE,8.0,0.0,121,0.5598902011072784,0.0,0.4401097988927216,0.56584724596055,0.0,0.43415275403945,0.43415275403945,0.4401097988927216,0.0059570448532716425,1.0,1.0
18.046733333333336,TE,8.0,0.0,121,0.5581439350067041,0.0,0.4418560649932959,0.5642575628569707,0.0,0.4357424371430293,0.4357424371430293,0.4418560649932959,0.00611362785026659,1.0,1.0
18.04866666666667,TE,8.0,0.0,121,0.5563926083724426,0.0,0.44360739162755736,0.5626597656440517,0.0,0.43734023435594827,0.43734023435594827,0.44360739162755736,0.006267157271609092,1.0,1.0
18.0506,TE,8.0,0.0,121,0.5546392559429304,0.0,0.4453607440570696,0.5610556201813501,0.0,0.43894437981864987,0.43894437981864987,0.4453607440570696,0.006416364238419736,1.0,1.0
18.052533333333333,TE,8.0,0.0,121,0.5528872960771096,0.0,0.4471127039228904,0.5594471595323353,0.0,0.44055284046766474,0.44055284046766474,0.4471127039228904,0.006559863455225634,1.0,1.0
18.054466666666666,TE,8.0,0.0,121,0.5511405450284034,0.0,0.4488594549715966,0.5578367034923798,0.0,0.4421632965076202,0.4421632965076202,0.4488594549715966,0.0066961584639764204,1.0,1.0
18.0564,TE,8.0,0.0,121,0.5494032254871071,0.0,0.45059677451289293,0.5562268762578401,0.0,0.44377312374215994,0.44377312374215994,0.45059677451289293,0.006823650770732992,1.0,1.0
18.058333333333334,TE,8.0,0.0,121,0.5476799680223771,0.0,0.45232003197762294,0.554620621407148,0.0,0.44537937859285204,0.44537937859285204,0.45232003197762294,0.006940653384770901,1.0,1.0
18.060266666666667,TE,8.0,0.0,121,0.5459758040315321,0.0,0.4540241959684679,0.5530212132708268,0.0,0.44697878672917324,0.44697878672917324,0.4540241959684679,0.007045409239294642,1.0,1.0
18.0622,TE,8.0,0.0,121,0.5442961488421871,0.0,0.45570385115781287,0.5514322636881367,0.0,0.4485677363118633,0.4485677363118633,0.45570385115781287,0.007136114845949559,1.0,1.0
18.064133333333334,TE,8.0,0.0,121,0.5426467737322824,0.0,0.45735322626771757,0.5498577230960067,0.0,0.45014227690399333,0.45014227690399333,0.45735322626771757,0.0072109493637242394,1.0,1.0
18.066066666666668,TE,8.0,0.0,121,0.5410337658433163,0.0,0.4589662341566837,0.548301874879916,0.0,0.451698125120084,0.451698125120084,0.4589662341566837,0.00726810903659969,1.0,1.0
18.068,TE,8.0,0.0,121,0.5394634752741558,0.0,0.46053652472584417,0.5467693219466909,0.0,0.4532306780533091,0.4532306780533091,0.46053652472584417,0.007305846672535088,1.0,1.0
18.069933333333335,TE,8.0,0.0,121,0.5379424490581304,0.0,0.4620575509418696,0.5452649645664778,0.0,0.45473503543352223,0.45473503543352223,0.4620575509418696,0.007322515508347394,1.0,1.0
18.07186666666667,TE,8.0,0.0,121,0.5364773522425025,0.0,0.4635226477574975,0.543793968684798,0.0,0.456206031315202,0.456206031315202,0.4635226477574975,0.0073166164422955315,1.0,1.0
18.073800000000002,TE,8.0,0.0,121,0.5350748768872403,0.0,0.4649251231127597,0.5423617241290637,0.0,0.4576382758709363,0.4576382758709363,0.4649251231127597,0.00728684724182338,1.0,1.0
18.075733333333332,TE,8.0,0.0,121,0.5337416404616024,0.0,0.46625835953839756,0.5409737924345963,0.0,0.4590262075654037,0.4590262075654037,0.46625835953839756,0.007232151972993872,1.0,1.0
18.077666666666666,TE,8.0,0.0,121,0.5324840757986168,0.0,0.4675159242013832,0.5396358443845483,0.0,0.46036415561545174,0.46036415561545174,0.4675159242013832,0.007151768585931473,1.0,1.0
18.0796,TE,8.0,0.0,121,0.5313083154320783,0.0,0.46869168456792165,0.5383535877932185,0.0,0.4616464122067815,0.4616464122067815,0.46869168456792165,0.007045272361140165,1.0,1.0
18.081533333333333,TE,8.0,0.0,121,0.530220073730294,0.0,0.469779926269706,0.537132686542138,0.0,0.46286731345786203,0.46286731345786203,0.469779926269706,0.006912612811843966,1.0,1.0
18.083466666666666,TE,8.0,0.0,121,0.529224530708726,0.0,0.470775469291274,0.5359786723866473,0.0,0.4640213276133527,0.4640213276133527,0.470775469291274,0.0067541416779213215,1.0,1.0
18.0854,TE,8.0,0.0,121,0.5283262216936503,0.0,0.4716737783063497,0.5348968515522874,0.0,0.4651031484477126,0.4651031484477126,0.4716737783063497,0.0065706298586371,1.0,1.0
18.087333333333333,TE,8.0,0.0,121,0.5275289370840656,0.0,0.47247106291593444,0.533892208606977,0.0,0.46610779139302305,0.46610779139302305,0.47247106291593444,0.0063632715229113845,1.0,1.0
18.089266666666667,TE,8.0,0.0,121,0.5268356362886325,0.0,0.4731643637113675,0.5329693104860137,0.0,0.4670306895139863,0.4670306895139863,0.4731643637113675,0.0061336741973812,1.0,1.0
18.0912,TE,8.0,0.0,121,0.52624837949292,0.0,0.47375162050708,0.5321322138287126,0.0,0.46786778617128744,0.46786778617128744,0.47375162050708,0.005883834335792537,1.0,1.0
18.093133333333334,TE,8.0,0.0,121,0.5257682802486521,0.0,0.4742317197513479,0.5313843789222363,0.0,0.46861562107776367,0.46861562107776367,0.4742317197513479,0.005616098673584258,1.0,1.0
18.095066666666668,TE,8.0,0.0,121,0.52539548101006,0.0,0.47460451898994005,0.5307285935168288,0.0,0.4692714064831712,0.4692714064831712,0.47460451898994005,0.005333112506768822,1.0,1.0
18.097,TE,8.0,0.0,121,0.5251291527241191,0.0,0.4748708472758809,0.5301669095606019,0.0,0.46983309043939814,0.46983309043939814,0.4748708472758809,0.005037756836482776,1.0,1.0
18.098933333333335,TE,8.0,0.0,121,0.5249675184821972,0.0,0.47503248151780275,0.5297005955003168,0.0,0.4702994044996832,0.4702994044996832,0.47503248151780275,0.004733077018119536,1.0,1.0
18.10086666666667,TE,8.0,0.0,121,0.5249079001395434,0.0,0.47509209986045664,0.5293301062227451,0.0,0.4706698937772549,0.4706698937772549,0.47509209986045664,0.004422206083201763,1.0,1.0
18.102800000000002,TE,8.0,0.0,121,0.5249467857824593,0.0,0.47505321421754065,0.5290550719968089,0.0,0.4709449280031911,0.4709449280031911,0.47505321421754065,0.004108286214349555,1.0,1.0
18.104733333333336,TE,8.0,0.0,121,0.525079915044341,0.0,0.47492008495565896,0.5288743069646263,0.0,0.47112569303537366,0.47112569303537366,0.47492008495565896,0.0037943919202853005,1.0,1.0
18.10666666666667,TE,8.0,0.0,121,0.525302378597036,0.0,0.474697621402964,0.5287858368728471,0.0,0.4712141631271529,0.4712141631271529,0.474697621402964,0.003483458275811091,1.0,1.0
18.1086,TE,8.0,0.0,121,0.5256087277127933,0.0,0.4743912722872067,0.5287869448946407,0.0,0.47121305510535927,0.47121305510535927,0.4743912722872067,0.003178217181847409,1.0,1.0
18.110533333333333,TE,8.0,0.0,121,0.5259930896148532,0.0,0.47400691038514675,0.5288742336220136,0.0,0.4711257663779864,0.4711257663779864,0.47400691038514675,0.00288114400716033,1.0,1.0
18.112466666666666,TE,8.0,0.0,121,0.5264492844132326,0.0,0.4735507155867674,0.5290437006661269,0.0,0.47095629933387306,0.47095629933387306,0.4735507155867674,0.0025944162528943604,1.0,1.0
18.1144,TE,8.0,0.0,121,0.526970939720811,0.0,0.473029060279189,0.5292908248252115,0.0,0.4707091751747885,0.4707091751747885,0.473029060279189,0.0023198851044005098,1.0,1.0
18.116333333333333,TE,8.0,0.0,121,0.5275515995285147,0.0,0.4724484004714853,0.5296106594934828,0.0,0.47038934050651715,0.47038934050651715,0.4724484004714853,0.002059059964968135,1.0,1.0
18.118266666666667,TE,8.0,0.0,121,0.5281848245304568,0.0,0.4718151754695432,0.5299979298976392,0.0,0.47000207010236084,0.47000207010236084,0.4718151754695432,0.0018131053671823771,1.0,1.0
18.1202,TE,8.0,0.0,121,0.5288642817777293,0.0,0.47113571822227074,0.5304471308515385,0.0,0.4695528691484615,0.4695528691484615,0.47113571822227074,0.0015828490738092338,1.0,1.0
18.122133333333334,TE,8.0,0.0,121,0.529583822245651,0.0,0.47041617775434896,0.5309526219887706,0.0,0.4690473780112294,0.4690473780112294,0.47041617775434896,0.001368799743119542,1.0,1.0
18.124066666666668,TE,8.0,0.0,121,0.5303375455788985,0.0,0.46966245442110155,0.5315087178355281,0.0,0.4684912821644719,0.4684912821644719,0.46966245442110155,0.00117117225662966,1.0,1.0
18.126,TE,8.0,0.0,121,0.5311198518909643,0.0,0.46888014810903567,0.5321097705775881,0.0,0.4678902294224119,0.4678902294224119,0.46888014810903567,0.000989918686623792,1.0,1.0
18.127933333333335,TE,8.0,0.0,121,0.5319254810118192,0.0,0.46807451898818075,0.5327502439132373,0.0,0.46724975608676267,0.46724975608676267,0.46807451898818075,0.0008247629014180857,1.0,1.0
18.12986666666667,TE,8.0,0.0,121,0.5327495399886861,0.0,0.4672504600113139,0.5334247769310174,0.0,0.4665752230689826,0.4665752230689826,0.4672504600113139,0.0006752369423312921,1.0,1.0
18.131800000000002,TE,8.0,0.0,121,0.5335875199372174,0.0,0.4664124800627826,0.5341282374651587,0.0,0.4658717625348413,0.4658717625348413,0.4664124800627826,0.0005407175279412701,1.0,1.0
18.133733333333335,TE,8.0,0.0,121,0.5344353035298257,0.0,0.4655646964701743,0.5348557648467478,0.0,0.4651442351532522,0.4651442351532522,0.4655646964701743,0.00042046131692208277,1.0,1.0
18.135666666666665,TE,8.0,0.0,121,0.5352891644919522,0.0,0.4647108355080478,0.53560280235411,0.0,0.46439719764589005,0.46439719764589005,0.4647108355080478,0.00031363786215776734,1.0,1.0
18.1376,TE,8.0,0.0,121,0.5361457604864801,0.0,0.4638542395135199,0.5363651199758994,0.0,0.4636348800241006,0.4636348800241006,0.4638542395135199,0.00021935948941931294,1.0,1.0
18.139533333333333,TE,8.0,0.0,121,0.5370021207061326,0.0,0.4629978792938674,0.5371388283227121,0.0,0.4628611716772879,0.4628611716772879,0.4629978792938674,0.00013670761657946784,1.0,1.0
18.141466666666666,TE,8.0,0.0,121,0.5378556293914731,0.0,0.46214437060852687,0.537920384668906,0.0,0.462079615331094,0.462079615331094,0.46214437060852687,6.47552774328819e-05,1.0,1.0
18.1434,TE,8.0,0.0,121,0.5387040063595219,0.0,0.46129599364047813,0.5387065921822489,0.0,0.4612934078177511,0.4612934078177511,0.46129599364047813,2.5858227270525447e-06,1.0,1.0
18.145333333333333,TE,8.0,0.0,121,0.5395452854821252,0.0,0.4604547145178748,0.5394945934160797,0.0,0.46050540658392025,0.46050540658392025,0.4604547145178748,5.069206604546572e-05,1.0,1.0
18.147266666666667,TE,8.0,0.0,121,0.5403777919055284,0.0,0.45962220809447163,0.5402818591111356,0.0,0.4597181408888644,0.4597181408888644,0.45962220809447163,9.593279439279456e-05,1.0,1.0
18.1492,TE,8.0,0.0,121,0.5412001186616351,0.0,0.4587998813383649,0.5410661732924577,0.0,0.45893382670754235,0.45893382670754235,0.4587998813383649,0.00013394536917743505,1.0,1.0
18.151133333333334,TE,8.0,0.0,121,0.5420111031920365,0.0,0.4579888968079635,0.541845615562113,0.0,0.45815438443788703,0.45815438443788703,0.4579888968079635,0.00016548762992352195,1.0,1.0
18.153066666666668,TE,8.0,0.0,121,0.5428098041945186,0.0,0.45719019580548137,0.5426185413928215,0.0,0.4573814586071785,0.4573814586071785,0.45719019580548137,0.00019126280169712295,1.0,1.0
18.155,TE,8.0,0.0,121,0.5435954791055448,0.0,0.45640452089445516,0.5433835611250841,0.0,0.4566164388749159,0.4566164388749159,0.45640452089445516,0.00021191798046071852,1.0,1.0
18.156933333333335,TE,8.0,0.0,121,0.5443675624534614,0.0,0.4556324375465386,0.544139518269201,0.0,0.45586048173079896,0.45586048173079896,0.4556324375465386,0.00022804418426036754,1.0,1.0
18.15886666666667,TE,8.0,0.0,121,0.5451256452550297,0.0,0.4548743547449703,0.5448854676186912,0.0,0.45511453238130883,0.45511453238130883,0.4548743547449703,0.0002401776363385455,1.0,1.0
18.160800000000002,TE,8.0,0.0,121,0.5458694555766703,0.0,0.4541305444233297,0.5456206535919605,0.0,0.45437934640803945,0.45437934640803945,0.4541305444233297,0.0002488019847097789,1.0,1.0
18.162733333333335,TE,8.0,0.0,121,0.5465988403438171,0.0,0.4534011596561829,0.5463444891405834,0.0,0.4536555108594166,0.4536555108594166,0.4534011596561829,0.00025435120323369365,1.0,1.0
18.16466666666667,TE,8.0,0.0,121,0.5473137484507846,0.0,0.4526862515492154,0.5470565354917409,0.0,0.45294346450825906,0.45294346450825906,0.4526862515492154,0.00025721295904368446,1.0,1.0
18.166600000000003,TE,8.0,0.0,121,0.5480142151991799,0.0,0.4519857848008201,0.5477564829313899,0.0,0.4522435170686101,0.4522435170686101,0.4519857848008201,0.0002577322677900229,1.0,1.0
18.168533333333333,TE,8.0,0.0,121,0.5487003480727707,0.0,0.4512996519272293,0.5484441327810784,0.0,0.4515558672189216,0.4515558672189216,0.4512996519272293,0.0002562152916922855,1.0,1.0
18.170466666666666,TE,8.0,0.0,121,0.5493723138389265,0.0,0.4506276861610735,0.549119380675049,0.0,0.45088061932495105,0.45088061932495105,0.4506276861610735,0.0002529331638775334,1.0,1.0
18.1724,TE,8.0,0.0,121,0.5500303269503574,0.0,0.44996967304964264,0.5497822012030096,0.0,0.4502177987969904,0.4502177987969904,0.44996967304964264,0.0002481257473477827,1.0,1.0
18.174333333333333,TE,8.0,0.0,121,0.550674639205025,0.0,0.449325360794975,0.5504326339476475,0.0,0.4495673660523525,0.4495673660523525,0.449325360794975,0.00024200525737749778,1.0,1.0
18.176266666666667,TE,8.0,0.0,121,0.5513055306070751,0.0,0.4486944693929249,0.5510707709132648,0.0,0.44892922908673516,0.44892922908673516,0.4486944693929249,0.0002347596938102603,1.0,1.0
18.1782,TE,8.0,0.0,121,0.551923301355599,0.0,0.44807669864440103,0.551696745311218,0.0,0.44830325468878196,0.44830325468878196,0.44807669864440103,0.00022655604438093224,1.0,1.0
18.180133333333334,TE,8.0,0.0,121,0.5525282648752803,0.0,0.4474717351247197,0.5523107216422363,0.0,0.44768927835776373,0.44768927835776373,0.4474717351247197,0.00021754323304401524,1.0,1.0
18.182066666666667,TE,8.0,0.0,121,0.5531207417888239,0.0,0.44687925821117613,0.5529128869897733,0.0,0.44708711301022674,0.44708711301022674,0.44687925821117613,0.00020785479905061077,1.0,1.0
18.184,TE,8.0,0.0,121,0.5537010547223102,0.0,0.44629894527768976,0.5535034434196882,0.0,0.44649655658031184,0.44649655658031184,0.44629894527768976,0.0001976113026220805,1.0,1.0
18.185933333333335,TE,8.0,0.0,121,0.5542695238265186,0.0,0.4457304761734814,0.5540826013636233,0.0,0.4459173986363767,0.4459173986363767,0.4457304761734814,0.00018692246289531145,1.0,1.0
18.187866666666668,TE,8.0,0.0,121,0.554826462896391,0.0,0.44517353710360896,0.5546505738536947,0.0,0.44534942614630535,0.44534942614630535,0.44517353710360896,0.0001758890426963866,1.0,1.0
18.1898,TE,8.0,0.0,121,0.5553721759722501,0.0,0.4446278240277499,0.5552075714698462,0.0,0.44479242853015377,0.44479242853015377,0.4446278240277499,0.00016460450240385338,1.0,1.0
18.191733333333335,TE,8.0,0.0,121,0.5559069543152618,0.0,0.4440930456847382,0.5557537978633154,0.0,0.44424620213668464,0.44424620213668464,0.4440930456847382,0.00015315645194646788,1.0,1.0
18.19366666666667,TE,8.0,0.0,121,0.5564310736643215,0.0,0.44356892633567846,0.5562894457291844,0.0,0.4437105542708156,0.4437105542708156,0.44356892633567846,0.00014162793513716743,1.0,1.0
18.1956,TE,8.0,0.0,121,0.5569447916986138,0.0,0.4430552083013862,0.5568146931147127,0.0,0.44318530688528734,0.44318530688528734,0.4430552083013862,0.00013009858390111706,1.0,1.0
18.197533333333332,TE,8.0,0.0,121,0.5574483456575596,0.0,0.44255165434244037,0.5573296999758197,0.0,0.4426703000241803,0.4426703000241803,0.44255165434244037,0.00011864568173991508,1.0,1.0
18.199466666666666,TE,8.0,0.0,121,0.5579419500935658,0.0,0.44205804990643416,0.5578346049186353,0.0,0.44216539508136465,0.44216539508136465,0.44205804990643416,0.00010734517493049545,1.0,1.0
18.2014,TE,8.0,0.0,121,0.5584257947639354,0.0,0.4415742052360646,0.5583295220962888,0.0,0.44167047790371117,0.44167047790371117,0.4415742052360646,9.627266764655751e-05,1.0,1.0
18.203333333333333,TE,8.0,0.0,121,0.5589000426966354,0.0,0.4410999573033646,0.5588145382637661,0.0,0.44118546173623385,0.44118546173623385,0.4410999573033646,8.550443286925447e-05,1.0,1.0
18.205266666666667,TE,8.0,0.0,121,0.5593648284892655,0.0,0.4406351715107345,0.5592897100245922,0.0,0.44071028997540784,0.44071028997540784,0.4406351715107345,7.511846467334049e-05,1.0,1.0
18.2072,TE,8.0,0.0,121,0.5598202569233517,0.0,0.4401797430766483,0.5597550613332474,0.0,0.4402449386667526,0.4402449386667526,0.4401797430766483,6.519559010431664e-05,1.0,1.0
18.209133333333334,TE,8.0,0.0,121,0.5602664019882879,0.0,0.4397335980117121,0.5602105813379963,0.0,0.4397894186620037,0.4397894186620037,0.4397335980117121,5.5820650291638074e-05,1.0,1.0
18.211066666666667,TE,8.0,0.0,121,0.5607033064164868,0.0,0.4392966935835132,0.5606562226659336,0.0,0.4393437773340664,0.4393437773340664,0.4392966935835132,4.708375055317848e-05,1.0,1.0
18.213,TE,8.0,0.0,121,0.5611309818247927,0.0,0.4388690181752073,0.5610919002554876,0.0,0.4389080997445124,0.4389080997445124,0.4388690181752073,3.908156930509943e-05,1.0,1.0
18.214933333333335,TE,8.0,0.0,121,0.5615494095453797,0.0,0.4384505904546203,0.5615174908409418,0.0,0.4384825091590582,0.4384825091590582,0.4384505904546203,3.1918704437861045e-05,1.0,1.0
18.216866666666668,TE,8.0,0.0,121,0.5619585422016279,0.0,0.4380414577983721,0.5619328331768721,0.0,0.43806716682312785,0.43806716682312785,0.4380414577983721,2.5709024755737886e-05,1.0,1.0
18.2188,TE,8.0,0.0,121,0.562358306055245,0.0,0.43764169394475505,0.5623377290727347,0.0,0.4376622709272653,0.4376622709272653,0.43764169394475505,2.057698251023421e-05,1.0,1.0
18.220733333333335,TE,8.0,0.0,121,0.5627486041088067,0.0,0.43725139589119333,0.5627319452775745,0.0,0.43726805472242547,0.43726805472242547,0.43725139589119333,1.6658831232141402e-05,1.0,1.0
18.22266666666667,TE,8.0,0.0,121,0.5631293199064291,0.0,0.4368706800935709,0.5631152162249492,0.0,0.4368847837750508,0.4368847837750508,0.4368706800935709,1.4103681479915586e-05,1.0,1.0
18.224600000000002,TE,8.0,0.0,121,0.5635003219301047,0.0,0.4364996780698953,0.5634872476146248,0.0,0.43651275238537524,0.43651275238537524,0.4364996780698953,1.3074315479921772e-05,1.0,1.0
18.226533333333336,TE,8.0,0.0,121,0.5638614684481341,0.0,0.4361385315518659,0.5638477207774047,0.0,0.43615227922259525,0.43615227922259525,0.4361385315518659,1.3747670729369332e-05,1.0,1.0
18.228466666666666,TE,8.0,0.0,121,0.5642126126331857,0.0,0.4357873873668143,0.5641962977402684,0.0,0.43580370225973164,0.43580370225973164,0.4357873873668143,1.6314892917312918e-05,1.0,1.0
18.2304,TE,8.0,0.0,121,0.5645536077388252,0.0,0.43544639226117476,0.5645326268882054,0.0,0.4354673731117946,0.4354673731117946,0.43544639226117476,2.0980850619856106e-05,1.0,1.0
18.232333333333333,TE,8.0,0.0,121,0.5648843121018579,0.0,0.43511568789814214,0.5648563491023642,0.0,0.43514365089763585,0.43514365089763585,0.43511568789814214,2.7962999493702512e-05,1.0,1.0
18.234266666666667,TE,8.0,0.0,121,0.5652045937275553,0.0,0.43479540627244473,0.5651671042443218,0.0,0.4348328957556782,0.4348328957556782,0.43479540627244473,3.748948323345491e-05,1.0,1.0
18.2362,TE,8.0,0.0,121,0.5655143342172475,0.0,0.4344856657827525,0.5654645378531113,0.0,0.43453546214688865,0.43453546214688865,0.4344856657827525,4.979636413615651e-05,1.0,1.0
18.238133333333334,TE,8.0,0.0,121,0.5658134318123925,0.0,0.4341865681876075,0.5657483079230542,0.0,0.4342516920769458,0.4342516920769458,0.4341865681876075,6.512388933832547e-05,1.0,1.0
18.240066666666667,TE,8.0,0.0,121,0.5661018033551567,0.0,0.4338981966448433,0.5660180916335555,0.0,0.43398190836644446,0.43398190836644446,0.4338981966448433,8.371172160115403e-05,1.0,1.0
18.242,TE,8.0,0.0,121,0.566379385007632,0.0,0.43362061499236804,0.566273591910245,0.0,0.43372640808975504,0.43372640808975504,0.43362061499236804,0.00010579309738700804,1.0,1.0
18.243933333333334,TE,8.0,0.0,121,0.5666461316212535,0.0,0.43335386837874645,0.5665145437004129,0.0,0.4334854562995871,0.4334854562995871,0.43335386837874645,0.00013158792084067006,1.0,1.0
18.245866666666668,TE,8.0,0.0,121,0.56690201471404,0.0,0.43309798528596,0.5667407198532947,0.0,0.43325928014670534,0.43325928014670534,0.43309798528596,0.00016129486074534238,1.0,1.0
18.2478,TE,8.0,0.0,121,0.5671470190842155,0.0,0.4328529809157845,0.566951936497141,0.0,0.43304806350285896,0.43304806350285896,0.4328529809157845,0.0001950825870744577,1.0,1.0
18.249733333333335,TE,8.0,0.0,121,0.5673811381681675,0.0,0.4326188618318325,0.5671480578059105,0.0,0.4328519421940895,0.4328519421940895,0.4326188618318325,0.0002330803622569988,1.0,1.0
18.25166666666667,TE,8.0,0.0,121,0.5676043683342135,0.0,0.43239563166578654,0.5673290000489988,0.0,0.4326709999510012,0.4326709999510012,0.43239563166578654,0.00027536828521468326,1.0,1.0
18.2536,TE,8.0,0.0,121,0.5678167023818572,0.0,0.4321832976181428,0.5674947348142885,0.0,0.43250526518571153,0.43250526518571153,0.4321832976181428,0.00032196756756874834,1.0,1.0
18.255533333333332,TE,8.0,0.0,121,0.5680181225886557,0.0,0.4319818774113443,0.5676452912951576,0.0,0.4323547087048424,0.4323547087048424,0.4319818774113443,0.0003728312934980771,1.0,1.0
18.257466666666666,TE,8.0,0.0,121,0.5682085937024197,0.0,0.4317914062975803,0.5677807575335398,0.0,0.43221924246646015,0.43221924246646015,0.4317914062975803,0.0004278361688798693,1.0,1.0
18.2594,TE,8.0,0.0,121,0.5683880563113258,0.0,0.43161194368867417,0.5679012805184066,0.0,0.4320987194815934,0.4320987194815934,0.43161194368867417,0.0004867757929192251,1.0,1.0
18.261333333333333,TE,8.0,0.0,121,0.5685564210305613,0.0,0.43144357896943875,0.5680070650521138,0.0,0.43199293494788615,0.43199293494788615,0.43144357896943875,0.0005493559784474078,1.0,1.0
18.263266666666667,TE,8.0,0.0,121,0.5687135639183184,0.0,0.4312864360816816,0.5680983713182018,0.0,0.43190162868179816,0.43190162868179816,0.4312864360816816,0.0006151926001165542,1.0,1.0
18.2652,TE,8.0,0.0,121,0.5688593234751679,0.0,0.4311406765248321,0.5681755111145979,0.0,0.43182448888540215,0.43182448888540215,0.4311406765248321,0.0006838123605700241,1.0,1.0
18.267133333333334,TE,8.0,0.0,121,0.5689934994898059,0.0,0.43100650051019407,0.5682388427541468,0.0,0.4317611572458532,0.4317611572458532,0.43100650051019407,0.0007546567356591094,1.0,1.0
18.269066666666667,TE,8.0,0.0,121,0.5691158538789505,0.0,0.4308841461210495,0.5682887646813888,0.0,0.4317112353186112,0.4317112353186112,0.4308841461210495,0.0008270891975616923,1.0,1.0
18.271,TE,8.0,0.0,121,0.5692261135333556,0.0,0.4307738864666444,0.5683257079025452,0.0,0.4316742920974548,0.4316742920974548,0.4307738864666444,0.0009004056308103969,1.0,1.0
18.272933333333334,TE,8.0,0.0,121,0.5693239750454517,0.0,0.43067602495454826,0.5683501273801294,0.0,0.43164987261987064,0.43164987261987064,0.43067602495454826,0.0009738476653223804,1.0,1.0
18.274866666666668,TE,8.0,0.0,121,0.5694091110608599,0.0,0.4305908889391401,0.5683624925918979,0.0,0.43163750740810214,0.43163750740810214,0.4305908889391401,0.001046618468962035,1.0,1.0
18.2768,TE,8.0,0.0,121,0.5694811778835119,0.0,0.43051882211648806,0.56836327749675,0.0,0.43163672250325,0.43163672250325,0.43051882211648806,0.0011179003867619608,1.0,1.0
18.278733333333335,TE,8.0,0.0,121,0.5695398238831241,0.0,0.4304601761168759,0.5683529501849481,0.0,0.43164704981505186,0.43164704981505186,0.4304601761168759,0.0011868736981759387,1.0,1.0
18.28066666666667,TE,8.0,0.0,121,0.5695846982076087,0.0,0.4304153017923913,0.5683319625093312,0.0,0.43166803749066884,0.43166803749066884,0.4304153017923913,0.0012527356982775517,1.0,1.0
18.282600000000002,TE,8.0,0.0,121,0.5696154593007347,0.0,0.43038454069926535,0.5683007400025719,0.0,0.4316992599974281,0.4316992599974281,0.43038454069926535,0.0013147192981627365,1.0,1.0
18.284533333333336,TE,8.0,0.0,121,0.5696317827620069,0.0,0.4303682172379931,0.5682596723792287,0.0,0.4317403276207713,0.4317403276207713,0.4303682172379931,0.00137211038277818,1.0,1.0
18.28646666666667,TE,8.0,0.0,121,0.5696333681597555,0.0,0.4303666318402445,0.5682091049045646,0.0,0.43179089509543545,0.43179089509543545,0.4303666318402445,0.0014242632551909606,1.0,1.0
18.2884,TE,8.0,0.0,121,0.5696199445121048,0.0,0.43038005548789515,0.5681493308883762,0.0,0.43185066911162384,0.43185066911162384,0.43038005548789515,0.0014706136237286893,1.0,1.0
18.290333333333333,TE,8.0,0.0,121,0.5695912742724618,0.0,0.4304087257275382,0.5680805855327571,0.0,0.4319194144672429,0.4319194144672429,0.4304087257275382,0.0015106887397047242,1.0,1.0
18.292266666666666,TE,8.0,0.0,121,0.5695471557922225,0.0,0.4304528442077775,0.5680030413376559,0.0,0.4319969586623441,0.4319969586623441,0.4304528442077775,0.001544114454566592,1.0,1.0
18.2942,TE,8.0,0.0,121,0.5694874243643931,0.0,0.43051257563560685,0.5679168052412494,0.0,0.43208319475875057,0.43208319475875057,0.43051257563560685,0.0015706191231437128,1.0,1.0
18.296133333333334,TE,8.0,0.0,121,0.5694119520804524,0.0,0.43058804791954763,0.5678219176563989,0.0,0.4321780823436011,0.4321780823436011,0.43058804791954763,0.001590034424053477,1.0,1.0
18.298066666666667,TE,8.0,0.0,121,0.5693206468410547,0.0,0.43067935315894534,0.5677183535496573,0.0,0.4322816464503427,0.4322816464503427,0.43067935315894534,0.001602293291397383,1.0,1.0
18.3,TE,8.0,0.0,121,0.5692134509500152,0.0,0.4307865490499848,0.5676060256999783,0.0,0.4323939743000217,0.4323939743000217,0.4307865490499848,0.0016074252500368758,1.0,1.0
