lambda_um,pol,theta_deg,phi_deg,harmonics,R,T,A,R_reverse,T_reverse,A_reverse,emissivity_same_channel,emissivity_reverse_channel,eta,conservation,reverse_conservation
15.4,TM,8.0,0.0,121,0.3324291043422039,0.0,0.6675708956577961,0.022653742801109097,0.0,0.9773462571988909,0.9773462571988909,0.6675708956577961,0.30977536154109475,1.0,1.0
15.401933333333334,TM,8.0,0.0,121,0.37567027524729957,0.0,0.6243297247527004,0.041709913363394864,0.0,0.9582900866366051,0.9582900866366051,0.6243297247527004,0.33396036188390466,1.0,1.0
15.403866666666667,TM,8.0,0.0,121,0.4173441440031552,0.0,0.5826558559968448,0.06619878251538505,0.0,0.933801217484615,0.933801217484615,0.5826558559968448,0.3511453614877702,1.0,1.0
15.405800000000001,TM,8.0,0.0,121,0.4570377422199099,0.0,0.5429622577800901,0.0952926942407411,0.0,0.904707305759259,0.904707305759259,0.5429622577800901,0.36174504797916884,1.0,1.0
15.407733333333333,TM,8.0,0.0,121,0.49449461515171056,0.0,0.5055053848482894,0.12807658638701333,0.0,0.8719234136129866,0.8719234136129866,0.5055053848482894,0.3664180287646972,1.0,1.0
15.409666666666666,TM,8.0,0.0,121,0.5295831618535108,0.0,0.47041683814648916,0.1636133778831897,0.0,0.8363866221168104,0.8363866221168104,0.47041683814648916,0.3659697839703212,1.0,1.0
15.4116,TM,8.0,0.0,121,0.5622669522831069,0.0,0.43773304771689314,0.20100012150113192,0.0,0.7989998784988681,0.7989998784988681,0.43773304771689314,0.36126683078197497,1.0,1.0
15.413533333333334,TM,8.0,0.0,121,0.5925789050823584,0.0,0.40742109491764156,0.23941050806769254,0.0,0.7605894919323075,0.7605894919323075,0.40742109491764156,0.35316839701466596,1.0,1.0
15.415466666666667,TM,8.0,0.0,121,0.6206000050722775,0.0,0.3793999949277225,0.27812234696066074,0.0,0.7218776530393393,0.7218776530393393,0.3793999949277225,0.3424776581116168,1.0,1.0
15.4174,TM,8.0,0.0,121,0.6464424896289656,0.0,0.35355751037103444,0.31653106159350525,0.0,0.6834689384064947,0.6834689384064947,0.35355751037103444,0.32991142803546025,1.0,1.0
15.419333333333334,TM,8.0,0.0,121,0.6702370324069048,0.0,0.3297629675930952,0.35415173020281915,0.0,0.6458482697971808,0.6458482697971808,0.3297629675930952,0.3160853022040856,1.0,1.0
15.421266666666668,TM,8.0,0.0,121,0.6921232888803209,0.0,0.30787671111967907,0.3906128015815036,0.0,0.6093871984184964,0.6093871984184964,0.30787671111967907,0.30151048729881735,1.0,1.0
15.4232,TM,8.0,0.0,121,0.7122431475515618,0.0,0.2877568524484382,0.42564454203105506,0.0,0.5743554579689449,0.5743554579689449,0.2877568524484382,0.28659860552050676,1.0,1.0
15.425133333333333,TM,8.0,0.0,121,0.7307360862886151,0.0,0.2692639137113849,0.4590647975067792,0.0,0.5409352024932208,0.5409352024932208,0.2692639137113849,0.2716712887818359,1.0,1.0
15.427066666666667,TM,8.0,0.0,121,0.747736121559452,0.0,0.252263878440548,0.49076402188720925,0.0,0.5092359781127908,0.5092359781127908,0.252263878440548,0.25697209967224277,1.0,1.0
15.429,TM,8.0,0.0,121,0.7633699336674117,0.0,0.23663006633258832,0.520690893115083,0.0,0.479309106884917,0.479309106884917,0.23663006633258832,0.2426790405523287,1.0,1.0
15.430933333333334,TM,8.0,0.0,121,0.7777558399877426,0.0,0.22224416001225744,0.5488393039598236,0.0,0.4511606960401764,0.4511606960401764,0.22224416001225744,0.22891653602791895,1.0,1.0
15.432866666666667,TM,8.0,0.0,121,0.7910033648046081,0.0,0.2089966351953919,0.5752371066191646,0.0,0.4247628933808354,0.4247628933808354,0.2089966351953919,0.21576625818544348,1.0,1.0
15.434800000000001,TM,8.0,0.0,121,0.8032132171251124,0.0,0.1967867828748876,0.5999367079372412,0.0,0.4000632920627588,0.4000632920627588,0.1967867828748876,0.2032765091878712,1.0,1.0
15.436733333333335,TM,8.0,0.0,121,0.8144775375720866,0.0,0.18552246242791337,0.6230074347093711,0.0,0.37699256529062886,0.37699256529062886,0.18552246242791337,0.19147010286271549,1.0,1.0
15.438666666666666,TM,8.0,0.0,121,0.8248803138163201,0.0,0.1751196861836799,0.6445294907192616,0.0,0.3554705092807384,0.3554705092807384,0.1751196861836799,0.18035082309705852,1.0,1.0
15.4406,TM,8.0,0.0,121,0.8344978930691944,0.0,0.16550210693080558,0.6645892847443383,0.0,0.3354107152556617,0.3354107152556617,0.16550210693080558,0.1699086083248561,1.0,1.0
15.442533333333333,TM,8.0,0.0,121,0.8433995417724834,0.0,0.15660045822751656,0.6832759017972078,0.0,0.31672409820279224,0.31672409820279224,0.15660045822751656,0.16012363997527568,1.0,1.0
15.444466666666667,TM,8.0,0.0,121,0.8516480184970453,0.0,0.1483519815029547,0.7006785035840659,0.0,0.2993214964159341,0.2993214964159341,0.1483519815029547,0.15096951491297939,1.0,1.0
15.4464,TM,8.0,0.0,121,0.8593001375743724,0.0,0.1406998624256276,0.7168844683289499,0.0,0.2831155316710501,0.2831155316710501,0.1406998624256276,0.14241566924542248,1.0,1.0
15.448333333333334,TM,8.0,0.0,121,0.8664073092073019,0.0,0.1335926907926981,0.7319781080335863,0.0,0.2680218919664137,0.2680218919664137,0.1335926907926981,0.1344292011737156,1.0,1.0
15.450266666666668,TM,8.0,0.0,121,0.8730160476134821,0.0,0.12698395238651794,0.7460398290369332,0.0,0.2539601709630668,0.2539601709630668,0.12698395238651794,0.12697621857654884,1.0,1.0
15.4522,TM,8.0,0.0,121,0.8791684427901674,0.0,0.12083155720983263,0.759145627221398,0.0,0.240854372778602,0.240854372778602,0.12083155720983263,0.12002281556876937,1.0,1.0
15.454133333333333,TM,8.0,0.0,121,0.8849025942268564,0.0,0.11509740577314365,0.7713668314285309,0.0,0.2286331685714691,0.2286331685714691,0.11509740577314365,0.11353576279832545,1.0,1.0
15.456066666666667,TM,8.0,0.0,121,0.8902530067206382,0.0,0.10974699327936177,0.7827700273842768,0.0,0.2172299726157232,0.2172299726157232,0.10974699327936177,0.10748297933636142,1.0,1.0
15.458,TM,8.0,0.0,121,0.8952509496091751,0.0,0.10474905039082494,0.7934171098030611,0.0,0.20658289019693887,0.20658289019693887,0.10474905039082494,0.10183383980611393,1.0,1.0
15.459933333333334,TM,8.0,0.0,121,0.899924781441594,0.0,0.10007521855840595,0.803365422737249,0.0,0.19663457726275102,0.19663457726275102,0.10007521855840595,0.09655935870434507,1.0,1.0
15.461866666666667,TM,8.0,0.0,121,0.904300242493742,0.0,0.09569975750625803,0.8126679580729002,0.0,0.18733204192709985,0.18733204192709985,0.09569975750625803,0.09163228442084181,1.0,1.0
15.4638,TM,8.0,0.0,121,0.9084007176975172,0.0,0.09159928230248282,0.8213735897624556,0.0,0.17862641023754444,0.17862641023754444,0.09159928230248282,0.08702712793506162,1.0,1.0
15.465733333333334,TM,8.0,0.0,121,0.912247472578545,0.0,0.087752527421455,0.8295273273603598,0.0,0.17047267263964017,0.17047267263964017,0.087752527421455,0.08272014521818516,1.0,1.0
15.467666666666666,TM,8.0,0.0,121,0.9158598647234134,0.0,0.08414013527658659,0.8371705769982138,0.0,0.16282942300178616,0.16282942300178616,0.08414013527658659,0.07868928772519956,1.0,1.0
15.4696,TM,8.0,0.0,121,0.9192555331690678,0.0,0.08074446683093217,0.8443414014137833,0.0,0.15565859858621667,0.15565859858621667,0.08074446683093217,0.0749141317552845,1.0,1.0
15.471533333333333,TM,8.0,0.0,121,0.9224505679459996,0.0,0.07754943205400044,0.8510747732705642,0.0,0.14892522672943576,0.14892522672943576,0.07754943205400044,0.07137579467543531,1.0,1.0
15.473466666666667,TM,8.0,0.0,121,0.9254596618300228,0.0,0.07454033816997718,0.8574028179541415,0.0,0.14259718204585847,0.14259718204585847,0.07454033816997718,0.06805684387588129,1.0,1.0
15.4754,TM,8.0,0.0,121,0.9282962461781702,0.0,0.07170375382182981,0.8633550434770929,0.0,0.1366449565229071,0.1366449565229071,0.07170375382182981,0.06494120270107728,1.0,1.0
15.477333333333334,TM,8.0,0.0,121,0.9309726125479573,0.0,0.06902738745204273,0.8689585561750008,0.0,0.13104144382499916,0.13104144382499916,0.06902738745204273,0.06201405637295643,1.0,1.0
15.479266666666668,TM,8.0,0.0,121,0.933500021630023,0.0,0.06649997836997701,0.8742382616289627,0.0,0.12576173837103732,0.12576173837103732,0.06649997836997701,0.059261760001060315,1.0,1.0
15.481200000000001,TM,8.0,0.0,121,0.9358888008686744,0.0,0.06411119913132557,0.8792170507870574,0.0,0.12078294921294264,0.12078294921294264,0.06411119913132557,0.05667175008161707,1.0,1.0
15.483133333333333,TM,8.0,0.0,121,0.9381484319989831,0.0,0.06185156800101688,0.8839159716193496,0.0,0.11608402838065035,0.11608402838065035,0.06185156800101688,0.054232460379633474,1.0,1.0
15.485066666666667,TM,8.0,0.0,121,0.9402876295976003,0.0,0.05971237040239974,0.8883543868868904,0.0,0.11164561311310961,0.11164561311310961,0.05971237040239974,0.05193324271070987,1.0,1.0
15.487,TM,8.0,0.0,121,0.942314411623006,0.0,0.057685588376994,0.8925501187526983,0.0,0.1074498812473017,0.1074498812473017,0.057685588376994,0.0497642928703077,1.0,1.0
15.488933333333334,TM,8.0,0.0,121,0.9442361628158263,0.0,0.05576383718417366,0.8965195810537561,0.0,0.10348041894624393,0.10348041894624393,0.05576383718417366,0.047716581762070276,1.0,1.0
15.490866666666667,TM,8.0,0.0,121,0.9460596917305526,0.0,0.0539403082694474,0.9002779000882013,0.0,0.0997220999117987,0.0997220999117987,0.0539403082694474,0.0457817916423513,1.0,1.0
15.4928,TM,8.0,0.0,121,0.9477912820854139,0.0,0.052208717914586145,0.9038390247783358,0.0,0.09616097522166422,0.09616097522166422,0.052208717914586145,0.04395225730707808,1.0,1.0
15.494733333333334,TM,8.0,0.0,121,0.9494367390394083,0.0,0.050563260960591716,0.9072158270532247,0.0,0.09278417294677532,0.09278417294677532,0.050563260960591716,0.04222091198618361,1.0,1.0
15.496666666666666,TM,8.0,0.0,121,0.9510014309375837,0.0,0.048998569062416286,0.9104201932617313,0.0,0.08957980673826871,0.08957980673826871,0.048998569062416286,0.04058123767585242,1.0,1.0
15.4986,TM,8.0,0.0,121,0.9524903270051668,0.0,0.04750967299483322,0.9134631073864244,0.0,0.08653689261357556,0.08653689261357556,0.04750967299483322,0.03902721961874234,1.0,1.0
15.500533333333333,TM,8.0,0.0,121,0.9539080314167302,0.0,0.046091968583269805,0.9163547267789607,0.0,0.08364527322103932,0.08364527322103932,0.046091968583269805,0.03755330463776951,1.0,1.0
15.502466666666667,TM,8.0,0.0,121,0.9552588141200331,0.0,0.044741185879966894,0.9191044510913088,0.0,0.08089554890869122,0.08089554890869122,0.044741185879966894,0.03615436302872432,1.0,1.0
15.5044,TM,8.0,0.0,121,0.9565466387510251,0.0,0.04345336124897492,0.9217209850239189,0.0,0.07827901497608114,0.07827901497608114,0.04345336124897492,0.03482565372710622,1.0,1.0
15.506333333333334,TM,8.0,0.0,121,0.9577751879399381,0.0,0.0422248120600619,0.9242123954654327,0.0,0.07578760453456734,0.07578760453456734,0.0422248120600619,0.03356279247450544,1.0,1.0
15.508266666666668,TM,8.0,0.0,121,0.9589478862749095,0.0,0.041052113725090544,0.9265861635494763,0.0,0.07341383645052368,0.07341383645052368,0.041052113725090544,0.03236172272543314,1.0,1.0
15.510200000000001,TM,8.0,0.0,121,0.9600679211609635,0.0,0.03993207883903649,0.9288492321106885,0.0,0.07115076788931152,0.07115076788931152,0.03993207883903649,0.031218689050275028,1.0,1.0
15.512133333333333,TM,8.0,0.0,121,0.9611382617856213,0.0,0.03886173821437866,0.9310080489790249,0.0,0.0689919510209751,0.0689919510209751,0.03886173821437866,0.030130212806596446,1.0,1.0
15.514066666666666,TM,8.0,0.0,121,0.9621616763800693,0.0,0.03783832361993067,0.9330686065123588,0.0,0.06693139348764121,0.06693139348764121,0.03783832361993067,0.02909306986771054,1.0,1.0
15.516,TM,8.0,0.0,121,0.9631407479443251,0.0,0.03685925205567486,0.9350364777312516,0.0,0.06496352226874835,0.06496352226874835,0.03685925205567486,0.02810427021307349,1.0,1.0
15.517933333333334,TM,8.0,0.0,121,0.9640778885867861,0.0,0.035922111413213886,0.9369168493849807,0.0,0.06308315061501935,0.06308315061501935,0.035922111413213886,0.02716103920180546,1.0,1.0
15.519866666666667,TM,8.0,0.0,121,0.9649753526130508,0.0,0.035024647386949215,0.938714552247718,0.0,0.06128544775228195,0.06128544775228195,0.035024647386949215,0.026260800365332737,1.0,1.0
15.5218,TM,8.0,0.0,121,0.9658352484837626,0.0,0.034164751516237435,0.9404340889122809,0.0,0.05956591108771914,0.05956591108771914,0.034164751516237435,0.025401159571481702,1.0,1.0
15.523733333333334,TM,8.0,0.0,121,0.9666595497501914,0.0,0.033340450249808584,0.9420796593249748,0.0,0.05792034067502516,0.05792034067502516,0.033340450249808584,0.024579890425216577,1.0,1.0
15.525666666666668,TM,8.0,0.0,121,0.9674501050634493,0.0,0.032549894936550694,0.9436551842758472,0.0,0.05634481572415284,0.05634481572415284,0.032549894936550694,0.023794920787602147,1.0,1.0
15.5276,TM,8.0,0.0,121,0.9682086473445021,0.0,0.03179135265549793,0.9451643270379381,0.0,0.05483567296206193,0.05483567296206193,0.03179135265549793,0.023044320306564003,1.0,1.0
15.529533333333333,TM,8.0,0.0,121,0.9689368021929311,0.0,0.0310631978070689,0.9466105133256562,0.0,0.053389486674343845,0.053389486674343845,0.0310631978070689,0.022326288867274946,1.0,1.0
15.531466666666667,TM,8.0,0.0,121,0.9696360956041458,0.0,0.030363904395854235,0.9479969497212375,0.0,0.05200305027876251,0.05200305027876251,0.030363904395854235,0.021639145882908273,1.0,1.0
15.5334,TM,8.0,0.0,121,0.9703079610584731,0.0,0.029692038941526944,0.9493266407001814,0.0,0.05067335929981864,0.05067335929981864,0.029692038941526944,0.0209813203582917,1.0,1.0
15.535333333333334,TM,8.0,0.0,121,0.9709537460385318,0.0,0.029046253961468205,0.9506024043675149,0.0,0.049397595632485136,0.049397595632485136,0.029046253961468205,0.02035134167101693,1.0,1.0
15.537266666666667,TM,8.0,0.0,121,0.971574718026272,0.0,0.028425281973727956,0.9518268870015171,0.0,0.048173112998482925,0.048173112998482925,0.028425281973727956,0.01974783102475497,1.0,1.0
15.539200000000001,TM,8.0,0.0,121,0.9721720700258183,0.0,0.02782792997418171,0.9530025764866036,0.0,0.04699742351339642,0.04699742351339642,0.02782792997418171,0.01916949353921471,1.0,1.0
15.541133333333335,TM,8.0,0.0,121,0.9727469256535564,0.0,0.02725307434644364,0.9541318147042516,0.0,0.04586818529574843,0.04586818529574843,0.02725307434644364,0.01861511094930479,1.0,1.0
15.543066666666666,TM,8.0,0.0,121,0.9733003438335917,0.0,0.026699656166408348,0.9552168089415046,0.0,0.044783191058495375,0.044783191058495375,0.026699656166408348,0.018083534892087028,1.0,1.0
15.545,TM,8.0,0.0,121,0.9738333231320916,0.0,0.02616667686790841,0.9562596423666168,0.0,0.04374035763338324,0.04374035763338324,0.02616667686790841,0.01757368076547483,1.0,1.0
15.546933333333333,TM,8.0,0.0,121,0.9743468057620277,0.0,0.0256531942379723,0.9572622836174249,0.0,0.042737716382575064,0.042737716382575064,0.0256531942379723,0.017084522144602765,1.0,1.0
15.548866666666667,TM,8.0,0.0,121,0.9748416812855487,0.0,0.02515831871445129,0.9582265955421237,0.0,0.04177340445787625,0.04177340445787625,0.02515831871445129,0.016615085743424962,1.0,1.0
15.5508,TM,8.0,0.0,121,0.9753187900401186,0.0,0.024681209959881434,0.9591543431328404,0.0,0.040845656867159574,0.040845656867159574,0.024681209959881434,0.01616444690727814,1.0,1.0
15.552733333333334,TM,8.0,0.0,121,0.9757789263107806,0.0,0.02422107368921944,0.9600472006905694,0.0,0.03995279930943063,0.03995279930943063,0.02422107368921944,0.01573172562021119,1.0,1.0
15.554666666666668,TM,8.0,0.0,121,0.9762228412699476,0.0,0.023777158730052372,0.9609067582635668,0.0,0.03909324173643325,0.03909324173643325,0.023777158730052372,0.015316083006380876,1.0,1.0
15.5566,TM,8.0,0.0,121,0.9766512457035001,0.0,0.023348754296499852,0.9617345274035268,0.0,0.03826547259647317,0.03826547259647317,0.023348754296499852,0.01491671829997332,1.0,1.0
15.558533333333333,TM,8.0,0.0,121,0.9770648125406121,0.0,0.02293518745938794,0.9625319462876041,0.0,0.03746805371239592,0.03746805371239592,0.02293518745938794,0.014532866253007981,1.0,1.0
15.560466666666667,TM,8.0,0.0,121,0.977464179202988,0.0,0.022535820797011996,0.9633003842583862,0.0,0.036699615741613845,0.036699615741613845,0.022535820797011996,0.014163794944601849,1.0,1.0
15.5624,TM,8.0,0.0,121,0.9778499497880543,0.0,0.022150050211945715,0.9640411458369037,0.0,0.0359588541630963,0.0359588541630963,0.022150050211945715,0.013808803951150583,1.0,1.0
15.564333333333334,TM,8.0,0.0,121,0.9782226970990574,0.0,0.021777302900942597,0.9647554742667709,0.0,0.035244525733229115,0.035244525733229115,0.021777302900942597,0.013467222832286518,1.0,1.0
15.566266666666667,TM,8.0,0.0,121,0.9785829645341689,0.0,0.02141703546583107,0.9654445546481106,0.0,0.03455544535188937,0.03455544535188937,0.02141703546583107,0.0131384098860583,1.0,1.0
15.568200000000001,TM,8.0,0.0,121,0.9789312678454852,0.0,0.02106873215451477,0.9661095167204707,0.0,0.03389048327952926,0.03389048327952926,0.02106873215451477,0.012821751125014491,1.0,1.0
15.570133333333334,TM,8.0,0.0,121,0.9792680967779138,0.0,0.02073190322208618,0.9667514373517416,0.0,0.03324856264825837,0.03324856264825837,0.02073190322208618,0.012516659426172194,1.0,1.0
15.572066666666666,TM,8.0,0.0,121,0.9795939165972443,0.0,0.020406083402755737,0.9673713427874071,0.0,0.03262865721259289,0.03262865721259289,0.020406083402755737,0.012222573809837156,1.0,1.0
15.574,TM,8.0,0.0,121,0.9799091695156069,0.0,0.020090830484393085,0.967970210709391,0.0,0.032029789290608957,0.032029789290608957,0.020090830484393085,0.011938958806215871,1.0,1.0
15.575933333333333,TM,8.0,0.0,121,0.9802142760221519,0.0,0.019785723977848058,0.9685489721488328,0.0,0.03145102785116716,0.03145102785116716,0.019785723977848058,0.0116653038733191,1.0,1.0
15.577866666666667,TM,8.0,0.0,121,0.9805096361259691,0.0,0.019490363874030914,0.969108513290763,0.0,0.030891486709237026,0.030891486709237026,0.019490363874030914,0.011401122835206112,1.0,1.0
15.5798,TM,8.0,0.0,121,0.9807956305176915,0.0,0.019204369482308525,0.9696496772015835,0.0,0.03035032279841654,0.03035032279841654,0.019204369482308525,0.011145953316108015,1.0,1.0
15.581733333333334,TM,8.0,0.0,121,0.9810726216557607,0.0,0.0189273783442393,0.9701732655045157,0.0,0.02982673449548434,0.02982673449548434,0.0189273783442393,0.010899356151245043,1.0,1.0
15.583666666666668,TM,8.0,0.0,121,0.9813409547828629,0.0,0.018659045217137127,0.9706800400209353,0.0,0.02931995997906467,0.02931995997906467,0.018659045217137127,0.010660914761927542,1.0,1.0
15.585600000000001,TM,8.0,0.0,121,0.9816009588774688,0.0,0.018399041122531212,0.9711707243902974,0.0,0.02882927560970261,0.02882927560970261,0.018399041122531212,0.010430234487171397,1.0,1.0
15.587533333333333,TM,8.0,0.0,121,0.9818529475452048,0.0,0.0181470524547952,0.971646005675913,0.0,0.02835399432408703,0.02835399432408703,0.0181470524547952,0.01020694186929183,1.0,1.0
15.589466666666667,TM,8.0,0.0,121,0.9820972198542568,0.0,0.017902780145743202,0.9721065359596989,0.0,0.02789346404030113,0.02789346404030113,0.017902780145743202,0.009990683894557928,1.0,1.0
15.5914,TM,8.0,0.0,121,0.9823340611187898,0.0,0.017665938881210153,0.9725529339255111,0.0,0.02744706607448888,0.02744706607448888,0.017665938881210153,0.009781127193278727,1.0,1.0
15.593333333333334,TM,8.0,0.0,121,0.9825637436339683,0.0,0.017436256366031744,0.9729857864280603,0.0,0.02701421357193967,0.02701421357193967,0.017436256366031744,0.009577957205907928,1.0,1.0
15.595266666666667,TM,8.0,0.0,121,0.9827865273659174,0.0,0.01721347263408257,0.9734056500427615,0.0,0.026594349957238528,0.026594349957238528,0.01721347263408257,0.009380877323155956,1.0,1.0
15.5972,TM,8.0,0.0,121,0.9830026605997891,0.0,0.016997339400210865,0.9738130525907233,0.0,0.02618694740927674,0.02618694740927674,0.016997339400210865,0.009189608009065875,1.0,1.0
15.599133333333334,TM,8.0,0.0,121,0.983212380548688,0.0,0.01678761945131202,0.974208494632558,0.0,0.025791505367442014,0.025791505367442014,0.01678761945131202,0.009003885916129994,1.0,1.0
15.601066666666666,TM,8.0,0.0,121,0.9834159139261683,0.0,0.01658408607383166,0.9745924509249267,0.0,0.025407549075073255,0.025407549075073255,0.01658408607383166,0.008823463001241594,1.0,1.0
15.603,TM,8.0,0.0,121,0.9836134774847485,0.0,0.016386522515251523,0.9749653718339982,0.0,0.02503462816600177,0.02503462816600177,0.016386522515251523,0.008648105650750249,1.0,1.0
15.604933333333333,TM,8.0,0.0,121,0.9838052785226128,0.0,0.01619472147738721,0.9753276847006183,0.0,0.024672315299381742,0.024672315299381742,0.01619472147738721,0.008477593821994533,1.0,1.0
15.606866666666667,TM,8.0,0.0,121,0.9839915153607695,0.0,0.016008484639230547,0.9756797951530806,0.0,0.024320204846919435,0.024320204846919435,0.016008484639230547,0.008311720207688889,1.0,1.0
15.6088,TM,8.0,0.0,121,0.9841723777923929,0.0,0.01582762220760714,0.9760220883640168,0.0,0.023977911635983173,0.023977911635983173,0.01582762220760714,0.008150289428376034,1.0,1.0
15.610733333333334,TM,8.0,0.0,121,0.9843480475063453,0.0,0.015651952493654697,0.9763549302490533,0.0,0.023645069750946712,0.023645069750946712,0.015651952493654697,0.007993117257292015,1.0,1.0
15.612666666666668,TM,8.0,0.0,121,0.9845186984864137,0.0,0.015481301513586287,0.9766786686057903,0.0,0.023321331394209666,0.023321331394209666,0.015481301513586287,0.007840029880623378,1.0,1.0
15.614600000000001,TM,8.0,0.0,121,0.9846844973879196,0.0,0.015315502612080367,0.9769936341924617,0.0,0.023006365807538343,0.023006365807538343,0.015315502612080367,0.007690863195457975,1.0,1.0
15.616533333333333,TM,8.0,0.0,121,0.9848456038930178,0.0,0.015154396106982215,0.9773001417463438,0.0,0.02269985825365617,0.02269985825365617,0.015154396106982215,0.0075454621466739535,1.0,1.0
15.618466666666666,TM,8.0,0.0,121,0.9850021710461639,0.0,0.014997828953836057,0.9775984909428919,0.0,0.022401509057108138,0.022401509057108138,0.014997828953836057,0.007403680103272081,1.0,1.0
15.6204,TM,8.0,0.0,121,0.9851543455708861,0.0,0.014845654429113897,0.9778889672967159,0.0,0.022111032703284073,0.022111032703284073,0.014845654429113897,0.0072653782741701756,1.0,1.0
15.622333333333334,TM,8.0,0.0,121,0.9853022681690936,0.0,0.014697731830906391,0.9781718430064751,0.0,0.021828156993524916,0.021828156993524916,0.014697731830906391,0.0071304251626185255,1.0,1.0
15.624266666666667,TM,8.0,0.0,121,0.9854460738039402,0.0,0.014553926196059774,0.9784473777455971,0.0,0.02155262225440291,0.02155262225440291,0.014553926196059774,0.006998696058343135,1.0,1.0
15.6262,TM,8.0,0.0,121,0.9855858919673274,0.0,0.014414108032672623,0.9787158194014303,0.0,0.021284180598569735,0.021284180598569735,0.014414108032672623,0.006870072565897112,1.0,1.0
15.628133333333334,TM,8.0,0.0,121,0.9857218469328615,0.0,0.014278153067138533,0.978977404765242,0.0,0.021022595234758024,0.021022595234758024,0.014278153067138533,0.006744442167619491,1.0,1.0
15.630066666666668,TM,8.0,0.0,121,0.9858540579953231,0.0,0.014145942004676892,0.9792323601759224,0.0,0.02076763982407759,0.02076763982407759,0.014145942004676892,0.006621697819400696,1.0,1.0
15.632,TM,8.0,0.0,121,0.9859826396972116,0.0,0.01401736030278844,0.9794809021199168,0.0,0.020519097880083215,0.020519097880083215,0.01401736030278844,0.006501737577294775,1.0,1.0
15.633933333333333,TM,8.0,0.0,121,0.9861077020434271,0.0,0.013892297956572874,0.9797232377904062,0.0,0.020276762209593846,0.020276762209593846,0.013892297956572874,0.006384464253020972,1.0,1.0
15.635866666666667,TM,8.0,0.0,121,0.9862293507045105,0.0,0.013770649295489545,0.9799595656080141,0.0,0.020040434391985884,0.020040434391985884,0.013770649295489545,0.006269785096496339,1.0,1.0
15.6378,TM,8.0,0.0,121,0.9863476872093053,0.0,0.013652312790694676,0.9801900757060412,0.0,0.01980992429395878,0.01980992429395878,0.013652312790694676,0.006157611503264104,1.0,1.0
15.639733333333334,TM,8.0,0.0,121,0.986462809127551,0.0,0.013537190872448979,0.9804149503824495,0.0,0.019585049617550476,0.019585049617550476,0.013537190872448979,0.006047858745101498,1.0,1.0
15.641666666666667,TM,8.0,0.0,121,0.9865748102430858,0.0,0.013425189756914202,0.9806343645211438,0.0,0.01936563547885617,0.01936563547885617,0.013425189756914202,0.005940445721941967,1.0,1.0
15.643600000000001,TM,8.0,0.0,121,0.986683780718073,0.0,0.013316219281927055,0.9808484859846768,0.0,0.019151514015323223,0.019151514015323223,0.013316219281927055,0.005835294733396168,1.0,1.0
15.645533333333333,TM,8.0,0.0,121,0.9867898072488898,0.0,0.013210192751110239,0.9810574759806693,0.0,0.01894252401933072,0.01894252401933072,0.013210192751110239,0.005732331268220481,1.0,1.0
15.647466666666666,TM,8.0,0.0,121,0.9868929732140327,0.0,0.013107026785967313,0.9812614894037379,0.0,0.01873851059626208,0.01873851059626208,0.013107026785967313,0.005631483810294768,1.0,1.0
15.6494,TM,8.0,0.0,121,0.9869933588146123,0.0,0.013006641185387746,0.9814606751550323,0.0,0.018539324844967675,0.018539324844967675,0.013006641185387746,0.005532683659579929,1.0,1.0
15.651333333333334,TM,8.0,0.0,121,0.987091041207739,0.0,0.01290895879226095,0.9816551764408035,0.0,0.018344823559196533,0.018344823559196533,0.01290895879226095,0.005435864766935583,1.0,1.0
15.653266666666667,TM,8.0,0.0,121,0.9871860946332168,0.0,0.012813905366783174,0.9818451310519078,0.0,0.01815486894809215,0.01815486894809215,0.012813905366783174,0.005340963581308977,1.0,1.0
15.6552,TM,8.0,0.0,121,0.9872785905340038,0.0,0.012721409465996203,0.9820306716254202,0.0,0.017969328374579763,0.017969328374579763,0.012721409465996203,0.00524791890858356,1.0,1.0
15.657133333333334,TM,8.0,0.0,121,0.9873685976706369,0.0,0.012631402329363106,0.9822119258901902,0.0,0.01778807410980976,0.01778807410980976,0.012631402329363106,0.005156671780446653,1.0,1.0
15.659066666666668,TM,8.0,0.0,121,0.9874561822301416,0.0,0.012543817769858356,0.9823890168968095,0.0,0.017610983103190536,0.017610983103190536,0.012543817769858356,0.00506716533333218,1.0,1.0
15.661,TM,8.0,0.0,121,0.987541407929403,0.0,0.012458592070596963,0.9825620632340033,0.0,0.017437936765996698,0.017437936765996698,0.012458592070596963,0.0049793446953997345,1.0,1.0
15.662933333333333,TM,8.0,0.0,121,0.9876243361136586,0.0,0.01237566388634137,0.982731179231904,0.0,0.017268820768095994,0.017268820768095994,0.01237566388634137,0.004893156881754623,1.0,1.0
15.664866666666667,TM,8.0,0.0,121,0.9877050258501416,0.0,0.012294974149858362,0.9828964751534022,0.0,0.01710352484659783,0.01710352484659783,0.012294974149858362,0.0048085506967394664,1.0,1.0
15.6668,TM,8.0,0.0,121,0.987783534017218,0.0,0.012216465982782032,0.9830580573744657,0.0,0.01694194262553428,0.01694194262553428,0.012216465982782032,0.0047254766427522465,1.0,1.0
15.668733333333334,TM,8.0,0.0,121,0.9878599153891819,0.0,0.012140084610818058,0.983216028554118,0.0,0.01678397144588195,0.01678397144588195,0.012140084610818058,0.004643886835063893,1.0,1.0
15.670666666666667,TM,8.0,0.0,121,0.9879342227170137,0.0,0.0120657772829863,0.9833704877949527,0.0,0.01662951220504727,0.01662951220504727,0.0120657772829863,0.004563734922060969,1.0,1.0
15.672600000000001,TM,8.0,0.0,121,0.9880065068052784,0.0,0.01199349319472165,0.9835215307947873,0.0,0.016478469205212676,0.016478469205212676,0.01199349319472165,0.004484976010491026,1.0,1.0
15.674533333333335,TM,8.0,0.0,121,0.9880768165853031,0.0,0.011923183414696892,0.9836692499900863,0.0,0.016330750009913686,0.016330750009913686,0.011923183414696892,0.004407566595216794,1.0,1.0
15.676466666666666,TM,8.0,0.0,121,0.9881451991849299,0.0,0.011854800815070066,0.9838137346917144,0.0,0.016186265308285597,0.016186265308285597,0.011854800815070066,0.004331464493215531,1.0,1.0
15.6784,TM,8.0,0.0,121,0.9882116999949411,0.0,0.011788300005058927,0.983955071213615,0.0,0.01604492878638497,0.01604492878638497,0.011788300005058927,0.004256628781326044,1.0,1.0
15.680333333333333,TM,8.0,0.0,121,0.9882763627322948,0.0,0.0117236372677052,0.9840933429947363,0.0,0.015906657005263725,0.015906657005263725,0.0117236372677052,0.004183019737558524,1.0,1.0
15.682266666666667,TM,8.0,0.0,121,0.9883392295004267,0.0,0.011660770499573259,0.9842286307148383,0.0,0.01577136928516165,0.01577136928516165,0.011660770499573259,0.004110598785588393,1.0,1.0
15.6842,TM,8.0,0.0,121,0.9884003408466872,0.0,0.011599659153312847,0.9843610124044458,0.0,0.015638987595554155,0.015638987595554155,0.011599659153312847,0.004039328442241308,1.0,1.0
15.686133333333334,TM,8.0,0.0,121,0.9884597358170386,0.0,0.01154026418296139,0.9844905635493428,0.0,0.015509436450657166,0.015509436450657166,0.01154026418296139,0.003969172267695775,1.0,1.0
15.688066666666668,TM,8.0,0.0,121,0.988517452008211,0.0,0.01148254799178905,0.9846173571899942,0.0,0.015382642810005787,0.015382642810005787,0.01148254799178905,0.003900094818216737,1.0,1.0
15.690000000000001,TM,8.0,0.0,121,0.9885735256173807,0.0,0.011426474382619345,0.9847414640161882,0.0,0.015258535983811772,0.015258535983811772,0.011426474382619345,0.003832061601192427,1.0,1.0
15.691933333333333,TM,8.0,0.0,121,0.9886279914894884,0.0,0.011372008510511566,0.9848629524571483,0.0,0.015137047542851723,0.015137047542851723,0.011372008510511566,0.003765039032340156,1.0,1.0
15.693866666666667,TM,8.0,0.0,121,0.9886808831623737,0.0,0.01131911683762632,0.9849818887674868,0.0,0.015018111232513176,0.015018111232513176,0.01131911683762632,0.0036989943948868564,1.0,1.0
15.6958,TM,8.0,0.0,121,0.9887322329096937,0.0,0.011267767090306302,0.9850983371090787,0.0,0.014901662890921319,0.014901662890921319,0.011267767090306302,0.003633895800615017,1.0,1.0
15.697733333333334,TM,8.0,0.0,121,0.9887820717818807,0.0,0.011217928218119289,0.9852123596293038,0.0,0.014787640370696242,0.014787640370696242,0.011217928218119289,0.0035697121525769537,1.0,1.0
15.699666666666667,TM,8.0,0.0,121,0.9888304296451074,0.0,0.011169570354892633,0.985324016535661,0.0,0.01467598346433896,0.01467598346433896,0.011169570354892633,0.003506413109446327,1.0,1.0
15.701600000000001,TM,8.0,0.0,121,0.9888773352183947,0.0,0.011122664781605285,0.9854333661671012,0.0,0.014566633832898801,0.014566633832898801,0.011122664781605285,0.003443969051293516,1.0,1.0
15.703533333333334,TM,8.0,0.0,121,0.9889228161089538,0.0,0.011077183891046172,0.9855404650621779,0.0,0.01445953493782215,0.01445953493782215,0.011077183891046172,0.0033823510467759776,1.0,1.0
15.705466666666666,TM,8.0,0.0,121,0.9889668988458068,0.0,0.011033101154193203,0.9856453680242372,0.0,0.01435463197576281,0.01435463197576281,0.011033101154193203,0.003321530821569607,1.0,1.0
15.7074,TM,8.0,0.0,121,0.9890096089117605,0.0,0.010990391088239515,0.9857481281837578,0.0,0.014251871816242212,0.014251871816242212,0.010990391088239515,0.003261480728002697,1.0,1.0
15.709333333333333,TM,8.0,0.0,121,0.9890509707738522,0.0,0.010949029226147822,0.9858487970580472,0.0,0.014151202941952823,0.014151202941952823,0.010949029226147822,0.003202173715805001,1.0,1.0
15.711266666666667,TM,8.0,0.0,121,0.9890910079122448,0.0,0.010908992087755198,0.9859474246083764,0.0,0.014052575391623634,0.014052575391623634,0.010908992087755198,0.0031435833038684358,1.0,1.0
15.7132,TM,8.0,0.0,121,0.9891297428477042,0.0,0.010870257152295837,0.9860440592947255,0.0,0.013955940705274505,0.013955940705274505,0.010870257152295837,0.0030856835529786686,1.0,1.0
15.715133333333334,TM,8.0,0.0,121,0.9891671971676866,0.0,0.01083280283231336,0.9861387481282464,0.0,0.013861251871753577,0.013861251871753577,0.01083280283231336,0.0030284490394402175,1.0,1.0
15.717066666666668,TM,8.0,0.0,121,0.9892033915510612,0.0,0.010796608448938816,0.9862315367215303,0.0,0.0137684632784697,0.0137684632784697,0.010796608448938816,0.0029718548295308844,1.0,1.0
15.719000000000001,TM,8.0,0.0,121,0.989238345791595,0.0,0.010761654208405025,0.9863224693368499,0.0,0.01367753066315014,0.01367753066315014,0.010761654208405025,0.0029158764547451144,1.0,1.0
15.720933333333333,TM,8.0,0.0,121,0.9892720788201498,0.0,0.01072792117985022,0.9864115889324077,0.0,0.013588411067592343,0.013588411067592343,0.01072792117985022,0.0028604898877421236,1.0,1.0
15.722866666666667,TM,8.0,0.0,121,0.9893046087256986,0.0,0.010695391274301413,0.986498937206721,0.0,0.013501062793279006,0.013501062793279006,0.010695391274301413,0.0028056715189775927,1.0,1.0
15.7248,TM,8.0,0.0,121,0.9893359527752028,0.0,0.01066404722479719,0.9865845546412506,0.0,0.01341544535874939,0.01341544535874939,0.01066404722479719,0.0027513981339521987,1.0,1.0
15.726733333333334,TM,8.0,0.0,121,0.9893661274323421,0.0,0.01063387256765791,0.9866684805412916,0.0,0.013331519458708363,0.013331519458708363,0.01063387256765791,0.0026976468910504536,1.0,1.0
15.728666666666667,TM,8.0,0.0,121,0.9893951483751848,0.0,0.01060485162481517,0.9867507530753024,0.0,0.013249246924697644,0.013249246924697644,0.01060485162481517,0.002644395299882474,1.0,1.0
15.7306,TM,8.0,0.0,121,0.9894230305127834,0.0,0.010576969487216648,0.9868314093126176,0.0,0.013168590687382409,0.013168590687382409,0.010576969487216648,0.0025916212001657613,1.0,1.0
15.732533333333334,TM,8.0,0.0,121,0.9894497880007802,0.0,0.010550211999219794,0.9869104852597594,0.0,0.01308951474024056,0.01308951474024056,0.010550211999219794,0.002539302741020766,1.0,1.0
15.734466666666666,TM,8.0,0.0,121,0.9894754342560024,0.0,0.010524565743997627,0.9869880158953112,0.0,0.013011984104688845,0.013011984104688845,0.010524565743997627,0.002487418360691218,1.0,1.0
15.7364,TM,8.0,0.0,121,0.9894999819700929,0.0,0.010500018029907077,0.9870640352034185,0.0,0.012935964796581545,0.012935964796581545,0.010500018029907077,0.0024359467666744683,1.0,1.0
15.738333333333333,TM,8.0,0.0,121,0.9895234431222152,0.0,0.010476556877784815,0.9871385762060857,0.0,0.012861423793914306,0.012861423793914306,0.010476556877784815,0.002384866916129491,1.0,1.0
15.740266666666667,TM,8.0,0.0,121,0.9895458289908259,0.0,0.010454171009174118,0.9872116709941426,0.0,0.012788329005857357,0.012788329005857357,0.010454171009174118,0.0023341579966832393,1.0,1.0
15.7422,TM,8.0,0.0,121,0.9895671501645532,0.0,0.010432849835446789,0.9872833507571329,0.0,0.012716649242867084,0.012716649242867084,0.010432849835446789,0.002283799407420295,1.0,1.0
15.744133333333334,TM,8.0,0.0,121,0.9895874165522018,0.0,0.010412583447798163,0.9873536458120143,0.0,0.012646354187985653,0.012646354187985653,0.010412583447798163,0.0022337707401874907,1.0,1.0
15.746066666666668,TM,8.0,0.0,121,0.9896066373918944,0.0,0.010393362608105639,0.9874225856307979,0.0,0.012577414369202122,0.012577414369202122,0.010393362608105639,0.002184051761096484,1.0,1.0
15.748000000000001,TM,8.0,0.0,121,0.9896248212593467,0.0,0.010375178740653301,0.987490198867187,0.0,0.01250980113281297,0.01250980113281297,0.010375178740653301,0.0021346223921596685,1.0,1.0
15.749933333333333,TM,8.0,0.0,121,0.9896419760753474,0.0,0.01035802392465257,0.9875565133821899,0.0,0.01244348661781014,0.01244348661781014,0.01035802392465257,0.0020854626931575693,1.0,1.0
15.751866666666666,TM,8.0,0.0,121,0.9896581091123583,0.0,0.010341890887641703,0.9876215562688101,0.0,0.012378443731189903,0.012378443731189903,0.010341890887641703,0.0020365528435482005,1.0,1.0
15.7538,TM,8.0,0.0,121,0.9896732270003636,0.0,0.010326772999636358,0.9876853538758279,0.0,0.012314646124172102,0.012314646124172102,0.010326772999636358,0.001987873124535744,1.0,1.0
15.755733333333334,TM,8.0,0.0,121,0.9896873357318385,0.0,0.010312664268161464,0.9877479318307001,0.0,0.012252068169299912,0.012252068169299912,0.010312664268161464,0.0019394039011384478,1.0,1.0
15.757666666666667,TM,8.0,0.0,121,0.989700440666007,0.0,0.010299559333992958,0.9878093150616577,0.0,0.0121906849383423,0.0121906849383423,0.010299559333992958,0.0018911256043493418,1.0,1.0
15.7596,TM,8.0,0.0,121,0.9897125465321978,0.0,0.010287453467802243,0.9878695278189579,0.0,0.012130472181042129,0.012130472181042129,0.010287453467802243,0.0018430187132398856,1.0,1.0
15.761533333333334,TM,8.0,0.0,121,0.9897236574325056,0.0,0.010276342567494434,0.9879285936954045,0.0,0.012071406304595467,0.012071406304595467,0.010276342567494434,0.0017950637371010325,1.0,1.0
15.763466666666668,TM,8.0,0.0,121,0.9897337768435941,0.0,0.010266223156405907,0.9879865356461481,0.0,0.012013464353851866,0.012013464353851866,0.010266223156405907,0.001747241197445959,1.0,1.0
15.7654,TM,8.0,0.0,121,0.9897429076177204,0.0,0.010257092382279565,0.9880433760077141,0.0,0.01195662399228592,0.01195662399228592,0.010257092382279565,0.0016995316100063551,1.0,1.0
15.767333333333333,TM,8.0,0.0,121,0.9897510519829822,0.0,0.010248948017017812,0.9880991365164096,0.0,0.01190086348359043,0.01190086348359043,0.010248948017017812,0.0016519154665726177,1.0,1.0
15.769266666666667,TM,8.0,0.0,121,0.989758211542738,0.0,0.01024178845726198,0.988153838326073,0.0,0.011846161673927047,0.011846161673927047,0.01024178845726198,0.001604373216665067,1.0,1.0
15.7712,TM,8.0,0.0,121,0.989764387274246,0.0,0.010235612725754017,0.9882075020251657,0.0,0.011792497974834282,0.011792497974834282,0.010235612725754017,0.0015568852490802643,1.0,1.0
15.773133333333334,TM,8.0,0.0,121,0.9897695795264541,0.0,0.010230420473545943,0.9882601476532831,0.0,0.011739852346716928,0.011739852346716928,0.010230420473545943,0.0015094318731709855,1.0,1.0
15.775066666666667,TM,8.0,0.0,121,0.9897737880170066,0.0,0.01022621198299345,0.9883117947170965,0.0,0.011688205282903485,0.011688205282903485,0.01022621198299345,0.001461993299910036,1.0,1.0
15.777000000000001,TM,8.0,0.0,121,0.9897770118283846,0.0,0.010222988171615377,0.9883624622057032,0.0,0.01163753779429677,0.01163753779429677,0.010222988171615377,0.0014145496226813936,1.0,1.0
15.778933333333335,TM,8.0,0.0,121,0.9897792494032199,0.0,0.01022075059678007,0.9884121686054975,0.0,0.011587831394502479,0.011587831394502479,0.01022075059678007,0.0013670807977224086,1.0,1.0
15.780866666666666,TM,8.0,0.0,121,0.9897804985387194,0.0,0.010219501461280589,0.9884609319144447,0.0,0.01153906808555527,0.01153906808555527,0.010219501461280589,0.0013195666242746817,1.0,1.0
15.7828,TM,8.0,0.0,121,0.9897807563802397,0.0,0.010219243619760343,0.9885087696559549,0.0,0.01149123034404509,0.01149123034404509,0.010219243619760343,0.001271986724284746,1.0,1.0
15.784733333333334,TM,8.0,0.0,121,0.9897800194139359,0.0,0.010219980586064104,0.9885556988921962,0.0,0.011444301107803811,0.011444301107803811,0.010219980586064104,0.001224320521739708,1.0,1.0
15.786666666666667,TM,8.0,0.0,121,0.9897782834585003,0.0,0.010221716541499726,0.9886017362370051,0.0,0.011398263762994909,0.011398263762994909,0.010221716541499726,0.0011765472214951833,1.0,1.0
15.7886,TM,8.0,0.0,121,0.9897755436559564,0.0,0.010224456344043564,0.9886468978683115,0.0,0.011353102131688497,0.011353102131688497,0.010224456344043564,0.001128645787644933,1.0,1.0
15.790533333333334,TM,8.0,0.0,121,0.9897717944614763,0.0,0.01022820553852366,0.9886911995401838,0.0,0.011308800459816193,0.011308800459816193,0.01022820553852366,0.0010805949212925325,1.0,1.0
15.792466666666668,TM,8.0,0.0,121,0.989767029632196,0.0,0.010232970367804017,0.9887346565944077,0.0,0.011265343405592265,0.011265343405592265,0.010232970367804017,0.0010323730377882478,1.0,1.0
15.7944,TM,8.0,0.0,121,0.9897612422150129,0.0,0.010238757784987063,0.9887772839717307,0.0,0.011222716028269297,0.011222716028269297,0.010238757784987063,0.0009839582432822347,1.0,1.0
15.796333333333333,TM,8.0,0.0,121,0.9897544245333078,0.0,0.010245575466692247,0.9888190962226721,0.0,0.011180903777327944,0.011180903777327944,0.010245575466692247,0.0009353283106356969,1.0,1.0
15.798266666666667,TM,8.0,0.0,121,0.9897465681725706,0.0,0.010253431827429438,0.9888601075179998,0.0,0.011139892482000202,0.011139892482000202,0.010253431827429438,0.0008864606545707643,1.0,1.0
15.8002,TM,8.0,0.0,121,0.9897376639648581,0.0,0.010262336035141928,0.988900331658816,0.0,0.011099668341184032,0.011099668341184032,0.010262336035141928,0.0008373323060421045,1.0,1.0
15.802133333333334,TM,8.0,0.0,121,0.9897277019721319,0.0,0.01027229802786811,0.9889397820863584,0.0,0.011060217913641646,0.011060217913641646,0.01027229802786811,0.0007879198857735359,1.0,1.0
15.804066666666667,TM,8.0,0.0,121,0.9897166714682994,0.0,0.010283328531700553,0.9889784718914107,0.0,0.011021528108589251,0.011021528108589251,0.010283328531700553,0.0007381995768886984,1.0,1.0
15.806000000000001,TM,8.0,0.0,121,0.9897045609200141,0.0,0.010295439079985869,0.9890164138234282,0.0,0.010983586176571802,0.010983586176571802,0.010295439079985869,0.0006881470965859338,1.0,1.0
15.807933333333335,TM,8.0,0.0,121,0.9896913579661387,0.0,0.010308642033861282,0.9890536202993496,0.0,0.010946379700650377,0.010946379700650377,0.010308642033861282,0.0006377376667890955,1.0,1.0
15.809866666666666,TM,8.0,0.0,121,0.9896770493958108,0.0,0.010322950604189196,0.9890901034121073,0.0,0.010909896587892653,0.010909896587892653,0.010322950604189196,0.0005869459837034574,1.0,1.0
15.8118,TM,8.0,0.0,121,0.9896616211250715,0.0,0.0103383788749285,0.9891258749388575,0.0,0.010874125061142492,0.010874125061142492,0.0103383788749285,0.0005357461862139923,1.0,1.0
15.813733333333333,TM,8.0,0.0,121,0.9896450581719718,0.0,0.010354941828028208,0.9891609463489193,0.0,0.010839053651080732,0.010839053651080732,0.010354941828028208,0.0004841118230525243,1.0,1.0
15.815666666666667,TM,8.0,0.0,121,0.9896273446300964,0.0,0.010372655369903616,0.9891953288114654,0.0,0.010804671188534565,0.010804671188534565,0.010372655369903616,0.0004320158186309486,1.0,1.0
15.8176,TM,8.0,0.0,121,0.9896084636404442,0.0,0.010391536359555809,0.9892290332029497,0.0,0.010770966797050252,0.010770966797050252,0.010391536359555809,0.0003794304374944435,1.0,1.0
15.819533333333334,TM,8.0,0.0,121,0.9895883973615309,0.0,0.010411602638469075,0.9892620701142495,0.0,0.010737929885750508,0.010737929885750508,0.010411602638469075,0.0003263272472814327,1.0,1.0
15.821466666666668,TM,8.0,0.0,121,0.9895671269377273,0.0,0.010432873062272696,0.9892944498576377,0.0,0.010705550142362297,0.010705550142362297,0.010432873062272696,0.00027267708008960057,1.0,1.0
15.823400000000001,TM,8.0,0.0,121,0.9895446324656226,0.0,0.010455367534377369,0.9893261824734415,0.0,0.010673817526558493,0.010673817526558493,0.010455367534377369,0.00021844999218112449,1.0,1.0
15.825333333333333,TM,8.0,0.0,121,0.9895208929584196,0.0,0.010479107041580393,0.9893572777365249,0.0,0.010642722263475068,0.010642722263475068,0.010479107041580393,0.00016361522189467514,1.0,1.0
15.827266666666667,TM,8.0,0.0,121,0.9894958863081948,0.0,0.01050411369180515,0.9893877451625458,0.0,0.010612254837454205,0.010612254837454205,0.01050411369180515,0.00010814114564905442,1.0,1.0
15.8292,TM,8.0,0.0,121,0.9894695892459251,0.0,0.010530410754074904,0.989417594013973,0.0,0.010582405986027,0.010582405986027,0.010530410754074904,5.1995231952095544e-05,1.0,1.0
15.831133333333334,TM,8.0,0.0,121,0.9894419772991891,0.0,0.010558022700810854,0.9894468333059284,0.0,0.01055316669407158,0.01055316669407158,0.010558022700810854,4.856006739273333e-06,1.0,1.0
15.833066666666667,TM,8.0,0.0,121,0.9894130247473718,0.0,0.010586975252628195,0.9894754718118227,0.0,0.010524528188177285,0.010524528188177285,0.010586975252628195,6.244706445091008e-05,1.0,1.0
15.835,TM,8.0,0.0,121,0.9893827045742823,0.0,0.010617295425717654,0.9895035180687806,0.0,0.010496481931219437,0.010496481931219437,0.010617295425717654,0.00012081349449821754,1.0,1.0
15.836933333333334,TM,8.0,0.0,121,0.9893509884179846,0.0,0.010649011582015366,0.9895309803828825,0.0,0.010469019617117548,0.010469019617117548,0.010649011582015366,0.00017999196489781877,1.0,1.0
15.838866666666668,TM,8.0,0.0,121,0.9893178465177643,0.0,0.010682153482235668,0.989557866834265,0.0,0.010442133165734946,0.010442133165734946,0.010682153482235668,0.00024002031650072198,1.0,1.0
15.8408,TM,8.0,0.0,121,0.9892832476579845,0.0,0.010716752342015523,0.989584185281975,0.0,0.010415814718024996,0.010415814718024996,0.010716752342015523,0.00030093762399052704,1.0,1.0
15.842733333333333,TM,8.0,0.0,121,0.9892471591087008,0.0,0.010752840891299242,0.9896099433687098,0.0,0.010390056631290223,0.010390056631290223,0.010752840891299242,0.0003627842600090192,1.0,1.0
15.844666666666667,TM,8.0,0.0,121,0.9892095465628412,0.0,0.010790453437158787,0.9896351485253637,0.0,0.010364851474636283,0.010364851474636283,0.010790453437158787,0.0004256019625225038,1.0,1.0
15.8466,TM,8.0,0.0,121,0.9891703740697276,0.0,0.010829625930272369,0.9896598079754053,0.0,0.010340192024594685,0.010340192024594685,0.010829625930272369,0.0004894339056776831,1.0,1.0
15.848533333333334,TM,8.0,0.0,121,0.989129603964755,0.0,0.010870396035244978,0.9896839287391412,0.0,0.010316071260858761,0.010316071260858761,0.010870396035244978,0.0005543247743862167,1.0,1.0
15.850466666666668,TM,8.0,0.0,121,0.9890871967949718,0.0,0.010912803205028188,0.9897075176377638,0.0,0.010292482362236233,0.010292482362236233,0.010912803205028188,0.0006203208427919549,1.0,1.0
15.852400000000001,TM,8.0,0.0,121,0.9890431112403071,0.0,0.010956888759692918,0.9897305812973038,0.0,0.010269418702696154,0.010269418702696154,0.010956888759692918,0.000687470056996764,1.0,1.0
15.854333333333333,TM,8.0,0.0,121,0.9889973040302132,0.0,0.011002695969786758,0.9897531261524016,0.0,0.01024687384759837,0.01024687384759837,0.011002695969786758,0.0007558221221883876,1.0,1.0
15.856266666666667,TM,8.0,0.0,121,0.988949729855412,0.0,0.011050270144588037,0.9897751584499557,0.0,0.010224841550044328,0.010224841550044328,0.011050270144588037,0.000825428594543709,1.0,1.0
15.8582,TM,8.0,0.0,121,0.9889003412744384,0.0,0.011099658725561623,0.9897966842526346,0.0,0.010203315747365438,0.010203315747365438,0.011099658725561623,0.0008963429781961851,1.0,1.0
15.860133333333334,TM,8.0,0.0,121,0.9888490886146708,0.0,0.011150911385329199,0.9898177094422412,0.0,0.010182290557758766,0.010182290557758766,0.011150911385329199,0.0009686208275704322,1.0,1.0
15.862066666666667,TM,8.0,0.0,121,0.9887959198675033,0.0,0.011204080132496741,0.9898382397229554,0.0,0.01016176027704463,0.01016176027704463,0.011204080132496741,0.0010423198554521118,1.0,1.0
15.864,TM,8.0,0.0,121,0.9887407805772596,0.0,0.01125921942274044,0.9898582806244497,0.0,0.010141719375550307,0.010141719375550307,0.01125921942274044,0.0011175000471901342,1.0,1.0
15.865933333333334,TM,8.0,0.0,121,0.9886836137234702,0.0,0.011316386276529755,0.989877837504875,0.0,0.010122162495124987,0.010122162495124987,0.011316386276529755,0.0011942237814047685,1.0,1.0
15.867866666666668,TM,8.0,0.0,121,0.988624359596072,0.0,0.011375640403928022,0.9898969155537188,0.0,0.010103084446281163,0.010103084446281163,0.011375640403928022,0.0012725559576468592,1.0,1.0
15.8698,TM,8.0,0.0,121,0.9885629556630886,0.0,0.011437044336911395,0.9899155197945677,0.0,0.010084480205432289,0.010084480205432289,0.011437044336911395,0.001352564131479106,1.0,1.0
15.871733333333333,TM,8.0,0.0,121,0.9884993364302451,0.0,0.011500663569754876,0.9899336550877033,0.0,0.010066344912296743,0.010066344912296743,0.011500663569754876,0.0014343186574581335,1.0,1.0
15.873666666666667,TM,8.0,0.0,121,0.9884334332920667,0.0,0.011566566707933323,0.989951326132654,0.0,0.01004867386734598,0.01004867386734598,0.011566566707933323,0.0015178928405873426,1.0,1.0
15.8756,TM,8.0,0.0,121,0.9883651743738063,0.0,0.011634825626193668,0.9899685374705683,0.0,0.010031462529431656,0.010031462529431656,0.011634825626193668,0.0016033630967620116,1.0,1.0
15.877533333333334,TM,8.0,0.0,121,0.9882944843636617,0.0,0.01170551563633826,0.989985293486515,0.0,0.010014706513485017,0.010014706513485017,0.01170551563633826,0.001690809122853243,1.0,1.0
15.879466666666668,TM,8.0,0.0,121,0.9882212843345536,0.0,0.011778715665446415,0.9900015984116558,0.0,0.009998401588344197,0.009998401588344197,0.011778715665446415,0.0017803140771022186,1.0,1.0
15.881400000000001,TM,8.0,0.0,121,0.9881454915548334,0.0,0.011854508445166556,0.9900174563253251,0.0,0.009982543674674882,0.009982543674674882,0.011854508445166556,0.0018719647704916742,1.0,1.0
15.883333333333333,TM,8.0,0.0,121,0.9880670192871095,0.0,0.011932980712890506,0.9900328711570027,0.0,0.00996712884299733,0.00996712884299733,0.011932980712890506,0.001965851869893176,1.0,1.0
15.885266666666666,TM,8.0,0.0,121,0.9879857765743825,0.0,0.012014223425617532,0.9900478466881615,0.0,0.009952153311838519,0.009952153311838519,0.012014223425617532,0.002062070113779013,1.0,1.0
15.8872,TM,8.0,0.0,121,0.9879016680126455,0.0,0.01209833198735455,0.990062386554052,0.0,0.009937613445948013,0.009937613445948013,0.01209833198735455,0.0021607185414065366,1.0,1.0
15.889133333333334,TM,8.0,0.0,121,0.98781459350897,0.0,0.012185406491029949,0.9900764942453523,0.0,0.009923505754647732,0.009923505754647732,0.012185406491029949,0.0022619007363822163,1.0,1.0
15.891066666666667,TM,8.0,0.0,121,0.9877244480240785,0.0,0.01227555197592145,0.9900901731097278,0.0,0.0099098268902722,0.0099098268902722,0.01227555197592145,0.0023657250856492507,1.0,1.0
15.893,TM,8.0,0.0,121,0.9876311212983319,0.0,0.01236887870166814,0.9901034263532938,0.0,0.009896573646706153,0.009896573646706153,0.01236887870166814,0.0024723050549619874,1.0,1.0
15.894933333333334,TM,8.0,0.0,121,0.9875344975599366,0.0,0.012465502440063392,0.990116257041997,0.0,0.009883742958002983,0.009883742958002983,0.012465502440063392,0.0025817594820604084,1.0,1.0
15.896866666666668,TM,8.0,0.0,121,0.9874344552141152,0.0,0.012565544785884786,0.990128668102852,0.0,0.00987133189714795,0.00987133189714795,0.012565544785884786,0.0026942128887368355,1.0,1.0
15.8988,TM,8.0,0.0,121,0.987330866511934,0.0,0.012669133488065976,0.9901406623251603,0.0,0.009859337674839708,0.009859337674839708,0.012669133488065976,0.002809795813226268,1.0,1.0
15.900733333333333,TM,8.0,0.0,121,0.9872235971972293,0.0,0.012776402802770703,0.9901522423615357,0.0,0.00984775763846435,0.00984775763846435,0.012776402802770703,0.002928645164306354,1.0,1.0
15.902666666666667,TM,8.0,0.0,121,0.9871125061302002,0.0,0.012887493869799815,0.9901634107289293,0.0,0.009836589271070673,0.009836589271070673,0.012887493869799815,0.0030509045987291428,1.0,1.0
15.9046,TM,8.0,0.0,121,0.986997444885865,0.0,0.01300255511413495,0.9901741698094919,0.0,0.00982583019050809,0.00982583019050809,0.01300255511413495,0.0031767249236268613,1.0,1.0
15.906533333333334,TM,8.0,0.0,121,0.9868782573256651,0.0,0.013121742674334858,0.9901845218513734,0.0,0.0098154781486266,0.0098154781486266,0.013121742674334858,0.003306264525708258,1.0,1.0
15.908466666666667,TM,8.0,0.0,121,0.9867547791402,0.0,0.013245220859799955,0.9901944689694272,0.0,0.0098055310305728,0.0098055310305728,0.013245220859799955,0.003439689829227155,1.0,1.0
15.910400000000001,TM,8.0,0.0,121,0.9866268373610523,0.0,0.013373162638947722,0.9902040131458043,0.0,0.009795986854195693,0.009795986854195693,0.013373162638947722,0.003577175784752029,1.0,1.0
15.912333333333335,TM,8.0,0.0,121,0.9864942498394543,0.0,0.013505750160545671,0.9902131562304717,0.0,0.00978684376952832,0.00978684376952832,0.013505750160545671,0.0037189063910173514,1.0,1.0
15.914266666666666,TM,8.0,0.0,121,0.98635682468933,0.0,0.013643175310670053,0.9902218999416255,0.0,0.00977810005837454,0.00977810005837454,0.013643175310670053,0.0038650752522955134,1.0,1.0
15.9162,TM,8.0,0.0,121,0.9862143596922042,0.0,0.013785640307795832,0.9902302458660085,0.0,0.009769754133991504,0.009769754133991504,0.013785640307795832,0.004015886173804328,1.0,1.0
15.918133333333333,TM,8.0,0.0,121,0.9860666416611367,0.0,0.013933358338863333,0.9902381954591392,0.0,0.009761804540860841,0.009761804540860841,0.013933358338863333,0.004171553798002492,1.0,1.0
15.920066666666667,TM,8.0,0.0,121,0.9859134457607156,0.0,0.014086554239284399,0.9902457500454355,0.0,0.009754249954564531,0.009754249954564531,0.014086554239284399,0.004332304284719868,1.0,1.0
15.922,TM,8.0,0.0,121,0.9857545347798932,0.0,0.014245465220106834,0.9902529108182515,0.0,0.009747089181748492,0.009747089181748492,0.014245465220106834,0.004498376038358343,1.0,1.0
15.923933333333334,TM,8.0,0.0,121,0.9855896583542538,0.0,0.014410341645746172,0.990259678839805,0.0,0.009740321160194965,0.009740321160194965,0.014410341645746172,0.004670020485551207,1.0,1.0
15.925866666666668,TM,8.0,0.0,121,0.9854185521340244,0.0,0.014581447865975594,0.9902660550410257,0.0,0.009733944958974283,0.009733944958974283,0.014581447865975594,0.004847502907001311,1.0,1.0
15.927800000000001,TM,8.0,0.0,121,0.9852409368937892,0.0,0.014759063106210779,0.9902720402212639,0.0,0.009727959778736084,0.009727959778736084,0.014759063106210779,0.005031103327474695,1.0,1.0
15.929733333333333,TM,8.0,0.0,121,0.9850565175798539,0.0,0.014943482420146093,0.9902776350479598,0.0,0.009722364952040152,0.009722364952040152,0.014943482420146093,0.00522111746810594,1.0,1.0
15.931666666666667,TM,8.0,0.0,121,0.9848649822904882,0.0,0.015135017709511756,0.9902828400561379,0.0,0.00971715994386213,0.00971715994386213,0.015135017709511756,0.005417857765649625,1.0,1.0
15.9336,TM,8.0,0.0,121,0.984666001184361,0.0,0.015333998815639016,0.9902876556478596,0.0,0.009712344352140412,0.009712344352140412,0.015333998815639016,0.005621654463498604,1.0,1.0
15.935533333333334,TM,8.0,0.0,121,0.9844592253118288,0.0,0.015540774688171166,0.9902920820915257,0.0,0.00970791790847425,0.00970791790847425,0.015540774688171166,0.0058328567796969155,1.0,1.0
15.937466666666667,TM,8.0,0.0,121,0.984244285363469,0.0,0.015755714636531026,0.9902961195210959,0.0,0.009703880478904137,0.009703880478904137,0.015755714636531026,0.00605183415762689,1.0,1.0
15.939400000000001,TM,8.0,0.0,121,0.984020790329889,0.0,0.015979209670111016,0.9902997679351886,0.0,0.00970023206481141,0.00970023206481141,0.015979209670111016,0.006278977605299607,1.0,1.0
15.941333333333334,TM,8.0,0.0,121,0.9837883260661644,0.0,0.016211673933835602,0.990303027196056,0.0,0.009696972803943993,0.009696972803943993,0.016211673933835602,0.006514701129891609,1.0,1.0
15.943266666666666,TM,8.0,0.0,121,0.9835464537539874,0.0,0.016453546246012585,0.9903058970284719,0.0,0.009694102971528062,0.009694102971528062,0.016453546246012585,0.006759443274484522,1.0,1.0
15.9452,TM,8.0,0.0,121,0.9832947082538476,0.0,0.01670529174615243,0.9903083770184731,0.0,0.009691622981526926,0.009691622981526926,0.01670529174615243,0.0070136687646255025,1.0,1.0
15.947133333333333,TM,8.0,0.0,121,0.9830325963389112,0.0,0.016967403661088842,0.9903104666119944,0.0,0.0096895333880056,0.0096895333880056,0.016967403661088842,0.007277870273083242,1.0,1.0
15.949066666666667,TM,8.0,0.0,121,0.9827595948014897,0.0,0.017240405198510333,0.9903121651133716,0.0,0.009687834886628388,0.009687834886628388,0.017240405198510333,0.007552570311881945,1.0,1.0
15.951,TM,8.0,0.0,121,0.9824751484221225,0.0,0.01752485157787753,0.9903134716837232,0.0,0.00968652831627681,0.00968652831627681,0.01752485157787753,0.007838323261600721,1.0,1.0
15.952933333333334,TM,8.0,0.0,121,0.9821786677899873,0.0,0.017821332210012697,0.9903143853391929,0.0,0.009685614660807085,0.009685614660807085,0.017821332210012697,0.008135717549205612,1.0,1.0
15.954866666666668,TM,8.0,0.0,121,0.981869526962237,0.0,0.01813047303776305,0.9903149049490618,0.0,0.009685095050938175,0.009685095050938175,0.01813047303776305,0.008445377986824876,1.0,1.0
15.956800000000001,TM,8.0,0.0,121,0.9815470609479157,0.0,0.01845293905208434,0.990315029233716,0.0,0.009684970766284051,0.009684970766284051,0.01845293905208434,0.008767968285800287,1.0,1.0
15.958733333333333,TM,8.0,0.0,121,0.9812105630002733,0.0,0.018789436999726683,0.9903147567624778,0.0,0.009685243237522179,0.009685243237522179,0.018789436999726683,0.009104193762204504,1.0,1.0
15.960666666666667,TM,8.0,0.0,121,0.9808592816985346,0.0,0.019140718301465354,0.9903140859512654,0.0,0.009685914048734645,0.009685914048734645,0.019140718301465354,0.009454804252730709,1.0,1.0
15.9626,TM,8.0,0.0,121,0.9804924177970178,0.0,0.01950758220298221,0.9903130150601341,0.0,0.009686984939865861,0.009686984939865861,0.01950758220298221,0.009820597263116349,1.0,1.0
15.964533333333334,TM,8.0,0.0,121,0.9801091208153299,0.0,0.01989087918467014,0.9903115421906132,0.0,0.009688457809386763,0.009688457809386763,0.01989087918467014,0.010202421375283377,1.0,1.0
15.966466666666667,TM,8.0,0.0,121,0.9797084853383397,0.0,0.020291514661660348,0.9903096652829244,0.0,0.009690334717075588,0.009690334717075588,0.020291514661660348,0.01060117994458476,1.0,1.0
15.9684,TM,8.0,0.0,121,0.979289546988035,0.0,0.020710453011964947,0.9903073821129805,0.0,0.009692617887019472,0.009692617887019472,0.020710453011964947,0.011017835124945474,1.0,1.0
15.970333333333334,TM,8.0,0.0,121,0.9788512780213728,0.0,0.02114872197862716,0.9903046902892412,0.0,0.009695309710758826,0.009695309710758826,0.02114872197862716,0.011453412267868335,1.0,1.0
15.972266666666666,TM,8.0,0.0,121,0.9783925824982399,0.0,0.021607417501760096,0.9903015872493597,0.0,0.009698412750640317,0.009698412750640317,0.021607417501760096,0.011909004751119778,1.0,1.0
15.9742,TM,8.0,0.0,121,0.9779122909509899,0.0,0.02208770904901014,0.9902980702566422,0.0,0.009701929743357818,0.009701929743357818,0.02208770904901014,0.012385779305652322,1.0,1.0
15.976133333333333,TM,8.0,0.0,121,0.9774091544720385,0.0,0.022590845527961534,0.9902941363963252,0.0,0.009705863603674758,0.009705863603674758,0.022590845527961534,0.012884981924286776,1.0,1.0
15.978066666666667,TM,8.0,0.0,121,0.9768818381172445,0.0,0.023118161882755506,0.9902897825715972,0.0,0.009710217428402834,0.009710217428402834,0.023118161882755506,0.013407944454352672,1.0,1.0
15.98,TM,8.0,0.0,121,0.9763289135004686,0.0,0.023671086499531424,0.9902850054994436,0.0,0.009714994500556351,0.009714994500556351,0.023671086499531424,0.013956091998975073,1.0,1.0
15.981933333333334,TM,8.0,0.0,121,0.9757488504284614,0.0,0.02425114957153862,0.9902798017062482,0.0,0.009720198293751814,0.009720198293751814,0.02425114957153862,0.014530951277786808,1.0,1.0
15.983866666666668,TM,8.0,0.0,121,0.9751400073938781,0.0,0.024859992606121928,0.9902741675231354,0.0,0.009725832476864649,0.009725832476864649,0.024859992606121928,0.01513416012925728,1.0,1.0
15.985800000000001,TM,8.0,0.0,121,0.9745006207086464,0.0,0.025499379291353597,0.9902680990810959,0.0,0.00973190091890408,0.00973190091890408,0.025499379291353597,0.015767478372449517,1.0,1.0
15.987733333333335,TM,8.0,0.0,121,0.9738287920195631,0.0,0.026171207980436928,0.9902615923058277,0.0,0.009738407694172335,0.009738407694172335,0.026171207980436928,0.016432800286264593,1.0,1.0
15.989666666666666,TM,8.0,0.0,121,0.973122473902652,0.0,0.026877526097347948,0.9902546429122888,0.0,0.009745357087711182,0.009745357087711182,0.026877526097347948,0.017132169009636766,1.0,1.0
15.9916,TM,8.0,0.0,121,0.9723794531849947,0.0,0.027620546815005254,0.9902472463990142,0.0,0.00975275360098582,0.00975275360098582,0.027620546815005254,0.017867793214019434,1.0,1.0
15.993533333333334,TM,8.0,0.0,121,0.97159733159057,0.0,0.028402668409429954,0.990239398042054,0.0,0.009760601957946036,0.009760601957946036,0.028402668409429954,0.01864206645148392,1.0,1.0
15.995466666666667,TM,8.0,0.0,121,0.9707735032545735,0.0,0.029226496745426545,0.9902310928886637,0.0,0.009768907111336267,0.009768907111336267,0.029226496745426545,0.019457589634090278,1.0,1.0
15.9974,TM,8.0,0.0,121,0.9699051285978306,0.0,0.030094871402169376,0.9902223257506193,0.0,0.009777674249380697,0.009777674249380697,0.030094871402169376,0.02031719715278868,1.0,1.0
15.999333333333334,TM,8.0,0.0,121,0.9689891040024603,0.0,0.0310108959975397,0.9902130911971951,0.0,0.009786908802804861,0.009786908802804861,0.0310108959975397,0.02122398719473484,1.0,1.0
16.001266666666666,TM,8.0,0.0,121,0.968022026682635,0.0,0.03197797331736496,0.9902033835477672,0.0,0.009796616452232842,0.009796616452232842,0.03197797331736496,0.022181356865132118,1.0,1.0
16.0032,TM,8.0,0.0,121,0.9670001540998222,0.0,0.03299984590017779,0.9901931968640383,0.0,0.009806803135961717,0.009806803135961717,0.03299984590017779,0.023193042764216076,1.0,1.0
16.005133333333333,TM,8.0,0.0,121,0.9659193572307037,0.0,0.03408064276929634,0.9901825249418309,0.0,0.0098174750581691,0.0098174750581691,0.03408064276929634,0.024263167711127243,1.0,1.0
16.007066666666667,TM,8.0,0.0,121,0.964775066953837,0.0,0.03522493304616303,0.9901713613024733,0.0,0.009828638697526704,0.009828638697526704,0.03522493304616303,0.025396294348636328,1.0,1.0
16.009,TM,8.0,0.0,121,0.9635622127709784,0.0,0.03643778722902158,0.9901596991837127,0.0,0.009840300816287284,0.009840300816287284,0.03643778722902158,0.026597486412734295,1.0,1.0
16.010933333333334,TM,8.0,0.0,121,0.9622751530149074,0.0,0.0377248469850926,0.9901475315301533,0.0,0.009852468469846665,0.009852468469846665,0.0377248469850926,0.027872378515245932,1.0,1.0
16.012866666666667,TM,8.0,0.0,121,0.9609075956004229,0.0,0.03909240439957706,0.990134850983179,0.0,0.009865149016821007,0.009865149016821007,0.03909240439957706,0.029227255382756057,1.0,1.0
16.0148,TM,8.0,0.0,121,0.9594525082369612,0.0,0.040547491763038845,0.9901216498703431,0.0,0.009878350129656877,0.009878350129656877,0.040547491763038845,0.03066914163338197,1.0,1.0
16.016733333333335,TM,8.0,0.0,121,0.9579020168192633,0.0,0.04209798318073665,0.9901079201941871,0.0,0.009892079805812859,0.009892079805812859,0.04209798318073665,0.032205903374923794,1.0,1.0
16.018666666666668,TM,8.0,0.0,121,0.9562472904280104,0.0,0.04375270957198962,0.9900936536204491,0.0,0.009906346379550901,0.009906346379550901,0.04375270957198962,0.03384636319243872,1.0,1.0
16.0206,TM,8.0,0.0,121,0.9544784109857736,0.0,0.04552158901422643,0.9900788414656527,0.0,0.009921158534347274,0.009921158534347274,0.04552158901422643,0.03560043047987915,1.0,1.0
16.022533333333335,TM,8.0,0.0,121,0.9525842251054997,0.0,0.04741577489450033,0.9900634746839865,0.0,0.009936525316013523,0.009936525316013523,0.04741577489450033,0.037479249578486806,1.0,1.0
16.02446666666667,TM,8.0,0.0,121,0.9505521750225283,0.0,0.04944782497747169,0.9900475438534903,0.0,0.009952456146509747,0.009952456146509747,0.04944782497747169,0.03949536883096194,1.0,1.0
16.0264,TM,8.0,0.0,121,0.948368104699493,0.0,0.05163189530050705,0.9900310391614574,0.0,0.009968960838542595,0.009968960838542595,0.05163189530050705,0.04166293446196445,1.0,1.0
16.028333333333332,TM,8.0,0.0,121,0.9460160362215787,0.0,0.053983963778421296,0.990013950389048,0.0,0.009986049610951953,0.009986049610951953,0.053983963778421296,0.04399791416746934,1.0,1.0
16.030266666666666,TM,8.0,0.0,121,0.9434779104334721,0.0,0.05652208956652793,0.9899962668950139,0.0,0.010003733104986146,0.010003733104986146,0.05652208956652793,0.04651835646154179,1.0,1.0
16.0322,TM,8.0,0.0,121,0.9407332843895694,0.0,0.05926671561043062,0.9899779775985109,0.0,0.010022022401489084,0.010022022401489084,0.05926671561043062,0.04924469320894154,1.0,1.0
16.034133333333333,TM,8.0,0.0,121,0.9377589765490129,0.0,0.06224102345098714,0.9899590709609465,0.0,0.010040929039053514,0.010040929039053514,0.06224102345098714,0.05220009441193363,1.0,1.0
16.036066666666667,TM,8.0,0.0,121,0.9345286487030495,0.0,0.06547135129695048,0.9899395349667639,0.0,0.010060465033236099,0.010060465033236099,0.06547135129695048,0.055410886263714376,1.0,1.0
16.038,TM,8.0,0.0,121,0.931012311303574,0.0,0.06898768869642602,0.9899193571031184,0.0,0.010080642896881598,0.010080642896881598,0.06898768869642602,0.05890704579954442,1.0,1.0
16.039933333333334,TM,8.0,0.0,121,0.9271757360723403,0.0,0.07282426392765973,0.9898985243383738,0.0,0.010101475661626225,0.010101475661626225,0.07282426392765973,0.0627227882660335,1.0,1.0
16.041866666666667,TM,8.0,0.0,121,0.9229797564135006,0.0,0.07702024358649939,0.9898770230993122,0.0,0.010122976900687752,0.010122976900687752,0.07702024358649939,0.06689726668581164,1.0,1.0
16.0438,TM,8.0,0.0,121,0.9183794320902419,0.0,0.08162056790975813,0.9898548392470151,0.0,0.010145160752984883,0.010145160752984883,0.08162056790975813,0.07147540715677325,1.0,1.0
16.045733333333335,TM,8.0,0.0,121,0.9133230497263594,0.0,0.08667695027364064,0.9898319580512419,0.0,0.010168041948758089,0.010168041948758089,0.08667695027364064,0.07650890832488255,1.0,1.0
16.047666666666668,TM,8.0,0.0,121,0.9077509248249227,0.0,0.0922490751750773,0.9898083641633197,0.0,0.010191635836680257,0.010191635836680257,0.0922490751750773,0.08205743933839704,1.0,1.0
16.0496,TM,8.0,0.0,121,0.9015939640409169,0.0,0.09840603595908315,0.9897840415873059,0.0,0.01021595841269407,0.01021595841269407,0.09840603595908315,0.08819007754638908,1.0,1.0
16.051533333333335,TM,8.0,0.0,121,0.8947719383989076,0.0,0.10522806160109244,0.9897589736493897,0.0,0.010241026350610305,0.010241026350610305,0.10522806160109244,0.09498703525048213,1.0,1.0
16.05346666666667,TM,8.0,0.0,121,0.8871914091253369,0.0,0.1128085908746631,0.9897331429653908,0.0,0.010266857034609167,0.010266857034609167,0.1128085908746631,0.10254173384005394,1.0,1.0
16.0554,TM,8.0,0.0,121,0.8787432382727758,0.0,0.12125676172722422,0.98970653140615,0.0,0.010293468593850053,0.010293468593850053,0.12125676172722422,0.11096329313337416,1.0,1.0
16.057333333333332,TM,8.0,0.0,121,0.8692996074061926,0.0,0.1307003925938074,0.9896791200607673,0.0,0.010320879939232697,0.010320879939232697,0.1307003925938074,0.1203795126545747,1.0,1.0
16.059266666666666,TM,8.0,0.0,121,0.8587104614892113,0.0,0.14128953851078874,0.9896508891973826,0.0,0.010349110802617356,0.010349110802617356,0.14128953851078874,0.13094042770817138,1.0,1.0
16.0612,TM,8.0,0.0,121,0.8467992958519382,0.0,0.15320070414806175,0.9896218182214491,0.0,0.010378181778550877,0.010378181778550877,0.15320070414806175,0.14282252236951087,1.0,1.0
16.063133333333333,TM,8.0,0.0,121,0.8333582191329854,0.0,0.16664178086701464,0.9895918856311988,0.0,0.01040811436880118,0.01040811436880118,0.16664178086701464,0.15623366649821346,1.0,1.0
16.065066666666667,TM,8.0,0.0,121,0.8181422674510503,0.0,0.18185773254894966,0.9895610689701358,0.0,0.010438931029864151,0.010438931029864151,0.18185773254894966,0.1714188015190855,1.0,1.0
16.067,TM,8.0,0.0,121,0.8008630372364922,0.0,0.19913696276350779,0.9895293447762974,0.0,0.010470655223702607,0.010470655223702607,0.19913696276350779,0.18866630753980518,1.0,1.0
16.068933333333334,TM,8.0,0.0,121,0.7811818841612328,0.0,0.2188181158387672,0.9894966885280181,0.0,0.010503311471981913,0.010503311471981913,0.2188181158387672,0.2083148043667853,1.0,1.0
16.070866666666667,TM,8.0,0.0,121,0.7587032661303167,0.0,0.2412967338696833,0.9894630745859367,0.0,0.010536925414063258,0.010536925414063258,0.2412967338696833,0.23075980845562005,1.0,1.0
16.0728,TM,8.0,0.0,121,0.7329693899448124,0.0,0.2670306100551876,0.9894284761308927,0.0,0.010571523869107313,0.010571523869107313,0.2670306100551876,0.25645908618608027,1.0,1.0
16.074733333333334,TM,8.0,0.0,121,0.703458308535682,0.0,0.29654169146431797,0.9893928650973902,0.0,0.010607134902609783,0.010607134902609783,0.29654169146431797,0.2859345565617082,1.0,1.0
16.076666666666668,TM,8.0,0.0,121,0.66958923009816,0.0,0.33041076990184004,0.989356212102268,0.0,0.010643787897732016,0.010643787897732016,0.33041076990184004,0.319766982004108,1.0,1.0
16.0786,TM,8.0,0.0,121,0.6307413202242892,0.0,0.3692586797757108,0.9893184863681154,0.0,0.010681513631884632,0.010681513631884632,0.3692586797757108,0.3585771661438262,1.0,1.0
16.080533333333335,TM,8.0,0.0,121,0.5862959528872096,0.0,0.4137040471127904,0.9892796556410215,0.0,0.010720344358978506,0.010720344358978506,0.4137040471127904,0.4029837027538119,1.0,1.0
16.08246666666667,TM,8.0,0.0,121,0.5357171414606502,0.0,0.4642828585393498,0.9892396861021298,0.0,0.010760313897870244,0.010760313897870244,0.4642828585393498,0.45352254464147956,1.0,1.0
16.084400000000002,TM,8.0,0.0,121,0.4786897234055121,0.0,0.5213102765944879,0.9891985422724154,0.0,0.010801457727584562,0.010801457727584562,0.5213102765944879,0.5105088188669034,1.0,1.0
16.086333333333332,TM,8.0,0.0,121,0.41533642743682764,0.0,0.5846635725631724,0.9891561869101538,0.0,0.010843813089846166,0.010843813089846166,0.5846635725631724,0.5738197594733262,1.0,1.0
16.088266666666666,TM,8.0,0.0,121,0.34652556110427807,0.0,0.6534744388957219,0.9891125809003117,0.0,0.010887419099688267,0.010887419099688267,0.6534744388957219,0.6425870197960336,1.0,1.0
16.0902,TM,8.0,0.0,121,0.27424757069502137,0.0,0.7257524293049786,0.9890676831351439,0.0,0.010932316864856073,0.010932316864856073,0.7257524293049786,0.7148201124401226,1.0,1.0
16.092133333333333,TM,8.0,0.0,121,0.20196709978776844,0.0,0.7980329002122315,0.9890214503851703,0.0,0.010978549614829691,0.010978549614829691,0.7980329002122315,0.7870543505974018,1.0,1.0
16.094066666666667,TM,8.0,0.0,121,0.1347518864012519,0.0,0.8652481135987481,0.9889738371596019,0.0,0.011026162840398146,0.011026162840398146,0.8652481135987481,0.85422195075835,1.0,1.0
16.096,TM,8.0,0.0,121,0.07890036810803207,0.0,0.921099631891968,0.988924795555177,0.0,0.011075204444823017,0.011075204444823017,0.921099631891968,0.910024427447145,1.0,1.0
16.097933333333334,TM,8.0,0.0,121,0.040867667718787554,0.0,0.9591323322812124,0.9888742750922833,0.0,0.011125724907716683,0.011125724907716683,0.9591323322812124,0.9480066073734957,1.0,1.0
16.099866666666667,TM,8.0,0.0,121,0.025636102200004996,0.0,0.974363897799995,0.9888222225370502,0.0,0.01117777746294979,0.01117777746294979,0.974363897799995,0.9631861203370452,1.0,1.0
16.1018,TM,8.0,0.0,121,0.035163694834990156,0.0,0.9648363051650098,0.9887685817080364,0.0,0.011231418291963613,0.011231418291963613,0.9648363051650098,0.9536048868730462,1.0,1.0
16.103733333333334,TM,8.0,0.0,121,0.06773388017483681,0.0,0.9322661198251632,0.9887132932659025,0.0,0.011286706734097485,0.011286706734097485,0.9322661198251632,0.9209794130910657,1.0,1.0
16.105666666666668,TM,8.0,0.0,121,0.11858897764999406,0.0,0.8814110223500059,0.9886562944842764,0.0,0.011343705515723612,0.011343705515723612,0.8814110223500059,0.8700673168342823,1.0,1.0
16.1076,TM,8.0,0.0,121,0.18145598136283997,0.0,0.81854401863716,0.9885975189998337,0.0,0.011402481000166276,0.011402481000166276,0.81854401863716,0.8071415376369937,1.0,1.0
16.109533333333335,TM,8.0,0.0,121,0.250149493709903,0.0,0.749850506290097,0.9885368965393385,0.0,0.011463103460661483,0.011463103460661483,0.749850506290097,0.7383874028294355,1.0,1.0
16.11146666666667,TM,8.0,0.0,121,0.31963432352259524,0.0,0.6803656764774048,0.9884743526211756,0.0,0.011525647378824444,0.011525647378824444,0.6803656764774048,0.6688400290985803,1.0,1.0
16.1134,TM,8.0,0.0,121,0.3864074310826576,0.0,0.6135925689173424,0.9884098082284695,0.0,0.011590191771530534,0.011590191771530534,0.6135925689173424,0.6020023771458118,1.0,1.0
16.115333333333332,TM,8.0,0.0,121,0.4483920936869726,0.0,0.5516079063130275,0.9883431794506585,0.0,0.011656820549341473,0.011656820549341473,0.5516079063130275,0.539951085763686,1.0,1.0
16.117266666666666,TM,8.0,0.0,121,0.5046110126930314,0.0,0.49538898730696856,0.9882743770899048,0.0,0.011725622910095157,0.011725622910095157,0.49538898730696856,0.4836633643968734,1.0,1.0
16.1192,TM,8.0,0.0,121,0.5548295053970358,0.0,0.4451704946029642,0.9882033062282319,0.0,0.011796693771768063,0.011796693771768063,0.4451704946029642,0.43337380083119614,1.0,1.0
16.121133333333333,TM,8.0,0.0,121,0.5992599776925499,0.0,0.4007400223074501,0.9881298657508366,0.0,0.011870134249163389,0.011870134249163389,0.4007400223074501,0.3888698880582867,1.0,1.0
16.123066666666666,TM,8.0,0.0,121,0.638350529244697,0.0,0.36164947075530296,0.9880539478202537,0.0,0.011946052179746314,0.011946052179746314,0.36164947075530296,0.34970341857555665,1.0,1.0
16.125,TM,8.0,0.0,121,0.6726480975568111,0.0,0.3273519024431889,0.9879754372954845,0.0,0.012024562704515462,0.012024562704515462,0.3273519024431889,0.31532733973867344,1.0,1.0
16.126933333333334,TM,8.0,0.0,121,0.7027169550467429,0.0,0.2972830449532571,0.987894211089241,0.0,0.012105788910758974,0.012105788910758974,0.2972830449532571,0.2851772560424981,1.0,1.0
16.128866666666667,TM,8.0,0.0,121,0.7290943380557388,0.0,0.27090566194426124,0.9878101374556099,0.0,0.01218986254439014,0.01218986254439014,0.27090566194426124,0.2587157993998711,1.0,1.0
16.1308,TM,8.0,0.0,121,0.7522692736095614,0.0,0.24773072639043858,0.9877230751992391,0.0,0.012276924800760924,0.012276924800760924,0.24773072639043858,0.23545380158967766,1.0,1.0
16.132733333333334,TM,8.0,0.0,121,0.772675051144782,0.0,0.22732494885521803,0.9876328727959113,0.0,0.012367127204088724,0.012367127204088724,0.22732494885521803,0.2149578216511293,1.0,1.0
16.134666666666668,TM,8.0,0.0,121,0.7906892219148964,0.0,0.20931077808510357,0.9875393674129035,0.0,0.01246063258709651,0.01246063258709651,0.20931077808510357,0.19685014549800706,1.0,1.0
16.1366,TM,8.0,0.0,121,0.8066373997874818,0.0,0.19336260021251817,0.9874423838156446,0.0,0.012557616184355358,0.012557616184355358,0.19336260021251817,0.1808049840281628,1.0,1.0
16.138533333333335,TM,8.0,0.0,121,0.820798690833852,0.0,0.17920130916614796,0.9873417331453737,0.0,0.012658266854626343,0.012658266854626343,0.17920130916614796,0.16654304231152162,1.0,1.0
16.14046666666667,TM,8.0,0.0,121,0.8334115435201397,0.0,0.16658845647986031,0.987237211549813,0.0,0.012762788450186968,0.012762788450186968,0.16658845647986031,0.15382566802967335,1.0,1.0
16.142400000000002,TM,8.0,0.0,121,0.8446793891137134,0.0,0.15532061088628657,0.9871285986464206,0.0,0.012871401353579448,0.012871401353579448,0.15532061088628657,0.14244920953270712,1.0,1.0
16.144333333333332,TM,8.0,0.0,121,0.8547757771608897,0.0,0.1452242228391103,0.9870156557941163,0.0,0.01298434420588368,0.01298434420588368,0.1452242228391103,0.13223987863322662,1.0,1.0
16.146266666666666,TM,8.0,0.0,121,0.8638488985063001,0.0,0.1361511014936999,0.9868981241458022,0.0,0.013101875854197753,0.013101875854197753,0.1361511014936999,0.12304922563950216,1.0,1.0
16.1482,TM,8.0,0.0,121,0.8720254884157896,0.0,0.12797451158421036,0.9867757224492143,0.0,0.013224277550785701,0.013224277550785701,0.12797451158421036,0.11475023403342466,1.0,1.0
16.150133333333333,TM,8.0,0.0,121,0.8794141517745148,0.0,0.12058584822548524,0.9866481445582409,0.0,0.013351855441759097,0.013351855441759097,0.12058584822548524,0.10723399278372614,1.0,1.0
16.152066666666666,TM,8.0,0.0,121,0.8861081731912948,0.0,0.11389182680870524,0.9865150566104598,0.0,0.013484943389540205,0.013484943389540205,0.11389182680870524,0.10040688341916504,1.0,1.0
16.154,TM,8.0,0.0,121,0.8921878802325051,0.0,0.10781211976749494,0.9863760938188221,0.0,0.013623906181177925,0.013623906181177925,0.10781211976749494,0.09418821358631702,1.0,1.0
16.155933333333333,TM,8.0,0.0,121,0.8977226254695795,0.0,0.10227737453042052,0.9862308568163236,0.0,0.013769143183676391,0.013769143183676391,0.10227737453042052,0.08850823134674413,1.0,1.0
16.157866666666667,TM,8.0,0.0,121,0.9027724468506908,0.0,0.0972275531493092,0.9860789074814218,0.0,0.013921092518578204,0.013921092518578204,0.0972275531493092,0.083306460630731,1.0,1.0
16.1598,TM,8.0,0.0,121,0.9073894584488842,0.0,0.09261054155111581,0.9859197641588864,0.0,0.01408023584111362,0.01408023584111362,0.09261054155111581,0.07853030571000219,1.0,1.0
16.161733333333334,TM,8.0,0.0,121,0.9116190161337286,0.0,0.08838098386627136,0.9857528961747404,0.0,0.014247103825259622,0.014247103825259622,0.08838098386627136,0.07413388004101173,1.0,1.0
16.163666666666668,TM,8.0,0.0,121,0.9155006957566529,0.0,0.08449930424334706,0.9855777175248683,0.0,0.014422282475131665,0.014422282475131665,0.08449930424334706,0.0700770217682154,1.0,1.0
16.1656,TM,8.0,0.0,121,0.9190691152873275,0.0,0.08093088471267251,0.9853935795937045,0.0,0.01460642040629545,0.01460642040629545,0.08093088471267251,0.06632446430637706,1.0,1.0
16.167533333333335,TM,8.0,0.0,121,0.9223546270369831,0.0,0.07764537296301688,0.9851997627311895,0.0,0.014800237268810523,0.014800237268810523,0.07764537296301688,0.06284513569420636,1.0,1.0
16.16946666666667,TM,8.0,0.0,121,0.9253839016139088,0.0,0.07461609838609118,0.984995466482073,0.0,0.015004533517926966,0.015004533517926966,0.07461609838609118,0.05961156486816421,1.0,1.0
16.171400000000002,TM,8.0,0.0,121,0.9281804215060361,0.0,0.07181957849396392,0.984779798219727,0.0,0.015220201780272946,0.015220201780272946,0.07181957849396392,0.056599376713690974,1.0,1.0
16.173333333333332,TM,8.0,0.0,121,0.9307648990617309,0.0,0.06923510093826912,0.984551759885717,0.0,0.01544824011428303,0.01544824011428303,0.06923510093826912,0.053786860823986093,1.0,1.0
16.175266666666666,TM,8.0,0.0,121,0.9331556310585557,0.0,0.0668443689414443,0.9843102324734978,0.0,0.015689767526502196,0.015689767526502196,0.0668443689414443,0.0511546014149421,1.0,1.0
16.1772,TM,8.0,0.0,121,0.9353687999189013,0.0,0.06463120008109868,0.9840539578177921,0.0,0.015946042182207854,0.015946042182207854,0.06463120008109868,0.04868515789889083,1.0,1.0
16.179133333333333,TM,8.0,0.0,121,0.9374187298717224,0.0,0.06258127012827763,0.9837815171559059,0.0,0.016218482844094106,0.016218482844094106,0.06258127012827763,0.046362787284183526,1.0,1.0
16.181066666666666,TM,8.0,0.0,121,0.9393181049069572,0.0,0.06068189509304278,0.9834913058101296,0.0,0.016508694189870443,0.016508694189870443,0.06068189509304278,0.04417320090317234,1.0,1.0
16.183,TM,8.0,0.0,121,0.9410781541658076,0.0,0.058921845834192355,0.9831815031948344,0.0,0.01681849680516556,0.01681849680516556,0.058921845834192355,0.04210334902902679,1.0,1.0
16.184933333333333,TM,8.0,0.0,121,0.9427088094097538,0.0,0.05729119059024623,0.982850037172085,0.0,0.017149962827915033,0.017149962827915033,0.05729119059024623,0.0401412277623312,1.0,1.0
16.186866666666667,TM,8.0,0.0,121,0.9442188383749788,0.0,0.055781161625021225,0.9824945415556751,0.0,0.01750545844432494,0.01750545844432494,0.055781161625021225,0.038275703180696286,1.0,1.0
16.1888,TM,8.0,0.0,121,0.9456159571128047,0.0,0.05438404288719534,0.9821123052862902,0.0,0.017887694713709767,0.017887694713709767,0.05438404288719534,0.03649634817348557,1.0,1.0
16.190733333333334,TM,8.0,0.0,121,0.946906923814576,0.0,0.053093076185424026,0.9817002114561922,0.0,0.01829978854380776,0.01829978854380776,0.053093076185424026,0.034793287641616266,1.0,1.0
16.192666666666668,TM,8.0,0.0,121,0.9480976160978448,0.0,0.05190238390215518,0.9812546639353961,0.0,0.018745336064603935,0.018745336064603935,0.05190238390215518,0.033157047837551246,1.0,1.0
16.1946,TM,8.0,0.0,121,0.9491930932682789,0.0,0.05080690673172106,0.9807714988256465,0.0,0.019228501174353485,0.019228501174353485,0.05080690673172106,0.03157840555736757,1.0,1.0
16.196533333333335,TM,8.0,0.0,121,0.9501976446526631,0.0,0.0498023553473369,0.9802458773235658,0.0,0.01975412267643417,0.01975412267643417,0.0498023553473369,0.03004823267090273,1.0,1.0
16.19846666666667,TM,8.0,0.0,121,0.9511148247031064,0.0,0.048885175296893624,0.9796721557928343,0.0,0.020327844207165713,0.020327844207165713,0.048885175296893624,0.02855733108972791,1.0,1.0
16.200400000000002,TM,8.0,0.0,121,0.9519474751884454,0.0,0.04805252481155464,0.9790437279113138,0.0,0.020956272088686223,0.020956272088686223,0.04805252481155464,0.02709625272286842,1.0,1.0
16.202333333333335,TM,8.0,0.0,121,0.9526977343971648,0.0,0.047302265602835236,0.978352832674421,0.0,0.02164716732557903,0.02164716732557903,0.047302265602835236,0.025655098277256205,1.0,1.0
16.204266666666665,TM,8.0,0.0,121,0.9533670328615641,0.0,0.0466329671384359,0.9775903208280454,0.0,0.022409679171954577,0.022409679171954577,0.0466329671384359,0.02422328796648132,1.0,1.0
16.2062,TM,8.0,0.0,121,0.9539560746552702,0.0,0.046043925344729786,0.9767453710651488,0.0,0.023254628934851196,0.023254628934851196,0.046043925344729786,0.02278929640987859,1.0,1.0
16.208133333333333,TM,8.0,0.0,121,0.9544648027967549,0.0,0.04553519720324506,0.9758051462550149,0.0,0.02419485374498509,0.02419485374498509,0.04553519720324506,0.02134034345825997,1.0,1.0
16.210066666666666,TM,8.0,0.0,121,0.9548923466828121,0.0,0.04510765331718791,0.9747543795043295,0.0,0.025245620495670473,0.025245620495670473,0.04510765331718791,0.01986203282151744,1.0,1.0
16.212,TM,8.0,0.0,121,0.9552369487532624,0.0,0.04476305124673763,0.9735748807866058,0.0,0.026425119213394188,0.026425119213394188,0.04476305124673763,0.01833793203334344,1.0,1.0
16.213933333333333,TM,8.0,0.0,121,0.9554958667200367,0.0,0.044504133279963276,0.9722449587187574,0.0,0.02775504128124262,0.02775504128124262,0.044504133279963276,0.016749091998720655,1.0,1.0
16.215866666666667,TM,8.0,0.0,121,0.9556652466467328,0.0,0.0443347533532672,0.970738761513902,0.0,0.029261238486097962,0.029261238486097962,0.0443347533532672,0.015073514867169235,1.0,1.0
16.2178,TM,8.0,0.0,121,0.9557399609123378,0.0,0.044260039087662184,0.9690255609319532,0.0,0.030974439068046755,0.030974439068046755,0.044260039087662184,0.013285600019615429,1.0,1.0
16.219733333333334,TM,8.0,0.0,121,0.9557134036209722,0.0,0.044286596379027765,0.9670690412947923,0.0,0.03293095870520768,0.03293095870520768,0.044286596379027765,0.011355637673820085,1.0,1.0
16.221666666666668,TM,8.0,0.0,121,0.9555772343495437,0.0,0.04442276565045633,0.9648267257169283,0.0,0.03517327428307171,0.03517327428307171,0.04442276565045633,0.009249491367384621,1.0,1.0
16.2236,TM,8.0,0.0,121,0.9553210593605915,0.0,0.04467894063940847,0.9622497946727795,0.0,0.03775020532722051,0.03775020532722051,0.04467894063940847,0.006928735312187961,1.0,1.0
16.225533333333335,TM,8.0,0.0,121,0.9549320378192817,0.0,0.04506796218071829,0.959283758272633,0.0,0.040716241727366986,0.040716241727366986,0.04506796218071829,0.004351720453351304,1.0,1.0
16.22746666666667,TM,8.0,0.0,121,0.9543943997267749,0.0,0.04560560027322513,0.9558707701117726,0.0,0.04412922988822743,0.04412922988822743,0.04560560027322513,0.001476370384997705,1.0,1.0
16.229400000000002,TM,8.0,0.0,121,0.9536888634392048,0.0,0.04631113656079522,0.9519548436993276,0.0,0.04804515630067241,0.04804515630067241,0.04631113656079522,0.0017340197398771906,1.0,1.0
16.231333333333335,TM,8.0,0.0,121,0.9527919461611856,0.0,0.047208053838814434,0.9474918147303675,0.0,0.052508185269632524,0.052508185269632524,0.047208053838814434,0.005300131430818089,1.0,1.0
16.233266666666665,TM,8.0,0.0,121,0.9516751752564627,0.0,0.048324824743537276,0.9424663557626536,0.0,0.057533644237346415,0.057533644237346415,0.048324824743537276,0.00920881949380914,1.0,1.0
16.2352,TM,8.0,0.0,121,0.9503042401501337,0.0,0.049695759849866294,0.9369180438550155,0.0,0.06308195614498446,0.06308195614498446,0.049695759849866294,0.013386196295118169,1.0,1.0
16.237133333333333,TM,8.0,0.0,121,0.9486381896604503,0.0,0.051361810339549674,0.9309760757787267,0.0,0.06902392422127335,0.06902392422127335,0.051361810339549674,0.017662113881723673,1.0,1.0
16.239066666666666,TM,8.0,0.0,121,0.9466289057131556,0.0,0.05337109428684439,0.9248958859353621,0.0,0.0751041140646379,0.0751041140646379,0.05337109428684439,0.021733019777793516,1.0,1.0
16.241,TM,8.0,0.0,121,0.9442213193337771,0.0,0.055778680666222935,0.9190800533648504,0.0,0.08091994663514956,0.08091994663514956,0.055778680666222935,0.02514126596892663,1.0,1.0
16.242933333333333,TM,8.0,0.0,121,0.9413552547276185,0.0,0.058644745272381504,0.9140553938045697,0.0,0.08594460619543032,0.08594460619543032,0.058644745272381504,0.027299860923048813,1.0,1.0
16.244866666666667,TM,8.0,0.0,121,0.9379704971180269,0.0,0.062029502881973064,0.9103820662942711,0.0,0.0896179337057289,0.0896179337057289,0.062029502881973064,0.02758843082375584,1.0,1.0
16.2468,TM,8.0,0.0,121,0.9340177752381937,0.0,0.06598222476180626,0.9085038420571792,0.0,0.09149615794282084,0.09149615794282084,0.06598222476180626,0.02551393318101458,1.0,1.0
16.248733333333334,TM,8.0,0.0,121,0.9294797550304243,0.0,0.07052024496957565,0.9086009458558032,0.0,0.0913990541441968,0.0913990541441968,0.07052024496957565,0.02087880917462115,1.0,1.0
16.250666666666667,TM,8.0,0.0,121,0.9244071527337805,0.0,0.07559284726621951,0.9105292813919215,0.0,0.08947071860807854,0.08947071860807854,0.07559284726621951,0.013877871341859027,1.0,1.0
16.2526,TM,8.0,0.0,121,0.9189733908736581,0.0,0.08102660912634185,0.9138832699729805,0.0,0.08611673002701947,0.08611673002701947,0.08102660912634185,0.005090120900677619,1.0,1.0
16.254533333333335,TM,8.0,0.0,121,0.9135417965032737,0.0,0.08645820349672628,0.918138834685108,0.0,0.08186116531489196,0.08186116531489196,0.08645820349672628,0.004597038181834323,1.0,1.0
16.256466666666668,TM,8.0,0.0,121,0.9087158371642702,0.0,0.09128416283572982,0.9227948158117336,0.0,0.07720518418826638,0.07720518418826638,0.09128416283572982,0.014078978647463436,1.0,1.0
16.2584,TM,8.0,0.0,121,0.9053088150815861,0.0,0.09469118491841388,0.9274581548837009,0.0,0.07254184511629913,0.07254184511629913,0.09469118491841388,0.022149339802114754,1.0,1.0
16.260333333333335,TM,8.0,0.0,121,0.9041610569881048,0.0,0.09583894301189522,0.9318670790076533,0.0,0.06813292099234669,0.06813292099234669,0.09583894301189522,0.027706022019548526,1.0,1.0
16.26226666666667,TM,8.0,0.0,121,0.905815178971855,0.0,0.09418482102814496,0.935874821338606,0.0,0.064125178661394,0.064125178661394,0.09418482102814496,0.03005964236675096,1.0,1.0
16.2642,TM,8.0,0.0,121,0.9102250869606499,0.0,0.08977491303935015,0.9394186914538365,0.0,0.060581308546163504,0.060581308546163504,0.08977491303935015,0.029193604493186642,1.0,1.0
16.266133333333332,TM,8.0,0.0,121,0.9167352422263574,0.0,0.08326475777364262,0.9424899096959878,0.0,0.05751009030401222,0.05751009030401222,0.08326475777364262,0.0257546674696304,1.0,1.0
16.268066666666666,TM,8.0,0.0,121,0.924366958259571,0.0,0.07563304174042895,0.945110306594583,0.0,0.05488969340541705,0.05488969340541705,0.07563304174042895,0.020743348335011902,1.0,1.0
16.27,TM,8.0,0.0,121,0.9321904319790899,0.0,0.0678095680209101,0.9473165588155938,0.0,0.052683441184406155,0.052683441184406155,0.0678095680209101,0.01512612683650394,1.0,1.0
16.271933333333333,TM,8.0,0.0,121,0.9395516682994804,0.0,0.06044833170051955,0.9491504895375373,0.0,0.050849510462462666,0.050849510462462666,0.06044833170051955,0.009598821238056887,1.0,1.0
16.273866666666667,TM,8.0,0.0,121,0.9461069470944329,0.0,0.05389305290556712,0.950653589551809,0.0,0.04934641044819099,0.04934641044819099,0.05389305290556712,0.004546642457376127,1.0,1.0
16.2758,TM,8.0,0.0,121,0.9517479885771667,0.0,0.04825201142283331,0.9518642251433906,0.0,0.04813577485660936,0.04813577485660936,0.04825201142283331,0.0001162365662239484,1.0,1.0
16.277733333333334,TM,8.0,0.0,121,0.9565061276843931,0.0,0.04349387231560686,0.9528164459020677,0.0,0.04718355409793229,0.04718355409793229,0.04349387231560686,0.003689681782325427,1.0,1.0
16.279666666666667,TM,8.0,0.0,121,0.9604780920533879,0.0,0.039521907946612145,0.953539687803908,0.0,0.046460312196092035,0.046460312196092035,0.039521907946612145,0.00693840424947989,1.0,1.0
16.2816,TM,8.0,0.0,121,0.9637806227520419,0.0,0.036219377247958096,0.9540589408178286,0.0,0.045941059182171395,0.045941059182171395,0.036219377247958096,0.0097216819342133,1.0,1.0
16.283533333333335,TM,8.0,0.0,121,0.9665271403745198,0.0,0.03347285962548019,0.9543951296984375,0.0,0.04560487030156246,0.04560487030156246,0.03347285962548019,0.012132010676082272,1.0,1.0
16.285466666666668,TM,8.0,0.0,121,0.9688178953518727,0.0,0.031182104648127318,0.9545655677802057,0.0,0.04543443221979426,0.04543443221979426,0.031182104648127318,0.014252327571666945,1.0,1.0
16.2874,TM,8.0,0.0,121,0.9707372790460694,0.0,0.029262720953930565,0.9545844097903632,0.0,0.045415590209636814,0.045415590209636814,0.029262720953930565,0.016152869255706248,1.0,1.0
16.289333333333335,TM,8.0,0.0,121,0.9723544762598249,0.0,0.02764552374017515,0.9544630678237768,0.0,0.04553693217622323,0.04553693217622323,0.02764552374017515,0.017891408436048084,1.0,1.0
16.29126666666667,TM,8.0,0.0,121,0.9737254096380092,0.0,0.026274590361990757,0.9542105758338497,0.0,0.04578942416615028,0.04578942416615028,0.026274590361990757,0.019514833804159526,1.0,1.0
16.2932,TM,8.0,0.0,121,0.9748949763875812,0.0,0.025105023612418842,0.9538338992772326,0.0,0.04616610072276739,0.04616610072276739,0.025105023612418842,0.021061077110348547,1.0,1.0
16.295133333333332,TM,8.0,0.0,121,0.9758991417346029,0.0,0.024100858265397096,0.9533381921519991,0.0,0.04666180784800089,0.04666180784800089,0.024100858265397096,0.022560949582603795,1.0,1.0
16.297066666666666,TM,8.0,0.0,121,0.9767667347730481,0.0,0.023233265226951905,0.9527270060969216,0.0,0.047272993903078375,0.047272993903078375,0.023233265226951905,0.02403972867612647,1.0,1.0
16.299,TM,8.0,0.0,121,0.9775209222081204,0.0,0.02247907779187963,0.9520024569376386,0.0,0.04799754306236137,0.04799754306236137,0.02247907779187963,0.02551846527048174,1.0,1.0
16.300933333333333,TM,8.0,0.0,121,0.9781803889575289,0.0,0.0218196110424711,0.9511653539026707,0.0,0.04883464609732935,0.04883464609732935,0.0218196110424711,0.02701503505485825,1.0,1.0
16.302866666666667,TM,8.0,0.0,121,0.978760271608037,0.0,0.021239728391962975,0.9502152961551438,0.0,0.049784703844856226,0.049784703844856226,0.021239728391962975,0.02854497545289325,1.0,1.0
16.3048,TM,8.0,0.0,121,0.9792728916146527,0.0,0.020727108385347304,0.9491507405437825,0.0,0.050849259456217544,0.050849259456217544,0.020727108385347304,0.03012215107087024,1.0,1.0
16.306733333333334,TM,8.0,0.0,121,0.9797283297458086,0.0,0.02027167025419141,0.9479690437024357,0.0,0.05203095629756427,0.05203095629756427,0.02027167025419141,0.03175928604337286,1.0,1.0
16.308666666666667,TM,8.0,0.0,121,0.980134876182243,0.0,0.019865123817756958,0.9466664808752453,0.0,0.0533335191247547,0.0533335191247547,0.019865123817756958,0.033468395306997745,1.0,1.0
16.3106,TM,8.0,0.0,121,0.9804993838158964,0.0,0.019500616184103592,0.9452382431451831,0.0,0.05476175685481688,0.05476175685481688,0.019500616184103592,0.03526114067071329,1.0,1.0
16.312533333333334,TM,8.0,0.0,121,0.9808275463755276,0.0,0.019172453624472396,0.9436784140930197,0.0,0.05632158590698033,0.05632158590698033,0.019172453624472396,0.037149132282507935,1.0,1.0
16.314466666666668,TM,8.0,0.0,121,0.9811241181745327,0.0,0.01887588182546729,0.9419799263070092,0.0,0.05802007369299078,0.05802007369299078,0.01887588182546729,0.03914419186752349,1.0,1.0
16.3164,TM,8.0,0.0,121,0.9813930884513304,0.0,0.018606911548669558,0.9401344975866652,0.0,0.05986550241333477,0.05986550241333477,0.018606911548669558,0.04125859086466521,1.0,1.0
16.318333333333335,TM,8.0,0.0,121,0.981637820296458,0.0,0.018362179703542036,0.9381325461199326,0.0,0.061867453880067425,0.061867453880067425,0.018362179703542036,0.04350527417652539,1.0,1.0
16.32026666666667,TM,8.0,0.0,121,0.981861161866904,0.0,0.018138838133096025,0.9359630833460565,0.0,0.06403691665394351,0.06403691665394351,0.018138838133096025,0.045898078520847485,1.0,1.0
16.322200000000002,TM,8.0,0.0,121,0.982065535829757,0.0,0.017934464170243025,0.9336135826272657,0.0,0.06638641737273432,0.06638641737273432,0.017934464170243025,0.048451953202491294,1.0,1.0
16.324133333333332,TM,8.0,0.0,121,0.982253011631947,0.0,0.017746988368052996,0.9310698212232194,0.0,0.06893017877678065,0.06893017877678065,0.017746988368052996,0.05118319040872765,1.0,1.0
16.326066666666666,TM,8.0,0.0,121,0.9824253641629312,0.0,0.017574635837068753,0.9283156923733346,0.0,0.07168430762666544,0.07168430762666544,0.017574635837068753,0.05410967178959669,1.0,1.0
16.328,TM,8.0,0.0,121,0.9825841215888662,0.0,0.01741587841113379,0.9253329835224717,0.0,0.07466701647752827,0.07466701647752827,0.01741587841113379,0.05725113806639448,1.0,1.0
16.329933333333333,TM,8.0,0.0,121,0.9827306045304672,0.0,0.017269395469532767,0.9221011158554102,0.0,0.07789888414458979,0.07789888414458979,0.017269395469532767,0.06062948867505702,1.0,1.0
16.331866666666667,TM,8.0,0.0,121,0.9828659582904183,0.0,0.01713404170958166,0.9185968393080695,0.0,0.08140316069193054,0.08140316069193054,0.01713404170958166,0.06426911898234888,1.0,1.0
16.3338,TM,8.0,0.0,121,0.9829911794752241,0.0,0.017008820524775925,0.9147938760797247,0.0,0.08520612392027527,0.08520612392027527,0.017008820524775925,0.06819730339549934,1.0,1.0
16.335733333333334,TM,8.0,0.0,121,0.9831071380765461,0.0,0.01689286192345385,0.9106625043526018,0.0,0.08933749564739824,0.08933749564739824,0.01689286192345385,0.07244463372394438,1.0,1.0
16.337666666666667,TM,8.0,0.0,121,0.9832145958591748,0.0,0.01678540414082519,0.9061690724124948,0.0,0.09383092758750522,0.09383092758750522,0.01678540414082519,0.07704552344668003,1.0,1.0
16.3396,TM,8.0,0.0,121,0.983314221731957,0.0,0.01668577826804296,0.9012754316434857,0.0,0.09872456835651433,0.09872456835651433,0.01668577826804296,0.08203879008847137,1.0,1.0
16.341533333333334,TM,8.0,0.0,121,0.9834066046443952,0.0,0.01659339535560478,0.8959382749306519,0.0,0.10406172506934808,0.10406172506934808,0.01659339535560478,0.0874683297137433,1.0,1.0
16.343466666666668,TM,8.0,0.0,121,0.9834922644457914,0.0,0.01650773555420859,0.8901083648706334,0.0,0.10989163512936662,0.10989163512936662,0.01650773555420859,0.09338389957515802,1.0,1.0
16.3454,TM,8.0,0.0,121,0.9835716610603146,0.0,0.016428338939685427,0.8837296339123077,0.0,0.11627036608769226,0.11627036608769226,0.016428338939685427,0.09984202714800683,1.0,1.0
16.347333333333335,TM,8.0,0.0,121,0.9836452022647624,0.0,0.016354797735237625,0.8767381362530791,0.0,0.12326186374692094,0.12326186374692094,0.016354797735237625,0.10690706601168332,1.0,1.0
16.34926666666667,TM,8.0,0.0,121,0.9837132503028324,0.0,0.01628674969716759,0.8690608292223523,0.0,0.13093917077764772,0.13093917077764772,0.01628674969716759,0.11465242108048013,1.0,1.0
16.351200000000002,TM,8.0,0.0,121,0.9837761275270065,0.0,0.016223872472993506,0.8606141604029407,0.0,0.1393858395970593,0.1393858395970593,0.016223872472993506,0.1231619671240658,1.0,1.0
16.353133333333332,TM,8.0,0.0,121,0.9838341212251813,0.0,0.016165878774818676,0.8513024365441113,0.0,0.1486975634558887,0.1486975634558887,0.016165878774818676,0.13253168468107002,1.0,1.0
16.355066666666666,TM,8.0,0.0,121,0.9838874877611544,0.0,0.016112512238845578,0.8410159525179781,0.0,0.15898404748202188,0.15898404748202188,0.016112512238845578,0.1428715352431763,1.0,1.0
16.357,TM,8.0,0.0,121,0.9839364561360782,0.0,0.016063543863921836,0.8296288649726742,0.0,0.17037113502732582,0.17037113502732582,0.016063543863921836,0.15430759116340398,1.0,1.0
16.358933333333333,TM,8.0,0.0,121,0.9839812310594453,0.0,0.01601876894055465,0.8169968087743669,0.0,0.18300319122563313,0.18300319122563313,0.01601876894055465,0.16698442228507848,1.0,1.0
16.360866666666666,TM,8.0,0.0,121,0.9840219956034402,0.0,0.01597800439655983,0.8029542792584257,0.0,0.19704572074157434,0.19704572074157434,0.01597800439655983,0.1810677163450145,1.0,1.0
16.3628,TM,8.0,0.0,121,0.9840589135022704,0.0,0.01594108649772963,0.7873118465964952,0.0,0.21268815340350478,0.21268815340350478,0.01594108649772963,0.19674706690577515,1.0,1.0
16.364733333333334,TM,8.0,0.0,121,0.9840921311479772,0.0,0.015907868852022777,0.7698533406485893,0.0,0.23014665935141065,0.23014665935141065,0.015907868852022777,0.21423879049938788,1.0,1.0
16.366666666666667,TM,8.0,0.0,121,0.9841217793261468,0.0,0.01587822067385325,0.7503332609976507,0.0,0.24966673900234926,0.24966673900234926,0.01587822067385325,0.233788518328496,1.0,1.0
16.3686,TM,8.0,0.0,121,0.9841479747278447,0.0,0.015852025272155346,0.7284748499453144,0.0,0.2715251500546856,0.2715251500546856,0.015852025272155346,0.25567312478253024,1.0,1.0
16.370533333333334,TM,8.0,0.0,121,0.9841708212686574,0.0,0.015829178731342597,0.7039695474392961,0.0,0.2960304525607039,0.2960304525607039,0.015829178731342597,0.28020127382936133,1.0,1.0
16.372466666666668,TM,8.0,0.0,121,0.9841904112408413,0.0,0.01580958875915872,0.6764789673042426,0.0,0.3235210326957574,0.3235210326957574,0.01580958875915872,0.30771144393659866,1.0,1.0
16.3744,TM,8.0,0.0,121,0.9842068263206855,0.0,0.015793173679314543,0.6456411422231194,0.0,0.3543588577768806,0.3543588577768806,0.015793173679314543,0.33856568409756604,1.0,1.0
16.376333333333335,TM,8.0,0.0,121,0.9842201384498986,0.0,0.01577986155010136,0.6110836250556104,0.0,0.3889163749443896,0.3889163749443896,0.01577986155010136,0.3731365133942882,1.0,1.0
16.37826666666667,TM,8.0,0.0,121,0.9842304106069913,0.0,0.015769589393008654,0.5724471167815763,0.0,0.42755288321842366,0.42755288321842366,0.015769589393008654,0.411783293825415,1.0,1.0
16.380200000000002,TM,8.0,0.0,121,0.9842376974824079,0.0,0.01576230251759214,0.5294245270270584,0.0,0.47057547297294156,0.47057547297294156,0.01576230251759214,0.4548131704553494,1.0,1.0
16.382133333333332,TM,8.0,0.0,121,0.9842420460689931,0.0,0.015757953931006874,0.4818214459944934,0.0,0.5181785540055066,0.5181785540055066,0.015757953931006874,0.5024206000744997,1.0,1.0
16.384066666666666,TM,8.0,0.0,121,0.9842434961779284,0.0,0.01575650382207161,0.42964416945789136,0.0,0.5703558305421086,0.5703558305421086,0.01575650382207161,0.554599326720037,1.0,1.0
16.386,TM,8.0,0.0,121,0.9842420808886286,0.0,0.015757919111371366,0.3732192327423433,0.0,0.6267807672576566,0.6267807672576566,0.015757919111371366,0.6110228481462853,1.0,1.0
16.387933333333333,TM,8.0,0.0,121,0.9842378269400814,0.0,0.01576217305991856,0.3133415975804412,0.0,0.6866584024195588,0.6866584024195588,0.01576217305991856,0.6708962293596402,1.0,1.0
16.389866666666666,TM,8.0,0.0,121,0.9842307550698486,0.0,0.015769244930151416,0.2514345058757268,0.0,0.7485654941242732,0.7485654941242732,0.015769244930151416,0.7327962491941218,1.0,1.0
16.3918,TM,8.0,0.0,121,0.9842208803063116,0.0,0.015779119693688393,0.18968129765941527,0.0,0.8103187023405847,0.8103187023405847,0.015779119693688393,0.7945395826468963,1.0,1.0
16.393733333333333,TM,8.0,0.0,121,0.9842082122187796,0.0,0.015791787781220368,0.13106234111531356,0.0,0.8689376588846864,0.8689376588846864,0.015791787781220368,0.8531458711034661,1.0,1.0
16.395666666666667,TM,8.0,0.0,121,0.9841927551294581,0.0,0.01580724487054186,0.07921328390705727,0.0,0.9207867160929427,0.9207867160929427,0.01580724487054186,0.9049794712224009,1.0,1.0
16.3976,TM,8.0,0.0,121,0.9841745082908103,0.0,0.015825491709189676,0.03803963301620487,0.0,0.9619603669837952,0.9619603669837952,0.015825491709189676,0.9461348752746055,1.0,1.0
16.399533333333334,TM,8.0,0.0,121,0.9841534660311955,0.0,0.015846533968804533,0.01109950219882086,0.0,0.9889004978011792,0.9889004978011792,0.015846533968804533,0.9730539638323746,1.0,1.0
16.401466666666668,TM,8.0,0.0,121,0.9841296178713389,0.0,0.015870382128661098,0.0008897384027098462,0.0,0.9991102615972901,0.9991102615972901,0.015870382128661098,0.983239879468629,1.0,1.0
16.4034,TM,8.0,0.0,121,0.9841029486137565,0.0,0.015897051386243533,0.008273729060311931,0.0,0.991726270939688,0.991726270939688,0.015897051386243533,0.9758292195534445,1.0,1.0
16.405333333333335,TM,8.0,0.0,121,0.984073438406947,0.0,0.015926561593052946,0.03228181305988733,0.0,0.9677181869401127,0.9677181869401127,0.015926561593052946,0.9517916253470597,1.0,1.0
16.40726666666667,TM,8.0,0.0,121,0.9840410627858096,0.0,0.015958937214190394,0.07036895419018564,0.0,0.9296310458098144,0.9296310458098144,0.015958937214190394,0.913672108595624,1.0,1.0
16.409200000000002,TM,8.0,0.0,121,0.9840057926895651,0.0,0.015994207310434883,0.11901323715717085,0.0,0.8809867628428292,0.8809867628428292,0.015994207310434883,0.8649925555323943,1.0,1.0
16.411133333333332,TM,8.0,0.0,121,0.9839675944581557,0.0,0.016032405541844263,0.17441550138671835,0.0,0.8255844986132816,0.8255844986132816,0.016032405541844263,0.8095520930714374,1.0,1.0
16.413066666666666,TM,8.0,0.0,121,0.9839264298078675,0.0,0.016073570192132514,0.23307758939270407,0.0,0.7669224106072959,0.7669224106072959,0.016073570192132514,0.7508488404151634,1.0,1.0
16.415,TM,8.0,0.0,121,0.9838822557867585,0.0,0.016117744213241525,0.2921476170607014,0.0,0.7078523829392986,0.7078523829392986,0.016117744213241525,0.6917346387260571,1.0,1.0
16.416933333333333,TM,8.0,0.0,121,0.9838350247103038,0.0,0.016164975289696182,0.34953588900096283,0.0,0.6504641109990372,0.6504641109990372,0.016164975289696182,0.634299135709341,1.0,1.0
16.418866666666666,TM,8.0,0.0,121,0.983784684077414,0.0,0.01621531592258596,0.40386950898136875,0.0,0.5961304910186312,0.5961304910186312,0.01621531592258596,0.5799151750960453,1.0,1.0
16.4208,TM,8.0,0.0,121,0.983731176466905,0.0,0.016268823533095,0.4543646903648936,0.0,0.5456353096351064,0.5456353096351064,0.016268823533095,0.5293664861020114,1.0,1.0
16.422733333333333,TM,8.0,0.0,121,0.983674439414281,0.0,0.01632556058571899,0.5006769844296288,0.0,0.4993230155703712,0.4993230155703712,0.01632556058571899,0.4829974549846522,1.0,1.0
16.424666666666667,TM,8.0,0.0,121,0.9836144052686191,0.0,0.016385594731380904,0.5427640858000393,0.0,0.4572359141999607,0.4572359141999607,0.016385594731380904,0.4408503194685798,1.0,1.0
16.4266,TM,8.0,0.0,121,0.9835510010290289,0.0,0.016448998970971074,0.5807755320720625,0.0,0.41922446792793755,0.41922446792793755,0.016448998970971074,0.4027754689569665,1.0,1.0
16.428533333333334,TM,8.0,0.0,121,0.9834841481602354,0.0,0.01651585183976456,0.6149713072052221,0.0,0.3850286927947779,0.3850286927947779,0.01651585183976456,0.36851284095501335,1.0,1.0
16.430466666666668,TM,8.0,0.0,121,0.9834137623865108,0.0,0.016586237613489208,0.6456655515033426,0.0,0.3543344484966574,0.3543344484966574,0.016586237613489208,0.3377482108831682,1.0,1.0
16.4324,TM,8.0,0.0,121,0.9833397534630675,0.0,0.016660246536932544,0.673189783373245,0.0,0.326810216626755,0.326810216626755,0.016660246536932544,0.3101499700898225,1.0,1.0
16.434333333333335,TM,8.0,0.0,121,0.9832620249239227,0.0,0.016737975076077327,0.6978702451559755,0.0,0.3021297548440245,0.3021297548440245,0.016737975076077327,0.28539177976794716,1.0,1.0
16.43626666666667,TM,8.0,0.0,121,0.9831804738050295,0.0,0.016819526194970513,0.7200149578800252,0.0,0.27998504211997477,0.27998504211997477,0.016819526194970513,0.26316551592500426,1.0,1.0
16.438200000000002,TM,8.0,0.0,121,0.9830949903413064,0.0,0.01690500965869357,0.7399071712580262,0.0,0.2600928287419738,0.2600928287419738,0.01690500965869357,0.24318781908328024,1.0,1.0
16.440133333333335,TM,8.0,0.0,121,0.9830054576360094,0.0,0.01699454236399056,0.7578028582374093,0.0,0.24219714176259066,0.24219714176259066,0.01699454236399056,0.2252025993986001,1.0,1.0
16.442066666666665,TM,8.0,0.0,121,0.9829117513007719,0.0,0.017088248699228092,0.7739306528013102,0.0,0.22606934719868976,0.22606934719868976,0.017088248699228092,0.20898109849946167,1.0,1.0
16.444,TM,8.0,0.0,121,0.9828137390642591,0.0,0.017186260935740938,0.7884931750931367,0.0,0.21150682490686334,0.21150682490686334,0.017186260935740938,0.1943205639711224,1.0,1.0
16.445933333333333,TM,8.0,0.0,121,0.9827112803474204,0.0,0.01728871965257961,0.8016690678895998,0.0,0.1983309321104002,0.1983309321104002,0.01728871965257961,0.1810422124578206,1.0,1.0
16.447866666666666,TM,8.0,0.0,121,0.9826042258027972,0.0,0.01739577419720284,0.813615324962118,0.0,0.18638467503788203,0.18638467503788203,0.01739577419720284,0.1689889008406792,1.0,1.0
16.4498,TM,8.0,0.0,121,0.9824924168153548,0.0,0.01750758318464518,0.82446966077252,0.0,0.17553033922747996,0.17553033922747996,0.01750758318464518,0.15802275604283478,1.0,1.0
16.451733333333333,TM,8.0,0.0,121,0.9823756849618156,0.0,0.0176243150381844,0.8343527797563379,0.0,0.16564722024366207,0.16564722024366207,0.0176243150381844,0.14802290520547767,1.0,1.0
16.453666666666667,TM,8.0,0.0,121,0.9822538514252842,0.0,0.017746148574715792,0.8433704719791647,0.0,0.1566295280208353,0.1566295280208353,0.017746148574715792,0.1388833794461195,1.0,1.0
16.4556,TM,8.0,0.0,121,0.9821267263615963,0.0,0.01787327363840374,0.8516155040313326,0.0,0.14838449596866743,0.14838449596866743,0.01787327363840374,0.1305112223302637,1.0,1.0
16.457533333333334,TM,8.0,0.0,121,0.9819941082134469,0.0,0.018005891786553097,0.8591692990095297,0.0,0.14083070099047035,0.14083070099047035,0.018005891786553097,0.12282480920391725,1.0,1.0
16.459466666666668,TM,8.0,0.0,121,0.9818557829679229,0.0,0.018144217032077137,0.8661034135326202,0.0,0.13389658646737979,0.13389658646737979,0.018144217032077137,0.11575236943530265,1.0,1.0
16.4614,TM,8.0,0.0,121,0.9817115233527172,0.0,0.018288476647282836,0.8724808270678065,0.0,0.1275191729321935,0.1275191729321935,0.018288476647282836,0.10923069628491067,1.0,1.0
16.463333333333335,TM,8.0,0.0,121,0.9815610879657196,0.0,0.018438912034280386,0.8783570620097263,0.0,0.1216429379902737,0.1216429379902737,0.018438912034280386,0.10320402595599332,1.0,1.0
16.46526666666667,TM,8.0,0.0,121,0.9814042203321521,0.0,0.018595779667847867,0.883781153686888,0.0,0.11621884631311197,0.11621884631311197,0.018595779667847867,0.0976230666452641,1.0,1.0
16.467200000000002,TM,8.0,0.0,121,0.9812406478829581,0.0,0.01875935211704194,0.8887964888038309,0.0,0.11120351119616911,0.11120351119616911,0.01875935211704194,0.09244415907912718,1.0,1.0
16.469133333333335,TM,8.0,0.0,121,0.9810700808472875,0.0,0.01892991915271247,0.8934415294537912,0.0,0.10655847054620882,0.10655847054620882,0.01892991915271247,0.08762855139349635,1.0,1.0
16.471066666666665,TM,8.0,0.0,121,0.9808922110513951,0.0,0.019107788948604876,0.897750438136089,0.0,0.10224956186391099,0.10224956186391099,0.019107788948604876,0.08314177291530611,1.0,1.0
16.473,TM,8.0,0.0,121,0.9807067106153936,0.0,0.019293289384606394,0.9017536174441899,0.0,0.09824638255581009,0.09824638255581009,0.019293289384606394,0.07895309317120369,1.0,1.0
16.474933333333333,TM,8.0,0.0,121,0.9805132305384303,0.0,0.019486769461569686,0.9054781763711901,0.0,0.0945218236288099,0.0945218236288099,0.019486769461569686,0.07503505416724021,1.0,1.0
16.476866666666666,TM,8.0,0.0,121,0.9803113991618571,0.0,0.019688600838142944,0.9089483335951967,0.0,0.09105166640480333,0.09105166640480333,0.019688600838142944,0.07136306556666039,1.0,1.0
16.4788,TM,8.0,0.0,121,0.9801008204989674,0.0,0.019899179501032593,0.9121857666738598,0.0,0.08781423332614025,0.08781423332614025,0.019899179501032593,0.06791505382510765,1.0,1.0
16.480733333333333,TM,8.0,0.0,121,0.9798810724186657,0.0,0.020118927581334267,0.9152099148167319,0.0,0.08479008518326814,0.08479008518326814,0.020118927581334267,0.06467115760193387,1.0,1.0
16.482666666666667,TM,8.0,0.0,121,0.9796517046690302,0.0,0.020348295330969823,0.9180382417999385,0.0,0.08196175820006146,0.08196175820006146,0.020348295330969823,0.06161346286909164,1.0,1.0
16.4846,TM,8.0,0.0,121,0.9794122367253804,0.0,0.02058776327461964,0.9206864646366576,0.0,0.0793135353633424,0.0793135353633424,0.02058776327461964,0.05872577208872276,1.0,1.0
16.486533333333334,TM,8.0,0.0,121,0.979162155445869,0.0,0.020837844554130958,0.9231687527943688,0.0,0.07683124720563117,0.07683124720563117,0.020837844554130958,0.05599340265150021,1.0,1.0
16.488466666666667,TM,8.0,0.0,121,0.9789009125156818,0.0,0.021099087484318213,0.925497902053081,0.0,0.07450209794691898,0.07450209794691898,0.021099087484318213,0.053403010462600764,1.0,1.0
16.4904,TM,8.0,0.0,121,0.9786279216591778,0.0,0.02137207834082222,0.9276854864972158,0.0,0.07231451350278417,0.07231451350278417,0.02137207834082222,0.05094243516196195,1.0,1.0
16.492333333333335,TM,8.0,0.0,121,0.978342555596885,0.0,0.02165744440311501,0.929741991627614,0.0,0.07025800837238605,0.07025800837238605,0.02165744440311501,0.04860056396927104,1.0,1.0
16.494266666666668,TM,8.0,0.0,121,0.9780441427221741,0.0,0.021955857277825896,0.9316769311451284,0.0,0.0683230688548716,0.0683230688548716,0.021955857277825896,0.04636721157704571,1.0,1.0
16.4962,TM,8.0,0.0,121,0.9777319634693558,0.0,0.022268036530644242,0.9334989495915261,0.0,0.06650105040847387,0.06650105040847387,0.022268036530644242,0.04423301387782963,1.0,1.0
16.498133333333335,TM,8.0,0.0,121,0.977405246342503,0.0,0.02259475365749697,0.9352159127189819,0.0,0.06478408728101814,0.06478408728101814,0.02259475365749697,0.042189333623521175,1.0,1.0
16.50006666666667,TM,8.0,0.0,121,0.9770631635706881,0.0,0.02293683642931188,0.9368349871949129,0.0,0.06316501280508713,0.06316501280508713,0.02293683642931188,0.04022817637577525,1.0,1.0
16.502,TM,8.0,0.0,121,0.9767048263520121,0.0,0.023295173647987943,0.9383627110227761,0.0,0.06163728897722387,0.06163728897722387,0.023295173647987943,0.038342115329235926,1.0,1.0
16.503933333333332,TM,8.0,0.0,121,0.9763292796448442,0.0,0.023670720355155828,0.9398050558667252,0.0,0.06019494413327475,0.06019494413327475,0.023670720355155828,0.036524223778118925,1.0,1.0
16.505866666666666,TM,8.0,0.0,121,0.9759354964604403,0.0,0.02406450353955969,0.941167482304706,0.0,0.05883251769529396,0.05883251769529396,0.02406450353955969,0.03476801415573427,1.0,1.0
16.5078,TM,8.0,0.0,121,0.97552237160658,0.0,0.024477628393420048,0.9424549888945137,0.0,0.057545011105486266,0.057545011105486266,0.024477628393420048,0.03306738271206622,1.0,1.0
16.509733333333333,TM,8.0,0.0,121,0.9750887148267456,0.0,0.02491128517325436,0.9436721558185545,0.0,0.05632784418144554,0.05632784418144554,0.02491128517325436,0.03141655900819118,1.0,1.0
16.511666666666667,TM,8.0,0.0,121,0.9746332432738983,0.0,0.02536675672610167,0.9448231837708895,0.0,0.055176816229110526,0.055176816229110526,0.02536675672610167,0.029810059503008857,1.0,1.0
16.5136,TM,8.0,0.0,121,0.9741545732523378,0.0,0.025845426747662215,0.9459119286627519,0.0,0.054088071337248134,0.054088071337248134,0.025845426747662215,0.02824264458958592,1.0,1.0
16.515533333333334,TM,8.0,0.0,121,0.97365121115443,0.0,0.026348788845570015,0.9469419326491394,0.0,0.053058067350860605,0.053058067350860605,0.026348788845570015,0.02670927850529059,1.0,1.0
16.517466666666667,TM,8.0,0.0,121,0.9731215435129776,0.0,0.026878456487022362,0.9479164519139234,0.0,0.052083548086076625,0.052083548086076625,0.026878456487022362,0.025205091599054263,1.0,1.0
16.5194,TM,8.0,0.0,121,0.9725638260824223,0.0,0.02743617391757769,0.9488384815972019,0.0,0.051161518402798145,0.051161518402798145,0.02743617391757769,0.023725344485220456,1.0,1.0
16.521333333333335,TM,8.0,0.0,121,0.9719761718556514,0.0,0.02802382814434856,0.949710778201024,0.0,0.05028922179897599,0.05028922179897599,0.02802382814434856,0.02226539365462743,1.0,1.0
16.523266666666668,TM,8.0,0.0,121,0.9713565379150887,0.0,0.02864346208491131,0.95053587976991,0.0,0.04946412023008995,0.04946412023008995,0.02864346208491131,0.02082065814517864,1.0,1.0
16.5252,TM,8.0,0.0,121,0.9707027110102613,0.0,0.029297288989738712,0.9513161241075716,0.0,0.048683875892428397,0.048683875892428397,0.029297288989738712,0.019386586902689684,1.0,1.0
16.527133333333335,TM,8.0,0.0,121,0.9700122917465311,0.0,0.02998770825346886,0.9520536652624155,0.0,0.04794633473758447,0.04794633473758447,0.02998770825346886,0.017958626484115614,1.0,1.0
16.52906666666667,TM,8.0,0.0,121,0.9692826772636821,0.0,0.030717322736317887,0.9527504884888284,0.0,0.04724951151117163,0.04724951151117163,0.030717322736317887,0.01653218877485374,1.0,1.0
16.531,TM,8.0,0.0,121,0.968511042277456,0.0,0.03148895772254401,0.9534084238702007,0.0,0.04659157612979925,0.04659157612979925,0.03148895772254401,0.015102618407255242,1.0,1.0
16.532933333333332,TM,8.0,0.0,121,0.967694318353562,0.0,0.03230568164643799,0.9540291587715997,0.0,0.04597084122840034,0.04597084122840034,0.03230568164643799,0.01366515958196235,1.0,1.0
16.534866666666666,TM,8.0,0.0,121,0.9668291712818181,0.0,0.03317082871818189,0.9546142492748716,0.0,0.045385750725128404,0.045385750725128404,0.03317082871818189,0.012214922006946516,1.0,1.0
16.5368,TM,8.0,0.0,121,0.9659119764200365,0.0,0.034088023579963544,0.9551651307365402,0.0,0.04483486926345981,0.04483486926345981,0.034088023579963544,0.010746845683496264,1.0,1.0
16.538733333333333,TM,8.0,0.0,121,0.9649387918825311,0.0,0.035061208117468934,0.955683127598646,0.0,0.04431687240135396,0.04431687240135396,0.035061208117468934,0.009255664283885023,1.0,1.0
16.540666666666667,TM,8.0,0.0,121,0.9639053294600749,0.0,0.0360946705399251,0.9561694625744602,0.0,0.04383053742553977,0.04383053742553977,0.0360946705399251,0.007735866885614673,1.0,1.0
16.5426,TM,8.0,0.0,121,0.9628069231757681,0.0,0.0371930768242319,0.9566252653247662,0.0,0.043374734675233784,0.043374734675233784,0.0371930768242319,0.006181657851001887,1.0,1.0
16.544533333333334,TM,8.0,0.0,121,0.9616384954100712,0.0,0.03836150458992882,0.9570515807354124,0.0,0.04294841926458759,0.04294841926458759,0.03836150458992882,0.004586914674658771,1.0,1.0
16.546466666666667,TM,8.0,0.0,121,0.9603945205662046,0.0,0.03960547943379544,0.9574493769035564,0.0,0.04255062309644364,0.04255062309644364,0.03960547943379544,0.0029451436626481975,1.0,1.0
16.5484,TM,8.0,0.0,121,0.9590689863012731,0.0,0.04093101369872687,0.9578195529376861,0.0,0.04218044706231394,0.04218044706231394,0.04093101369872687,0.0012494333635870714,1.0,1.0
16.550333333333334,TM,8.0,0.0,121,0.9576553524185389,0.0,0.04234464758146106,0.9581629466746925,0.0,0.041837053325307516,0.041837053325307516,0.04234464758146106,0.0005075942561535429,1.0,1.0
16.552266666666668,TM,8.0,0.0,121,0.956146507606679,0.0,0.043853492393321036,0.9584803424168289,0.0,0.04151965758317111,0.04151965758317111,0.043853492393321036,0.0023338348101499262,1.0,1.0
16.5542,TM,8.0,0.0,121,0.9545347243265118,0.0,0.04546527567348824,0.9587724787896933,0.0,0.041227521210306706,0.041227521210306706,0.04546527567348824,0.004237754463181531,1.0,1.0
16.556133333333335,TM,8.0,0.0,121,0.9528116122867119,0.0,0.04718838771328815,0.9590400568219157,0.0,0.04095994317808427,0.04095994317808427,0.04718838771328815,0.006228444535203881,1.0,1.0
16.55806666666667,TM,8.0,0.0,121,0.9509680711192063,0.0,0.04903192888079366,0.9592837483441617,0.0,0.040716251655838254,0.040716251655838254,0.04903192888079366,0.008315677224955409,1.0,1.0
16.560000000000002,TM,8.0,0.0,121,0.9489942430679932,0.0,0.05100575693200682,0.9595042048014316,0.0,0.040495795198568385,0.040495795198568385,0.05100575693200682,0.010509961733438433,1.0,1.0
16.561933333333332,TM,8.0,0.0,121,0.9468794667323304,0.0,0.053120533267669634,0.9597020665655954,0.0,0.040297933434404576,0.040297933434404576,0.053120533267669634,0.012822599833265058,1.0,1.0
16.563866666666666,TM,8.0,0.0,121,0.9446122331647224,0.0,0.055387766835277574,0.9598779728244783,0.0,0.04012202717552171,0.04012202717552171,0.055387766835277574,0.015265739659755861,1.0,1.0
16.5658,TM,8.0,0.0,121,0.9421801458952321,0.0,0.057819854104767865,0.9600325721078923,0.0,0.03996742789210772,0.03996742789210772,0.057819854104767865,0.017852426212660144,1.0,1.0
16.567733333333333,TM,8.0,0.0,121,0.9395698867307689,0.0,0.06043011326923109,0.9601665334881654,0.0,0.039833466511834614,0.039833466511834614,0.06043011326923109,0.020596646757396475,1.0,1.0
16.569666666666667,TM,8.0,0.0,121,0.936767189428874,0.0,0.06323281057112595,0.9602805584618841,0.0,0.03971944153811591,0.03971944153811591,0.06323281057112595,0.023513369033010045,1.0,1.0
16.5716,TM,8.0,0.0,121,0.9337568235447405,0.0,0.06624317645525946,0.9603753934774371,0.0,0.039624606522562944,0.039624606522562944,0.06624317645525946,0.026618569932696512,1.0,1.0
16.573533333333334,TM,8.0,0.0,121,0.9305225908374335,0.0,0.0694774091625665,0.9604518430196489,0.0,0.03954815698035108,0.03954815698035108,0.0694774091625665,0.029929252182215427,1.0,1.0
16.575466666666667,TM,8.0,0.0,121,0.9270473365463523,0.0,0.0729526634536477,0.9605107830947828,0.0,0.03948921690521723,0.03948921690521723,0.0729526634536477,0.033463446548430476,1.0,1.0
16.5774,TM,8.0,0.0,121,0.9233129775225188,0.0,0.07668702247748116,0.9605531748764349,0.0,0.03944682512356512,0.03944682512356512,0.07668702247748116,0.03724019735391604,1.0,1.0
16.579333333333334,TM,8.0,0.0,121,0.9193005485363965,0.0,0.08069945146360347,0.9605800781750201,0.0,0.03941992182497989,0.03941992182497989,0.08069945146360347,0.04127952963862358,1.0,1.0
16.581266666666668,TM,8.0,0.0,121,0.9149902669854799,0.0,0.08500973301452008,0.9605926642804642,0.0,0.03940733571953581,0.03940733571953581,0.08500973301452008,0.045602397294984276,1.0,1.0
16.5832,TM,8.0,0.0,121,0.9103616145871989,0.0,0.08963838541280111,0.9605922276043227,0.0,0.039407772395677276,0.039407772395677276,0.08963838541280111,0.05023061301712384,1.0,1.0
16.585133333333335,TM,8.0,0.0,121,0.9053934324011024,0.0,0.09460656759889763,0.9605801954169795,0.0,0.039419804583020523,0.039419804583020523,0.09460656759889763,0.055186763015877105,1.0,1.0
16.58706666666667,TM,8.0,0.0,121,0.9000640226302925,0.0,0.0999359773697075,0.9605581348485402,0.0,0.039441865151459754,0.039441865151459754,0.0999359773697075,0.06049411221824774,1.0,1.0
16.589,TM,8.0,0.0,121,0.8943512471472593,0.0,0.10564875285274067,0.960527756209356,0.0,0.03947224379064396,0.03947224379064396,0.10564875285274067,0.06617650906209671,1.0,1.0
16.590933333333332,TM,8.0,0.0,121,0.8882326087072325,0.0,0.11176739129276747,0.9604909116043516,0.0,0.03950908839564837,0.03950908839564837,0.11176739129276747,0.0722583028971191,1.0,1.0
16.592866666666666,TM,8.0,0.0,121,0.8816852966093731,0.0,0.11831470339062689,0.9604495877843597,0.0,0.03955041221564026,0.03955041221564026,0.11831470339062689,0.07876429117498662,1.0,1.0
16.5948,TM,8.0,0.0,121,0.8746861745496605,0.0,0.12531382545033953,0.9604058922177646,0.0,0.03959410778223538,0.03959410778223538,0.12531382545033953,0.08571971766810416,1.0,1.0
16.596733333333333,TM,8.0,0.0,121,0.8672116851130891,0.0,0.1327883148869109,0.9603620315008419,0.0,0.03963796849915813,0.03963796849915813,0.1327883148869109,0.09315034638775277,1.0,1.0
16.598666666666666,TM,8.0,0.0,121,0.8592376434100075,0.0,0.14076235658999248,0.9603202814712346,0.0,0.039679718528765395,0.039679718528765395,0.14076235658999248,0.10108263806122708,1.0,1.0
16.6006,TM,8.0,0.0,121,0.8507388924193007,0.0,0.14926110758069933,0.96028294876,0.0,0.03971705124000002,0.03971705124000002,0.14926110758069933,0.1095440563406993,1.0,1.0
16.602533333333334,TM,8.0,0.0,121,0.8416887952145294,0.0,0.15831120478547056,0.9602523240106762,0.0,0.03974767598932383,0.03974767598932383,0.15831120478547056,0.11856352879614673,1.0,1.0
16.604466666666667,TM,8.0,0.0,121,0.8320585447549755,0.0,0.16794145524502446,0.9602306275930325,0.0,0.03976937240696754,0.03976937240696754,0.16794145524502446,0.12817208283805692,1.0,1.0
16.6064,TM,8.0,0.0,121,0.8218162803120308,0.0,0.1781837196879692,0.9602199493064509,0.0,0.03978005069354906,0.03978005069354906,0.1781837196879692,0.13840366899442014,1.0,1.0
16.608333333333334,TM,8.0,0.0,121,0.8109260104752882,0.0,0.18907398952471177,0.9602221842466049,0.0,0.03977781575339512,0.03977781575339512,0.18907398952471177,0.14929617377131665,1.0,1.0
16.610266666666668,TM,8.0,0.0,121,0.7993463552720608,0.0,0.20065364472793923,0.9602389676236186,0.0,0.0397610323763814,0.0397610323763814,0.20065364472793923,0.16089261235155783,1.0,1.0
16.6122,TM,8.0,0.0,121,0.7870291332573273,0.0,0.21297086674267274,0.960271611786901,0.0,0.039728388213098986,0.039728388213098986,0.21297086674267274,0.17324247852957375,1.0,1.0
16.614133333333335,TM,8.0,0.0,121,0.7739178325799028,0.0,0.22608216742009724,0.9603210489485445,0.0,0.03967895105145547,0.03967895105145547,0.22608216742009724,0.18640321636864177,1.0,1.0
16.61606666666667,TM,8.0,0.0,121,0.759946017497398,0.0,0.24005398250260201,0.9603877830383503,0.0,0.03961221696164974,0.03961221696164974,0.24005398250260201,0.20044176554095228,1.0,1.0
16.618000000000002,TM,8.0,0.0,121,0.7450357339276608,0.0,0.25496426607233924,0.9604718537351902,0.0,0.03952814626480983,0.03952814626480983,0.25496426607233924,0.2154361198075294,1.0,1.0
16.619933333333336,TM,8.0,0.0,121,0.7290959908666759,0.0,0.27090400913332413,0.9605728150078292,0.0,0.039427184992170794,0.039427184992170794,0.27090400913332413,0.23147682414115334,1.0,1.0
16.621866666666666,TM,8.0,0.0,121,0.7120214117288111,0.0,0.28797858827118894,0.9606897295180507,0.0,0.03931027048194935,0.03931027048194935,0.28797858827118894,0.2486683177892396,1.0,1.0
16.6238,TM,8.0,0.0,121,0.6936911753079266,0.0,0.30630882469207343,0.9608211790847068,0.0,0.03917882091529323,0.03917882091529323,0.30630882469207343,0.2671300037767802,1.0,1.0
16.625733333333333,TM,8.0,0.0,121,0.6739684060849216,0.0,0.3260315939150784,0.960965290202452,0.0,0.03903470979754797,0.03903470979754797,0.3260315939150784,0.28699688411753044,1.0,1.0
16.627666666666666,TM,8.0,0.0,121,0.6527002353977756,0.0,0.34729976460222445,0.9611197724873628,0.0,0.0388802275126372,0.0388802275126372,0.34729976460222445,0.30841953708958725,1.0,1.0
16.6296,TM,8.0,0.0,121,0.6297188472577402,0.0,0.3702811527422598,0.961281967003313,0.0,0.03871803299668697,0.03871803299668697,0.3702811527422598,0.33156311974557284,1.0,1.0
16.631533333333334,TM,8.0,0.0,121,0.604843954548028,0.0,0.395156045451972,0.9614489007965095,0.0,0.038551099203490535,0.038551099203490535,0.395156045451972,0.3566049462484815,1.0,1.0
16.633466666666667,TM,8.0,0.0,121,0.5778873316097712,0.0,0.42211266839022876,0.9616173436758163,0.0,0.038382656324183695,0.038382656324183695,0.42211266839022876,0.38373001206604507,1.0,1.0
16.6354,TM,8.0,0.0,121,0.5486602625706145,0.0,0.4513397374293855,0.9617838633190938,0.0,0.038216136680906176,0.038216136680906176,0.4513397374293855,0.4131236007484793,1.0,1.0
16.637333333333334,TM,8.0,0.0,121,0.5169850460579818,0.0,0.4830149539420182,0.9619448751147001,0.0,0.03805512488529994,0.03805512488529994,0.4830149539420182,0.44495982905671827,1.0,1.0
16.639266666666668,TM,8.0,0.0,121,0.4827119997975997,0.0,0.5172880002024003,0.9620966836849065,0.0,0.03790331631509347,0.03790331631509347,0.5172880002024003,0.4793846838873068,1.0,1.0
16.6412,TM,8.0,0.0,121,0.4457436659027305,0.0,0.5542563340972695,0.9622355136921492,0.0,0.037764486307850786,0.037764486307850786,0.5542563340972695,0.5164918477894187,1.0,1.0
16.643133333333335,TM,8.0,0.0,121,0.4060679929226011,0.0,0.5939320070773989,0.9623575282074441,0.0,0.037642471792555865,0.037642471792555865,0.5939320070773989,0.556289535284843,1.0,1.0
16.64506666666667,TM,8.0,0.0,121,0.36380192129488564,0.0,0.6361980787051144,0.9624588335433243,0.0,0.03754116645667571,0.03754116645667571,0.6361980787051144,0.5986569122484386,1.0,1.0
16.647000000000002,TM,8.0,0.0,121,0.3192456456493806,0.0,0.6807543543506194,0.962535469962631,0.0,0.03746453003736905,0.03746453003736905,0.6807543543506194,0.6432898243132503,1.0,1.0
16.648933333333332,TM,8.0,0.0,121,0.27294536734536956,0.0,0.7270546326546304,0.9625833880339294,0.0,0.0374166119660706,0.0374166119660706,0.7270546326546304,0.6896380206885598,1.0,1.0
16.650866666666666,TM,8.0,0.0,121,0.22575808517672982,0.0,0.7742419148232702,0.9625984106019062,0.0,0.03740158939809379,0.03740158939809379,0.7742419148232702,0.7368403254251764,1.0,1.0
16.6528,TM,8.0,0.0,121,0.17890575818976018,0.0,0.8210942418102398,0.9625761803863215,0.0,0.037423819613678466,0.037423819613678466,0.8210942418102398,0.7836704221965614,1.0,1.0
16.654733333333333,TM,8.0,0.0,121,0.1339988698437557,0.0,0.8660011301562442,0.9625120931393538,0.0,0.03748790686064618,0.03748790686064618,0.8660011301562442,0.8285132232955981,1.0,1.0
16.656666666666666,TM,8.0,0.0,121,0.09300369133961944,0.0,0.9069963086603805,0.9624012161212745,0.0,0.037598783878725506,0.037598783878725506,0.9069963086603805,0.869397524781655,1.0,1.0
16.6586,TM,8.0,0.0,121,0.058128198397129814,0.0,0.9418718016028702,0.9622381914543255,0.0,0.03776180854567446,0.03776180854567446,0.9418718016028702,0.9041099930571957,1.0,1.0
16.660533333333333,TM,8.0,0.0,121,0.03161431470712982,0.0,0.9683856852928702,0.9620171237662221,0.0,0.03798287623377794,0.03798287623377794,0.9683856852928702,0.9304028090590922,1.0,1.0
16.662466666666667,TM,8.0,0.0,121,0.015451560394837138,0.0,0.9845484396051629,0.9617314515555284,0.0,0.038268548444471584,0.038268548444471584,0.9845484396051629,0.9462798911606913,1.0,1.0
16.6644,TM,8.0,0.0,121,0.01106343787598119,0.0,0.9889365621240188,0.9613738020839427,0.0,0.03862619791605726,0.03862619791605726,0.9889365621240188,0.9503103642079616,1.0,1.0
16.666333333333334,TM,8.0,0.0,121,0.01904652734457363,0.0,0.9809534726554263,0.9609358306132163,0.0,0.0390641693867837,0.0390641693867837,0.9809534726554263,0.9418893032686426,1.0,1.0
16.668266666666668,TM,8.0,0.0,121,0.039043062833844656,0.0,0.9609569371661554,0.9604080469228289,0.0,0.039591953077171116,0.039591953077171116,0.9609569371661554,0.9213649840889843,1.0,1.0
16.6702,TM,8.0,0.0,121,0.0697917511761345,0.0,0.9302082488238655,0.9597796360227615,0.0,0.040220363977238494,0.040220363977238494,0.9302082488238655,0.889987884846627,1.0,1.0
16.672133333333335,TM,8.0,0.0,121,0.10934228917395128,0.0,0.8906577108260487,0.959038287025433,0.0,0.040961712974566966,0.040961712974566966,0.8906577108260487,0.8496959978514818,1.0,1.0
16.67406666666667,TM,8.0,0.0,121,0.1553664330511768,0.0,0.8446335669488232,0.9581700561904718,0.0,0.0418299438095282,0.0418299438095282,0.8446335669488232,0.802803623139295,1.0,1.0
16.676000000000002,TM,8.0,0.0,121,0.2054781738094032,0.0,0.7945218261905969,0.9571593102017655,0.0,0.04284068979823452,0.04284068979823452,0.7945218261905969,0.7516811363923623,1.0,1.0
16.677933333333335,TM,8.0,0.0,121,0.2574916714712093,0.0,0.7425083285287907,0.9559888282835423,0.0,0.04401117171645774,0.04401117171645774,0.7425083285287907,0.6984971568123329,1.0,1.0
16.679866666666666,TM,8.0,0.0,121,0.30958206138228955,0.0,0.6904179386177105,0.9546401932020929,0.0,0.045359806797907076,0.045359806797907076,0.6904179386177105,0.6450581318198034,1.0,1.0
16.6818,TM,8.0,0.0,121,0.36034991748963774,0.0,0.6396500825103623,0.9530946796822816,0.0,0.046905320317718435,0.046905320317718435,0.6396500825103623,0.5927447621926438,1.0,1.0
16.683733333333333,TM,8.0,0.0,121,0.40881210642928023,0.0,0.5911878935707198,0.9513349623587184,0.0,0.048665037641281605,0.048665037641281605,0.5911878935707198,0.5425228559294382,1.0,1.0
16.685666666666666,TM,8.0,0.0,121,0.454348320807011,0.0,0.5456516791929891,0.9493481158101272,0.0,0.050651884189872765,0.050651884189872765,0.5456516791929891,0.4949997950031163,1.0,1.0
16.6876,TM,8.0,0.0,121,0.4966287973619016,0.0,0.5033712026380984,0.9471305457453982,0.0,0.052869454254601767,0.052869454254601767,0.5033712026380984,0.45050174838349666,1.0,1.0
16.689533333333333,TM,8.0,0.0,121,0.5355407865785157,0.0,0.46445921342148433,0.9446955952495646,0.0,0.05530440475043541,0.05530440475043541,0.46445921342148433,0.4091548086710489,1.0,1.0
16.691466666666667,TM,8.0,0.0,121,0.5711235061398401,0.0,0.4288764938601599,0.9420844175767403,0.0,0.05791558242325967,0.05791558242325967,0.4288764938601599,0.37096091143690024,1.0,1.0
16.6934,TM,8.0,0.0,121,0.6035154652075725,0.0,0.3964845347924275,0.9393799110318392,0.0,0.060620088968160846,0.060620088968160846,0.3964845347924275,0.33586444582426667,1.0,1.0
16.695333333333334,TM,8.0,0.0,121,0.6329144554539943,0.0,0.3670855445460057,0.9367215017259555,0.0,0.06327849827404453,0.06327849827404453,0.3670855445460057,0.3038070462719612,1.0,1.0
16.697266666666668,TM,8.0,0.0,121,0.65954869931508,0.0,0.34045130068492,0.9343149244837432,0.0,0.0656850755162568,0.0656850755162568,0.34045130068492,0.2747662251686632,1.0,1.0
16.6992,TM,8.0,0.0,121,0.6836570015189944,0.0,0.31634299848100556,0.9324266920310932,0.0,0.06757330796890682,0.06757330796890682,0.31634299848100556,0.24876969051209874,1.0,1.0
16.701133333333335,TM,8.0,0.0,121,0.7054757473596006,0.0,0.2945242526403994,0.9313512798733428,0.0,0.06864872012665724,0.06864872012665724,0.2945242526403994,0.22587553251374215,1.0,1.0
16.70306666666667,TM,8.0,0.0,121,0.7252308803422263,0.0,0.27476911965777373,0.9313465717081078,0.0,0.06865342829189225,0.06865342829189225,0.27476911965777373,0.20611569136588148,1.0,1.0
16.705000000000002,TM,8.0,0.0,121,0.743133369072289,0.0,0.256866630927711,0.9325530129107611,0.0,0.06744698708923891,0.06744698708923891,0.256866630927711,0.1894196438384721,1.0,1.0
16.706933333333335,TM,8.0,0.0,121,0.7593770362721751,0.0,0.24062296372782488,0.9349336584069466,0.0,0.06506634159305336,0.06506634159305336,0.24062296372782488,0.17555662213477152,1.0,1.0
16.708866666666665,TM,8.0,0.0,121,0.7741379297119426,0.0,0.22586207028805738,0.9382725090706954,0.0,0.06172749092930463,0.06172749092930463,0.22586207028805738,0.16413457935875275,1.0,1.0
16.7108,TM,8.0,0.0,121,0.7875746561657296,0.0,0.21242534383427036,0.942236766221332,0.0,0.05776323377866799,0.05776323377866799,0.21242534383427036,0.15466211005560238,1.0,1.0
16.712733333333333,TM,8.0,0.0,121,0.7998292805716863,0.0,0.20017071942831366,0.9464693138079142,0.0,0.053530686192085786,0.053530686192085786,0.20017071942831366,0.14664003323622787,1.0,1.0
16.714666666666666,TM,8.0,0.0,121,0.8110285239885792,0.0,0.18897147601142084,0.9506662387451497,0.0,0.04933376125485034,0.04933376125485034,0.18897147601142084,0.1396377147565705,1.0,1.0
16.7166,TM,8.0,0.0,121,0.8212850869863926,0.0,0.17871491301360742,0.9546148007059474,0.0,0.0453851992940526,0.0453851992940526,0.17871491301360742,0.13332971371955482,1.0,1.0
16.718533333333333,TM,8.0,0.0,121,0.8306989896300503,0.0,0.1693010103699497,0.9581946429724731,0.0,0.04180535702752686,0.04180535702752686,0.1693010103699497,0.12749565334242285,1.0,1.0
16.720466666666667,TM,8.0,0.0,121,0.8393588631465282,0.0,0.1606411368534718,0.9613585491918101,0.0,0.038641450808189926,0.038641450808189926,0.1606411368534718,0.12199968604528189,1.0,1.0
16.7224,TM,8.0,0.0,121,0.8473431577147622,0.0,0.1526568422852378,0.9641080230508341,0.0,0.035891976949165905,0.035891976949165905,0.1526568422852378,0.11676486533607189,1.0,1.0
16.724333333333334,TM,8.0,0.0,121,0.8547212499995701,0.0,0.1452787500004299,0.966472240543359,0.0,0.03352775945664099,0.03352775945664099,0.1452787500004299,0.1117509905437889,1.0,1.0
16.726266666666668,TM,8.0,0.0,121,0.8615544462135637,0.0,0.1384455537864363,0.9684930753158889,0.0,0.03150692468411109,0.03150692468411109,0.1384455537864363,0.10693862910232521,1.0,1.0
16.7282,TM,8.0,0.0,121,0.867896883861972,0.0,0.13210311613802805,0.9702157673044118,0.0,0.029784232695588164,0.029784232695588164,0.13210311613802805,0.10231888344243989,1.0,1.0
16.730133333333335,TM,8.0,0.0,121,0.8737963394180351,0.0,0.12620366058196486,0.9716837643006149,0.0,0.02831623569938513,0.02831623569938513,0.12620366058196486,0.09788742488257973,1.0,1.0
16.732066666666668,TM,8.0,0.0,121,0.8792949510834727,0.0,0.12070504891652734,0.9729362725192793,0.0,0.027063727480720723,0.027063727480720723,0.12070504891652734,0.09364132143580661,1.0,1.0
16.734,TM,8.0,0.0,121,0.8844298662299738,0.0,0.11557013377002623,0.9740074057281912,0.0,0.025992594271808778,0.025992594271808778,0.11557013377002623,0.08957753949821745,1.0,1.0
16.735933333333335,TM,8.0,0.0,121,0.8892338226256986,0.0,0.11076617737430139,0.9749261963121915,0.0,0.025073803687808538,0.025073803687808538,0.11076617737430139,0.08569237368649285,1.0,1.0
16.73786666666667,TM,8.0,0.0,121,0.8937356715112033,0.0,0.10626432848879674,0.9757170199977093,0.0,0.024282980002290677,0.024282980002290677,0.10626432848879674,0.08198134848650607,1.0,1.0
16.7398,TM,8.0,0.0,121,0.8979608492810248,0.0,0.10203915071897518,0.9764001795328052,0.0,0.023599820467194776,0.023599820467194776,0.10203915071897518,0.0784393302517804,1.0,1.0
16.741733333333332,TM,8.0,0.0,121,0.9019318031696355,0.0,0.0980681968303645,0.9769925123352824,0.0,0.023007487664717607,0.023007487664717607,0.0980681968303645,0.07506070916564689,1.0,1.0
16.743666666666666,TM,8.0,0.0,121,0.9056683750934897,0.0,0.09433162490651026,0.9775079569595426,0.0,0.022492043040457377,0.022492043040457377,0.09433162490651026,0.07183958186605288,1.0,1.0
16.7456,TM,8.0,0.0,121,0.9091881467693373,0.0,0.09081185323066265,0.9779580519542131,0.0,0.022041948045786852,0.022041948045786852,0.09081185323066265,0.0687699051848758,1.0,1.0
16.747533333333333,TM,8.0,0.0,121,0.9125067484710118,0.0,0.08749325152898824,0.9783523609879259,0.0,0.021647639012074116,0.021647639012074116,0.08749325152898824,0.06584561251691412,1.0,1.0
16.749466666666667,TM,8.0,0.0,121,0.9156381333257076,0.0,0.08436186667429235,0.9786988279682964,0.0,0.021301172031703564,0.021301172031703564,0.08436186667429235,0.06306069464258879,1.0,1.0
16.7514,TM,8.0,0.0,121,0.9185948188483073,0.0,0.08140518115169271,0.9790040700165175,0.0,0.020995929983482542,0.020995929983482542,0.08140518115169271,0.060409251168210165,1.0,1.0
16.753333333333334,TM,8.0,0.0,121,0.9213880974324258,0.0,0.07861190256757422,0.9792736173215028,0.0,0.020726382678497246,0.020726382678497246,0.07861190256757422,0.057885519889076975,1.0,1.0
16.755266666666667,TM,8.0,0.0,121,0.9240282176801319,0.0,0.07597178231986812,0.9795121086095955,0.0,0.020487891390404522,0.020487891390404522,0.07597178231986812,0.0554838909294636,1.0,1.0
16.7572,TM,8.0,0.0,121,0.9265245386896157,0.0,0.0734754613103843,0.9797234500521634,0.0,0.020276549947836564,0.020276549947836564,0.0734754613103843,0.05319891136254773,1.0,1.0
16.759133333333335,TM,8.0,0.0,121,0.9288856596669242,0.0,0.07111434033307584,0.9799109443246501,0.0,0.02008905567534991,0.02008905567534991,0.07111434033307584,0.05102528465772593,1.0,1.0
16.761066666666668,TM,8.0,0.0,121,0.9311195274262846,0.0,0.06888047257371543,0.9800773954345379,0.0,0.019922604565462132,0.019922604565462132,0.06888047257371543,0.0489578680082533,1.0,1.0
16.763,TM,8.0,0.0,121,0.9332335244633839,0.0,0.06676647553661608,0.9802251939454516,0.0,0.0197748060545484,0.0197748060545484,0.06676647553661608,0.04699166948206768,1.0,1.0
16.764933333333335,TM,8.0,0.0,121,0.9352345403104059,0.0,0.06476545968959413,0.9803563863707841,0.0,0.01964361362921585,0.01964361362921585,0.06476545968959413,0.04512184606037828,1.0,1.0
16.76686666666667,TM,8.0,0.0,121,0.9371290288061811,0.0,0.0628709711938189,0.9804727317942215,0.0,0.019527268205778547,0.019527268205778547,0.0628709711938189,0.043343702988040356,1.0,1.0
16.7688,TM,8.0,0.0,121,0.9389230537585372,0.0,0.06107694624146276,0.9805757481840456,0.0,0.01942425181595442,0.01942425181595442,0.06107694624146276,0.04165269442550834,1.0,1.0
16.770733333333332,TM,8.0,0.0,121,0.9406223252524726,0.0,0.05937767474752742,0.9806667503865927,0.0,0.01933324961340732,0.01933324961340732,0.05937767474752742,0.0400444251341201,1.0,1.0
16.772666666666666,TM,8.0,0.0,121,0.9422322285930559,0.0,0.05776777140694411,0.9807468813942612,0.0,0.01925311860573875,0.01925311860573875,0.05776777140694411,0.03851465280120536,1.0,1.0
16.7746,TM,8.0,0.0,121,0.9437578475866137,0.0,0.05624215241338626,0.9808171381691925,0.0,0.01918286183080753,0.01918286183080753,0.05624215241338626,0.03705929058257873,1.0,1.0
16.776533333333333,TM,8.0,0.0,121,0.9452039835790198,0.0,0.0547960164209802,0.9808783930511568,0.0,0.01912160694884324,0.01912160694884324,0.0547960164209802,0.03567440947213696,1.0,1.0
16.778466666666667,TM,8.0,0.0,121,0.946575171398197,0.0,0.053424828601802976,0.980931411575828,0.0,0.019068588424172028,0.019068588424172028,0.053424828601802976,0.03435624017763095,1.0,1.0
16.7804,TM,8.0,0.0,121,0.947875693102233,0.0,0.052124306897767037,0.9809768673674875,0.0,0.01902313263251254,0.01902313263251254,0.052124306897767037,0.033101174265254496,1.0,1.0
16.782333333333334,TM,8.0,0.0,121,0.9491095902197793,0.0,0.05089040978022075,0.9810153546408084,0.0,0.018984645359191643,0.018984645359191643,0.05089040978022075,0.031905764421029104,1.0,1.0
16.784266666666667,TM,8.0,0.0,121,0.9502806749876678,0.0,0.04971932501233223,0.9810473987425616,0.0,0.018952601257438362,0.018952601257438362,0.04971932501233223,0.030766723754893865,1.0,1.0
16.7862,TM,8.0,0.0,121,0.9513925409434649,0.0,0.048607459056535074,0.9810734650817318,0.0,0.018926534918268234,0.018926534918268234,0.048607459056535074,0.02968092413826684,1.0,1.0
16.788133333333334,TM,8.0,0.0,121,0.9524485731133255,0.0,0.047551426886674464,0.981093966730042,0.0,0.01890603326995799,0.01890603326995799,0.047551426886674464,0.028645393616716475,1.0,1.0
16.790066666666668,TM,8.0,0.0,121,0.9534519579456295,0.0,0.046548042054370464,0.9811092709223486,0.0,0.018890729077651436,0.018890729077651436,0.046548042054370464,0.02765731297671903,1.0,1.0
16.792,TM,8.0,0.0,121,0.9544056930757504,0.0,0.045594306924249595,0.9811197046439919,0.0,0.018880295356008103,0.018880295356008103,0.045594306924249595,0.02671401156824149,1.0,1.0
16.793933333333335,TM,8.0,0.0,121,0.9553125969593428,0.0,0.044687403040657214,0.9811255594582879,0.0,0.018874440541712056,0.018874440541712056,0.044687403040657214,0.025812962498945158,1.0,1.0
16.79586666666667,TM,8.0,0.0,121,0.9561753183806232,0.0,0.043824681619376804,0.9811270957003216,0.0,0.01887290429967836,0.01887290429967836,0.043824681619376804,0.024951777319698443,1.0,1.0
16.797800000000002,TM,8.0,0.0,121,0.956996345822021,0.0,0.04300365417797902,0.9811245461412132,0.0,0.01887545385878675,0.01887545385878675,0.04300365417797902,0.024128200319192272,1.0,1.0
16.799733333333332,TM,8.0,0.0,121,0.9577780166701388,0.0,0.04222198332986116,0.9811181192095347,0.0,0.018881880790465266,0.018881880790465266,0.04222198332986116,0.02334010253939589,1.0,1.0
16.801666666666666,TM,8.0,0.0,121,0.9585225262286445,0.0,0.041477473771355466,0.9811080018422296,0.0,0.01889199815777043,0.01889199815777043,0.041477473771355466,0.022585475613585038,1.0,1.0
16.8036,TM,8.0,0.0,121,0.9592319365066891,0.0,0.04076806349331086,0.9810943620257644,0.0,0.018905637974235612,0.018905637974235612,0.04076806349331086,0.021862425519075246,1.0,1.0
16.805533333333333,TM,8.0,0.0,121,0.9599081847539601,0.0,0.040091815246039886,0.9810773510786237,0.0,0.018922648921376295,0.018922648921376295,0.040091815246039886,0.02116916632466359,1.0,1.0
16.807466666666667,TM,8.0,0.0,121,0.9605530917160916,0.0,0.0394469082839084,0.981057105718471,0.0,0.018942894281528955,0.018942894281528955,0.0394469082839084,0.020504014002379445,1.0,1.0
16.8094,TM,8.0,0.0,121,0.96116836958701,0.0,0.03883163041298998,0.9810337499502596,0.0,0.018966250049740396,0.018966250049740396,0.03883163041298998,0.019865380363249585,1.0,1.0
16.811333333333334,TM,8.0,0.0,121,0.9617556296384098,0.0,0.03824437036159023,0.9810073968060147,0.0,0.018992603193985325,0.018992603193985325,0.03824437036159023,0.019251767167604905,1.0,1.0
16.813266666666667,TM,8.0,0.0,121,0.9623163895084111,0.0,0.03768361049158886,0.9809781499615835,0.0,0.0190218500384165,0.0190218500384165,0.03768361049158886,0.01866176045317236,1.0,1.0
16.8152,TM,8.0,0.0,121,0.9628520801330769,0.0,0.03714791986692312,0.9809461052508817,0.0,0.01905389474911834,0.01905389474911834,0.03714791986692312,0.01809402511780478,1.0,1.0
16.817133333333334,TM,8.0,0.0,121,0.9633640523048014,0.0,0.03663594769519862,0.980911352093509,0.0,0.019088647906491008,0.019088647906491008,0.03663594769519862,0.017547299788707615,1.0,1.0
16.819066666666668,TM,8.0,0.0,121,0.9638535828406383,0.0,0.03614641715936173,0.9808739748469735,0.0,0.019126025153026527,0.019126025153026527,0.03614641715936173,0.017020392006335205,1.0,1.0
16.821,TM,8.0,0.0,121,0.9643218803423732,0.0,0.035678119657626794,0.9808340540900784,0.0,0.0191659459099216,0.0191659459099216,0.035678119657626794,0.016512173747705194,1.0,1.0
16.822933333333335,TM,8.0,0.0,121,0.9647700905275266,0.0,0.0352299094724734,0.9807916678390576,0.0,0.01920833216094242,0.01920833216094242,0.0352299094724734,0.016021577311530977,1.0,1.0
16.82486666666667,TM,8.0,0.0,121,0.9651993011082468,0.0,0.03480069889175319,0.9807468926929717,0.0,0.01925310730702834,0.01925310730702834,0.03480069889175319,0.015547591584724851,1.0,1.0
16.8268,TM,8.0,0.0,121,0.9656105461923999,0.0,0.03438945380760006,0.9806998048995197,0.0,0.01930019510048031,0.01930019510048031,0.03438945380760006,0.015089258707119746,1.0,1.0
16.828733333333332,TM,8.0,0.0,121,0.9660048101798987,0.0,0.0339951898201013,0.9806504813270257,0.0,0.019349518672974297,0.019349518672974297,0.0339951898201013,0.014645671147127004,1.0,1.0
16.830666666666666,TM,8.0,0.0,121,0.9663830311274111,0.0,0.033616968872588915,0.9805990003230598,0.0,0.0194009996769402,0.0194009996769402,0.033616968872588915,0.014215969195648714,1.0,1.0
16.8326,TM,8.0,0.0,121,0.9667461035564713,0.0,0.03325389644352872,0.9805454424352497,0.0,0.01945455756475034,0.01945455756475034,0.03325389644352872,0.013799338878778378,1.0,1.0
16.834533333333333,TM,8.0,0.0,121,0.9670948806862082,0.0,0.03290511931379181,0.980489890965879,0.0,0.01951010903412098,0.01951010903412098,0.03290511931379181,0.013395010279670827,1.0,1.0
16.836466666666666,TM,8.0,0.0,121,0.967430176080327,0.0,0.032569823919673,0.9804324323290501,0.0,0.019567567670949915,0.019567567670949915,0.032569823919673,0.013002256248723087,1.0,1.0
16.8384,TM,8.0,0.0,121,0.9677527647119359,0.0,0.03224723528806406,0.9803731561785813,0.0,0.01962684382141866,0.01962684382141866,0.03224723528806406,0.012620391466645398,1.0,1.0
16.840333333333334,TM,8.0,0.0,121,0.9680633834672949,0.0,0.031936616532705075,0.9803121552764302,0.0,0.01968784472356977,0.01968784472356977,0.031936616532705075,0.012248771809135306,1.0,1.0
16.842266666666667,TM,8.0,0.0,121,0.9683627311312615,0.0,0.03163726886873852,0.980249525076274,0.0,0.019750474923725947,0.019750474923725947,0.03163726886873852,0.011886793945012575,1.0,1.0
16.8442,TM,8.0,0.0,121,0.9686514679221401,0.0,0.031348532077859925,0.9801853630053086,0.0,0.019814636994691437,0.019814636994691437,0.031348532077859925,0.011533895083168488,1.0,1.0
16.846133333333334,TM,8.0,0.0,121,0.9689302146695727,0.0,0.031069785330427258,0.9801197674390286,0.0,0.019880232560971378,0.019880232560971378,0.031069785330427258,0.01118955276945588,1.0,1.0
16.848066666666668,TM,8.0,0.0,121,0.969199551754411,0.0,0.03080044824558903,0.9800528363790062,0.0,0.019947163620993802,0.019947163620993802,0.03080044824558903,0.010853284624595227,1.0,1.0
16.85,TM,8.0,0.0,121,0.9694600179512828,0.0,0.030539982048717218,0.9799846658616751,0.0,0.020015334138324903,0.020015334138324903,0.030539982048717218,0.010524647910392315,1.0,1.0
16.851933333333335,TM,8.0,0.0,121,0.9697121093296651,0.0,0.030287890670334883,0.9799153481452779,0.0,0.02008465185472208,0.02008465185472208,0.030287890670334883,0.010203238815612803,1.0,1.0
16.85386666666667,TM,8.0,0.0,121,0.9699562783752723,0.0,0.03004372162472768,0.9798449697414777,0.0,0.020155030258522277,0.020155030258522277,0.03004372162472768,0.009888691366205404,1.0,1.0
16.855800000000002,TM,8.0,0.0,121,0.9701929334879057,0.0,0.029807066512094305,0.9797736093748919,0.0,0.020226390625108115,0.020226390625108115,0.029807066512094305,0.00958067588698619,1.0,1.0
16.857733333333336,TM,8.0,0.0,121,0.970422438994261,0.0,0.02957756100573905,0.9797013359668781,0.0,0.02029866403312186,0.02029866403312186,0.02957756100573905,0.00927889697261719,1.0,1.0
16.859666666666666,TM,8.0,0.0,121,0.9706451157837489,0.0,0.029354884216251098,0.9796282067463596,0.0,0.020371793253640358,0.020371793253640358,0.029354884216251098,0.00898309096261074,1.0,1.0
16.8616,TM,8.0,0.0,121,0.9708612426352708,0.0,0.02913875736472915,0.9795542655896243,0.0,0.02044573441037567,0.02044573441037567,0.02913875736472915,0.00869302295435348,1.0,1.0
16.863533333333333,TM,8.0,0.0,121,0.9710710582554829,0.0,0.0289289417445171,0.9794795416820331,0.0,0.020520458317966894,0.020520458317966894,0.0289289417445171,0.008408483426550206,1.0,1.0
16.865466666666666,TM,8.0,0.0,121,0.9712747639991237,0.0,0.028725236000876286,0.9794040485776263,0.0,0.020595951422373693,0.020595951422373693,0.028725236000876286,0.008129284578502594,1.0,1.0
16.8674,TM,8.0,0.0,121,0.9714725271944701,0.0,0.02852747280552992,0.97932778370881,0.0,0.020672216291189982,0.020672216291189982,0.02852747280552992,0.007855256514339937,1.0,1.0
16.869333333333334,TM,8.0,0.0,121,0.9716644849560722,0.0,0.02833551504392784,0.9792507283705245,0.0,0.020749271629475485,0.020749271629475485,0.02833551504392784,0.007586243414452354,1.0,1.0
16.871266666666667,TM,8.0,0.0,121,0.9718507483373076,0.0,0.028149251662692443,0.9791728481732769,0.0,0.020827151826723123,0.020827151826723123,0.028149251662692443,0.00732209983596932,1.0,1.0
16.8732,TM,8.0,0.0,121,0.9720314066580444,0.0,0.02796859334195556,0.9790940939308753,0.0,0.02090590606912468,0.02090590606912468,0.02796859334195556,0.007062687272830881,1.0,1.0
16.875133333333334,TM,8.0,0.0,121,0.9722065318401394,0.0,0.027793468159860613,0.9790144029237579,0.0,0.020985597076242146,0.020985597076242146,0.027793468159860613,0.006807871083618466,1.0,1.0
16.877066666666668,TM,8.0,0.0,121,0.9723761825933901,0.0,0.027623817406609907,0.978933700460285,0.0,0.02106629953971495,0.02106629953971495,0.027623817406609907,0.006557517866894957,1.0,1.0
16.879,TM,8.0,0.0,121,0.972540408315453,0.0,0.027459591684547036,0.9788519016465327,0.0,0.021148098353467315,0.021148098353467315,0.027459591684547036,0.0063114933310797205,1.0,1.0
16.880933333333335,TM,8.0,0.0,121,0.9726992525977387,0.0,0.027300747402261294,0.9787689132714705,0.0,0.02123108672852947,0.02123108672852947,0.027300747402261294,0.006069660673731825,1.0,1.0
16.88286666666667,TM,8.0,0.0,121,0.9728527562618234,0.0,0.027147243738176563,0.9786846357175596,0.0,0.021315364282440408,0.021315364282440408,0.027147243738176563,0.005831879455736155,1.0,1.0
16.884800000000002,TM,8.0,0.0,121,0.9730009598841894,0.0,0.026999040115810558,0.9785989648158551,0.0,0.021401035184144934,0.021401035184144934,0.026999040115810558,0.005598004931665623,1.0,1.0
16.886733333333332,TM,8.0,0.0,121,0.973143905797984,0.0,0.026856094202015957,0.9785117935782249,0.0,0.02148820642177507,0.02148820642177507,0.026856094202015957,0.0053678877802408875,1.0,1.0
16.888666666666666,TM,8.0,0.0,121,0.9732816395873409,0.0,0.02671836041265907,0.9784230137550997,0.0,0.021576986244900342,0.021576986244900342,0.02671836041265907,0.005141374167758728,1.0,1.0
16.8906,TM,8.0,0.0,121,0.9734142111105619,0.0,0.026585788889438078,0.9783325171836544,0.0,0.021667482816345562,0.021667482816345562,0.026585788889438078,0.0049183060730925154,1.0,1.0
16.892533333333333,TM,8.0,0.0,121,0.9735416751035757,0.0,0.0264583248964243,0.9782401969073388,0.0,0.021759803092661234,0.021759803092661234,0.0264583248964243,0.004698521803763067,1.0,1.0
16.894466666666666,TM,8.0,0.0,121,0.9736640914238964,0.0,0.026335908576103573,0.9781459480617032,0.0,0.021854051938296815,0.021854051938296815,0.026335908576103573,0.004481856637806758,1.0,1.0
16.8964,TM,8.0,0.0,121,0.973781524999057,0.0,0.026218475000942987,0.9780496685330403,0.0,0.021950331466959683,0.021950331466959683,0.026218475000942987,0.004268143533983304,1.0,1.0
16.898333333333333,TM,8.0,0.0,121,0.9738940455428579,0.0,0.026105954457142144,0.9779512594052377,0.0,0.02204874059476225,0.02204874059476225,0.026105954457142144,0.004057213862379894,1.0,1.0
16.900266666666667,TM,8.0,0.0,121,0.9740017270989534,0.0,0.025998272901046615,0.9778506252163477,0.0,0.02214937478365231,0.02214937478365231,0.025998272901046615,0.003848898117394306,1.0,1.0
16.9022,TM,8.0,0.0,121,0.9741046474652237,0.0,0.02589535253477626,0.9777476740499679,0.0,0.022252325950032126,0.022252325950032126,0.02589535253477626,0.0036430265847441357,1.0,1.0
16.904133333333334,TM,8.0,0.0,121,0.9742028875450743,0.0,0.025797112454925664,0.9776423174879179,0.0,0.022357682512082144,0.022357682512082144,0.025797112454925664,0.0034394299428435193,1.0,1.0
16.906066666666668,TM,8.0,0.0,121,0.9742965306640952,0.0,0.02570346933590484,0.9775344704504395,0.0,0.022465529549560492,0.022465529549560492,0.02570346933590484,0.003237939786344346,1.0,1.0
16.908,TM,8.0,0.0,121,0.9743856618826686,0.0,0.02561433811733138,0.977424050948732,0.0,0.02257594905126803,0.02257594905126803,0.02561433811733138,0.0030383890660633517,1.0,1.0
16.909933333333335,TM,8.0,0.0,121,0.9744703673282049,0.0,0.02552963267179509,0.9773109797722612,0.0,0.022689020227738776,0.022689020227738776,0.02552963267179509,0.002840612444056312,1.0,1.0
16.91186666666667,TM,8.0,0.0,121,0.9745507335640122,0.0,0.025449266435987772,0.9771951801303652,0.0,0.022804819869634785,0.022804819869634785,0.025449266435987772,0.002644446566352987,1.0,1.0
16.913800000000002,TM,8.0,0.0,121,0.9746268470065483,0.0,0.025373152993451664,0.9770765772650308,0.0,0.022923422734969168,0.022923422734969168,0.025373152993451664,0.0024497302584824965,1.0,1.0
16.915733333333336,TM,8.0,0.0,121,0.9746987933980902,0.0,0.02530120660190982,0.9769550980482701,0.0,0.023044901951729924,0.023044901951729924,0.02530120660190982,0.0022563046501798967,1.0,1.0
16.91766666666667,TM,8.0,0.0,121,0.9747666573383091,0.0,0.02523334266169086,0.976830670575198,0.0,0.023169329424801988,0.023169329424801988,0.02523334266169086,0.002064013236888873,1.0,1.0
16.9196,TM,8.0,0.0,121,0.9748305218753679,0.0,0.025169478124632105,0.9767032237610593,0.0,0.023296776238940664,0.023296776238940664,0.025169478124632105,0.0018727018856914412,1.0,1.0
16.921533333333333,TM,8.0,0.0,121,0.9748904681550347,0.0,0.025109531844965338,0.9765726869484435,0.0,0.023427313051556542,0.023427313051556542,0.025109531844965338,0.0016822187934087962,1.0,1.0
16.923466666666666,TM,8.0,0.0,121,0.9749465751248716,0.0,0.025053424875128405,0.9764389895289208,0.0,0.02356101047107917,0.02356101047107917,0.025053424875128405,0.001492414404049236,1.0,1.0
16.9254,TM,8.0,0.0,121,0.9749989192895432,0.0,0.025001080710456813,0.976302060581828,0.0,0.023697939418171998,0.023697939418171998,0.025001080710456813,0.0013031412922848151,1.0,1.0
16.927333333333333,TM,8.0,0.0,121,0.9750475745126541,0.0,0.024952425487345886,0.9761618285316978,0.0,0.02383817146830225,0.02383817146830225,0.024952425487345886,0.0011142540190436367,1.0,1.0
16.929266666666667,TM,8.0,0.0,121,0.9750926118604222,0.0,0.024907388139577824,0.9760182208247808,0.0,0.023981779175219153,0.023981779175219153,0.024907388139577824,0.0009256089643586707,1.0,1.0
16.9312,TM,8.0,0.0,121,0.9751340994821759,0.0,0.024865900517824113,0.975871163624377,0.0,0.02412883637562302,0.02412883637562302,0.024865900517824113,0.0007370641422010937,1.0,1.0
16.933133333333334,TM,8.0,0.0,121,0.9751721025231165,0.0,0.02482789747688352,0.9757205815241701,0.0,0.024279418475829928,0.024279418475829928,0.02482789747688352,0.0005484790010535923,1.0,1.0
16.935066666666668,TM,8.0,0.0,121,0.9752066830646918,0.0,0.024793316935308174,0.9755663972782931,0.0,0.024433602721706915,0.024433602721706915,0.024793316935308174,0.00035971421360125877,1.0,1.0
16.937,TM,8.0,0.0,121,0.97523790008858,0.0,0.024762099911419977,0.9754085315466806,0.0,0.024591468453319387,0.024591468453319387,0.024762099911419977,0.00017063145810058966,1.0,1.0
16.938933333333335,TM,8.0,0.0,121,0.9752658094603521,0.0,0.02473419053964787,0.975246902653963,0.0,0.024753097346037034,0.024753097346037034,0.02473419053964787,1.8906806389162867e-05,1.0,1.0
16.94086666666667,TM,8.0,0.0,121,0.9752904639294154,0.0,0.02470953607058457,0.9750814263602707,0.0,0.02491857363972927,0.02491857363972927,0.02470953607058457,0.00020903756914469884,1.0,1.0
16.942800000000002,TM,8.0,0.0,121,0.9753119131421727,0.0,0.024688086857827307,0.9749120156420856,0.0,0.025087984357914372,0.025087984357914372,0.024688086857827307,0.00039989750008706526,1.0,1.0
16.944733333333335,TM,8.0,0.0,121,0.9753302036656751,0.0,0.024669796334324867,0.974738580481523,0.0,0.025261419518477046,0.025261419518477046,0.024669796334324867,0.0005916231841521791,1.0,1.0
16.946666666666665,TM,8.0,0.0,121,0.9753453790194346,0.0,0.024654620980565367,0.9745610276622347,0.0,0.025438972337765264,0.025438972337765264,0.024654620980565367,0.0007843513571998972,1.0,1.0
16.9486,TM,8.0,0.0,121,0.9753574797132545,0.0,0.024642520286745517,0.9743792605703896,0.0,0.025620739429610406,0.025620739429610406,0.024642520286745517,0.000978219142864889,1.0,1.0
16.950533333333333,TM,8.0,0.0,121,0.9753665432894048,0.0,0.024633456710595247,0.9741931789992613,0.0,0.025806821000738722,0.025806821000738722,0.024633456710595247,0.0011733642901434749,1.0,1.0
16.952466666666666,TM,8.0,0.0,121,0.9753726043675837,0.0,0.024627395632416338,0.9740026789558942,0.0,0.025997321044105792,0.025997321044105792,0.024627395632416338,0.0013699254116894544,1.0,1.0
16.9544,TM,8.0,0.0,121,0.9753756946913251,0.0,0.024624305308674876,0.9738076524685395,0.0,0.02619234753146049,0.02619234753146049,0.024624305308674876,0.001568042222785615,1.0,1.0
16.956333333333333,TM,8.0,0.0,121,0.975375843174877,0.0,0.024624156825122978,0.9736079873936938,0.0,0.026392012606306192,0.026392012606306192,0.024624156825122978,0.001767855781183214,1.0,1.0
16.958266666666667,TM,8.0,0.0,121,0.975373075949523,0.0,0.02462692405047695,0.9734035672213998,0.0,0.026596432778600243,0.026596432778600243,0.02462692405047695,0.0019695087281232926,1.0,1.0
16.9602,TM,8.0,0.0,121,0.9753674164086152,0.0,0.02463258359138476,0.9731942708779163,0.0,0.026805729122083677,0.026805729122083677,0.02463258359138476,0.0021731455306989167,1.0,1.0
16.962133333333334,TM,8.0,0.0,121,0.9753588852507479,0.0,0.024641114749252124,0.9729799725246054,0.0,0.02702002747539456,0.02702002747539456,0.024641114749252124,0.0023789127261424348,1.0,1.0
16.964066666666668,TM,8.0,0.0,121,0.9753475005203949,0.0,0.024652499479605128,0.972760541352014,0.0,0.027239458647986048,0.027239458647986048,0.024652499479605128,0.00258695916838092,1.0,1.0
16.966,TM,8.0,0.0,121,0.9753332776457099,0.0,0.024666722354290127,0.9725358413683498,0.0,0.027464158631650193,0.027464158631650193,0.024666722354290127,0.002797436277360066,1.0,1.0
16.967933333333335,TM,8.0,0.0,121,0.975316229473016,0.0,0.024683770526984006,0.972305731181343,0.0,0.027694268818656997,0.027694268818656997,0.024683770526984006,0.0030104982916729917,1.0,1.0
16.969866666666668,TM,8.0,0.0,121,0.9752963662976882,0.0,0.024703633702311767,0.9720700637725241,0.0,0.02792993622747586,0.02792993622747586,0.024703633702311767,0.003226302525164093,1.0,1.0
16.9718,TM,8.0,0.0,121,0.975273695891166,0.0,0.02472630410883403,0.9718286862631873,0.0,0.028171313736812698,0.028171313736812698,0.02472630410883403,0.003445009627978668,1.0,1.0
16.973733333333335,TM,8.0,0.0,121,0.975248223523777,0.0,0.024751776476222953,0.9715814396707501,0.0,0.028418560329249942,0.028418560329249942,0.024751776476222953,0.003666783853026989,1.0,1.0
16.97566666666667,TM,8.0,0.0,121,0.975219951983185,0.0,0.024780048016814993,0.9713281586548678,0.0,0.028671841345132232,0.028671841345132232,0.024780048016814993,0.003891793328317239,1.0,1.0
16.9776,TM,8.0,0.0,121,0.975188881588136,0.0,0.024811118411864008,0.9710686712518466,0.0,0.028931328748153406,0.028931328748153406,0.024811118411864008,0.004120210336289398,1.0,1.0
16.979533333333332,TM,8.0,0.0,121,0.9751550101972803,0.0,0.024844989802719653,0.9708027985963529,0.0,0.02919720140364712,0.02919720140364712,0.024844989802719653,0.004352211600927469,1.0,1.0
16.981466666666666,TM,8.0,0.0,121,0.9751183332127185,0.0,0.024881666787281542,0.9705303546290198,0.0,0.02946964537098018,0.02946964537098018,0.024881666787281542,0.0045879785836986375,1.0,1.0
16.9834,TM,8.0,0.0,121,0.9750788435780038,0.0,0.024921156421996216,0.9702511457884183,0.0,0.029748854211581688,0.029748854211581688,0.024921156421996216,0.004827697789585472,1.0,1.0
16.985333333333333,TM,8.0,0.0,121,0.9750365317701235,0.0,0.024963468229876495,0.9699649706858366,0.0,0.030035029314163353,0.030035029314163353,0.024963468229876495,0.0050715610842868575,1.0,1.0
16.987266666666667,TM,8.0,0.0,121,0.9749913857850876,0.0,0.025008614214912406,0.9696716197608615,0.0,0.03032838023913853,0.03032838023913853,0.025008614214912406,0.005319766024226125,1.0,1.0
16.9892,TM,8.0,0.0,121,0.9749433911166343,0.0,0.025056608883365694,0.9693708749160026,0.0,0.0306291250839974,0.0306291250839974,0.025056608883365694,0.005572516200631705,1.0,1.0
16.991133333333334,TM,8.0,0.0,121,0.9748925307274552,0.0,0.025107469272544813,0.9690625091280604,0.0,0.030937490871939644,0.030937490871939644,0.025107469272544813,0.00583002159939483,1.0,1.0
16.993066666666667,TM,8.0,0.0,121,0.9748387850124522,0.0,0.025161214987547753,0.968746286034029,0.0,0.031253713965970986,0.031253713965970986,0.025161214987547753,0.006092498978423233,1.0,1.0
16.995,TM,8.0,0.0,121,0.9747821317533323,0.0,0.02521786824666772,0.9684219594893353,0.0,0.03157804051066471,0.03157804051066471,0.02521786824666772,0.006360172263996988,1.0,1.0
16.996933333333335,TM,8.0,0.0,121,0.97472254606396,0.0,0.025277453936039973,0.9680892730960375,0.0,0.03191072690396246,0.03191072690396246,0.025277453936039973,0.006633272967922488,1.0,1.0
16.998866666666668,TM,8.0,0.0,121,0.9746600003258892,0.0,0.025339999674110825,0.9677479596990124,0.0,0.032252040300987606,0.032252040300987606,0.025339999674110825,0.006912040626876781,1.0,1.0
17.0008,TM,8.0,0.0,121,0.974594464113383,0.0,0.02540553588661698,0.9673977408479368,0.0,0.03260225915206316,0.03260225915206316,0.02540553588661698,0.007196723265446181,1.0,1.0
17.002733333333335,TM,8.0,0.0,121,0.9745259041075618,0.0,0.02547409589243821,0.9670383262239317,0.0,0.03296167377606829,0.03296167377606829,0.02547409589243821,0.007487577883630081,1.0,1.0
17.00466666666667,TM,8.0,0.0,121,0.9744542839990598,0.0,0.025545716000940244,0.9666694130291673,0.0,0.03333058697083269,0.03333058697083269,0.025545716000940244,0.007784870969892443,1.0,1.0
17.0066,TM,8.0,0.0,121,0.974379564378973,0.0,0.025620435621027005,0.9662906853392732,0.0,0.0337093146607268,0.0337093146607268,0.025620435621027005,0.008088879039699792,1.0,1.0
17.008533333333332,TM,8.0,0.0,121,0.9743017026176884,0.0,0.025698297382311552,0.9659018134179131,0.0,0.034098186582086853,0.034098186582086853,0.025698297382311552,0.008399889199775301,1.0,1.0
17.010466666666666,TM,8.0,0.0,121,0.9742206527315005,0.0,0.02577934726849951,0.9655024529942162,0.0,0.03449754700578378,0.03449754700578378,0.02577934726849951,0.008718199737284271,1.0,1.0
17.0124,TM,8.0,0.0,121,0.9741363652367034,0.0,0.02586363476329656,0.9650922445034215,0.0,0.03490775549657854,0.03490775549657854,0.02586363476329656,0.00904412073328198,1.0,1.0
17.014333333333333,TM,8.0,0.0,121,0.9740487869911226,0.0,0.025951213008877372,0.9646708122919656,0.0,0.03532918770803439,0.03532918770803439,0.025951213008877372,0.009377974699157021,1.0,1.0
17.016266666666667,TM,8.0,0.0,121,0.973957861022732,0.0,0.026042138977268037,0.9642377637876911,0.0,0.035762236212308895,0.035762236212308895,0.026042138977268037,0.009720097235040859,1.0,1.0
17.0182,TM,8.0,0.0,121,0.9738635263450394,0.0,0.026136473654960635,0.9637926886360844,0.0,0.03620731136391564,0.03620731136391564,0.026136473654960635,0.010070837708955005,1.0,1.0
17.020133333333334,TM,8.0,0.0,121,0.9737657177586831,0.0,0.026234282241316853,0.9633351578026657,0.0,0.036664842197334346,0.036664842197334346,0.026234282241316853,0.010430559956017493,1.0,1.0
17.022066666666667,TM,8.0,0.0,121,0.9736643656384238,0.0,0.026335634361576155,0.9628647226411209,0.0,0.037135277358879115,0.037135277358879115,0.026335634361576155,0.01079964299730296,1.0,1.0
17.024,TM,8.0,0.0,121,0.973559395704426,0.0,0.026440604295574044,0.9623809139253499,0.0,0.03761908607465014,0.03761908607465014,0.026440604295574044,0.0111784817790761,1.0,1.0
17.025933333333334,TM,8.0,0.0,121,0.9734507287764745,0.0,0.02654927122352546,0.9618832408431747,0.0,0.03811675915682533,0.03811675915682533,0.02654927122352546,0.01156748793329987,1.0,1.0
17.027866666666668,TM,8.0,0.0,121,0.9733382805092033,0.0,0.026661719490796654,0.9613711899468357,0.0,0.03862881005316432,0.03862881005316432,0.026661719490796654,0.011967090562367666,1.0,1.0
17.0298,TM,8.0,0.0,121,0.973221961106356,0.0,0.02677803889364405,0.960844224055255,0.0,0.03915577594474495,0.03915577594474495,0.02677803889364405,0.012377737051100901,1.0,1.0
17.031733333333335,TM,8.0,0.0,121,0.9731016750115125,0.0,0.026898324988487543,0.9603017811004333,0.0,0.039698218899566706,0.039698218899566706,0.026898324988487543,0.012799893911079163,1.0,1.0
17.03366666666667,TM,8.0,0.0,121,0.9729773205725032,0.0,0.02702267942749681,0.9597432729093616,0.0,0.04025672709063843,0.04025672709063843,0.02702267942749681,0.013234047663141624,1.0,1.0
17.035600000000002,TM,8.0,0.0,121,0.9728487896763292,0.0,0.02715121032367085,0.9591680839106147,0.0,0.0408319160893853,0.0408319160893853,0.02715121032367085,0.013680705765714452,1.0,1.0
17.037533333333332,TM,8.0,0.0,121,0.9727159673512379,0.0,0.027284032648762113,0.9585755697539178,0.0,0.04142443024608222,0.04142443024608222,0.027284032648762113,0.014140397597320109,1.0,1.0
17.039466666666666,TM,8.0,0.0,121,0.9725787313320531,0.0,0.02742126866794692,0.9579650558283479,0.0,0.0420349441716521,0.0420349441716521,0.02742126866794692,0.014613675503705181,1.0,1.0
17.0414,TM,8.0,0.0,121,0.9724369515847948,0.0,0.027563048415205182,0.9573358356640547,0.0,0.04266416433594533,0.04266416433594533,0.027563048415205182,0.015101115920740149,1.0,1.0
17.043333333333333,TM,8.0,0.0,121,0.9722904897860458,0.0,0.02770951021395418,0.9566871692000831,0.0,0.04331283079991688,0.04331283079991688,0.02770951021395418,0.015603320585962699,1.0,1.0
17.045266666666667,TM,8.0,0.0,121,0.9721391987521774,0.0,0.027860801247822642,0.9560182808995696,0.0,0.04398171910043036,0.04398171910043036,0.027860801247822642,0.01612091785260772,1.0,1.0
17.0472,TM,8.0,0.0,121,0.9719829218131706,0.0,0.028017078186829414,0.9553283576922914,0.0,0.04467164230770859,0.04467164230770859,0.028017078186829414,0.01665456412087918,1.0,1.0
17.049133333333334,TM,8.0,0.0,121,0.9718214921250217,0.0,0.02817850787497833,0.9546165467232136,0.0,0.04538345327678639,0.04538345327678639,0.02817850787497833,0.01720494540180806,1.0,1.0
17.051066666666667,TM,8.0,0.0,121,0.9716547319143134,0.0,0.028345268085686603,0.9538819528851599,0.0,0.04611804711484013,0.04611804711484013,0.028345268085686603,0.01777277902915353,1.0,1.0
17.053,TM,8.0,0.0,121,0.9714824516476477,0.0,0.028517548352352318,0.9531236361136319,0.0,0.046876363886368067,0.046876363886368067,0.028517548352352318,0.01835881553401575,1.0,1.0
17.054933333333334,TM,8.0,0.0,121,0.9713044491178779,0.0,0.028695550882122056,0.9523406084222927,0.0,0.047659391577707266,0.047659391577707266,0.028695550882122056,0.01896384069558521,1.0,1.0
17.056866666666668,TM,8.0,0.0,121,0.9711205084383205,0.0,0.02887949156167946,0.9515318306595453,0.0,0.048468169340454725,0.048468169340454725,0.02887949156167946,0.019588677778775265,1.0,1.0
17.0588,TM,8.0,0.0,121,0.9709303989349327,0.0,0.029069601065067285,0.9506962089684741,0.0,0.049303791031525934,0.049303791031525934,0.029069601065067285,0.02023418996645865,1.0,1.0
17.060733333333335,TM,8.0,0.0,121,0.9707338739257302,0.0,0.029266126074269816,0.9498325909366132,0.0,0.05016740906338679,0.05016740906338679,0.029266126074269816,0.020901282989116976,1.0,1.0
17.06266666666667,TM,8.0,0.0,121,0.9705306693754017,0.0,0.029469330624598333,0.9489397614251464,0.0,0.051060238574853645,0.051060238574853645,0.029469330624598333,0.02159090795025531,1.0,1.0
17.064600000000002,TM,8.0,0.0,121,0.9703205024121255,0.0,0.02967949758787447,0.9480164380719867,0.0,0.051983561928013344,0.051983561928013344,0.02967949758787447,0.022304064340138874,1.0,1.0
17.066533333333332,TM,8.0,0.0,121,0.970103069692633,0.0,0.029896930307366953,0.9470612664682949,0.0,0.052938733531705084,0.052938733531705084,0.029896930307366953,0.02304180322433813,1.0,1.0
17.068466666666666,TM,8.0,0.0,121,0.9698780456003089,0.0,0.03012195439969112,0.9460728150108477,0.0,0.05392718498915228,0.05392718498915228,0.03012195439969112,0.023805230589461157,1.0,1.0
17.0704,TM,8.0,0.0,121,0.9696450802601002,0.0,0.03035491973989979,0.9450495694359002,0.0,0.05495043056409976,0.05495043056409976,0.03035491973989979,0.024595510824199973,1.0,1.0
17.072333333333333,TM,8.0,0.0,121,0.9694037973533276,0.0,0.0305962026466724,0.943989927041686,0.0,0.05601007295831395,0.05601007295831395,0.0305962026466724,0.02541387031164155,1.0,1.0
17.074266666666666,TM,8.0,0.0,121,0.9691537917141076,0.0,0.03084620828589235,0.9428921906039534,0.0,0.05710780939604665,0.05710780939604665,0.03084620828589235,0.026261601110154298,1.0,1.0
17.0762,TM,8.0,0.0,121,0.9688946266886738,0.0,0.031105373311326234,0.9417545619860088,0.0,0.05824543801399118,0.05824543801399118,0.031105373311326234,0.027140064702664946,1.0,1.0
17.078133333333334,TM,8.0,0.0,121,0.9686258312378083,0.0,0.03137416876219168,0.9405751354360865,0.0,0.05942486456391349,0.05942486456391349,0.03137416876219168,0.028050695801721814,1.0,1.0
17.080066666666667,TM,8.0,0.0,121,0.9683468967622213,0.0,0.0316531032377787,0.9393518905556562,0.0,0.060648109444343845,0.060648109444343845,0.0316531032377787,0.028995006206565144,1.0,1.0
17.082,TM,8.0,0.0,121,0.9680572736302075,0.0,0.03194272636979245,0.9380826849084842,0.0,0.06191731509151577,0.06191731509151577,0.03194272636979245,0.029974588721723316,1.0,1.0
17.083933333333334,TM,8.0,0.0,121,0.9677563673867273,0.0,0.03224363261327268,0.93676524622489,0.0,0.06323475377511001,0.06323475377511001,0.03224363261327268,0.03099112116183733,1.0,1.0
17.085866666666668,TM,8.0,0.0,121,0.9674435346235829,0.0,0.0325564653764171,0.9353971641393928,0.0,0.06460283586060722,0.06460283586060722,0.0325564653764171,0.03204637048419012,1.0,1.0
17.0878,TM,8.0,0.0,121,0.9671180784910405,0.0,0.03288192150895952,0.9339758813811757,0.0,0.06602411861882429,0.06602411861882429,0.03288192150895952,0.03314219710986477,1.0,1.0
17.089733333333335,TM,8.0,0.0,121,0.966779243833571,0.0,0.033220756166429055,0.9324986843206506,0.0,0.06750131567934936,0.06750131567934936,0.033220756166429055,0.034280559512920306,1.0,1.0
17.09166666666667,TM,8.0,0.0,121,0.9664262119349236,0.0,0.03357378806507638,0.9309626927553316,0.0,0.06903730724466839,0.06903730724466839,0.03357378806507638,0.03546351917959201,1.0,1.0
17.093600000000002,TM,8.0,0.0,121,0.9660580948632246,0.0,0.03394190513677542,0.9293648488050567,0.0,0.07063515119494335,0.07063515119494335,0.03394190513677542,0.03669324605816793,1.0,1.0
17.095533333333336,TM,8.0,0.0,121,0.9656739294135945,0.0,0.034326070586405466,0.9277019047685805,0.0,0.0722980952314195,0.0722980952314195,0.034326070586405466,0.037972024645014035,1.0,1.0
17.097466666666666,TM,8.0,0.0,121,0.9652726706565413,0.0,0.03472732934345868,0.9259704097833177,0.0,0.07402959021668232,0.07402959021668232,0.03472732934345868,0.03930226087322364,1.0,1.0
17.0994,TM,8.0,0.0,121,0.964853185114954,0.0,0.03514681488504601,0.9241666951171041,0.0,0.07583330488289586,0.07583330488289586,0.03514681488504601,0.04068648999784985,1.0,1.0
17.101333333333333,TM,8.0,0.0,121,0.9644142436128127,0.0,0.035585756387187306,0.9222868579127987,0.0,0.07771314208720126,0.07771314208720126,0.035585756387187306,0.04212738570001395,1.0,1.0
17.103266666666666,TM,8.0,0.0,121,0.9639545138671374,0.0,0.036045486132862625,0.9203267432024944,0.0,0.07967325679750559,0.07967325679750559,0.036045486132862625,0.04362777066464296,1.0,1.0
17.1052,TM,8.0,0.0,121,0.9634725529322323,0.0,0.03652744706776767,0.9182819240046767,0.0,0.08171807599532332,0.08171807599532332,0.03652744706776767,0.045190628927555654,1.0,1.0
17.107133333333334,TM,8.0,0.0,121,0.9629667996565068,0.0,0.03703320034349322,0.9161476793187576,0.0,0.08385232068124238,0.08385232068124238,0.03703320034349322,0.046819120337749154,1.0,1.0
17.109066666666667,TM,8.0,0.0,121,0.9624355673805388,0.0,0.037564432619461186,0.9139189698399984,0.0,0.08608103016000157,0.08608103016000157,0.037564432619461186,0.048516597540540385,1.0,1.0
17.111,TM,8.0,0.0,121,0.9618770371942263,0.0,0.03812296280577365,0.9115904112233343,0.0,0.08840958877666572,0.08840958877666572,0.03812296280577365,0.05028662597089206,1.0,1.0
17.112933333333334,TM,8.0,0.0,121,0.9612892521887326,0.0,0.038710747811267376,0.909156244740791,0.0,0.09084375525920896,0.09084375525920896,0.038710747811267376,0.05213300744794158,1.0,1.0
17.114866666666668,TM,8.0,0.0,121,0.9606701132890443,0.0,0.03932988671095572,0.9066103051899344,0.0,0.09338969481006565,0.09338969481006565,0.03932988671095572,0.05405980809910993,1.0,1.0
17.1168,TM,8.0,0.0,121,0.9600173774446299,0.0,0.039982622555370106,0.9039459859293634,0.0,0.09605401407063663,0.09605401407063663,0.039982622555370106,0.05607139151526652,1.0,1.0
17.118733333333335,TM,8.0,0.0,121,0.9593286591924677,0.0,0.04067134080753232,0.9011562009309437,0.0,0.09884379906905627,0.09884379906905627,0.04067134080753232,0.05817245826152395,1.0,1.0
17.12066666666667,TM,8.0,0.0,121,0.9586014368950709,0.0,0.041398563104929065,0.8982333437543343,0.0,0.10176665624566572,0.10176665624566572,0.041398563104929065,0.060368093140736656,1.0,1.0
17.122600000000002,TM,8.0,0.0,121,0.9578330652947403,0.0,0.04216693470525967,0.8951692433557527,0.0,0.10483075664424735,0.10483075664424735,0.04216693470525967,0.06266382193898767,1.0,1.0
17.124533333333332,TM,8.0,0.0,121,0.9570207964086845,0.0,0.04297920359131546,0.8919551166501329,0.0,0.10804488334986706,0.10804488334986706,0.04297920359131546,0.0650656797585516,1.0,1.0
17.126466666666666,TM,8.0,0.0,121,0.9561618111992267,0.0,0.04383818880077328,0.8885815177419216,0.0,0.11141848225807838,0.11141848225807838,0.04383818880077328,0.0675802934573051,1.0,1.0
17.1284,TM,8.0,0.0,121,0.9552532648542944,0.0,0.044746735145705596,0.8850382837323871,0.0,0.11496171626761287,0.11496171626761287,0.044746735145705596,0.07021498112190727,1.0,1.0
17.130333333333333,TM,8.0,0.0,121,0.9542923488474131,0.0,0.0457076511525869,0.8813144770028785,0.0,0.11868552299712154,0.11868552299712154,0.0457076511525869,0.07297787184453464,1.0,1.0
17.132266666666666,TM,8.0,0.0,121,0.9532763731209519,0.0,0.046723626879048075,0.877398323857402,0.0,0.12260167614259798,0.12260167614259798,0.046723626879048075,0.07587804926354991,1.0,1.0
17.1342,TM,8.0,0.0,121,0.9522028716234888,0.0,0.04779712837651118,0.8732771494008533,0.0,0.12672285059914667,0.12672285059914667,0.04779712837651118,0.0789257222226355,1.0,1.0
17.136133333333333,TM,8.0,0.0,121,0.9510697338560778,0.0,0.04893026614392215,0.8689373085256906,0.0,0.13106269147430938,0.13106269147430938,0.04893026614392215,0.08213242533038723,1.0,1.0
17.138066666666667,TM,8.0,0.0,121,0.9498753638306274,0.0,0.05012463616937257,0.8643641128842047,0.0,0.13563588711579533,0.13563588711579533,0.05012463616937257,0.08551125094642276,1.0,1.0
17.14,TM,8.0,0.0,121,0.9486188656834473,0.0,0.05138113431655267,0.8595417537541952,0.0,0.14045824624580483,0.14045824624580483,0.05138113431655267,0.08907711192925216,1.0,1.0
17.141933333333334,TM,8.0,0.0,121,0.9473002518998652,0.0,0.05269974810013478,0.8544532207429489,0.0,0.14554677925705106,0.14554677925705106,0.05269974810013478,0.09284703115691628,1.0,1.0
17.143866666666668,TM,8.0,0.0,121,0.9459206655749608,0.0,0.054079334425039205,0.8490802163530071,0.0,0.15091978364699288,0.15091978364699288,0.054079334425039205,0.09684044922195367,1.0,1.0
17.1458,TM,8.0,0.0,121,0.9444826024342116,0.0,0.05551739756578844,0.8434030665274139,0.0,0.15659693347258608,0.15659693347258608,0.05551739756578844,0.10107953590679764,1.0,1.0
17.147733333333335,TM,8.0,0.0,121,0.9429901118809272,0.0,0.057009888119072816,0.8374006274330766,0.0,0.16259937256692336,0.16259937256692336,0.057009888119072816,0.10558948444785055,1.0,1.0
17.14966666666667,TM,8.0,0.0,121,0.9414489499976442,0.0,0.05855105000235583,0.8310501889132116,0.0,0.16894981108678842,0.16894981108678842,0.05855105000235583,0.11039876108443258,1.0,1.0
17.151600000000002,TM,8.0,0.0,121,0.939866652609727,0.0,0.060133347390272984,0.8243273752621683,0.0,0.17567262473783174,0.17567262473783174,0.060133347390272984,0.11553927734755876,1.0,1.0
17.153533333333336,TM,8.0,0.0,121,0.9382524950720561,0.0,0.0617475049279439,0.8172060442545594,0.0,0.18279395574544055,0.18279395574544055,0.0617475049279439,0.12104645081749665,1.0,1.0
17.15546666666667,TM,8.0,0.0,121,0.9366173093469903,0.0,0.06338269065300972,0.8096581856898499,0.0,0.19034181431015007,0.19034181431015007,0.06338269065300972,0.12695912365714035,1.0,1.0
17.1574,TM,8.0,0.0,121,0.9349731397384882,0.0,0.06502686026151183,0.8016538211466034,0.0,0.19834617885339656,0.19834617885339656,0.06502686026151183,0.13331931859188473,1.0,1.0
17.159333333333333,TM,8.0,0.0,121,0.9333327366396854,0.0,0.06666726336031459,0.7931609071389519,0.0,0.20683909286104807,0.20683909286104807,0.06666726336031459,0.14017182950073348,1.0,1.0
17.161266666666666,TM,8.0,0.0,121,0.9317089112155945,0.0,0.06829108878440548,0.7841452445310472,0.0,0.21585475546895283,0.21585475546895283,0.06829108878440548,0.14756366668454735,1.0,1.0
17.1632,TM,8.0,0.0,121,0.9301137992200316,0.0,0.06988620077996843,0.7745703978644128,0.0,0.22542960213558716,0.22542960213558716,0.06988620077996843,0.15554340135561873,1.0,1.0
17.165133333333333,TM,8.0,0.0,121,0.9285581035771704,0.0,0.07144189642282961,0.764397629306842,0.0,0.23560237069315804,0.23560237069315804,0.07144189642282961,0.16416047427032843,1.0,1.0
17.167066666666667,TM,8.0,0.0,121,0.9270503970528914,0.0,0.07294960294710862,0.7535858532564857,0.0,0.24641414674351425,0.24641414674351425,0.07294960294710862,0.17346454379640563,1.0,1.0
17.169,TM,8.0,0.0,121,0.9255965640616612,0.0,0.07440343593833876,0.7420916193877216,0.0,0.2579083806122784,0.2579083806122784,0.07440343593833876,0.18350494467393963,1.0,1.0
17.170933333333334,TM,8.0,0.0,121,0.9241994435281562,0.0,0.0758005564718438,0.7298691341839952,0.0,0.27013086581600476,0.27013086581600476,0.0758005564718438,0.19433030934416096,1.0,1.0
17.172866666666668,TM,8.0,0.0,121,0.9228587059522602,0.0,0.07714129404773984,0.7168703339500232,0.0,0.2831296660499768,0.2831296660499768,0.07714129404773984,0.20598837200223696,1.0,1.0
17.1748,TM,8.0,0.0,121,0.9215709638535878,0.0,0.07842903614641217,0.7030450261095592,0.0,0.2969549738904408,0.2969549738904408,0.07842903614641217,0.21852593774402862,1.0,1.0
17.176733333333335,TM,8.0,0.0,121,0.9203300832299265,0.0,0.07966991677007351,0.6883411204771945,0.0,0.31165887952280547,0.31165887952280547,0.07966991677007351,0.23198896275273195,1.0,1.0
17.17866666666667,TM,8.0,0.0,121,0.9191276409423638,0.0,0.08087235905763623,0.6727049783292596,0.0,0.3272950216707404,0.3272950216707404,0.08087235905763623,0.2464226626131042,1.0,1.0
17.180600000000002,TM,8.0,0.0,121,0.9179534624353729,0.0,0.0820465375646271,0.6560819147040265,0.0,0.34391808529597345,0.34391808529597345,0.0820465375646271,0.26187154773134635,1.0,1.0
17.182533333333335,TM,8.0,0.0,121,0.916796175805253,0.0,0.08320382419474703,0.6384168984811903,0.0,0.3615831015188097,0.3615831015188097,0.08320382419474703,0.27837927732406265,1.0,1.0
17.184466666666665,TM,8.0,0.0,121,0.9156437290894646,0.0,0.08435627091053544,0.6196555053854336,0.0,0.38034449461456643,0.38034449461456643,0.08435627091053544,0.295988223704031,1.0,1.0
17.1864,TM,8.0,0.0,121,0.9144838335749494,0.0,0.08551616642505055,0.5997451908486742,0.0,0.40025480915132583,0.40025480915132583,0.08551616642505055,0.3147386427262753,1.0,1.0
17.188333333333333,TM,8.0,0.0,121,0.9133043128100602,0.0,0.08669568718993981,0.5786369618893894,0.0,0.4213630381106106,0.4213630381106106,0.08669568718993981,0.3346673509206708,1.0,1.0
17.190266666666666,TM,8.0,0.0,121,0.912093351809445,0.0,0.08790664819055505,0.5562875386390129,0.0,0.4437124613609871,0.4437124613609871,0.08790664819055505,0.35580581317043203,1.0,1.0
17.1922,TM,8.0,0.0,121,0.9108396520064526,0.0,0.08916034799354744,0.5326621048438613,0.0,0.46733789515613866,0.46733789515613866,0.08916034799354744,0.3781775471625912,1.0,1.0
17.194133333333333,TM,8.0,0.0,121,0.9095325044321763,0.0,0.09046749556782374,0.5077377496231343,0.0,0.49226225037686566,0.49226225037686566,0.09046749556782374,0.4017947548090419,1.0,1.0
17.196066666666667,TM,8.0,0.0,121,0.9081617968470865,0.0,0.09183820315291347,0.48150769582397807,0.0,0.5184923041760219,0.5184923041760219,0.09183820315291347,0.4266541010231084,1.0,1.0
17.198,TM,8.0,0.0,121,0.906717971005208,0.0,0.09328202899479199,0.4539863879291098,0.0,0.5460136120708903,0.5460136120708903,0.09328202899479199,0.4527315830760983,1.0,1.0
17.199933333333334,TM,8.0,0.0,121,0.9051919448722419,0.0,0.09480805512775814,0.425215467872137,0.0,0.5747845321278631,0.5747845321278631,0.09480805512775814,0.47997647700010493,1.0,1.0
17.201866666666668,TM,8.0,0.0,121,0.9035750122961583,0.0,0.09642498770384167,0.3952705923903098,0.0,0.6047294076096902,0.6047294076096902,0.09642498770384167,0.5083044199058485,1.0,1.0
17.2038,TM,8.0,0.0,121,0.9018587299760747,0.0,0.09814127002392525,0.3642689329009237,0.0,0.6357310670990763,0.6357310670990763,0.09814127002392525,0.5375897970751511,1.0,1.0
17.205733333333335,TM,8.0,0.0,121,0.9000347990213011,0.0,0.09996520097869888,0.332377042377818,0.0,0.6676229576221819,0.6676229576221819,0.09996520097869888,0.5676577566434831,1.0,1.0
17.207666666666668,TM,8.0,0.0,121,0.898094946150778,0.0,0.101905053849222,0.2998185722629907,0.0,0.7001814277370093,0.7001814277370093,0.101905053849222,0.5982763738877873,1.0,1.0
17.209600000000002,TM,8.0,0.0,121,0.8960308077662269,0.0,0.1039691922337731,0.26688108451396425,0.0,0.7331189154860358,0.7331189154860358,0.1039691922337731,0.6291497232522627,1.0,1.0
17.211533333333335,TM,8.0,0.0,121,0.8938338187412611,0.0,0.10616618125873889,0.23392095254450396,0.0,0.766079047455496,0.766079047455496,0.10616618125873889,0.6599128661967572,1.0,1.0
17.21346666666667,TM,8.0,0.0,121,0.8914951067677007,0.0,0.10850489323229928,0.2013651228501851,0.0,0.7986348771498148,0.7986348771498148,0.10850489323229928,0.6901299839175156,1.0,1.0
17.2154,TM,8.0,0.0,121,0.8890053924367525,0.0,0.11099460756324753,0.1697083811499791,0.0,0.8302916188500209,0.8302916188500209,0.11099460756324753,0.7192970112867734,1.0,1.0
17.217333333333332,TM,8.0,0.0,121,0.8863548948426385,0.0,0.11364510515736148,0.13950481484767926,0.0,0.8604951851523207,0.8604951851523207,0.11364510515736148,0.7468500799949592,1.0,1.0
17.219266666666666,TM,8.0,0.0,121,0.8835332423264446,0.0,0.11646675767355541,0.11135247185536495,0.0,0.8886475281446351,0.8886475281446351,0.11646675767355541,0.7721807704710797,1.0,1.0
17.2212,TM,8.0,0.0,121,0.8805293879883453,0.0,0.11947061201165465,0.08587084406002962,0.0,0.9141291559399704,0.9141291559399704,0.11947061201165465,0.7946585439283157,1.0,1.0
17.223133333333333,TM,8.0,0.0,121,0.8773315297525799,0.0,0.12266847024742011,0.06367175044308035,0.0,0.9363282495569196,0.9363282495569196,0.12266847024742011,0.8136597793094995,1.0,1.0
17.225066666666667,TM,8.0,0.0,121,0.8739270350516786,0.0,0.12607296494832143,0.045325363568275615,0.0,0.9546746364317243,0.9546746364317243,0.12607296494832143,0.8286016714834029,1.0,1.0
17.227,TM,8.0,0.0,121,0.8703023705979605,0.0,0.12969762940203955,0.03132430836996469,0.0,0.9686756916300353,0.9686756916300353,0.12969762940203955,0.8389780622279958,1.0,1.0
17.228933333333334,TM,8.0,0.0,121,0.8664430382226074,0.0,0.13355696177739262,0.02204967540614349,0.0,0.9779503245938566,0.9779503245938566,0.13355696177739262,0.8443933628164639,1.0,1.0
17.230866666666667,TM,8.0,0.0,121,0.8623335183961991,0.0,0.1376664816038009,0.017743134100214615,0.0,0.9822568658997853,0.9822568658997853,0.1376664816038009,0.8445903842959844,1.0,1.0
17.2328,TM,8.0,0.0,121,0.8579572238055706,0.0,0.1420427761944294,0.01848890213175735,0.0,0.9815110978682426,0.9815110978682426,0.1420427761944294,0.8394683216738132,1.0,1.0
17.234733333333335,TM,8.0,0.0,121,0.8532964662570062,0.0,0.14670353374299383,0.02420811398996218,0.0,0.9757918860100379,0.9757918860100379,0.14670353374299383,0.829088352267044,1.0,1.0
17.236666666666668,TM,8.0,0.0,121,0.8483324412234787,0.0,0.15166755877652127,0.034666353160958396,0.0,0.9653336468390417,0.9653336468390417,0.15166755877652127,0.8136660880625204,1.0,1.0
17.2386,TM,8.0,0.0,121,0.8430452355454142,0.0,0.15695476445458578,0.04949316633866219,0.0,0.9505068336613378,0.9505068336613378,0.15695476445458578,0.793552069206752,1.0,1.0
17.240533333333335,TM,8.0,0.0,121,0.8374138651296483,0.0,0.16258613487035167,0.06821071553945494,0.0,0.9317892844605451,0.9317892844605451,0.16258613487035167,0.7692031495901934,1.0,1.0
17.24246666666667,TM,8.0,0.0,121,0.8314163509342873,0.0,0.16858364906571266,0.09026770035589134,0.0,0.9097322996441086,0.9097322996441086,0.16858364906571266,0.741148650578396,1.0,1.0
17.2444,TM,8.0,0.0,121,0.8250298430232382,0.0,0.17497015697676177,0.11507445112446821,0.0,0.8849255488755318,0.8849255488755318,0.17497015697676177,0.70995539189877,1.0,1.0
17.246333333333332,TM,8.0,0.0,121,0.8182308039002486,0.0,0.1817691960997514,0.14203558400723074,0.0,0.8579644159927693,0.8579644159927693,0.1817691960997514,0.6761952198930179,1.0,1.0
17.248266666666666,TM,8.0,0.0,121,0.8109952635408628,0.0,0.18900473645913718,0.17057758601603057,0.0,0.8294224139839694,0.8294224139839694,0.18900473645913718,0.6404176775248323,1.0,1.0
17.2502,TM,8.0,0.0,121,0.8032991592574183,0.0,0.19670084074258165,0.2001698648223303,0.0,0.7998301351776698,0.7998301351776698,0.19670084074258165,0.6031292944350881,1.0,1.0
17.252133333333333,TM,8.0,0.0,121,0.7951187734237792,0.0,0.20488122657622077,0.2303388916687753,0.0,0.7696611083312247,0.7696611083312247,0.20488122657622077,0.5647798817550039,1.0,1.0
17.254066666666667,TM,8.0,0.0,121,0.7864312806926637,0.0,0.21356871930733634,0.2606759145708479,0.0,0.7393240854291521,0.7393240854291521,0.21356871930733634,0.5257553661218157,1.0,1.0
17.256,TM,8.0,0.0,121,0.7772154131014697,0.0,0.2227845868985303,0.2908392562552009,0.0,0.7091607437447991,0.7091607437447991,0.2227845868985303,0.4863761568462688,1.0,1.0
17.257933333333334,TM,8.0,0.0,121,0.7674522457505943,0.0,0.23254775424940566,0.3205524533716742,0.0,0.6794475466283258,0.6794475466283258,0.23254775424940566,0.4468997923789202,1.0,1.0
17.259866666666667,TM,8.0,0.0,121,0.7571260969119169,0.0,0.2428739030880831,0.34959950554847385,0.0,0.6504004944515261,0.6504004944515261,0.2428739030880831,0.40752659136344305,1.0,1.0
17.2618,TM,8.0,0.0,121,0.7462255239800788,0.0,0.2537744760199212,0.37781836578759487,0.0,0.6221816342124051,0.6221816342124051,0.2537744760199212,0.36840715819248393,1.0,1.0
17.263733333333334,TM,8.0,0.0,121,0.7347443803752842,0.0,0.2652556196247158,0.4050935917132691,0.0,0.5949064082867309,0.5949064082867309,0.2652556196247158,0.32965078866201514,1.0,1.0
17.265666666666668,TM,8.0,0.0,121,0.7226828787158471,0.0,0.27731712128415287,0.4313488462516824,0.0,0.5686511537483177,0.5686511537483177,0.27731712128415287,0.2913340324641648,1.0,1.0
17.2676,TM,8.0,0.0,121,0.7100485834575292,0.0,0.2899514165424708,0.4565397221704402,0.0,0.5434602778295599,0.5434602778295599,0.2899514165424708,0.25350886128708905,1.0,1.0
17.269533333333335,TM,8.0,0.0,121,0.6968572340525997,0.0,0.3031427659474003,0.4806471857881477,0.0,0.5193528142118523,0.5193528142118523,0.3031427659474003,0.216210048264452,1.0,1.0
17.27146666666667,TM,8.0,0.0,121,0.6831332810351723,0.0,0.31686671896482765,0.5036717966342985,0.0,0.4963282033657015,0.4963282033657015,0.31686671896482765,0.17946148440087384,1.0,1.0
17.273400000000002,TM,8.0,0.0,121,0.668910006986156,0.0,0.331089993013844,0.5256287598785601,0.0,0.47437124012143994,0.47437124012143994,0.331089993013844,0.14328124710759593,1.0,1.0
17.275333333333332,TM,8.0,0.0,121,0.654229107370152,0.0,0.34577089262984795,0.5465438009098312,0.0,0.45345619909016877,0.45345619909016877,0.34577089262984795,0.10768530646032082,1.0,1.0
17.277266666666666,TM,8.0,0.0,121,0.6391396276950825,0.0,0.3608603723049175,0.5664498094604073,0.0,0.43355019053959265,0.43355019053959265,0.3608603723049175,0.07268981823467513,1.0,1.0
17.2792,TM,8.0,0.0,121,0.6236961965361931,0.0,0.3763038034638069,0.5853841771709674,0.0,0.41461582282903264,0.41461582282903264,0.3763038034638069,0.03831201936522577,1.0,1.0
17.281133333333333,TM,8.0,0.0,121,0.6079565584239919,0.0,0.3920434415760081,0.6033867418662713,0.0,0.3966132581337287,0.3966132581337287,0.3920434415760081,0.004569816557720596,1.0,1.0
17.283066666666667,TM,8.0,0.0,121,0.5919784916597175,0.0,0.4080215083402825,0.6204982495020223,0.0,0.37950175049797774,0.37950175049797774,0.4080215083402825,0.02851975784230476,1.0,1.0
17.285,TM,8.0,0.0,121,0.5758162838754259,0.0,0.42418371612457406,0.6367592476606019,0.0,0.3632407523393981,0.3632407523393981,0.42418371612457406,0.06094296378517594,1.0,1.0
17.286933333333334,TM,8.0,0.0,121,0.5595170188676731,0.0,0.44048298113232687,0.6522093304130857,0.0,0.3477906695869143,0.3477906695869143,0.44048298113232687,0.09269231154541258,1.0,1.0
17.288866666666667,TM,8.0,0.0,121,0.5431169867909551,0.0,0.4568830132090449,0.6668866619424079,0.0,0.33311333805759213,0.33311333805759213,0.4568830132090449,0.12376967515145276,1.0,1.0
17.2908,TM,8.0,0.0,121,0.5266385534238985,0.0,0.47336144657610146,0.6808277147326036,0.0,0.3191722852673964,0.3191722852673964,0.47336144657610146,0.15418916130870508,1.0,1.0
17.292733333333334,TM,8.0,0.0,121,0.5100878063597216,0.0,0.4899121936402784,0.6940671667712289,0.0,0.3059328332287711,0.3059328332287711,0.4899121936402784,0.1839793604115073,1.0,1.0
17.294666666666668,TM,8.0,0.0,121,0.4934532383824114,0.0,0.5065467616175886,0.7066379108524575,0.0,0.29336208914754247,0.29336208914754247,0.5065467616175886,0.21318467247004613,1.0,1.0
17.2966,TM,8.0,0.0,121,0.4767056415653636,0.0,0.5232943584346363,0.7185711373822609,0.0,0.28142886261773914,0.28142886261773914,0.5232943584346363,0.2418654958168972,1.0,1.0
17.298533333333335,TM,8.0,0.0,121,0.45979928645034285,0.0,0.5402007135496572,0.729896459937014,0.0,0.270103540062986,0.270103540062986,0.5402007135496572,0.27009717348667117,1.0,1.0
17.30046666666667,TM,8.0,0.0,121,0.44267436769038854,0.0,0.5573256323096114,0.7406420600301514,0.0,0.25935793996984857,0.25935793996984857,0.5573256323096114,0.29796769233976284,1.0,1.0
17.302400000000002,TM,8.0,0.0,121,0.425260626765585,0.0,0.574739373234415,0.7508348339500017,0.0,0.24916516604999828,0.24916516604999828,0.574739373234415,0.32557420718441676,1.0,1.0
17.304333333333332,TM,8.0,0.0,121,0.4074820232084343,0.0,0.5925179767915657,0.7605005300769978,0.0,0.2394994699230022,0.2394994699230022,0.5925179767915657,0.3530185068685635,1.0,1.0
17.306266666666666,TM,8.0,0.0,121,0.38926231959481655,0.0,0.6107376804051834,0.7696638696730222,0.0,0.23033613032697775,0.23033613032697775,0.6107376804051834,0.38040155007820564,1.0,1.0
17.3082,TM,8.0,0.0,121,0.370531465603283,0.0,0.629468534396717,0.7783486478041386,0.0,0.2216513521958614,0.2216513521958614,0.629468534396717,0.4078171822008556,1.0,1.0
17.310133333333333,TM,8.0,0.0,121,0.35123270003634144,0.0,0.6487672999636586,0.7865778138007388,0.0,0.21342218619926123,0.21342218619926123,0.6487672999636586,0.43534511376439733,1.0,1.0
17.312066666666666,TM,8.0,0.0,121,0.33133031997733325,0.0,0.6686696800226668,0.794373532609312,0.0,0.20562646739068802,0.20562646739068802,0.6686696800226668,0.4630432126319788,1.0,1.0
17.314,TM,8.0,0.0,121,0.3108180748754973,0.0,0.6891819251245027,0.8017572296252787,0.0,0.19824277037472127,0.19824277037472127,0.6891819251245027,0.49093915474978145,1.0,1.0
17.315933333333334,TM,8.0,0.0,121,0.28972811170984003,0.0,0.71027188829016,0.8087496222538124,0.0,0.19125037774618758,0.19125037774618758,0.71027188829016,0.5190215105439724,1.0,1.0
17.317866666666667,TM,8.0,0.0,121,0.26814030832015945,0.0,0.7318596916798406,0.8153707416588157,0.0,0.18462925834118427,0.18462925834118427,0.7318596916798406,0.5472304333386563,1.0,1.0
17.3198,TM,8.0,0.0,121,0.2461916717308405,0.0,0.7538083282691594,0.8216399480593516,0.0,0.1783600519406484,0.1783600519406484,0.7538083282691594,0.575448276328511,1.0,1.0
17.321733333333334,TM,8.0,0.0,121,0.2240852401903099,0.0,0.77591475980969,0.8275759425901454,0.0,0.17242405740985456,0.17242405740985456,0.77591475980969,0.6034907023998355,1.0,1.0
17.323666666666668,TM,8.0,0.0,121,0.2020976180813203,0.0,0.7979023819186797,0.8331967783132339,0.0,0.1668032216867661,0.1668032216867661,0.7979023819186797,0.6310991602319136,1.0,1.0
17.3256,TM,8.0,0.0,121,0.18058392040598722,0.0,0.8194160795940127,0.8385198724401778,0.0,0.16148012755982222,0.16148012755982222,0.8194160795940127,0.6579359520341905,1.0,1.0
17.327533333333335,TM,8.0,0.0,121,0.1599785685877058,0.0,0.8400214314122942,0.8435620213141961,0.0,0.1564379786858039,0.1564379786858039,0.8400214314122942,0.6835834527264903,1.0,1.0
17.32946666666667,TM,8.0,0.0,121,0.1407901618039434,0.0,0.8592098381960566,0.8483394191856686,0.0,0.15166058081433142,0.15166058081433142,0.8592098381960566,0.7075492573817251,1.0,1.0
17.331400000000002,TM,8.0,0.0,121,0.12358868410125164,0.0,0.8764113158987483,0.8528676813337777,0.0,0.14713231866622234,0.14713231866622234,0.8764113158987483,0.729278997232526,1.0,1.0
17.333333333333336,TM,8.0,0.0,121,0.10898374784126065,0.0,0.8910162521587394,0.8571618716025737,0.0,0.14283812839742627,0.14283812839742627,0.8910162521587394,0.7481781237613131,1.0,1.0
17.335266666666666,TM,8.0,0.0,121,0.09759353425339827,0.0,0.9024064657466018,0.8612365339356114,0.0,0.1387634660643886,0.1387634660643886,0.9024064657466018,0.7636429996822132,1.0,1.0
17.3372,TM,8.0,0.0,121,0.09000558065704761,0.0,0.9099944193429523,0.8651057269638378,0.0,0.1348942730361622,0.1348942730361622,0.9099944193429523,0.7751001463067901,1.0,1.0
17.339133333333333,TM,8.0,0.0,121,0.08673240813134847,0.0,0.9132675918686515,0.8687830600920733,0.0,0.1312169399079267,0.1312169399079267,0.9132675918686515,0.7820506519607248,1.0,1.0
17.341066666666666,TM,8.0,0.0,121,0.08816679461935667,0.0,0.9118332053806433,0.8722817288197936,0.0,0.1277182711802064,0.1277182711802064,0.9118332053806433,0.7841149342004369,1.0,1.0
17.343,TM,8.0,0.0,121,0.09454272886834508,0.0,0.9054572711316549,0.875614546211675,0.0,0.124385453788325,0.124385453788325,0.9054572711316549,0.7810718173433299,1.0,1.0
17.344933333333334,TM,8.0,0.0,121,0.10590818947376746,0.0,0.8940918105262325,0.8787939665293713,0.0,0.12120603347062875,0.12120603347062875,0.8940918105262325,0.7728857770556038,1.0,1.0
17.346866666666667,TM,8.0,0.0,121,0.12211458204047719,0.0,0.8778854179595228,0.8818320961572632,0.0,0.11816790384273679,0.11816790384273679,0.8778854179595228,0.759717514116786,1.0,1.0
17.3488,TM,8.0,0.0,121,0.14282507466188415,0.0,0.8571749253381158,0.8847406862747047,0.0,0.1152593137252953,0.1152593137252953,0.8571749253381158,0.7419156116128205,1.0,1.0
17.350733333333334,TM,8.0,0.0,121,0.16754080250865142,0.0,0.8324591974913486,0.8875311015405982,0.0,0.11246889845940178,0.11246889845940178,0.8324591974913486,0.7199902990319468,1.0,1.0
17.352666666666668,TM,8.0,0.0,121,0.1956408476912657,0.0,0.8043591523087343,0.8902142597389989,0.0,0.10978574026100107,0.10978574026100107,0.8043591523087343,0.6945734120477333,1.0,1.0
17.3546,TM,8.0,0.0,121,0.22642986227517403,0.0,0.773570137724826,0.8928005392814262,0.0,0.10719946071857378,0.10719946071857378,0.773570137724826,0.6663706770062522,1.0,1.0
17.356533333333335,TM,8.0,0.0,121,0.25918663990761354,0.0,0.7408133600923865,0.8952996549912453,0.0,0.10470034500875469,0.10470034500875469,0.7408133600923865,0.6361130150836318,1.0,1.0
17.35846666666667,TM,8.0,0.0,121,0.29320780124155027,0.0,0.7067921987584498,0.8977205077173381,0.0,0.10227949228266187,0.10227949228266187,0.7067921987584498,0.6045127064757879,1.0,1.0
17.360400000000002,TM,8.0,0.0,121,0.32784257822541396,0.0,0.672157421774586,0.9000710195734113,0.0,0.09992898042658871,0.09992898042658871,0.672157421774586,0.5722284413479973,1.0,1.0
17.362333333333332,TM,8.0,0.0,121,0.3625168318245626,0.0,0.6374831681754374,0.9023579728959313,0.0,0.09764202710406866,0.09764202710406866,0.6374831681754374,0.5398411410713687,1.0,1.0
17.364266666666666,TM,8.0,0.0,121,0.39674636195815516,0.0,0.6032536380418448,0.9045868757136543,0.0,0.09541312428634574,0.09541312428634574,0.6032536380418448,0.5078405137554991,1.0,1.0
17.3662,TM,8.0,0.0,121,0.43014093468356535,0.0,0.5698590653164346,0.9067618778213904,0.0,0.0932381221786096,0.0932381221786096,0.5698590653164346,0.476620943137825,1.0,1.0
17.368133333333333,TM,8.0,0.0,121,0.4624011710241695,0.0,0.5375988289758304,0.9088857580605714,0.0,0.09111424193942863,0.09111424193942863,0.5375988289758304,0.4464845870364018,1.0,1.0
17.370066666666666,TM,8.0,0.0,121,0.4933106043546549,0.0,0.5066893956453451,0.9109599949031558,0.0,0.08904000509684418,0.08904000509684418,0.5066893956453451,0.4176493905485009,1.0,1.0
17.372,TM,8.0,0.0,121,0.5227249943843242,0.0,0.4772750056156758,0.9129849202156317,0.0,0.08701507978436829,0.08701507978436829,0.4772750056156758,0.39025992583130753,1.0,1.0
17.373933333333333,TM,8.0,0.0,121,0.5505605681177606,0.0,0.44943943188223945,0.9149599428480222,0.0,0.08504005715197782,0.08504005715197782,0.44943943188223945,0.3643993747302616,1.0,1.0
17.375866666666667,TM,8.0,0.0,121,0.5767823862620589,0.0,0.4232176137379411,0.9168838177148515,0.0,0.0831161822851485,0.0831161822851485,0.4232176137379411,0.3401014314527926,1.0,1.0
17.3778,TM,8.0,0.0,121,0.6013935995407493,0.0,0.39860640045925066,0.9187549300129265,0.0,0.08124506998707348,0.08124506998707348,0.39860640045925066,0.3173613304721772,1.0,1.0
17.379733333333334,TM,8.0,0.0,121,0.6244260083338277,0.0,0.37557399166617234,0.9205715643504302,0.0,0.0794284356495698,0.0794284356495698,0.37557399166617234,0.29614555601660253,1.0,1.0
17.381666666666668,TM,8.0,0.0,121,0.6459320823831255,0.0,0.3540679176168745,0.9223321341959504,0.0,0.07766786580404961,0.07766786580404961,0.3540679176168745,0.2764000518128249,1.0,1.0
17.3836,TM,8.0,0.0,121,0.665978426794851,0.0,0.334021573205149,0.9240353561490814,0.0,0.07596464385091861,0.07596464385091861,0.334021573205149,0.2580569293542304,1.0,1.0
17.385533333333335,TM,8.0,0.0,121,0.6846405793441198,0.0,0.3153594206558802,0.9256803635154456,0.0,0.07431963648455442,0.07431963648455442,0.3153594206558802,0.24103978417132577,1.0,1.0
17.38746666666667,TM,8.0,0.0,121,0.7019989735663805,0.0,0.2980010264336195,0.927266762303752,0.0,0.07273323769624795,0.07273323769624795,0.2980010264336195,0.22526778873737152,1.0,1.0
17.389400000000002,TM,8.0,0.0,121,0.718135885759576,0.0,0.281864114240424,0.928794638743212,0.0,0.071205361256788,0.071205361256788,0.281864114240424,0.210658752983636,1.0,1.0
17.391333333333336,TM,8.0,0.0,121,0.7331331887350111,0.0,0.2668668112649889,0.9302645304000552,0.0,0.06973546959994481,0.06973546959994481,0.2668668112649889,0.1971313416650441,1.0,1.0
17.39326666666667,TM,8.0,0.0,121,0.747070751445262,0.0,0.252929248554738,0.9316773733803382,0.0,0.06832262661966182,0.06832262661966182,0.252929248554738,0.18460662193507615,1.0,1.0
17.3952,TM,8.0,0.0,121,0.7600253450513054,0.0,0.23997465494869463,0.9330344367357565,0.0,0.06696556326424352,0.06696556326424352,0.23997465494869463,0.1730090916844511,1.0,1.0
17.397133333333333,TM,8.0,0.0,121,0.7720699385974673,0.0,0.2279300614025327,0.934337252888426,0.0,0.06566274711157405,0.06566274711157405,0.2279300614025327,0.16226731429095864,1.0,1.0
17.399066666666666,TM,8.0,0.0,121,0.783273288859251,0.0,0.21672671114074904,0.9355875503493497,0.0,0.0644124496506503,0.0644124496506503,0.21672671114074904,0.15231426149009875,1.0,1.0
17.401,TM,8.0,0.0,121,0.7936997480197143,0.0,0.20630025198028568,0.9367871926743502,0.0,0.06321280732564982,0.06321280732564982,0.20630025198028568,0.14308744465463585,1.0,1.0
17.402933333333333,TM,8.0,0.0,121,0.8034092291409394,0.0,0.19659077085906063,0.9379381257126971,0.0,0.06206187428730292,0.06206187428730292,0.19659077085906063,0.1345288965717577,1.0,1.0
17.404866666666667,TM,8.0,0.0,121,0.8124572829321253,0.0,0.18754271706787473,0.9390423338195127,0.0,0.06095766618048726,0.06095766618048726,0.18754271706787473,0.12658505088738747,1.0,1.0
17.4068,TM,8.0,0.0,121,0.820895250313388,0.0,0.17910474968661205,0.9401018047848233,0.0,0.0598981952151767,0.0598981952151767,0.17910474968661205,0.11920655447143536,1.0,1.0
17.408733333333334,TM,8.0,0.0,121,0.8287704640266614,0.0,0.17122953597333856,0.9411185026907204,0.0,0.05888149730927961,0.05888149730927961,0.17122953597333856,0.11234803866405896,1.0,1.0
17.410666666666668,TM,8.0,0.0,121,0.8361264794375288,0.0,0.16387352056247118,0.9420943476487086,0.0,0.057905652351291415,0.057905652351291415,0.16387352056247118,0.10596786821117976,1.0,1.0
17.4126,TM,8.0,0.0,121,0.843003320010259,0.0,0.15699667998974098,0.9430312012952461,0.0,0.05696879870475391,0.05696879870475391,0.15699667998974098,0.10002788128498707,1.0,1.0
17.414533333333335,TM,8.0,0.0,121,0.8494377270439125,0.0,0.15056227295608748,0.9439308569699278,0.0,0.056069143030072155,0.056069143030072155,0.15056227295608748,0.09449312992601533,1.0,1.0
17.41646666666667,TM,8.0,0.0,121,0.8554634063667803,0.0,0.1445365936332197,0.9447950336070645,0.0,0.055204966392935484,0.055204966392935484,0.1445365936332197,0.0893316272402842,1.0,1.0
17.418400000000002,TM,8.0,0.0,121,0.8611112670352594,0.0,0.13888873296474058,0.9456253725074113,0.0,0.0543746274925887,0.0543746274925887,0.13888873296474058,0.08451410547215188,1.0,1.0
17.420333333333335,TM,8.0,0.0,121,0.866409648820692,0.0,0.13359035117930795,0.9464234362954111,0.0,0.05357656370458885,0.05357656370458885,0.13359035117930795,0.0800137874747191,1.0,1.0
17.422266666666665,TM,8.0,0.0,121,0.8713845365495192,0.0,0.1286154634504808,0.9471907094978063,0.0,0.05280929050219374,0.05280929050219374,0.1286154634504808,0.07580617294828706,1.0,1.0
17.4242,TM,8.0,0.0,121,0.8760597602954543,0.0,0.12394023970454571,0.9479286002943159,0.0,0.052071399705684085,0.052071399705684085,0.12394023970454571,0.07186883999886162,1.0,1.0
17.426133333333333,TM,8.0,0.0,121,0.8804571810807293,0.0,0.11954281891927065,0.9486384430888857,0.0,0.051361556911114326,0.051361556911114326,0.11954281891927065,0.06818126200815633,1.0,1.0
17.428066666666666,TM,8.0,0.0,121,0.884596862210097,0.0,0.11540313778990297,0.9493215016289003,0.0,0.05067849837109972,0.05067849837109972,0.11540313778990297,0.06472463941880324,1.0,1.0
17.43,TM,8.0,0.0,121,0.8884972266764948,0.0,0.11150277332350522,0.949978972465255,0.0,0.05002102753474502,0.05002102753474502,0.11150277332350522,0.0614817457887602,1.0,1.0
17.431933333333333,TM,8.0,0.0,121,0.8921752012787932,0.0,0.10782479872120676,0.9506119885948638,0.0,0.049388011405136156,0.049388011405136156,0.10782479872120676,0.058436787316070604,1.0,1.0
17.433866666666667,TM,8.0,0.0,121,0.895646348220349,0.0,0.10435365177965095,0.9512216231671279,0.0,0.04877837683287212,0.04877837683287212,0.10435365177965095,0.05557527494677883,1.0,1.0
17.4358,TM,8.0,0.0,121,0.8989249850180124,0.0,0.10107501498198757,0.9518088931639437,0.0,0.04819110683605632,0.04819110683605632,0.10107501498198757,0.05288390814593125,1.0,1.0
17.437733333333334,TM,8.0,0.0,121,0.9020242935792038,0.0,0.09797570642079623,0.9523747629857346,0.0,0.047625237014265354,0.047625237014265354,0.09797570642079623,0.05035046940653087,1.0,1.0
17.439666666666668,TM,8.0,0.0,121,0.9049564192961881,0.0,0.09504358070381191,0.9529201478909722,0.0,0.047079852109027764,0.047079852109027764,0.09504358070381191,0.04796372859478415,1.0,1.0
17.4416,TM,8.0,0.0,121,0.9077325609824585,0.0,0.09226743901754153,0.9534459172492349,0.0,0.04655408275076511,0.04655408275076511,0.09226743901754153,0.04571335626677642,1.0,1.0
17.443533333333335,TM,8.0,0.0,121,0.9103630524379425,0.0,0.08963694756205753,0.9539528975761173,0.0,0.04604710242388266,0.04604710242388266,0.08963694756205753,0.043589845138174876,1.0,1.0
17.44546666666667,TM,8.0,0.0,121,0.9128574363841657,0.0,0.08714256361583428,0.9544418753256464,0.0,0.045558124674353606,0.045558124674353606,0.08714256361583428,0.04158443894148067,1.0,1.0
17.447400000000002,TM,8.0,0.0,121,0.9152245314606726,0.0,0.08477546853932738,0.9549135994215032,0.0,0.04508640057849678,0.04508640057849678,0.08477546853932738,0.039689067960830604,1.0,1.0
17.449333333333335,TM,8.0,0.0,121,0.917472492925607,0.0,0.08252750707439305,0.9553687835141245,0.0,0.044631216485875536,0.044631216485875536,0.08252750707439305,0.03789629058851751,1.0,1.0
17.45126666666667,TM,8.0,0.0,121,0.9196088676543231,0.0,0.08039113234567685,0.9558081079565256,0.0,0.0441918920434744,0.0441918920434744,0.08039113234567685,0.03619924030220245,1.0,1.0
17.453200000000002,TM,8.0,0.0,121,0.9216406439864374,0.0,0.07835935601356259,0.9562322214981793,0.0,0.043767778501820676,0.043767778501820676,0.07835935601356259,0.03459157751174191,1.0,1.0
17.455133333333333,TM,8.0,0.0,121,0.9235742969285885,0.0,0.0764257030714115,0.9566417427031817,0.0,0.0433582572968183,0.0433582572968183,0.0764257030714115,0.033067445774593196,1.0,1.0
17.457066666666666,TM,8.0,0.0,121,0.9254158291853715,0.0,0.07458417081462854,0.957037261107221,0.0,0.04296273889277902,0.04296273889277902,0.07458417081462854,0.03162143192184952,1.0,1.0
17.459,TM,8.0,0.0,121,0.927170808454604,0.0,0.07282919154539602,0.9574193381355102,0.0,0.04258066186448983,0.04258066186448983,0.07282919154539602,0.03024852968090619,1.0,1.0
17.460933333333333,TM,8.0,0.0,121,0.9288444013939415,0.0,0.07115559860605847,0.9577885078129206,0.0,0.042211492187079425,0.042211492187079425,0.07115559860605847,0.028944106418979043,1.0,1.0
17.462866666666667,TM,8.0,0.0,121,0.9304414046342522,0.0,0.06955859536574782,0.9581452773050387,0.0,0.041854722694961266,0.041854722694961266,0.06955859536574782,0.027703872670786556,1.0,1.0
17.4648,TM,8.0,0.0,121,0.9319662731864558,0.0,0.06803372681354425,0.9584901273358313,0.0,0.04150987266416872,0.04150987266416872,0.06803372681354425,0.026523854149375525,1.0,1.0
17.466733333333334,TM,8.0,0.0,121,0.9334231465585456,0.0,0.06657685344145436,0.9588235125330062,0.0,0.04117648746699376,0.04117648746699376,0.06657685344145436,0.025400365974460604,1.0,1.0
17.468666666666667,TM,8.0,0.0,121,0.9348158728662516,0.0,0.06518412713374844,0.9591458617545432,0.0,0.040854138245456806,0.040854138245456806,0.06518412713374844,0.02432998888829163,1.0,1.0
17.4706,TM,8.0,0.0,121,0.9361480311865958,0.0,0.06385196881340416,0.9594575784495617,0.0,0.0405424215504383,0.0405424215504383,0.06385196881340416,0.023309547262965857,1.0,1.0
17.472533333333335,TM,8.0,0.0,121,0.9374229523667942,0.0,0.06257704763320582,0.9597590411031605,0.0,0.04024095889683954,0.04024095889683954,0.06257704763320582,0.022336088736366277,1.0,1.0
17.474466666666668,TM,8.0,0.0,121,0.9386437384614532,0.0,0.061356261538546786,0.9600506038075428,0.0,0.03994939619245719,0.03994939619245719,0.061356261538546786,0.0214068653460896,1.0,1.0
17.4764,TM,8.0,0.0,121,0.9398132809305988,0.0,0.06018671906940121,0.9603325969909271,0.0,0.0396674030090729,0.0396674030090729,0.06018671906940121,0.020519316060328308,1.0,1.0
17.478333333333335,TM,8.0,0.0,121,0.9409342776921332,0.0,0.059065722307866775,0.9606053283228737,0.0,0.03939467167712629,0.03939467167712629,0.059065722307866775,0.019671050630740483,1.0,1.0
17.480266666666665,TM,8.0,0.0,121,0.9420092490843516,0.0,0.057990750915648426,0.960869083799034,0.0,0.03913091620096598,0.03913091620096598,0.057990750915648426,0.018859834714682444,1.0,1.0
17.4822,TM,8.0,0.0,121,0.9430405527617134,0.0,0.05695944723828661,0.9611241289925625,0.0,0.0388758710074375,0.0388758710074375,0.05695944723828661,0.018083576230849108,1.0,1.0
17.484133333333332,TM,8.0,0.0,121,0.9440303975196483,0.0,0.055969602480351655,0.9613707104442393,0.0,0.038629289555760726,0.038629289555760726,0.055969602480351655,0.017340312924590928,1.0,1.0
17.486066666666666,TM,8.0,0.0,121,0.9449808560260925,0.0,0.0550191439739075,0.9616090571494411,0.0,0.038390942850558885,0.038390942850558885,0.0550191439739075,0.016628201123348618,1.0,1.0
17.488,TM,8.0,0.0,121,0.9458938764266867,0.0,0.05410612357331335,0.9618393820902846,0.0,0.038160617909715366,0.038160617909715366,0.05410612357331335,0.01594550566359798,1.0,1.0
17.489933333333333,TM,8.0,0.0,121,0.9467712927906712,0.0,0.05322870720932882,0.9620618837546995,0.0,0.037938116245300524,0.037938116245300524,0.05322870720932882,0.015290590964028294,1.0,1.0
17.491866666666667,TM,8.0,0.0,121,0.9476148343724483,0.0,0.05238516562755169,0.9622767475822745,0.0,0.03772325241772545,0.03772325241772545,0.05238516562755169,0.014661913209826238,1.0,1.0
17.4938,TM,8.0,0.0,121,0.9484261336809856,0.0,0.051573866319014394,0.9624841472801822,0.0,0.03751585271981783,0.03751585271981783,0.051573866319014394,0.014058013599196562,1.0,1.0
17.495733333333334,TM,8.0,0.0,121,0.9492067333727865,0.0,0.05079326662721351,0.962684245959569,0.0,0.03731575404043097,0.03731575404043097,0.05079326662721351,0.013477512586782536,1.0,1.0
17.497666666666667,TM,8.0,0.0,121,0.9499580920119255,0.0,0.05004190798807451,0.9628771970542105,0.0,0.03712280294578951,0.03712280294578951,0.05004190798807451,0.012919105042284995,1.0,1.0
17.4996,TM,8.0,0.0,121,0.9506815887716638,0.0,0.049318411228336245,0.9630631449971573,0.0,0.03693685500284272,0.03693685500284272,0.049318411228336245,0.012381556225493529,1.0,1.0
17.501533333333334,TM,8.0,0.0,121,0.9513785271828983,0.0,0.04862147281710172,0.9632422256468013,0.0,0.03675777435319871,0.03675777435319871,0.04862147281710172,0.011863698463903005,1.0,1.0
17.503466666666668,TM,8.0,0.0,121,0.9520501380622353,0.0,0.04794986193776474,0.9634145664696683,0.0,0.036585433530331724,0.036585433530331724,0.04794986193776474,0.011364428407433014,1.0,1.0
17.5054,TM,8.0,0.0,121,0.9526975817768617,0.0,0.0473024182231383,0.9635802865022505,0.0,0.03641971349774953,0.03641971349774953,0.0473024182231383,0.01088270472538877,1.0,1.0
17.507333333333335,TM,8.0,0.0,121,0.9533219500190376,0.0,0.046678049980962366,0.963739496127342,0.0,0.036260503872658,0.036260503872658,0.046678049980962366,0.010417546108304365,1.0,1.0
17.50926666666667,TM,8.0,0.0,121,0.9539242672723072,0.0,0.04607573272769283,0.9638922967100495,0.0,0.0361077032899505,0.0361077032899505,0.04607573272769283,0.009968029437742332,1.0,1.0
17.511200000000002,TM,8.0,0.0,121,0.9545054921500236,0.0,0.04549450784997644,0.9640387801453251,0.0,0.03596121985467493,0.03596121985467493,0.04549450784997644,0.00953328799530151,1.0,1.0
17.513133333333336,TM,8.0,0.0,121,0.955066518776474,0.0,0.04493348122352603,0.9641790283710743,0.0,0.035820971628925724,0.035820971628925724,0.04493348122352603,0.009112509594600304,1.0,1.0
17.515066666666666,TM,8.0,0.0,121,0.9556081783612382,0.0,0.044391821638761764,0.9643131128996607,0.0,0.03568688710033929,0.03568688710033929,0.044391821638761764,0.00870493453842247,1.0,1.0
17.517,TM,8.0,0.0,121,0.9561312410890963,0.0,0.043868758910903694,0.9644410944152728,0.0,0.035558905584727185,0.035558905584727185,0.043868758910903694,0.008309853326176508,1.0,1.0
17.518933333333333,TM,8.0,0.0,121,0.9566364184141816,0.0,0.043363581585818434,0.9645630224768267,0.0,0.03543697752317332,0.03543697752317332,0.043363581585818434,0.007926604062645115,1.0,1.0
17.520866666666667,TM,8.0,0.0,121,0.9571243658089199,0.0,0.04287563419108009,0.9646789353558012,0.0,0.03532106464419882,0.03532106464419882,0.04287563419108009,0.0075545695468812735,1.0,1.0
17.5228,TM,8.0,0.0,121,0.9575956859786499,0.0,0.04240431402135014,0.96478886002673,0.0,0.03521113997326997,0.03521113997326997,0.04240431402135014,0.007193174048080175,1.0,1.0
17.524733333333334,TM,8.0,0.0,121,0.958050932516012,0.0,0.04194906748398797,0.9648928123167163,0.0,0.03510718768328369,0.03510718768328369,0.04194906748398797,0.006841879800704276,1.0,1.0
17.526666666666667,TM,8.0,0.0,121,0.9584906139347458,0.0,0.04150938606525423,0.9649907972086116,0.0,0.035009202791388416,0.035009202791388416,0.04150938606525423,0.006500183273865812,1.0,1.0
17.5286,TM,8.0,0.0,121,0.9589151979956547,0.0,0.04108480200434528,0.9650828092828232,0.0,0.034917190717176805,0.034917190717176805,0.04108480200434528,0.006167611287168473,1.0,1.0
17.530533333333334,TM,8.0,0.0,121,0.9593251162178982,0.0,0.04067488378210182,0.965168833274367,0.0,0.03483116672563302,0.03483116672563302,0.04067488378210182,0.0058437170564688,1.0,1.0
17.532466666666668,TM,8.0,0.0,121,0.9597207684568533,0.0,0.04027923154314672,0.9652488447155898,0.0,0.034751155284410196,0.034751155284410196,0.04027923154314672,0.005528076258736525,1.0,1.0
17.5344,TM,8.0,0.0,121,0.9601025274275428,0.0,0.03989747257245724,0.9653228106311468,0.0,0.03467718936885322,0.03467718936885322,0.03989747257245724,0.005220283203604015,1.0,1.0
17.536333333333335,TM,8.0,0.0,121,0.9604707430566148,0.0,0.03952925694338516,0.9653906902498477,0.0,0.034609309750152306,0.034609309750152306,0.03952925694338516,0.004919947193232854,1.0,1.0
17.53826666666667,TM,8.0,0.0,121,0.9608257465573738,0.0,0.03917425344262615,0.9654524356984617,0.0,0.03454756430153827,0.03454756430153827,0.03917425344262615,0.004626689141087881,1.0,1.0
17.5402,TM,8.0,0.0,121,0.9611678541378943,0.0,0.038832145862105705,0.9655079926442328,0.0,0.034492007355767185,0.034492007355767185,0.038832145862105705,0.00434013850633852,1.0,1.0
17.542133333333332,TM,8.0,0.0,121,0.9614973702715326,0.0,0.03850262972846741,0.9655573008564171,0.0,0.03444269914358289,0.03444269914358289,0.03850262972846741,0.004059930584884519,1.0,1.0
17.544066666666666,TM,8.0,0.0,121,0.9618145904792001,0.0,0.03818540952079985,0.9656002946613034,0.0,0.03439970533869663,0.03439970533869663,0.03818540952079985,0.0037857041821032222,1.0,1.0
17.546,TM,8.0,0.0,121,0.9621198035936183,0.0,0.03788019640638174,0.9656369032707323,0.0,0.03436309672926774,0.03436309672926774,0.03788019640638174,0.0035170996771139995,1.0,1.0
17.547933333333333,TM,8.0,0.0,121,0.9624132934943932,0.0,0.037586706505606804,0.9656670509690859,0.0,0.034332949030914106,0.034332949030914106,0.037586706505606804,0.003253757474692698,1.0,1.0
17.549866666666667,TM,8.0,0.0,121,0.9626953403204941,0.0,0.037304659679505914,0.9656906571500681,0.0,0.03430934284993192,0.03430934284993192,0.037304659679505914,0.0029953168295739907,1.0,1.0
17.5518,TM,8.0,0.0,121,0.9629662211814332,0.0,0.03703377881856684,0.9657076361996894,0.0,0.03429236380031064,0.03429236380031064,0.03703377881856684,0.002741415018256199,1.0,1.0
17.553733333333334,TM,8.0,0.0,121,0.9632262104008084,0.0,0.03677378959919164,0.965717897227574,0.0,0.03428210277242605,0.03428210277242605,0.03677378959919164,0.0024916868267655934,1.0,1.0
17.555666666666667,TM,8.0,0.0,121,0.9634755793360079,0.0,0.036524420663992085,0.965721343653402,0.0,0.03427865634659799,0.03427865634659799,0.036524420663992085,0.0022457643173940944,1.0,1.0
17.5576,TM,8.0,0.0,121,0.963714595826333,0.0,0.03628540417366699,0.9657178726598631,0.0,0.034282127340136914,0.034282127340136914,0.03628540417366699,0.0020032768335300766,1.0,1.0
17.559533333333334,TM,8.0,0.0,121,0.9639435233275646,0.0,0.03605647667243539,0.965707374526932,0.0,0.034292625473067995,0.034292625473067995,0.03605647667243539,0.0017638511993673944,1.0,1.0
17.561466666666668,TM,8.0,0.0,121,0.9641626197967224,0.0,0.03583738020327765,0.9656897318655782,0.0,0.03431026813442184,0.03431026813442184,0.03583738020327765,0.001527112068855807,1.0,1.0
17.5634,TM,8.0,0.0,121,0.9643721363938513,0.0,0.03562786360614867,0.9656648187706072,0.0,0.03433518122939283,0.03433518122939283,0.03562786360614867,0.0012926823767558382,1.0,1.0
17.565333333333335,TM,8.0,0.0,121,0.9645723160704008,0.0,0.03542768392959916,0.9656324999138145,0.0,0.0343675000861855,0.0343675000861855,0.03542768392959916,0.0010601838434136646,1.0,1.0
17.56726666666667,TM,8.0,0.0,121,0.9647633921144628,0.0,0.035236607885537174,0.9655926295982682,0.0,0.03440737040173181,0.03440737040173181,0.035236607885537174,0.0008292374838053673,1.0,1.0
17.569200000000002,TM,8.0,0.0,121,0.9649455867221405,0.0,0.03505441327785952,0.965545050793581,0.0,0.034454949206419005,0.034454949206419005,0.03505441327785952,0.0005994640714405142,1.0,1.0
17.571133333333336,TM,8.0,0.0,121,0.9651191096612424,0.0,0.03488089033875763,0.9654895941696058,0.0,0.03451040583039422,0.03451040583039422,0.03488089033875763,0.0003704845083634112,1.0,1.0
17.573066666666666,TM,8.0,0.0,121,0.9652841570879052,0.0,0.03471584291209484,0.9654260771428447,0.0,0.034573922857155326,0.034573922857155326,0.03471584291209484,0.00014192005493951498,1.0,1.0
17.575,TM,8.0,0.0,121,0.9654409105683697,0.0,0.03455908943163033,0.9653543029452086,0.0,0.03464569705479137,0.03464569705479137,0.03455908943163033,8.66076231610391e-05,1.0,1.0
17.576933333333333,TM,8.0,0.0,121,0.9655895363476077,0.0,0.03441046365239231,0.9652740597201592,0.0,0.03472594027984077,0.03472594027984077,0.03441046365239231,0.0003154766274484633,1.0,1.0
17.578866666666666,TM,8.0,0.0,121,0.9657301848933155,0.0,0.034269815106684476,0.9651851196457071,0.0,0.03481488035429292,0.03481488035429292,0.034269815106684476,0.000545065247608445,1.0,1.0
17.5808,TM,8.0,0.0,121,0.9658629907296392,0.0,0.034137009270360785,0.9650872380783104,0.0,0.03491276192168957,0.03491276192168957,0.034137009270360785,0.0007757526513287871,1.0,1.0
17.582733333333334,TM,8.0,0.0,121,0.9659880725593886,0.0,0.034011927440611434,0.9649801527065258,0.0,0.03501984729347418,0.03501984729347418,0.034011927440611434,0.0010079198528627487,1.0,1.0
17.584666666666667,TM,8.0,0.0,121,0.9661055336592133,0.0,0.033894466340786744,0.9648635826989503,0.0,0.03513641730104966,0.03513641730104966,0.033894466340786744,0.0012419509602629164,1.0,1.0
17.5866,TM,8.0,0.0,121,0.9662154625186021,0.0,0.03378453748139787,0.9647372278269369,0.0,0.03526277217306306,0.03526277217306306,0.03378453748139787,0.0014782346916651923,1.0,1.0
17.588533333333334,TM,8.0,0.0,121,0.9663179336824724,0.0,0.03368206631752757,0.9646007675401971,0.0,0.03539923245980292,0.03539923245980292,0.03368206631752757,0.0017171661422753504,1.0,1.0
17.590466666666668,TM,8.0,0.0,121,0.9664130087495366,0.0,0.03358699125046338,0.9644538599715788,0.0,0.03554614002842116,0.03554614002842116,0.03358699125046338,0.0019591487779577754,1.0,1.0
17.5924,TM,8.0,0.0,121,0.9665007374737835,0.0,0.03349926252621649,0.9642961408466373,0.0,0.035703859153362716,0.035703859153362716,0.03349926252621649,0.002204596627146227,1.0,1.0
17.594333333333335,TM,8.0,0.0,121,0.9665811589160036,0.0,0.0334188410839964,0.9641272222740243,0.0,0.035872777725975746,0.035872777725975746,0.0334188410839964,0.0024539366419793485,1.0,1.0
17.59626666666667,TM,8.0,0.0,121,0.9666543025942556,0.0,0.033345697405744446,0.9639466913931143,0.0,0.036053308606885714,0.036053308606885714,0.033345697405744446,0.002707611201141269,1.0,1.0
17.598200000000002,TM,8.0,0.0,121,0.9667201895877793,0.0,0.03327981041222072,0.9637541088569246,0.0,0.036245891143075415,0.036245891143075415,0.03327981041222072,0.002966080730854692,1.0,1.0
17.600133333333332,TM,8.0,0.0,121,0.9667788335559342,0.0,0.03322116644406581,0.9635490071292672,0.0,0.036450992870732835,0.036450992870732835,0.03322116644406581,0.0032298264266670262,1.0,1.0
17.602066666666666,TM,8.0,0.0,121,0.9668302416422654,0.0,0.03316975835773461,0.9633308885763864,0.0,0.03666911142361362,0.03666911142361362,0.03316975835773461,0.0034993530658790073,1.0,1.0
17.604,TM,8.0,0.0,121,0.9668744152428088,0.0,0.033125584757191184,0.9630992233340511,0.0,0.03690077666594893,0.03690077666594893,0.033125584757191184,0.003775191908757747,1.0,1.0
17.605933333333333,TM,8.0,0.0,121,0.9669113506264913,0.0,0.03308864937350875,0.962853446931409,0.0,0.03714655306859105,0.03714655306859105,0.03308864937350875,0.004057903695082299,1.0,1.0
17.607866666666666,TM,8.0,0.0,121,0.966941039403344,0.0,0.03305896059665603,0.9625929576525553,0.0,0.03740704234744474,0.03740704234744474,0.03305896059665603,0.004348081750788713,1.0,1.0
17.6098,TM,8.0,0.0,121,0.9669634688431186,0.0,0.03303653115688143,0.962317113615788,0.0,0.03768288638421202,0.03768288638421202,0.03303653115688143,0.00464635522733059,1.0,1.0
17.611733333333333,TM,8.0,0.0,121,0.9669786220521224,0.0,0.03302137794787763,0.962025229549022,0.0,0.03797477045097797,0.03797477045097797,0.03302137794787763,0.00495339250310034,1.0,1.0
17.613666666666667,TM,8.0,0.0,121,0.966986478020188,0.0,0.033013521979812,0.9617165732375383,0.0,0.03828342676246166,0.03828342676246166,0.033013521979812,0.005269904782649659,1.0,1.0
17.6156,TM,8.0,0.0,121,0.9669870115522089,0.0,0.0330129884477911,0.9613903616175026,0.0,0.038609638382497424,0.038609638382497424,0.0330129884477911,0.0055966499347063214,1.0,1.0
17.617533333333334,TM,8.0,0.0,121,0.96698019309992,0.0,0.033019806900079995,0.9610457564851798,0.0,0.03895424351482024,0.03895424351482024,0.033019806900079995,0.005934436614740246,1.0,1.0
17.619466666666668,TM,8.0,0.0,121,0.9669659885102666,0.0,0.033034011489733395,0.9606818597883878,0.0,0.039318140211612174,0.039318140211612174,0.033034011489733395,0.006284128721878779,1.0,1.0
17.6214,TM,8.0,0.0,121,0.9669443587059474,0.0,0.033055641294052585,0.9602977084615476,0.0,0.039702291538452394,0.039702291538452394,0.033055641294052585,0.00664665024439981,1.0,1.0
17.623333333333335,TM,8.0,0.0,121,0.9669152593128767,0.0,0.033084740687123304,0.9598922687616908,0.0,0.04010773123830924,0.04010773123830924,0.033084740687123304,0.007022990551185937,1.0,1.0
17.62526666666667,TM,8.0,0.0,121,0.9668786402480396,0.0,0.0331213597519604,0.9594644300567837,0.0,0.040535569943216276,0.040535569943216276,0.0331213597519604,0.007414210191255877,1.0,1.0
17.627200000000002,TM,8.0,0.0,121,0.9668344452793225,0.0,0.033165554720677504,0.959012998011415,0.0,0.04098700198858496,0.04098700198858496,0.033165554720677504,0.007821447267907455,1.0,1.0
17.629133333333336,TM,8.0,0.0,121,0.9667826115673609,0.0,0.033217388432639106,0.9585366871082124,0.0,0.04146331289178762,0.04146331289178762,0.033217388432639106,0.008245924459148513,1.0,1.0
17.63106666666667,TM,8.0,0.0,121,0.9667230691976132,0.0,0.033276930802386806,0.9580341124348442,0.0,0.041965887565155846,0.041965887565155846,0.033276930802386806,0.00868895676276904,1.0,1.0
17.633,TM,8.0,0.0,121,0.9666557407090743,0.0,0.03334425929092566,0.9575037806568985,0.0,0.04249621934310155,0.04249621934310155,0.03334425929092566,0.00915196005217589,1.0,1.0
17.634933333333333,TM,8.0,0.0,121,0.9665805406243557,0.0,0.03341945937564428,0.9569440800859881,0.0,0.04305591991401192,0.04305591991401192,0.03341945937564428,0.009636460538367642,1.0,1.0
17.636866666666666,TM,8.0,0.0,121,0.9664973749842516,0.0,0.03350262501574841,0.9563532697388893,0.0,0.043646730261110656,0.043646730261110656,0.03350262501574841,0.010144105245362245,1.0,1.0
17.6388,TM,8.0,0.0,121,0.9664061408883813,0.0,0.03359385911161872,0.9557294672683917,0.0,0.0442705327316083,0.0442705327316083,0.03359385911161872,0.010676673619989585,1.0,1.0
17.640733333333333,TM,8.0,0.0,121,0.9663067260420442,0.0,0.03369327395795585,0.9550706356280988,0.0,0.044929364371901204,0.044929364371901204,0.03369327395795585,0.011236090413945354,1.0,1.0
17.642666666666667,TM,8.0,0.0,121,0.966199008308287,0.0,0.03380099169171302,0.9543745683121971,0.0,0.045625431687802864,0.045625431687802864,0.03380099169171302,0.011824439996089842,1.0,1.0
17.6446,TM,8.0,0.0,121,0.9660828552629519,0.0,0.0339171447370481,0.9536388729868498,0.0,0.046361127013150205,0.046361127013150205,0.0339171447370481,0.012443982276102106,1.0,1.0
17.646533333333334,TM,8.0,0.0,121,0.9659581237497403,0.0,0.03404187625025967,0.9528609533007923,0.0,0.047139046699207654,0.047139046699207654,0.03404187625025967,0.013097170448947981,1.0,1.0
17.648466666666668,TM,8.0,0.0,121,0.9658246594313236,0.0,0.03417534056867644,0.9520379886300927,0.0,0.0479620113699073,0.0479620113699073,0.03417534056867644,0.01378667080123086,1.0,1.0
17.6504,TM,8.0,0.0,121,0.9656822963324181,0.0,0.03431770366758191,0.951166911474338,0.0,0.04883308852566204,0.04883308852566204,0.03431770366758191,0.014515384858080127,1.0,1.0
17.652333333333335,TM,8.0,0.0,121,0.9655308563701815,0.0,0.034469143629818455,0.9502443821773864,0.0,0.04975561782261362,0.04975561782261362,0.034469143629818455,0.015286474192795163,1.0,1.0
17.65426666666667,TM,8.0,0.0,121,0.9653701488670205,0.0,0.03462985113297945,0.9492667605960241,0.0,0.050733239403975894,0.050733239403975894,0.03462985113297945,0.016103388270996444,1.0,1.0
17.656200000000002,TM,8.0,0.0,121,0.9651999700414499,0.0,0.03480002995855014,0.9482300742823353,0.0,0.0517699257176647,0.0517699257176647,0.03480002995855014,0.01696989575911456,1.0,1.0
17.658133333333335,TM,8.0,0.0,121,0.9650201024722095,0.0,0.034979897527790516,0.9471299826777189,0.0,0.05287001732228114,0.05287001732228114,0.034979897527790516,0.017890119794490622,1.0,1.0
17.660066666666665,TM,8.0,0.0,121,0.964830314531506,0.0,0.03516968546849397,0.9459617367394545,0.0,0.054038263260545505,0.054038263260545505,0.03516968546849397,0.018868577792051533,1.0,1.0
17.662,TM,8.0,0.0,121,0.9646303597833298,0.0,0.03536964021667022,0.9447201333289308,0.0,0.05527986667106921,0.05527986667106921,0.03536964021667022,0.019910226454398994,1.0,1.0
17.663933333333333,TM,8.0,0.0,121,0.9644199763431782,0.0,0.03558002365682178,0.9433994635842529,0.0,0.05660053641574714,0.05660053641574714,0.03558002365682178,0.021020512758925358,1.0,1.0
17.665866666666666,TM,8.0,0.0,121,0.9641988861956647,0.0,0.03580111380433526,0.941993454373562,0.0,0.05800654562643803,0.05800654562643803,0.03580111380433526,0.022205431822102772,1.0,1.0
17.6678,TM,8.0,0.0,121,0.9639667944669246,0.0,0.03603320553307543,0.9404952017773001,0.0,0.05950479822269994,0.05950479822269994,0.03603320553307543,0.02347159268962451,1.0,1.0
17.669733333333333,TM,8.0,0.0,121,0.9637233886485554,0.0,0.036276611351444554,0.9388970953703797,0.0,0.061102904629620314,0.061102904629620314,0.036276611351444554,0.02482629327817576,1.0,1.0
17.671666666666667,TM,8.0,0.0,121,0.9634683377700117,0.0,0.03653166222998827,0.9371907318664399,0.0,0.06280926813356014,0.06280926813356014,0.03653166222998827,0.026277605903571866,1.0,1.0
17.6736,TM,8.0,0.0,121,0.9632012915163324,0.0,0.03679870848366762,0.9353668164369079,0.0,0.06463318356309211,0.06463318356309211,0.03679870848366762,0.027834475079424492,1.0,1.0
17.675533333333334,TM,8.0,0.0,121,0.9629218792876928,0.0,0.037078120712307205,0.9334150497202021,0.0,0.06658495027979794,0.06658495027979794,0.037078120712307205,0.029506829567490733,1.0,1.0
17.677466666666668,TM,8.0,0.0,121,0.9626297091970446,0.0,0.0373702908029554,0.9313239981826835,0.0,0.06867600181731648,0.06867600181731648,0.0373702908029554,0.03130571101436108,1.0,1.0
17.6794,TM,8.0,0.0,121,0.9623243670016418,0.0,0.03767563299835819,0.929080945068245,0.0,0.07091905493175499,0.07091905493175499,0.03767563299835819,0.0332434219333968,1.0,1.0
17.681333333333335,TM,8.0,0.0,121,0.9620054149634758,0.0,0.0379945850365242,0.9266717186680522,0.0,0.0733282813319478,0.0733282813319478,0.0379945850365242,0.0353336962954236,1.0,1.0
17.68326666666667,TM,8.0,0.0,121,0.9616723906330341,0.0,0.03832760936696589,0.9240804940354831,0.0,0.07591950596451691,0.07591950596451691,0.03832760936696589,0.03759189659755102,1.0,1.0
17.685200000000002,TM,8.0,0.0,121,0.9613248055497845,0.0,0.0386751944502155,0.9212895635465345,0.0,0.07871043645346554,0.07871043645346554,0.0386751944502155,0.04003524200325004,1.0,1.0
17.687133333333335,TM,8.0,0.0,121,0.9609621438514395,0.0,0.03903785614856048,0.9182790708368437,0.0,0.08172092916315632,0.08172092916315632,0.03903785614856048,0.04268307301459584,1.0,1.0
17.68906666666667,TM,8.0,0.0,121,0.9605838607829927,0.0,0.03941613921700726,0.91502670160908,0.0,0.08497329839092005,0.08497329839092005,0.03941613921700726,0.04555715917391279,1.0,1.0
17.691000000000003,TM,8.0,0.0,121,0.9601893810947187,0.0,0.03981061890528126,0.911507323564501,0.0,0.08849267643549896,0.08849267643549896,0.03981061890528126,0.048682057530217704,1.0,1.0
17.692933333333333,TM,8.0,0.0,121,0.9597780973164484,0.0,0.040221902683551636,0.9076925662327701,0.0,0.09230743376722994,0.09230743376722994,0.040221902683551636,0.052085531083678305,1.0,1.0
17.694866666666666,TM,8.0,0.0,121,0.9593493678933562,0.0,0.04065063210664377,0.9035503297212506,0.0,0.0964496702787494,0.0964496702787494,0.04065063210664377,0.05579903817210563,1.0,1.0
17.6968,TM,8.0,0.0,121,0.9589025151661407,0.0,0.04109748483385933,0.8990442093328941,0.0,0.10095579066710592,0.10095579066710592,0.04109748483385933,0.05985830583324658,1.0,1.0
17.698733333333333,TM,8.0,0.0,121,0.9584368231753531,0.0,0.04156317682464694,0.8941328205751092,0.0,0.10586717942489077,0.10586717942489077,0.04156317682464694,0.06430400260024383,1.0,1.0
17.700666666666667,TM,8.0,0.0,121,0.9579515352674453,0.0,0.04204846473255475,0.8887690062825304,0.0,0.11123099371746958,0.11123099371746958,0.04204846473255475,0.06918252898491484,1.0,1.0
17.7026,TM,8.0,0.0,121,0.9574458514756979,0.0,0.04255414852430206,0.8828989043829589,0.0,0.11710109561704107,0.11710109561704107,0.04255414852430206,0.07454694709273901,1.0,1.0
17.704533333333334,TM,8.0,0.0,121,0.9569189256472088,0.0,0.04308107435279118,0.8764608513305485,0.0,0.12353914866945148,0.12353914866945148,0.04308107435279118,0.0804580743166603,1.0,1.0
17.706466666666667,TM,8.0,0.0,121,0.9563698622820813,0.0,0.04363013771791868,0.8693840925049603,0.0,0.1306159074950397,0.1306159074950397,0.04363013771791868,0.08698576977712102,1.0,1.0
17.7084,TM,8.0,0.0,121,0.9557977130488704,0.0,0.0442022869511296,0.8615872672647866,0.0,0.13841273273521337,0.13841273273521337,0.0442022869511296,0.09421044578408377,1.0,1.0
17.710333333333335,TM,8.0,0.0,121,0.9552014729360788,0.0,0.04479852706392118,0.8529766333702337,0.0,0.14702336662976634,0.14702336662976634,0.04479852706392118,0.10222483956584516,1.0,1.0
17.712266666666668,TM,8.0,0.0,121,0.9545800759968578,0.0,0.04541992400314221,0.8434439941456982,0.0,0.15655600585430185,0.15655600585430185,0.04541992400314221,0.11113608185115964,1.0,1.0
17.7142,TM,8.0,0.0,121,0.9539323906414391,0.0,0.04606760935856091,0.8328642937557397,0.0,0.16713570624426033,0.16713570624426033,0.04606760935856091,0.12106809688569942,1.0,1.0
17.716133333333335,TM,8.0,0.0,121,0.9532572144300511,0.0,0.04674278556994893,0.8210928541395281,0.0,0.17890714586047185,0.17890714586047185,0.04674278556994893,0.13216436029052292,1.0,1.0
17.718066666666665,TM,8.0,0.0,121,0.952553268317304,0.0,0.047446731682695975,0.8079622462144336,0.0,0.19203775378556642,0.19203775378556642,0.047446731682695975,0.14459102210287045,1.0,1.0
17.72,TM,8.0,0.0,121,0.951819190299221,0.0,0.04818080970077898,0.7932788255280452,0.0,0.20672117447195482,0.20672117447195482,0.04818080970077898,0.15854036477117583,1.0,1.0
17.721933333333332,TM,8.0,0.0,121,0.9510535284135748,0.0,0.04894647158642518,0.7768190307343725,0.0,0.22318096926562747,0.22318096926562747,0.04894647158642518,0.1742344976792023,1.0,1.0
17.723866666666666,TM,8.0,0.0,121,0.9502547330449902,0.0,0.049745266955009804,0.7583256611643163,0.0,0.24167433883568368,0.24167433883568368,0.049745266955009804,0.19192907188067387,1.0,1.0
17.7258,TM,8.0,0.0,121,0.9494211484869302,0.0,0.050578851513069845,0.7375045465281775,0.0,0.26249545347182246,0.26249545347182246,0.050578851513069845,0.21191660195875262,1.0,1.0
17.727733333333333,TM,8.0,0.0,121,0.9485510037130762,0.0,0.05144899628692379,0.7140223409134656,0.0,0.2859776590865344,0.2859776590865344,0.05144899628692379,0.2345286627996106,1.0,1.0
17.729666666666667,TM,8.0,0.0,121,0.9476424023097878,0.0,0.0523575976902122,0.6875066765381475,0.0,0.31249332346185255,0.31249332346185255,0.0523575976902122,0.26013572577164035,1.0,1.0
17.7316,TM,8.0,0.0,121,0.94669331151921,0.0,0.05330668848079001,0.6575506818376082,0.0,0.34244931816239177,0.34244931816239177,0.05330668848079001,0.28914262968160176,1.0,1.0
17.733533333333334,TM,8.0,0.0,121,0.945701550338322,0.0,0.05429844966167796,0.6237249966268095,0.0,0.37627500337319053,0.37627500337319053,0.05429844966167796,0.32197655371151257,1.0,1.0
17.735466666666667,TM,8.0,0.0,121,0.9446647766114424,0.0,0.055335223388557564,0.5856019761336431,0.0,0.41439802386635693,0.41439802386635693,0.055335223388557564,0.35906280047779937,1.0,1.0
17.7374,TM,8.0,0.0,121,0.9435804730435304,0.0,0.05641952695646957,0.5427987282770272,0.0,0.45720127172297276,0.45720127172297276,0.05641952695646957,0.4007817447665032,1.0,1.0
17.739333333333335,TM,8.0,0.0,121,0.9424459320470793,0.0,0.05755406795292073,0.49504763565925153,0.0,0.5049523643407485,0.5049523643407485,0.05755406795292073,0.4473982963878278,1.0,1.0
17.741266666666668,TM,8.0,0.0,121,0.9412582393175706,0.0,0.05874176068242942,0.4423040771965023,0.0,0.5576959228034977,0.5576959228034977,0.05874176068242942,0.49895416212106825,1.0,1.0
17.7432,TM,8.0,0.0,121,0.9400142560109326,0.0,0.05998574398906742,0.3848989941508833,0.0,0.6151010058491166,0.6151010058491166,0.05998574398906742,0.5551152618600492,1.0,1.0
17.745133333333335,TM,8.0,0.0,121,0.9387105993724686,0.0,0.06128940062753141,0.3237348805449116,0.0,0.6762651194550884,0.6762651194550884,0.06128940062753141,0.614975718827557,1.0,1.0
17.74706666666667,TM,8.0,0.0,121,0.9373436216387064,0.0,0.06265637836129356,0.26050260702853695,0.0,0.739497392971463,0.739497392971463,0.06265637836129356,0.6768410146101694,1.0,1.0
17.749000000000002,TM,8.0,0.0,121,0.9359093870053925,0.0,0.0640906129946075,0.19785999824810932,0.0,0.8021400017518907,0.8021400017518907,0.0640906129946075,0.7380493887572832,1.0,1.0
17.750933333333336,TM,8.0,0.0,121,0.9344036464225176,0.0,0.06559635357748239,0.13946790254464977,0.0,0.8605320974553502,0.8605320974553502,0.06559635357748239,0.7949357438778678,1.0,1.0
17.752866666666666,TM,8.0,0.0,121,0.9328218099450195,0.0,0.06717819005498049,0.08975299422605132,0.0,0.9102470057739487,0.9102470057739487,0.06717819005498049,0.8430688157189682,1.0,1.0
17.7548,TM,8.0,0.0,121,0.931158916331986,0.0,0.068841083668014,0.05330757298303185,0.0,0.9466924270169681,0.9466924270169681,0.068841083668014,0.8778513433489541,1.0,1.0
17.756733333333333,TM,8.0,0.0,121,0.9294095995499294,0.0,0.07059040045007059,0.03398264574510747,0.0,0.9660173542548925,0.9660173542548925,0.07059040045007059,0.895426953804822,1.0,1.0
17.758666666666667,TM,8.0,0.0,121,0.927568051793803,0.0,0.07243194820619703,0.033940963694388336,0.0,0.9660590363056116,0.9660590363056116,0.07243194820619703,0.8936270880994146,1.0,1.0
17.7606,TM,8.0,0.0,121,0.9256279825947717,0.0,0.07437201740522825,0.05306344166492865,0.0,0.9469365583350714,0.9469365583350714,0.07437201740522825,0.8725645409298431,1.0,1.0
17.762533333333334,TM,8.0,0.0,121,0.9235825735298839,0.0,0.07641742647011607,0.0889952294503116,0.0,0.9110047705496884,0.9110047705496884,0.07641742647011607,0.8345873440795724,1.0,1.0
17.764466666666667,TM,8.0,0.0,121,0.9214244279930126,0.0,0.0785755720069874,0.13780519520038287,0.0,0.8621948047996171,0.8621948047996171,0.0785755720069874,0.7836192327926297,1.0,1.0
17.7664,TM,8.0,0.0,121,0.9191455154172561,0.0,0.08085448458274391,0.1949411570310328,0.0,0.8050588429689672,0.8050588429689672,0.08085448458274391,0.7242043583862233,1.0,1.0
17.768333333333334,TM,8.0,0.0,121,0.9167371092637235,0.0,0.08326289073627646,0.25609704199926636,0.0,0.7439029580007337,0.7439029580007337,0.08326289073627646,0.6606400672644572,1.0,1.0
17.770266666666668,TM,8.0,0.0,121,0.9141897180065683,0.0,0.08581028199343166,0.31775817600591855,0.0,0.6822418239940815,0.6822418239940815,0.08581028199343166,0.5964315420006499,1.0,1.0
17.7722,TM,8.0,0.0,121,0.9114930082445311,0.0,0.08850699175546894,0.37739596833990036,0.0,0.6226040316600996,0.6226040316600996,0.08850699175546894,0.5340970399046306,1.0,1.0
17.774133333333335,TM,8.0,0.0,121,0.9086357189650414,0.0,0.09136428103495864,0.43341132734261373,0.0,0.5665886726573863,0.5665886726573863,0.09136428103495864,0.4752243916224277,1.0,1.0
17.77606666666667,TM,8.0,0.0,121,0.9056055658632985,0.0,0.09439443413670145,0.4849536188658977,0.0,0.5150463811341023,0.5150463811341023,0.09439443413670145,0.4206519469974008,1.0,1.0
17.778,TM,8.0,0.0,121,0.9023891344907693,0.0,0.0976108655092307,0.5317111142398261,0.0,0.4682888857601739,0.4682888857601739,0.0976108655092307,0.3706780202509432,1.0,1.0
17.779933333333332,TM,8.0,0.0,121,0.8989717608630768,0.0,0.10102823913692316,0.5737251555673837,0.0,0.4262748444326163,0.4262748444326163,0.10102823913692316,0.32524660529569316,1.0,1.0
17.781866666666666,TM,8.0,0.0,121,0.8953373980036037,0.0,0.10466260199639632,0.6112468200015694,0.0,0.3887531799984306,0.3887531799984306,0.10466260199639632,0.2840905780020343,1.0,1.0
17.7838,TM,8.0,0.0,121,0.8914684667372361,0.0,0.10853153326276388,0.6446361159552391,0.0,0.35536388404476094,0.35536388404476094,0.10853153326276388,0.24683235078199706,1.0,1.0
17.785733333333333,TM,8.0,0.0,121,0.8873456888754558,0.0,0.11265431112454416,0.6742960194669997,0.0,0.3257039805330003,0.3257039805330003,0.11265431112454416,0.21304966940845615,1.0,1.0
17.787666666666667,TM,8.0,0.0,121,0.8829479007641865,0.0,0.1170520992358135,0.7006321169222873,0.0,0.29936788307771267,0.29936788307771267,0.1170520992358135,0.18231578384189917,1.0,1.0
17.7896,TM,8.0,0.0,121,0.8782518449927805,0.0,0.12174815500721947,0.7240297724037528,0.0,0.27597022759624723,0.27597022759624723,0.12174815500721947,0.15422207258902776,1.0,1.0
17.791533333333334,TM,8.0,0.0,121,0.8732319379083935,0.0,0.12676806209160651,0.7448426545664663,0.0,0.25515734543353374,0.25515734543353374,0.12676806209160651,0.12838928334192723,1.0,1.0
17.793466666666667,TM,8.0,0.0,121,0.8678600104585333,0.0,0.13213998954146666,0.7633882780462504,0.0,0.23661172195374958,0.23661172195374958,0.13213998954146666,0.10447173241228291,1.0,1.0
17.7954,TM,8.0,0.0,121,0.862105019811684,0.0,0.13789498018831603,0.7799476555528964,0.0,0.22005234444710364,0.22005234444710364,0.13789498018831603,0.08215736425878761,1.0,1.0
17.797333333333334,TM,8.0,0.0,121,0.8559327292305069,0.0,0.1440672707694931,0.7947671969126237,0.0,0.20523280308737635,0.20523280308737635,0.1440672707694931,0.06116553231788324,1.0,1.0
17.799266666666668,TM,8.0,0.0,121,0.8493053538323687,0.0,0.15069464616763129,0.808061700786629,0.0,0.19193829921337102,0.19193829921337102,0.15069464616763129,0.04124365304573974,1.0,1.0
17.8012,TM,8.0,0.0,121,0.8421811702455164,0.0,0.15781882975448358,0.8200177501909013,0.0,0.17998224980909872,0.17998224980909872,0.15781882975448358,0.022163420054615135,1.0,1.0
17.803133333333335,TM,8.0,0.0,121,0.834514088854553,0.0,0.16548591114544697,0.830797119219685,0.0,0.16920288078031498,0.16920288078031498,0.16548591114544697,0.003716969634868006,1.0,1.0
17.80506666666667,TM,8.0,0.0,121,0.8262531884623785,0.0,0.1737468115376215,0.840539982065284,0.0,0.15946001793471598,0.15946001793471598,0.1737468115376215,0.014286793602905523,1.0,1.0
17.807000000000002,TM,8.0,0.0,121,0.8173422149728994,0.0,0.18265778502710062,0.8493678262694814,0.0,0.15063217373051863,0.15063217373051863,0.18265778502710062,0.03202561129658199,1.0,1.0
17.808933333333336,TM,8.0,0.0,121,0.8077190483775639,0.0,0.19228095162243608,0.8573860368974572,0.0,0.14261396310254282,0.14261396310254282,0.19228095162243608,0.04966698851989326,1.0,1.0
17.81086666666667,TM,8.0,0.0,121,0.7973151462724982,0.0,0.20268485372750178,0.8646861544825242,0.0,0.13531384551747583,0.13531384551747583,0.20268485372750178,0.06737100821002595,1.0,1.0
17.8128,TM,8.0,0.0,121,0.7860549778169429,0.0,0.2139450221830571,0.8713478283606144,0.0,0.12865217163938558,0.12865217163938558,0.2139450221830571,0.08529285054367153,1.0,1.0
17.814733333333333,TM,8.0,0.0,121,0.7738554701103951,0.0,0.22614452988960487,0.8774404954631834,0.0,0.12255950453681663,0.12255950453681663,0.22614452988960487,0.10358502535278824,1.0,1.0
17.816666666666666,TM,8.0,0.0,121,0.7606255002707725,0.0,0.23937449972922753,0.8830248171381347,0.0,0.11697518286186526,0.11697518286186526,0.23937449972922753,0.12239931686736227,1.0,1.0
17.8186,TM,8.0,0.0,121,0.7462654821067807,0.0,0.2537345178932193,0.8881539058179501,0.0,0.11184609418204994,0.11184609418204994,0.2537345178932193,0.1418884237111694,1.0,1.0
17.820533333333334,TM,8.0,0.0,121,0.7306671175999521,0.0,0.26933288240004793,0.8928743709480261,0.0,0.10712562905197387,0.10712562905197387,0.26933288240004793,0.16220725334807407,1.0,1.0
17.822466666666667,TM,8.0,0.0,121,0.7137134121030914,0.0,0.28628658789690864,0.8972272104812856,0.0,0.10277278951871438,0.10277278951871438,0.28628658789690864,0.18351379837819426,1.0,1.0
17.8244,TM,8.0,0.0,121,0.6952790901706211,0.0,0.30472090982937894,0.9012485709766107,0.0,0.09875142902338929,0.09875142902338929,0.30472090982937894,0.20596948080598965,1.0,1.0
17.826333333333334,TM,8.0,0.0,121,0.6752315983426761,0.0,0.3247684016573239,0.9049703961882303,0.0,0.09502960381176973,0.09502960381176973,0.3247684016573239,0.22973879784555418,1.0,1.0
17.828266666666668,TM,8.0,0.0,121,0.6534329438319662,0.0,0.34656705616803385,0.9084209811563316,0.0,0.09157901884366837,0.09157901884366837,0.34656705616803385,0.2549880373243655,1.0,1.0
17.8302,TM,8.0,0.0,121,0.6297426948674116,0.0,0.37025730513258837,0.9116254462528663,0.0,0.08837455374713366,0.08837455374713366,0.37025730513258837,0.2818827513854547,1.0,1.0
17.832133333333335,TM,8.0,0.0,121,0.6040225582193102,0.0,0.39597744178068983,0.9146061434131421,0.0,0.08539385658685794,0.08539385658685794,0.39597744178068983,0.3105835851938319,1.0,1.0
17.83406666666667,TM,8.0,0.0,121,0.5761430467262928,0.0,0.4238569532737072,0.9173830048771778,0.0,0.08261699512282217,0.08261699512282217,0.4238569532737072,0.34123995815088504,1.0,1.0
17.836000000000002,TM,8.0,0.0,121,0.5459928416170738,0.0,0.45400715838292616,0.919973843140694,0.0,0.08002615685930603,0.08002615685930603,0.45400715838292616,0.3739810015236201,1.0,1.0
17.837933333333332,TM,8.0,0.0,121,0.5134915160437794,0.0,0.4865084839562206,0.9223946094463573,0.0,0.07760539055364268,0.07760539055364268,0.4865084839562206,0.4089030934025779,1.0,1.0
17.839866666666666,TM,8.0,0.0,121,0.47860627457121846,0.0,0.5213937254287815,0.9246596169924044,0.0,0.0753403830075956,0.0753403830075956,0.5213937254287815,0.4460533424211859,1.0,1.0
17.8418,TM,8.0,0.0,121,0.4413732112426038,0.0,0.5586267887573961,0.9267817340696524,0.0,0.07321826593034764,0.07321826593034764,0.5586267887573961,0.4854085228270485,1.0,1.0
17.843733333333333,TM,8.0,0.0,121,0.4019232017342614,0.0,0.5980767982657387,0.9287725515281902,0.0,0.07122744847180984,0.07122744847180984,0.5980767982657387,0.5268493497939288,1.0,1.0
17.845666666666666,TM,8.0,0.0,121,0.3605118067420104,0.0,0.6394881932579897,0.9306425282969222,0.0,0.06935747170307782,0.06935747170307782,0.6394881932579897,0.5701307215549118,1.0,1.0
17.8476,TM,8.0,0.0,121,0.3175513609482196,0.0,0.6824486390517803,0.9324011181140583,0.0,0.06759888188594165,0.06759888188594165,0.6824486390517803,0.6148497571658387,1.0,1.0
17.849533333333333,TM,8.0,0.0,121,0.27364170252015174,0.0,0.7263582974798483,0.9340568801474836,0.0,0.06594311985251644,0.06594311985251644,0.7263582974798483,0.6604151776273318,1.0,1.0
17.851466666666667,TM,8.0,0.0,121,0.22959386955950462,0.0,0.7704061304404954,0.9356175757867993,0.0,0.06438242421320073,0.06438242421320073,0.7704061304404954,0.7060237062272947,1.0,1.0
17.8534,TM,8.0,0.0,121,0.18643895139403102,0.0,0.813561048605969,0.9370902535482046,0.0,0.06290974645179537,0.06290974645179537,0.813561048605969,0.7506513021541736,1.0,1.0
17.855333333333334,TM,8.0,0.0,121,0.1454129319759854,0.0,0.8545870680240146,0.9384813237486156,0.0,0.06151867625138441,0.06151867625138441,0.8545870680240146,0.7930683917726302,1.0,1.0
17.857266666666668,TM,8.0,0.0,121,0.10790896561287525,0.0,0.8920910343871248,0.9397966243600878,0.0,0.06020337563991218,0.06020337563991218,0.8920910343871248,0.8318876587472126,1.0,1.0
17.8592,TM,8.0,0.0,121,0.0753922872967152,0.0,0.9246077127032848,0.9410414792468886,0.0,0.058958520753111365,0.058958520753111365,0.9246077127032848,0.8656491919501734,1.0,1.0
17.861133333333335,TM,8.0,0.0,121,0.04928042750666402,0.0,0.9507195724933359,0.942220749808521,0.0,0.057779250191479004,0.057779250191479004,0.9507195724933359,0.8929403223018569,1.0,1.0
17.86306666666667,TM,8.0,0.0,121,0.030801584914267238,0.0,0.9691984150857328,0.9433388808974811,0.0,0.05666111910251892,0.05666111910251892,0.9691984150857328,0.9125372959832139,1.0,1.0
17.865000000000002,TM,8.0,0.0,121,0.020853915981751497,0.0,0.9791460840182485,0.9443999417479793,0.0,0.055600058252020745,0.055600058252020745,0.9791460840182485,0.9235460257662278,1.0,1.0
17.866933333333336,TM,8.0,0.0,121,0.01989380795926208,0.0,0.9801061920407379,0.9454076625395007,0.0,0.054592337460499296,0.054592337460499296,0.9801061920407379,0.9255138545802386,1.0,1.0
17.86886666666667,TM,8.0,0.0,121,0.027878297905738456,0.0,0.9721217020942615,0.9463654671216936,0.0,0.05363453287830644,0.05363453287830644,0.9721217020942615,0.9184871692159551,1.0,1.0
17.8708,TM,8.0,0.0,121,0.04427520721225564,0.0,0.9557247927877444,0.9472765023486203,0.0,0.052723497651379736,0.052723497651379736,0.9557247927877444,0.9030012951363646,1.0,1.0
17.872733333333333,TM,8.0,0.0,121,0.06813796015154182,0.0,0.9318620398484582,0.9481436644008499,0.0,0.05185633559915015,0.05185633559915015,0.9318620398484582,0.880005704249308,1.0,1.0
17.874666666666666,TM,8.0,0.0,121,0.09822673397920897,0.0,0.901773266020791,0.948969622422162,0.0,0.051030377577838015,0.051030377577838015,0.901773266020791,0.850742888442953,1.0,1.0
17.8766,TM,8.0,0.0,121,0.13314910528053667,0.0,0.8668508947194633,0.9497568397517587,0.0,0.05024316024824127,0.05024316024824127,0.8668508947194633,0.816607734471222,1.0,1.0
17.878533333333333,TM,8.0,0.0,121,0.17149373987606242,0.0,0.8285062601239376,0.9505075929993294,0.0,0.04949240700067059,0.04949240700067059,0.8285062601239376,0.779013853123267,1.0,1.0
17.880466666666667,TM,8.0,0.0,121,0.21193798540790695,0.0,0.788062014592093,0.9512239891823276,0.0,0.048776010817672355,0.048776010817672355,0.788062014592093,0.7392860037744207,1.0,1.0
17.8824,TM,8.0,0.0,121,0.2533203690732843,0.0,0.7466796309267156,0.9519079811227557,0.0,0.04809201887724435,0.04809201887724435,0.7466796309267156,0.6985876120494713,1.0,1.0
17.884333333333334,TM,8.0,0.0,121,0.29467812025496054,0.0,0.7053218797450395,0.9525613812839735,0.0,0.047438618716026504,0.047438618716026504,0.7053218797450395,0.657883261029013,1.0,1.0
17.886266666666668,TM,8.0,0.0,121,0.3352557833816538,0.0,0.6647442166183462,0.9531858742114944,0.0,0.046814125788505634,0.046814125788505634,0.6647442166183462,0.6179300908298405,1.0,1.0
17.8882,TM,8.0,0.0,121,0.37449345861591543,0.0,0.6255065413840846,0.9537830277291954,0.0,0.04621697227080457,0.04621697227080457,0.6255065413840846,0.57928956911328,1.0,1.0
17.890133333333335,TM,8.0,0.0,121,0.4120030546373289,0.0,0.5879969453626711,0.9543543030288302,0.0,0.045645696971169825,0.045645696971169825,0.5879969453626711,0.5423512483915013,1.0,1.0
17.89206666666667,TM,8.0,0.0,121,0.4475393423907256,0.0,0.5524606576092743,0.9549010637770223,0.0,0.04509893622297767,0.04509893622297767,0.5524606576092743,0.5073617213862966,1.0,1.0
17.894000000000002,TM,8.0,0.0,121,0.48097055189172205,0.0,0.519029448108278,0.9554245843513434,0.0,0.044575415648656636,0.044575415648656636,0.519029448108278,0.47445403245962137,1.0,1.0
17.895933333333335,TM,8.0,0.0,121,0.51225136788059,0.0,0.48774863211941,0.9559260573022631,0.0,0.0440739426977369,0.0440739426977369,0.48774863211941,0.4436746894216731,1.0,1.0
17.897866666666665,TM,8.0,0.0,121,0.5413997223622962,0.0,0.45860027763770383,0.9564066001243934,0.0,0.04359339987560662,0.04359339987560662,0.45860027763770383,0.4150068777620972,1.0,1.0
17.8998,TM,8.0,0.0,121,0.5684777940323473,0.0,0.43152220596765267,0.9568672614064875,0.0,0.04313273859351252,0.04313273859351252,0.43152220596765267,0.38838946737414015,1.0,1.0
17.901733333333333,TM,8.0,0.0,121,0.5935770345478671,0.0,0.40642296545213286,0.9573090264168178,0.0,0.04269097358318219,0.04269097358318219,0.40642296545213286,0.36373199186895067,1.0,1.0
17.903666666666666,TM,8.0,0.0,121,0.6168067424509499,0.0,0.3831932575490501,0.9577328221691087,0.0,0.04226717783089129,0.04226717783089129,0.3831932575490501,0.3409260797181588,1.0,1.0
17.9056,TM,8.0,0.0,121,0.6382855964325829,0.0,0.36171440356741713,0.9581395220041733,0.0,0.041860477995826706,0.041860477995826706,0.36171440356741713,0.3198539255715904,1.0,1.0
17.907533333333333,TM,8.0,0.0,121,0.6581355618479722,0.0,0.3418644381520278,0.9585299497153557,0.0,0.041470050284644344,0.041470050284644344,0.3418644381520278,0.3003943878673835,1.0,1.0
17.909466666666667,TM,8.0,0.0,121,0.6764776434344493,0.0,0.32352235656555073,0.9589048832400975,0.0,0.04109511675990252,0.04109511675990252,0.32352235656555073,0.2824272398056482,1.0,1.0
17.9114,TM,8.0,0.0,121,0.6934290387607887,0.0,0.30657096123921135,0.9592650579378543,0.0,0.040734942062145674,0.040734942062145674,0.30657096123921135,0.2658360191770657,1.0,1.0
17.913333333333334,TM,8.0,0.0,121,0.7091013313100987,0.0,0.29089866868990133,0.9596111694738723,0.0,0.04038883052612774,0.04038883052612774,0.29089866868990133,0.2505098381637736,1.0,1.0
17.915266666666668,TM,8.0,0.0,121,0.7235994392785546,0.0,0.27640056072144537,0.9599438763302015,0.0,0.040056123669798493,0.040056123669798493,0.27640056072144537,0.23634443705164687,1.0,1.0
17.9172,TM,8.0,0.0,121,0.7370211020628266,0.0,0.26297889793717344,0.9602638019687741,0.0,0.039736198031225856,0.039736198031225856,0.26297889793717344,0.22324269990594758,1.0,1.0
17.919133333333335,TM,8.0,0.0,121,0.7494567401741561,0.0,0.2505432598258439,0.9605715366756029,0.0,0.03942846332439709,0.03942846332439709,0.2505432598258439,0.21111479650144682,1.0,1.0
17.92106666666667,TM,8.0,0.0,121,0.7609895668852188,0.0,0.2390104331147812,0.9608676391202204,0.0,0.03913236087977956,0.03913236087977956,0.2390104331147812,0.19987807223500165,1.0,1.0
17.923000000000002,TM,8.0,0.0,121,0.7716958628185266,0.0,0.22830413718147335,0.9611526376690784,0.0,0.038847362330921564,0.038847362330921564,0.22830413718147335,0.1894567748505518,1.0,1.0
17.924933333333335,TM,8.0,0.0,121,0.7816453496833928,0.0,0.21835465031660717,0.9614270314955464,0.0,0.038572968504453575,0.038572968504453575,0.21835465031660717,0.1797816818121536,1.0,1.0
17.92686666666667,TM,8.0,0.0,121,0.790901618086455,0.0,0.20909838191354502,0.9616912915318026,0.0,0.03830870846819745,0.03830870846819745,0.20909838191354502,0.17078967344534757,1.0,1.0
17.928800000000003,TM,8.0,0.0,121,0.799522578165467,0.0,0.200477421834533,0.9619458613085726,0.0,0.038054138691427375,0.038054138691427375,0.200477421834533,0.1624232831431056,1.0,1.0
17.930733333333333,TM,8.0,0.0,121,0.8075609119185893,0.0,0.19243908808141075,0.9621911577277502,0.0,0.03780884227224979,0.03780884227224979,0.19243908808141075,0.15463024580916096,1.0,1.0
17.932666666666666,TM,8.0,0.0,121,0.8150645133916113,0.0,0.18493548660838866,0.962427571809469,0.0,0.03757242819053097,0.03757242819053097,0.18493548660838866,0.14736305841785768,1.0,1.0
17.9346,TM,8.0,0.0,121,0.8220769081123962,0.0,0.1779230918876038,0.9626554694502285,0.0,0.03734453054977149,0.03734453054977149,0.1779230918876038,0.1405785613378323,1.0,1.0
17.936533333333333,TM,8.0,0.0,121,0.8286376468283945,0.0,0.17136235317160553,0.9628751922218628,0.0,0.0371248077781372,0.0371248077781372,0.17136235317160553,0.13423754539346833,1.0,1.0
17.938466666666667,TM,8.0,0.0,121,0.8347826711502813,0.0,0.16521732884971874,0.963087058233254,0.0,0.03691294176674598,0.03691294176674598,0.16521732884971874,0.12830438708297276,1.0,1.0
17.9404,TM,8.0,0.0,121,0.8405446504263723,0.0,0.15945534957362772,0.963291363068253,0.0,0.036708636931746974,0.036708636931746974,0.15945534957362772,0.12274671264188075,1.0,1.0
17.942333333333334,TM,8.0,0.0,121,0.8459532903081248,0.0,0.15404670969187517,0.9634883808047631,0.0,0.03651161919523693,0.03651161919523693,0.15404670969187517,0.11753509049663824,1.0,1.0
17.944266666666667,TM,8.0,0.0,121,0.8510356141789893,0.0,0.14896438582101068,0.9636783651122351,0.0,0.03632163488776485,0.03632163488776485,0.14896438582101068,0.11264275093324583,1.0,1.0
17.9462,TM,8.0,0.0,121,0.8558162190321843,0.0,0.1441837809678157,0.963861550417884,0.0,0.03613844958211598,0.03613844958211598,0.1441837809678157,0.10804533138569972,1.0,1.0
17.948133333333335,TM,8.0,0.0,121,0.8603175075979297,0.0,0.1396824924020703,0.9640381531268145,0.0,0.03596184687318549,0.03596184687318549,0.1396824924020703,0.10372064552888483,1.0,1.0
17.950066666666668,TM,8.0,0.0,121,0.8645598985836207,0.0,0.1354401014163793,0.9642083728772239,0.0,0.03579162712277606,0.03579162712277606,0.1354401014163793,0.09964847429360324,1.0,1.0
17.952,TM,8.0,0.0,121,0.8685620168755583,0.0,0.13143798312444166,0.9643723938099815,0.0,0.03562760619001848,0.03562760619001848,0.13143798312444166,0.09581037693442318,1.0,1.0
17.953933333333335,TM,8.0,0.0,121,0.8723408654705775,0.0,0.12765913452942246,0.9645303858312716,0.0,0.0354696141687284,0.0354696141687284,0.12765913452942246,0.09218952036069405,1.0,1.0
17.95586666666667,TM,8.0,0.0,121,0.8759119807922198,0.0,0.12408801920778023,0.9646825058475113,0.0,0.03531749415248875,0.03531749415248875,0.12408801920778023,0.08877052505529148,1.0,1.0
17.9578,TM,8.0,0.0,121,0.8792895729258322,0.0,0.12071042707416779,0.9648288989537164,0.0,0.035171101046283626,0.035171101046283626,0.12071042707416779,0.08553932602788417,1.0,1.0
17.959733333333332,TM,8.0,0.0,121,0.8824866521721789,0.0,0.11751334782782108,0.9649696995587878,0.0,0.03503030044121225,0.03503030044121225,0.11751334782782108,0.08248304738660883,1.0,1.0
17.961666666666666,TM,8.0,0.0,121,0.8855151431972852,0.0,0.11448485680271481,0.9651050324341977,0.0,0.03489496756580235,0.03489496756580235,0.11448485680271481,0.07958988923691246,1.0,1.0
17.9636,TM,8.0,0.0,121,0.8883859879359582,0.0,0.11161401206404176,0.9652350136756069,0.0,0.034764986324393066,0.034764986324393066,0.11161401206404176,0.07684902573964869,1.0,1.0
17.965533333333333,TM,8.0,0.0,121,0.8911092383014959,0.0,0.10889076169850409,0.9653597515700302,0.0,0.03464024842996982,0.03464024842996982,0.10889076169850409,0.07425051326853427,1.0,1.0
17.967466666666667,TM,8.0,0.0,121,0.8936941396570427,0.0,0.1063058603429573,0.9654793473643306,0.0,0.03452065263566939,0.03452065263566939,0.1063058603429573,0.07178520770728791,1.0,1.0
17.9694,TM,8.0,0.0,121,0.8961492059189816,0.0,0.10385079408101838,0.9655938959334103,0.0,0.03440610406658973,0.03440610406658973,0.10385079408101838,0.06944469001442866,1.0,1.0
17.971333333333334,TM,8.0,0.0,121,0.8984822870880078,0.0,0.10151771291199219,0.9657034863491434,0.0,0.03429651365085662,0.03429651365085662,0.10151771291199219,0.06722119926113557,1.0,1.0
17.973266666666667,TM,8.0,0.0,121,0.900700629934549,0.0,0.09929937006545098,0.9658082023532754,0.0,0.03419179764672464,0.03419179764672464,0.09929937006545098,0.06510757241872633,1.0,1.0
17.9752,TM,8.0,0.0,121,0.9028109325062474,0.0,0.09718906749375256,0.9659081227394011,0.0,0.034091877260598924,0.034091877260598924,0.09718906749375256,0.06309719023315363,1.0,1.0
17.977133333333335,TM,8.0,0.0,121,0.9048193930694504,0.0,0.09518060693054964,0.9660033216507271,0.0,0.03399667834927289,0.03399667834927289,0.09518060693054964,0.06118392858127675,1.0,1.0
17.979066666666668,TM,8.0,0.0,121,0.9067317540454185,0.0,0.0932682459545815,0.9660938688015606,0.0,0.03390613119843944,0.03390613119843944,0.0932682459545815,0.05936211475614206,1.0,1.0
17.981,TM,8.0,0.0,121,0.9085533414558884,0.0,0.0914466585441116,0.9661798296313819,0.0,0.03382017036861806,0.03382017036861806,0.0914466585441116,0.05762648817549354,1.0,1.0
17.982933333333335,TM,8.0,0.0,121,0.910289100346902,0.0,0.08971089965309798,0.9662612654009405,0.0,0.03373873459905952,0.03373873459905952,0.08971089965309798,0.05597216505403846,1.0,1.0
17.98486666666667,TM,8.0,0.0,121,0.9119436266185794,0.0,0.08805637338142058,0.9663382332399993,0.0,0.033661766760000655,0.033661766760000655,0.08805637338142058,0.05439460662141993,1.0,1.0
17.986800000000002,TM,8.0,0.0,121,0.9135211956484994,0.0,0.08647880435150057,0.9664107861564571,0.0,0.03358921384354285,0.03358921384354285,0.08647880435150057,0.05288959050795772,1.0,1.0
17.988733333333336,TM,8.0,0.0,121,0.9150257880593655,0.0,0.08497421194063448,0.9664789730161245,0.0,0.03352102698387549,0.03352102698387549,0.08497421194063448,0.05145318495675899,1.0,1.0
17.990666666666666,TM,8.0,0.0,121,0.9164611129453373,0.0,0.08353888705466272,0.9665428385019651,0.0,0.033457161498034904,0.033457161498034904,0.08353888705466272,0.05008172555662782,1.0,1.0
17.9926,TM,8.0,0.0,121,0.9178306288402671,0.0,0.08216937115973288,0.9666024230608612,0.0,0.03339757693913881,0.03339757693913881,0.08216937115973288,0.04877179422059408,1.0,1.0
17.994533333333333,TM,8.0,0.0,121,0.9191375626783056,0.0,0.0808624373216944,0.966657762844989,0.0,0.033342237155010945,0.033342237155010945,0.0808624373216944,0.04752020016668346,1.0,1.0
17.996466666666667,TM,8.0,0.0,121,0.9203849269718094,0.0,0.0796150730281906,0.9667088896539434,0.0,0.033291110346056585,0.033291110346056585,0.0796150730281906,0.04632396268213401,1.0,1.0
17.9984,TM,8.0,0.0,121,0.9215755354036833,0.0,0.07842446459631669,0.9667558308826367,0.0,0.033244169117363276,0.033244169117363276,0.07842446459631669,0.045180295478953414,1.0,1.0
18.000333333333334,TM,8.0,0.0,121,0.9227120170096403,0.0,0.07728798299035966,0.9667986094788933,0.0,0.03320139052110671,0.03320139052110671,0.07728798299035966,0.04408659246925295,1.0,1.0
18.002266666666667,TM,8.0,0.0,121,0.9237968291036647,0.0,0.07620317089633533,0.9668372439133619,0.0,0.0331627560866381,0.0331627560866381,0.07620317089633533,0.043040414809697225,1.0,1.0
18.0042,TM,8.0,0.0,121,0.9248322690820953,0.0,0.07516773091790474,0.9668717481636502,0.0,0.03312825183634982,0.03312825183634982,0.07516773091790474,0.04203947908155492,1.0,1.0
18.006133333333334,TM,8.0,0.0,121,0.9258204852250547,0.0,0.07417951477494533,0.9669021317133203,0.0,0.03309786828667971,0.03309786828667971,0.07417951477494533,0.04108164648826562,1.0,1.0
18.008066666666668,TM,8.0,0.0,121,0.9267634865981969,0.0,0.07323651340180315,0.9669283995655739,0.0,0.03307160043442614,0.03307160043442614,0.07323651340180315,0.04016491296737701,1.0,1.0
18.01,TM,8.0,0.0,121,0.927663152146537,0.0,0.07233684785346295,0.9669505522709607,0.0,0.03304944772903928,0.03304944772903928,0.07233684785346295,0.039287400124423666,1.0,1.0
18.011933333333335,TM,8.0,0.0,121,0.9285212390593252,0.0,0.07147876094067485,0.9669685859675199,0.0,0.03303141403248011,0.03303141403248011,0.07147876094067485,0.038447346908194735,1.0,1.0
18.01386666666667,TM,8.0,0.0,121,0.9293393904755614,0.0,0.07066060952443864,0.9669824924316874,0.0,0.033017507568312565,0.033017507568312565,0.07066060952443864,0.03764310195612608,1.0,1.0
18.0158,TM,8.0,0.0,121,0.9301191425922941,0.0,0.06988085740770589,0.9669922591380096,0.0,0.03300774086199043,0.03300774086199043,0.06988085740770589,0.036873116545715456,1.0,1.0
18.017733333333332,TM,8.0,0.0,121,0.9308619312290696,0.0,0.06913806877093043,0.9669978693255048,0.0,0.0330021306744952,0.0330021306744952,0.06913806877093043,0.03613593809643523,1.0,1.0
18.019666666666666,TM,8.0,0.0,121,0.9315690978970779,0.0,0.06843090210292213,0.9669993020688719,0.0,0.03300069793112814,0.03300069793112814,0.06843090210292213,0.03543020417179399,1.0,1.0
18.0216,TM,8.0,0.0,121,0.9322418954158791,0.0,0.0677581045841209,0.9669965323527528,0.0,0.03300346764724715,0.03300346764724715,0.0677581045841209,0.03475463693687375,1.0,1.0
18.023533333333333,TM,8.0,0.0,121,0.9328814931164027,0.0,0.06711850688359733,0.9669895311477049,0.0,0.03301046885229508,0.03301046885229508,0.06711850688359733,0.034108038031302246,1.0,1.0
18.025466666666667,TM,8.0,0.0,121,0.9334889816647909,0.0,0.06651101833520912,0.9669782654868384,0.0,0.033021734513161594,0.033021734513161594,0.06651101833520912,0.03348928382204752,1.0,1.0
18.0274,TM,8.0,0.0,121,0.934065377539915,0.0,0.06593462246008497,0.9669626985426236,0.0,0.03303730145737638,0.03303730145737638,0.06593462246008497,0.03289732100270859,1.0,1.0
18.029333333333334,TM,8.0,0.0,121,0.9346116271931137,0.0,0.06538837280688625,0.9669427897036478,0.0,0.033057210296352224,0.033057210296352224,0.06538837280688625,0.03233116251053403,1.0,1.0
18.031266666666667,TM,8.0,0.0,121,0.9351286109180716,0.0,0.06487138908192835,0.9669184946515885,0.0,0.03308150534841148,0.03308150534841148,0.06487138908192835,0.03178988373351688,1.0,1.0
18.0332,TM,8.0,0.0,121,0.9356171464556592,0.0,0.06438285354434081,0.9668897654388942,0.0,0.033110234561105845,0.033110234561105845,0.06438285354434081,0.03127261898323497,1.0,1.0
18.035133333333334,TM,8.0,0.0,121,0.9360779923583222,0.0,0.06392200764167777,0.9668565505681244,0.0,0.03314344943187564,0.03314344943187564,0.06392200764167777,0.03077855820980213,1.0,1.0
18.037066666666668,TM,8.0,0.0,121,0.9365118511352011,0.0,0.06348814886479892,0.9668187950736977,0.0,0.03318120492630228,0.03318120492630228,0.06348814886479892,0.030306943938496644,1.0,1.0
18.039,TM,8.0,0.0,121,0.9369193722000753,0.0,0.06308062779992474,0.9667764406073103,0.0,0.03322355939268973,0.03322355939268973,0.06308062779992474,0.02985706840723501,1.0,1.0
18.040933333333335,TM,8.0,0.0,121,0.9373011546412264,0.0,0.06269884535877357,0.9667294255278625,0.0,0.03327057447213755,0.03327057447213755,0.06269884535877357,0.02942827088663602,1.0,1.0
18.04286666666667,TM,8.0,0.0,121,0.9376577498320613,0.0,0.062342250167938706,0.9666776849968796,0.0,0.03332231500312044,0.03332231500312044,0.062342250167938706,0.029019935164818267,1.0,1.0
18.044800000000002,TM,8.0,0.0,121,0.9379896639002541,0.0,0.06201033609974593,0.9666211510802774,0.0,0.03337884891972265,0.03337884891972265,0.06201033609974593,0.028631487180023285,1.0,1.0
18.046733333333336,TM,8.0,0.0,121,0.9382973600719479,0.0,0.06170263992805214,0.9665597528569958,0.0,0.0334402471430042,0.0334402471430042,0.06170263992805214,0.02826239278504794,1.0,1.0
18.04866666666667,TM,8.0,0.0,121,0.9385812609070174,0.0,0.061418739092982566,0.9664934165351933,0.0,0.03350658346480673,0.03350658346480673,0.061418739092982566,0.02791215562817584,1.0,1.0
18.0506,TM,8.0,0.0,121,0.9388417504404014,0.0,0.06115824955959859,0.9664220655764277,0.0,0.033577934423572264,0.033577934423572264,0.06115824955959859,0.027580315136026323,1.0,1.0
18.052533333333333,TM,8.0,0.0,121,0.9390791762446293,0.0,0.06092082375537067,0.9663456208286629,0.0,0.03365437917133707,0.03365437917133707,0.06092082375537067,0.0272664445840336,1.0,1.0
18.054466666666666,TM,8.0,0.0,121,0.9392938514275748,0.0,0.06070614857242518,0.9662640006691738,0.0,0.03373599933082616,0.03373599933082616,0.06070614857242518,0.026970149241599017,1.0,1.0
18.0564,TM,8.0,0.0,121,0.9394860565802904,0.0,0.060513943419709615,0.9661771211591684,0.0,0.03382287884083157,0.03382287884083157,0.060513943419709615,0.026691064578878043,1.0,1.0
18.058333333333334,TM,8.0,0.0,121,0.9396560416900759,0.0,0.06034395830992412,0.9660848962132004,0.0,0.03391510378679963,0.03391510378679963,0.06034395830992412,0.02642885452312449,1.0,1.0
18.060266666666667,TM,8.0,0.0,121,0.9398040280345283,0.0,0.06019597196547166,0.9659872377878426,0.0,0.03401276221215743,0.03401276221215743,0.06019597196547166,0.02618320975331423,1.0,1.0
18.0622,TM,8.0,0.0,121,0.9399302100745547,0.0,0.060069789925445316,0.9658840560964332,0.0,0.03411594390356676,0.03411594390356676,0.060069789925445316,0.025953846021878557,1.0,1.0
18.064133333333334,TM,8.0,0.0,121,0.9400347573659193,0.0,0.05996524263408065,0.965775259859085,0.0,0.03422474014091503,0.03422474014091503,0.05996524263408065,0.025740502493165618,1.0,1.0
18.066066666666668,TM,8.0,0.0,121,0.9401178165122726,0.0,0.05988218348772745,0.9656607566006384,0.0,0.03433924339936156,0.03433924339936156,0.05988218348772745,0.025542940088365884,1.0,1.0
18.068,TM,8.0,0.0,121,0.9401795131864434,0.0,0.05982048681355656,0.9655404530128167,0.0,0.03445954698718334,0.03445954698718334,0.05982048681355656,0.02536093982637322,1.0,1.0
18.069933333333335,TM,8.0,0.0,121,0.9402199542508359,0.0,0.05978004574916407,0.9654142554007117,0.0,0.034585744599288315,0.034585744599288315,0.05978004574916407,0.025194301149875753,1.0,1.0
18.07186666666667,TM,8.0,0.0,121,0.9402392300139379,0.0,0.05976076998606206,0.9652820702382928,0.0,0.03471792976170718,0.03471792976170718,0.05976076998606206,0.02504284022435488,1.0,1.0
18.073800000000002,TM,8.0,0.0,121,0.9402374166651453,0.0,0.059762583334854735,0.9651438048614693,0.0,0.034856195138530666,0.034856195138530666,0.059762583334854735,0.02490638819632407,1.0,1.0
18.075733333333332,TM,8.0,0.0,121,0.94021457893698,0.0,0.05978542106301998,0.9649993683311688,0.0,0.03500063166883116,0.03500063166883116,0.05978542106301998,0.024784789394188822,1.0,1.0
18.077666666666666,TM,8.0,0.0,121,0.9401707730499922,0.0,0.05982922695000781,0.9648486725017558,0.0,0.035151327498244234,0.035151327498244234,0.05982922695000781,0.024677899451763574,1.0,1.0
18.0796,TM,8.0,0.0,121,0.9401060500018501,0.0,0.0598939499981499,0.9646916333321158,0.0,0.03530836666788417,0.03530836666788417,0.0598939499981499,0.024585583330265726,1.0,1.0
18.081533333333333,TM,8.0,0.0,121,0.9400204592671786,0.0,0.05997954073282141,0.964528172476987,0.0,0.03547182752301303,0.03547182752301303,0.05997954073282141,0.02450771320980838,1.0,1.0
18.083466666666666,TM,8.0,0.0,121,0.9399140529784688,0.0,0.06008594702153125,0.9643582191945108,0.0,0.03564178080548919,0.03564178080548919,0.06008594702153125,0.024444166216042063,1.0,1.0
18.0854,TM,8.0,0.0,121,0.939786890659857,0.0,0.06021310934014301,0.9641817126024921,0.0,0.03581828739750792,0.03581828739750792,0.06021310934014301,0.024394821942635092,1.0,1.0
18.087333333333333,TM,8.0,0.0,121,0.9396390445837635,0.0,0.06036095541623654,0.963998604309417,0.0,0.03600139569058303,0.03600139569058303,0.06036095541623654,0.024359559725653512,1.0,1.0
18.089266666666667,TM,8.0,0.0,121,0.9394706058153772,0.0,0.060529394184622776,0.963808861437865,0.0,0.03619113856213496,0.03619113856213496,0.060529394184622776,0.024338255622487814,1.0,1.0
18.0912,TM,8.0,0.0,121,0.9392816910003435,0.0,0.06071830899965647,0.9636124700467431,0.0,0.03638752995325689,0.03638752995325689,0.06071830899965647,0.024330779046399575,1.0,1.0
18.093133333333334,TM,8.0,0.0,121,0.9390724499365535,0.0,0.06092755006344652,0.9634094389449228,0.0,0.036590561055077186,0.036590561055077186,0.06092755006344652,0.024336989008369336,1.0,1.0
18.095066666666668,TM,8.0,0.0,121,0.9388430739507513,0.0,0.06115692604924872,0.9631998038729253,0.0,0.03680019612707475,0.03680019612707475,0.06115692604924872,0.02435672992217397,1.0,1.0
18.097,TM,8.0,0.0,121,0.9385938050762803,0.0,0.06140619492371968,0.9629836320109415,0.0,0.037016367989058496,0.037016367989058496,0.06140619492371968,0.024389826934661185,1.0,1.0
18.098933333333335,TM,8.0,0.0,121,0.9383249459966145,0.0,0.061675054003385466,0.9627610267513852,0.0,0.037238973248614804,0.037238973248614804,0.061675054003385466,0.02443608075477066,1.0,1.0
18.10086666666667,TM,8.0,0.0,121,0.9380368706839901,0.0,0.06196312931600989,0.9625321326520404,0.0,0.037467867347959594,0.037467867347959594,0.06196312931600989,0.024495261968050297,1.0,1.0
18.102800000000002,TM,8.0,0.0,121,0.9377300356215327,0.0,0.062269964378467324,0.9622971404627992,0.0,0.03770285953720076,0.03770285953720076,0.062269964378467324,0.024567104841266563,1.0,1.0
18.104733333333336,TM,8.0,0.0,121,0.9374049914530622,0.0,0.06259500854693778,0.9620562920948907,0.0,0.03794370790510926,0.03794370790510926,0.06259500854693778,0.024651300641828522,1.0,1.0
18.10666666666667,TM,8.0,0.0,121,0.9370623948570818,0.0,0.06293760514291824,0.9618098853770409,0.0,0.03819011462295907,0.03819011462295907,0.06293760514291824,0.02474749051995917,1.0,1.0
18.1086,TM,8.0,0.0,121,0.9367030203933926,0.0,0.0632969796066074,0.9615582784196481,0.0,0.03844172158035186,0.03844172158035186,0.0632969796066074,0.024855258026255544,1.0,1.0
18.110533333333333,TM,8.0,0.0,121,0.9363277720220753,0.0,0.06367222797792471,0.961301893386225,0.0,0.03869810661377504,0.03869810661377504,0.06367222797792471,0.02497412136414967,1.0,1.0
18.112466666666666,TM,8.0,0.0,121,0.9359376939498822,0.0,0.06406230605011776,0.9610412194535333,0.0,0.03895878054646673,0.03895878054646673,0.06406230605011776,0.025103525503651025,1.0,1.0
18.1144,TM,8.0,0.0,121,0.9355339804181849,0.0,0.06446601958181508,0.9607768147290084,0.0,0.039223185270991556,0.039223185270991556,0.06446601958181508,0.025242834310823525,1.0,1.0
18.116333333333333,TM,8.0,0.0,121,0.9351179840156898,0.0,0.0648820159843102,0.960509306890033,0.0,0.039490693109967,0.039490693109967,0.0648820159843102,0.025391322874343203,1.0,1.0
18.118266666666667,TM,8.0,0.0,121,0.934691222078555,0.0,0.06530877792144496,0.9602393923151331,0.0,0.03976060768486689,0.03976060768486689,0.06530877792144496,0.02554817023657807,1.0,1.0
18.1202,TM,8.0,0.0,121,0.9342553807359371,0.0,0.06574461926406294,0.9599678334967073,0.0,0.040032166503292665,0.040032166503292665,0.06574461926406294,0.025712452760770277,1.0,1.0
18.122133333333334,TM,8.0,0.0,121,0.9338123161727234,0.0,0.06618768382727658,0.9596954545594568,0.0,0.04030454544054318,0.04030454544054318,0.06618768382727658,0.025883138386733395,1.0,1.0
18.124066666666668,TM,8.0,0.0,121,0.9333640527161422,0.0,0.0666359472838578,0.9594231347604687,0.0,0.0405768652395313,0.0405768652395313,0.0666359472838578,0.026059082044326498,1.0,1.0
18.126,TM,8.0,0.0,121,0.9329127774112158,0.0,0.06708722258878419,0.9591517999168324,0.0,0.040848200083167585,0.040848200083167585,0.06708722258878419,0.026239022505616605,1.0,1.0
18.127933333333335,TM,8.0,0.0,121,0.9324608308322948,0.0,0.0675391691677052,0.9588824117933363,0.0,0.04111758820666367,0.04111758820666367,0.0675391691677052,0.026421580961041524,1.0,1.0
18.12986666666667,TM,8.0,0.0,121,0.932010693981681,0.0,0.06798930601831898,0.958615955583614,0.0,0.04138404441638599,0.04138404441638599,0.06798930601831898,0.026605261601932995,1.0,1.0
18.131800000000002,TM,8.0,0.0,121,0.9315649712496603,0.0,0.06843502875033969,0.9583534257291582,0.0,0.04164657427084184,0.04164657427084184,0.06843502875033969,0.026788454479497847,1.0,1.0
18.133733333333335,TM,8.0,0.0,121,0.9311263695455397,0.0,0.06887363045446027,0.9580958104333885,0.0,0.04190418956661146,0.04190418956661146,0.06887363045446027,0.026969440887848806,1.0,1.0
18.135666666666665,TM,8.0,0.0,121,0.9306976738498711,0.0,0.06930232615012888,0.9578440753360153,0.0,0.042155924663984656,0.042155924663984656,0.06930232615012888,0.027146401486144223,1.0,1.0
18.1376,TM,8.0,0.0,121,0.9302817195739135,0.0,0.06971828042608652,0.9575991469046661,0.0,0.042400853095333924,0.042400853095333924,0.06971828042608652,0.027317427330752597,1.0,1.0
18.139533333333333,TM,8.0,0.0,121,0.9298813622345197,0.0,0.07011863776548033,0.9573618961678079,0.0,0.04263810383219213,0.04263810383219213,0.07011863776548033,0.027480533933288198,1.0,1.0
18.141466666666666,TM,8.0,0.0,121,0.9294994450514042,0.0,0.07050055494859575,0.9571331234452087,0.0,0.04286687655479127,0.04286687655479127,0.07050055494859575,0.027633678393804484,1.0,1.0
18.1434,TM,8.0,0.0,121,0.9291387651427356,0.0,0.07086123485726437,0.9569135447236088,0.0,0.04308645527639121,0.04308645527639121,0.07086123485726437,0.027774779580873155,1.0,1.0
18.145333333333333,TM,8.0,0.0,121,0.9288020390317373,0.0,0.0711979609682627,0.9567037802722609,0.0,0.043296219727739116,0.043296219727739116,0.0711979609682627,0.02790174124052358,1.0,1.0
18.147266666666667,TM,8.0,0.0,121,0.9284918681795082,0.0,0.07150813182049176,0.9565043459952817,0.0,0.04349565400471833,0.04349565400471833,0.07150813182049176,0.02801247781577343,1.0,1.0
18.1492,TM,8.0,0.0,121,0.9282107052352189,0.0,0.07178929476478113,0.9563156478820172,0.0,0.04368435211798283,0.04368435211798283,0.07178929476478113,0.028104942646798303,1.0,1.0
18.151133333333334,TM,8.0,0.0,121,0.9279608216500705,0.0,0.07203917834992946,0.9561379797505773,0.0,0.04386202024942265,0.04386202024942265,0.07203917834992946,0.028177158100506805,1.0,1.0
18.153066666666668,TM,8.0,0.0,121,0.9277442772465172,0.0,0.0722557227534828,0.9559715242969843,0.0,0.04402847570301571,0.04402847570301571,0.0722557227534828,0.028227247050467086,1.0,1.0
18.155,TM,8.0,0.0,121,0.9275628922798567,0.0,0.07243710772014333,0.9558163572778766,0.0,0.044183642722123384,0.044183642722123384,0.07243710772014333,0.02825346499801995,1.0,1.0
18.156933333333335,TM,8.0,0.0,121,0.9274182224821101,0.0,0.07258177751788986,0.9556724544829063,0.0,0.044327545517093725,0.044327545517093725,0.07258177751788986,0.02825423200079613,1.0,1.0
18.15886666666667,TM,8.0,0.0,121,0.9273115375433839,0.0,0.07268846245661609,0.9555397010084349,0.0,0.04446029899156512,0.04446029899156512,0.07268846245661609,0.02822816346505097,1.0,1.0
18.160800000000002,TM,8.0,0.0,121,0.927243803461648,0.0,0.07275619653835197,0.9554179022381656,0.0,0.044582097761834416,0.044582097761834416,0.07275619653835197,0.028174098776517553,1.0,1.0
18.162733333333335,TM,8.0,0.0,121,0.9272156691723175,0.0,0.07278433082768254,0.9553067958744526,0.0,0.04469320412554745,0.04469320412554745,0.07278433082768254,0.028091126702135094,1.0,1.0
18.16466666666667,TM,8.0,0.0,121,0.9272274578442449,0.0,0.07277254215575513,0.9552060643510291,0.0,0.04479393564897094,0.04479393564897094,0.07277254215575513,0.027978606506784187,1.0,1.0
18.166600000000003,TM,8.0,0.0,121,0.9272791631866049,0.0,0.07272083681339514,0.9551153469895731,0.0,0.04488465301042688,0.04488465301042688,0.07272083681339514,0.027836183802968262,1.0,1.0
18.168533333333333,TM,8.0,0.0,121,0.9273704510404516,0.0,0.07262954895954843,0.9550342513343406,0.0,0.04496574866565939,0.04496574866565939,0.07262954895954843,0.02766380029388904,1.0,1.0
18.170466666666666,TM,8.0,0.0,121,0.9275006664217293,0.0,0.07249933357827065,0.9549623632015845,0.0,0.04503763679841555,0.04503763679841555,0.07249933357827065,0.027461696779855105,1.0,1.0
18.1724,TM,8.0,0.0,121,0.9276688460378265,0.0,0.07233115396217349,0.9548992551027929,0.0,0.04510074489720706,0.04510074489720706,0.07233115396217349,0.027230409064966432,1.0,1.0
18.174333333333333,TM,8.0,0.0,121,0.927873736121323,0.0,0.07212626387867704,0.9548444928325516,0.0,0.04515550716744843,0.04515550716744843,0.07212626387867704,0.026970756711228616,1.0,1.0
18.176266666666667,TM,8.0,0.0,121,0.9281138152244206,0.0,0.0718861847755794,0.9547976401413893,0.0,0.04520235985861065,0.04520235985861065,0.0718861847755794,0.026683824916968746,1.0,1.0
18.1782,TM,8.0,0.0,121,0.928387321411976,0.0,0.071612678588024,0.9547582615335671,0.0,0.04524173846643287,0.04524173846643287,0.071612678588024,0.026370940121591135,1.0,1.0
18.180133333333334,TM,8.0,0.0,121,0.928692283099714,0.0,0.07130771690028603,0.9547259233315648,0.0,0.04527407666843519,0.04527407666843519,0.07130771690028603,0.02603364023185084,1.0,1.0
18.182066666666667,TM,8.0,0.0,121,0.9290265526242159,0.0,0.07097344737578415,0.954700193228657,0.0,0.04529980677134304,0.04529980677134304,0.07097344737578415,0.025673640604441106,1.0,1.0
18.184,TM,8.0,0.0,121,0.9293878415210988,0.0,0.07061215847890123,0.9546806386066022,0.0,0.04531936139339776,0.04531936139339776,0.07061215847890123,0.02529279708550347,1.0,1.0
18.185933333333335,TM,8.0,0.0,121,0.9297737564355169,0.0,0.07022624356448315,0.9546668239268904,0.0,0.045333176073109605,0.045333176073109605,0.07022624356448315,0.024893067491373544,1.0,1.0
18.187866666666668,TM,8.0,0.0,121,0.9301818345990145,0.0,0.06981816540098551,0.9546583075121737,0.0,0.04534169248782627,0.04534169248782627,0.06981816540098551,0.024476472913159242,1.0,1.0
18.1898,TM,8.0,0.0,121,0.9306095778771717,0.0,0.06939042212282831,0.954654638023713,0.0,0.045345361976287024,0.045345361976287024,0.06939042212282831,0.024045060146541286,1.0,1.0
18.191733333333335,TM,8.0,0.0,121,0.9310544845139621,0.0,0.06894551548603789,0.9546553509139084,0.0,0.04534464908609159,0.04534464908609159,0.06894551548603789,0.023600866399946296,1.0,1.0
18.19366666666667,TM,8.0,0.0,121,0.9315140778584703,0.0,0.06848592214152971,0.9546599650945711,0.0,0.04534003490542893,0.04534003490542893,0.06848592214152971,0.02314588723610078,1.0,1.0
18.1956,TM,8.0,0.0,121,0.9319859315445138,0.0,0.06801406845548619,0.9546679800162488,0.0,0.04533201998375125,0.04533201998375125,0.06801406845548619,0.02268204847173494,1.0,1.0
18.197533333333332,TM,8.0,0.0,121,0.9324676907873531,0.0,0.06753230921264686,0.9546788733055813,0.0,0.04532112669441868,0.04532112669441868,0.06753230921264686,0.02221118251822818,1.0,1.0
18.199466666666666,TM,8.0,0.0,121,0.9329570896517089,0.0,0.06704291034829113,0.9546920990597269,0.0,0.04530790094027315,0.04530790094027315,0.06704291034829113,0.02173500940801798,1.0,1.0
18.2014,TM,8.0,0.0,121,0.9334519643202643,0.0,0.06654803567973566,0.9547070868521965,0.0,0.04529291314780348,0.04529291314780348,0.06654803567973566,0.02125512253193218,1.0,1.0
18.203333333333333,TM,8.0,0.0,121,0.9339502625436106,0.0,0.06604973745638942,0.9547232414655389,0.0,0.045276758534461115,0.045276758534461115,0.06604973745638942,0.02077297892192831,1.0,1.0
18.205266666666667,TM,8.0,0.0,121,0.9344500495762081,0.0,0.06554995042379186,0.9547399433337829,0.0,0.04526005666621713,0.04526005666621713,0.06554995042379186,0.02028989375757473,1.0,1.0
18.2072,TM,8.0,0.0,121,0.934949510995324,0.0,0.06505048900467603,0.9547565496523838,0.0,0.04524345034761623,0.04524345034761623,0.06505048900467603,0.019807038657059794,1.0,1.0
18.209133333333334,TM,8.0,0.0,121,0.9354469528612509,0.0,0.0645530471387491,0.9547723960952919,0.0,0.04522760390470815,0.04522760390470815,0.0645530471387491,0.01932544323404095,1.0,1.0
18.211066666666667,TM,8.0,0.0,121,0.9359407997083637,0.0,0.06405920029163625,0.9547867990671972,0.0,0.04521320093280279,0.04521320093280279,0.06405920029163625,0.018845999358833465,1.0,1.0
18.213,TM,8.0,0.0,121,0.9364295908605332,0.0,0.06357040913946677,0.9547990584126468,0.0,0.045200941587353216,0.045200941587353216,0.06357040913946677,0.01836946755211355,1.0,1.0
18.214933333333335,TM,8.0,0.0,121,0.9369119755448604,0.0,0.06308802445513961,0.9548084605022598,0.0,0.04519153949774024,0.04519153949774024,0.06308802445513961,0.017896484957399372,1.0,1.0
18.216866666666668,TM,8.0,0.0,121,0.9373867072385191,0.0,0.06261329276148087,0.9548142816175962,0.0,0.04518571838240382,0.04518571838240382,0.06261329276148087,0.01742757437907705,1.0,1.0
18.2188,TM,8.0,0.0,121,0.9378526376308255,0.0,0.06214736236917451,0.9548157915609791,0.0,0.045184208439020934,0.045184208439020934,0.06214736236917451,0.016963153930153574,1.0,1.0
18.220733333333335,TM,8.0,0.0,121,0.9383087105190927,0.0,0.061691289480907296,0.954812257422255,0.0,0.04518774257774505,0.04518774257774505,0.061691289480907296,0.016503546903162247,1.0,1.0
18.22266666666667,TM,8.0,0.0,121,0.9387539558909488,0.0,0.06124604410905121,0.954802947442579,0.0,0.045197052557421014,0.045197052557421014,0.06124604410905121,0.0160489915516302,1.0,1.0
18.224600000000002,TM,8.0,0.0,121,0.9391874843789101,0.0,0.06081251562108991,0.954787134924266,0.0,0.045212865075733966,0.045212865075733966,0.06081251562108991,0.015599650545355948,1.0,1.0
18.226533333333336,TM,8.0,0.0,121,0.9396084822113211,0.0,0.060391517788678906,0.9547641021457877,0.0,0.04523589785421234,0.04523589785421234,0.060391517788678906,0.015155619934466569,1.0,1.0
18.228466666666666,TM,8.0,0.0,121,0.9400162067304915,0.0,0.059983793269508534,0.9547331442527048,0.0,0.045266855747295165,0.045266855747295165,0.059983793269508534,0.01471693752221337,1.0,1.0
18.2304,TM,8.0,0.0,121,0.9404099825043974,0.0,0.059590017495602554,0.9546935731071255,0.0,0.04530642689287445,0.04530642689287445,0.059590017495602554,0.014283590602728102,1.0,1.0
18.232333333333333,TM,8.0,0.0,121,0.9407891980262252,0.0,0.05921080197377482,0.9546447210912137,0.0,0.04535527890878632,0.04535527890878632,0.05921080197377482,0.013855523064988495,1.0,1.0
18.234266666666667,TM,8.0,0.0,121,0.9411533029739969,0.0,0.05884669702600309,0.9545859448731784,0.0,0.04541405512682162,0.04541405512682162,0.05884669702600309,0.013432641899181474,1.0,1.0
18.2362,TM,8.0,0.0,121,0.9415018059905598,0.0,0.05849819400944023,0.9545166291562637,0.0,0.045483370843736326,0.045483370843736326,0.05849819400944023,0.013014823165703904,1.0,1.0
18.238133333333334,TM,8.0,0.0,121,0.941834272940174,0.0,0.05816572705982603,0.9544361904423748,0.0,0.04556380955762518,0.04556380955762518,0.05816572705982603,0.012601917502200854,1.0,1.0
18.240066666666667,TM,8.0,0.0,121,0.9421503255996811,0.0,0.05784967440031885,0.9543440808508912,0.0,0.045655919149108826,0.045655919149108826,0.05784967440031885,0.012193755251210026,1.0,1.0
18.242,TM,8.0,0.0,121,0.9424496407468689,0.0,0.05755035925313112,0.9542397920394106,0.0,0.04576020796058944,0.04576020796058944,0.05755035925313112,0.011790151292541684,1.0,1.0
18.243933333333334,TM,8.0,0.0,121,0.9427319496147301,0.0,0.05726805038526994,0.9541228592759783,0.0,0.045877140724021714,0.045877140724021714,0.05726805038526994,0.011390909661248227,1.0,1.0
18.245866666666668,TM,8.0,0.0,121,0.9429970376849067,0.0,0.057002962315093275,0.9539928657113618,0.0,0.04600713428863823,0.04600713428863823,0.057002962315093275,0.010995828026455046,1.0,1.0
18.2478,TM,8.0,0.0,121,0.9432447447964832,0.0,0.05675525520351676,0.9538494468946381,0.0,0.04615055310536187,0.04615055310536187,0.05675525520351676,0.010604702098154895,1.0,1.0
18.249733333333335,TM,8.0,0.0,121,0.9434749655452257,0.0,0.0565250344547743,0.9536922955658413,0.0,0.04630770443415866,0.04630770443415866,0.0565250344547743,0.010217330020615645,1.0,1.0
18.25166666666667,TM,8.0,0.0,121,0.943687649944835,0.0,0.056312350055164995,0.9535211667460759,0.0,0.0464788332539241,0.0464788332539241,0.056312350055164995,0.009833516801240894,1.0,1.0
18.2536,TM,8.0,0.0,121,0.9438828043141867,0.0,0.056117195685813304,0.9533358831276051,0.0,0.04666411687239491,0.04666411687239491,0.056117195685813304,0.009453078813418392,1.0,1.0
18.255533333333332,TM,8.0,0.0,121,0.9440604923448237,0.0,0.0559395076551763,0.9531363407453483,0.0,0.046863659254651746,0.046863659254651746,0.0559395076551763,0.009075848400524555,1.0,1.0
18.257466666666666,TM,8.0,0.0,121,0.9442208362915795,0.0,0.05577916370842051,0.9529225148873014,0.0,0.0470774851126986,0.0470774851126986,0.05577916370842051,0.008701678595721907,1.0,1.0
18.2594,TM,8.0,0.0,121,0.9443640182168904,0.0,0.05563598178310958,0.9526944661744698,0.0,0.047305533825530155,0.047305533825530155,0.05563598178310958,0.008330447957579423,1.0,1.0
18.261333333333333,TM,8.0,0.0,121,0.9444902812076136,0.0,0.05550971879238642,0.9524523467126953,0.0,0.0475476532873047,0.0475476532873047,0.05550971879238642,0.007962065505081717,1.0,1.0
18.263266666666667,TM,8.0,0.0,121,0.9445999304731737,0.0,0.0554000695268263,0.9521964061896494,0.0,0.0478035938103506,0.0478035938103506,0.0554000695268263,0.0075964757164757035,1.0,1.0
18.2652,TM,8.0,0.0,121,0.9446933342262318,0.0,0.05530666577376819,0.9519269977610818,0.0,0.048073002238918194,0.048073002238918194,0.05530666577376819,0.007233663534849999,1.0,1.0
18.267133333333334,TM,8.0,0.0,121,0.9447709242429749,0.0,0.05522907575702507,0.9516445835423448,0.0,0.048355416457655176,0.048355416457655176,0.05522907575702507,0.006873659299369894,1.0,1.0
18.269066666666667,TM,8.0,0.0,121,0.9448331960013312,0.0,0.0551668039986688,0.9513497394965114,0.0,0.04865026050348864,0.04865026050348864,0.0551668039986688,0.00651654349518016,1.0,1.0
18.271,TM,8.0,0.0,121,0.9448807083007574,0.0,0.05511929169924257,0.9510431594882653,0.0,0.048956840511734656,0.048956840511734656,0.05511929169924257,0.006162451187507911,1.0,1.0
18.272933333333334,TM,8.0,0.0,121,0.9449140822793545,0.0,0.05508591772064553,0.950725658257671,0.0,0.04927434174232903,0.04927434174232903,0.05508591772064553,0.005811575978316497,1.0,1.0
18.274866666666668,TM,8.0,0.0,121,0.9449339997615056,0.0,0.055066000238494395,0.9503981730589118,0.0,0.04960182694108817,0.04960182694108817,0.055066000238494395,0.005464173297406227,1.0,1.0
18.2768,TM,8.0,0.0,121,0.9449412008927426,0.0,0.05505879910725742,0.95006176370941,0.0,0.04993823629059002,0.04993823629059002,0.05505879910725742,0.0051205628166673955,1.0,1.0
18.278733333333335,TM,8.0,0.0,121,0.9449364810469444,0.0,0.05506351895305561,0.9497176108053554,0.0,0.05028238919464456,0.05028238919464456,0.05506351895305561,0.004781129758411051,1.0,1.0
18.28066666666667,TM,8.0,0.0,121,0.9449206870231419,0.0,0.055079312976858086,0.9493670118816128,0.0,0.050632988118387234,0.050632988118387234,0.055079312976858086,0.0044463248584708515,1.0,1.0
18.282600000000002,TM,8.0,0.0,121,0.9448947125832774,0.0,0.055105287416722604,0.9490113753287648,0.0,0.050988624671235216,0.050988624671235216,0.055105287416722604,0.004116662745487387,1.0,1.0
18.284533333333336,TM,8.0,0.0,121,0.9448594934160455,0.0,0.05514050658395453,0.9486522119278351,0.0,0.05134778807216489,0.05134778807216489,0.05514050658395453,0.003792718511789639,1.0,1.0
18.28646666666667,TM,8.0,0.0,121,0.9448160016424567,0.0,0.055183998357543285,0.9482911239238555,0.0,0.051708876076144494,0.051708876076144494,0.055183998357543285,0.0034751222813987903,1.0,1.0
18.2884,TM,8.0,0.0,121,0.9447652400032933,0.0,0.055234759996706684,0.9479297916328369,0.0,0.05207020836716314,0.05207020836716314,0.055234759996706684,0.003164551629543544,1.0,1.0
18.290333333333333,TM,8.0,0.0,121,0.9447082358849428,0.0,0.05529176411505721,0.9475699576605174,0.0,0.05243004233948256,0.05243004233948256,0.05529176411505721,0.002861721775574644,1.0,1.0
18.292266666666666,TM,8.0,0.0,121,0.9446460353452616,0.0,0.05535396465473841,0.9472134089042145,0.0,0.05278659109578554,0.05278659109578554,0.05535396465473841,0.002567373558952868,1.0,1.0
18.2942,TM,8.0,0.0,121,0.9445796972949663,0.0,0.05542030270503373,0.9468619566074101,0.0,0.05313804339258987,0.05313804339258987,0.05542030270503373,0.0022822593124438573,1.0,1.0
18.296133333333334,TM,8.0,0.0,121,0.9445102879712319,0.0,0.05548971202876807,0.9465174148359926,0.0,0.05348258516400739,0.05348258516400739,0.05548971202876807,0.0020071268647606777,1.0,1.0
18.298066666666667,TM,8.0,0.0,121,0.9444388758110227,0.0,0.055561124188977296,0.946181577841268,0.0,0.053818422158732004,0.053818422158732004,0.055561124188977296,0.0017427020302452911,1.0,1.0
18.3,TM,8.0,0.0,121,0.9443665267931589,0.0,0.05563347320684109,0.945856196860313,0.0,0.05414380313968703,0.05414380313968703,0.05563347320684109,0.0014896700671540586,1.0,1.0
