lambda_um,pol,theta_deg,phi_deg,harmonics,R,T,A,R_reverse,T_reverse,A_reverse,emissivity_same_channel,emissivity_reverse_channel,eta,conservation,reverse_conservation
15.4,RCP,8.0,0.0,121,0.6594208311488015,0.0,0.34057916885119854,0.5018767536823228,1.1102230246251565e-16,0.4981232463176771,0.4981232463176783,0.3405791688511982,0.15754407746647975,1.0,1.0
15.4029,RCP,8.0,0.0,121,0.691492167617397,1.1102230246251565e-16,0.30850783238260293,0.5170478162919292,0.0,0.48295218370807086,0.4829521837080712,0.30850783238260115,0.17444435132546826,1.0,1.0
15.405800000000001,RCP,8.0,0.0,121,0.7215609180489223,1.1102230246251565e-16,0.27843908195107764,0.5378546275591508,-1.1102230246251565e-16,0.4621453724408493,0.4621453724408492,0.2784390819510764,0.18370629048977155,1.0,1.0
15.4087,RCP,8.0,0.0,121,0.7491247922562227,0.0,0.25087520774377725,0.5627958519891729,0.0,0.43720414801082713,0.4372041480108301,0.2508752077437745,0.18632894026705282,1.0,1.0
15.4116,RCP,8.0,0.0,121,0.773998575647125,-2.220446049250313e-16,0.22600142435287518,0.5903094301942893,0.0,0.4096905698057108,0.40969056980571583,0.22600142435287554,0.18368914545284065,1.0,1.0
15.4145,RCP,8.0,0.0,121,0.7962061598737477,-1.1102230246251565e-16,0.2037938401262524,0.6189703249560264,1.1102230246251565e-16,0.3810296750439735,0.3810296750439761,0.20379384012625248,0.1772358349177237,1.0,1.0
15.4174,RCP,8.0,0.0,121,0.8158954518682779,0.0,0.184104548131722,0.6476095315089818,0.0,0.3523904684910181,0.3523904684910215,0.18410454813172228,0.1682859203592995,1.0,1.0
15.420300000000001,RCP,8.0,0.0,121,0.833278012082924,-2.220446049250313e-16,0.1667219879170762,0.6753560939064818,0.0,0.32464390609351823,0.324643906093519,0.16672198791707474,0.1579219181764428,1.0,1.0
15.4232,RCP,8.0,0.0,121,0.8485895510575568,1.1102230246251565e-16,0.151410448942443,0.7016230714029273,0.0,0.29837692859707265,0.29837692859707327,0.15141044894244335,0.14696647965463028,1.0,1.0
15.4261,RCP,8.0,0.0,121,0.8620659309694414,0.0,0.13793406903055855,0.7260626729443808,1.1102230246251565e-16,0.2739373270556192,0.27393732705561846,0.13793406903055977,0.13600325802505991,1.0,1.0
15.429,RCP,8.0,0.0,121,0.8739297959977512,0.0,0.1260702040022488,0.7485109774097323,0.0,0.2514890225902677,0.25148902259026545,0.12607020400224916,0.12541881858801665,1.0,1.0
15.4319,RCP,8.0,0.0,121,0.8843840580314073,0.0,0.11561594196859273,0.7689350475040675,-1.1102230246251565e-16,0.23106495249593262,0.2310649524959306,0.11561594196859305,0.11544901052733786,1.0,1.0
15.434800000000001,RCP,8.0,0.0,121,0.8936095704184692,0.0,0.1063904295815308,0.7873885782120718,0.0,0.21261142178792825,0.21261142178792383,0.10639042958153125,0.10622099220639303,1.0,1.0
15.4377,RCP,8.0,0.0,121,0.9017652137921839,-1.1102230246251565e-16,0.09823478620781619,0.8039777602871354,-1.1102230246251565e-16,0.19602223971286467,0.19602223971286833,0.09823478620781428,0.09778745350505215,1.0,1.0
15.4406,RCP,8.0,0.0,121,0.9089892639357,1.1102230246251565e-16,0.0910107360642999,0.8188366337274111,-1.1102230246251565e-16,0.181163366272589,0.1811633662725857,0.09101073606429996,0.0901526302082858,1.0,1.0
15.4435,RCP,8.0,0.0,121,0.9154013508988448,-1.1102230246251565e-16,0.08459864910115532,0.8321102252877985,0.0,0.16788977471220146,0.1678897747122003,0.08459864910115503,0.08329112561104497,1.0,1.0
15.4464,RCP,8.0,0.0,121,0.9211046045817559,0.0,0.07889539541824409,0.8439435951713861,-2.220446049250313e-16,0.1560564048286141,0.15605640482861535,0.07889539541824389,0.07716100941037127,1.0,1.0
15.449300000000001,RCP,8.0,0.0,121,0.9261877620619243,-1.1102230246251565e-16,0.0738122379380758,0.8544751284052603,0.0,0.14552487159473967,0.14552487159473815,0.07381223793807637,0.07171263365666235,1.0,1.0
15.4522,RCP,8.0,0.0,121,0.9307271219558718,-1.1102230246251565e-16,0.06927287804412831,0.8638327421496133,-2.220446049250313e-16,0.13616725785038694,0.13616725785038686,0.06927287804412777,0.06689437980625855,1.0,1.0
15.4551,RCP,8.0,0.0,121,0.9347882962682439,-1.1102230246251565e-16,0.06521170373175625,0.8721320146519029,0.0,0.12786798534809704,0.12786798534809565,0.06521170373175689,0.0626562816163394,1.0,1.0
15.458,RCP,8.0,0.0,121,0.9384277472994306,0.0,0.06157225270056948,0.8794755236448903,-1.1102230246251565e-16,0.12052447635510977,0.12052447635510838,0.06157225270056889,0.0589522236545389,1.0,1.0
15.4609,RCP,8.0,0.0,121,0.9416941171806714,-1.1102230246251565e-16,0.05830588281932865,0.8859528998107438,0.0,0.11404710018925629,0.11404710018925546,0.05830588281932923,0.05574121736992681,1.0,1.0
15.4638,RCP,8.0,0.0,121,0.9446293673861772,-1.1102230246251565e-16,0.0553706326138229,0.8916412598411696,-1.1102230246251565e-16,0.10835874015883047,0.10835874015882983,0.05537063261382283,0.052988107545006935,1.0,1.0
15.466700000000001,RCP,8.0,0.0,121,0.9472697494215325,1.1102230246251565e-16,0.052730250578467384,0.8966057946437399,1.1102230246251565e-16,0.10339420535625998,0.10339420535625983,0.052730250578465816,0.050663954777792446,1.0,1.0
15.4696,RCP,8.0,0.0,121,0.9496466284406038,1.1102230246251565e-16,0.050353371559396155,0.900900362752646,-2.220446049250313e-16,0.09909963724735424,0.0990996372473535,0.05035337155939576,0.04874626568795735,1.0,1.0
15.4725,RCP,8.0,0.0,121,0.9517871803638263,-1.1102230246251565e-16,0.048212819636173895,0.9045679865153569,-1.1102230246251565e-16,0.09543201348464328,0.09543201348464493,0.04821281963617423,0.047219193848471036,1.0,1.0
15.4754,RCP,8.0,0.0,121,0.9537149810903598,-2.220446049250313e-16,0.04628501890964048,0.9076411763606661,0.0,0.09235882363933387,0.09235882363933313,0.04628501890964102,0.046073804729692656,1.0,1.0
15.4783,RCP,8.0,0.0,121,0.9554505041399248,1.1102230246251565e-16,0.04454949586007508,0.9101420213786379,1.1102230246251565e-16,0.08985797862136208,0.0898579786213628,0.04454949586007557,0.04530848276128772,1.0,1.0
15.481200000000001,RCP,8.0,0.0,121,0.9570115408136688,0.0,0.042988459186331235,0.9120819856013254,-2.220446049250313e-16,0.08791801439867482,0.08791801439867841,0.04298845918633005,0.04492955521234718,1.0,1.0
15.4841,RCP,8.0,0.0,121,0.9584135548745898,0.0,0.04158644512541026,0.9134613401653591,0.0,0.08653865983464099,0.0865386598346382,0.041586445125410536,0.04495221470922794,1.0,1.0
15.487,RCP,8.0,0.0,121,0.9596699818780616,0.0,0.040330018121938316,0.9142681418513354,0.0,0.08573185814866452,0.08573185814866209,0.04033001812193877,0.045401840026723775,1.0,1.0
15.4899,RCP,8.0,0.0,121,0.9607924816471092,-2.220446049250313e-16,0.039207518352891005,0.9144766367263699,-1.1102230246251565e-16,0.0855233632736302,0.08552336327363216,0.03920751835289143,0.04631584492074116,1.0,1.0
15.4928,RCP,8.0,0.0,121,0.9617911509802253,0.0,0.03820884901977476,0.9140449205049561,0.0,0.0859550794950439,0.08595507949504366,0.03820884901977267,0.0477462304752689,1.0,1.0
15.495700000000001,RCP,8.0,0.0,121,0.9626747024761947,-1.1102230246251565e-16,0.037325297523805395,0.9129116195255329,0.0,0.08708838047446707,0.08708838047446693,0.0373252975238057,0.049763082950661536,1.0,1.0
15.4986,RCP,8.0,0.0,121,0.963450614339342,1.1102230246251565e-16,0.03654938566065794,0.910991260275408,0.0,0.08900873972459206,0.08900873972459529,0.03654938566065865,0.05245935406393735,1.0,1.0
15.5015,RCP,8.0,0.0,121,0.9641252551613244,-2.220446049250313e-16,0.035874744838675796,0.9081678608689432,0.0,0.09183213913105677,0.09183213913105823,0.035874744838675976,0.05595739429238243,1.0,1.0
15.5044,RCP,8.0,0.0,121,0.9647039869368025,-1.1102230246251565e-16,0.03529601306319768,0.9042860924148272,-1.1102230246251565e-16,0.095713907585173,0.09571390758517032,0.03529601306319753,0.06041789452197264,1.0,1.0
15.5073,RCP,8.0,0.0,121,0.9651912489383987,0.0,0.03480875106160129,0.899139110755498,-1.1102230246251565e-16,0.10086088924450205,0.1008608892445003,0.03480875106160081,0.06605213818289901,1.0,1.0
15.510200000000001,RCP,8.0,0.0,121,0.9655906245284278,-1.1102230246251565e-16,0.0344093754715723,0.8924518510589909,1.1102230246251565e-16,0.10754814894100896,0.1075481489410104,0.03440937547157263,0.0731387734694381,1.0,1.0
15.5131,RCP,8.0,0.0,121,0.9659048925045187,-1.1102230246251565e-16,0.0340951074954814,0.8838582547233605,0.0,0.11614174527663942,0.11614174527664128,0.03409510749548181,0.08204663778115989,1.0,1.0
15.516,RCP,8.0,0.0,121,0.96613606414443,-1.1102230246251565e-16,0.03386393585557016,0.8728707328361895,-1.1102230246251565e-16,0.1271292671638106,0.1271292671638106,0.03386393585556961,0.09326533130824044,1.0,1.0
15.5189,RCP,8.0,0.0,121,0.9662854067178516,-1.1102230246251565e-16,0.03371459328214849,0.8588406731563338,0.0,0.1411593268436661,0.1411593268436683,0.03371459328214852,0.10744473356151982,1.0,1.0
15.5218,RCP,8.0,0.0,121,0.9663534538551568,-1.1102230246251565e-16,0.0336465461448433,0.8409113255925044,0.0,0.1590886744074956,0.15908867440749458,0.033646546144843914,0.12544212826265128,1.0,1.0
15.524700000000001,RCP,8.0,0.0,121,0.9663400027888498,-1.1102230246251565e-16,0.03365999721115033,0.8179723301097379,1.1102230246251565e-16,0.18202766989026195,0.18202766989025954,0.033659997211151406,0.14836767267910922,1.0,1.0
15.5276,RCP,8.0,0.0,121,0.9662440981000764,-2.220446049250313e-16,0.033755901899923814,0.7886462848168443,-1.1102230246251565e-16,0.2113537151831558,0.21135371518315238,0.033755901899922565,0.17759781328322857,1.0,1.0
15.5305,RCP,8.0,0.0,121,0.9660640011917444,1.1102230246251565e-16,0.033935998808255534,0.7513880161254516,-2.220446049250313e-16,0.24861198387454858,0.2486119838745497,0.033935998808255353,0.21467598506629415,1.0,1.0
15.5334,RCP,8.0,0.0,121,0.965797144253955,0.0,0.034202855746045,0.7048803893386559,0.0,0.29511961066134407,0.2951196106613411,0.03420285574604428,0.26091675491529615,1.0,1.0
15.5363,RCP,8.0,0.0,121,0.9654400669659191,2.220446049250313e-16,0.03455993303408067,0.6490651122521984,0.0,0.3509348877478016,0.35093488774780407,0.0345599330340808,0.3163749547137234,1.0,1.0
15.539200000000001,RCP,8.0,0.0,121,0.9649883335625414,0.0,0.0350116664374586,0.5871721032738493,-1.1102230246251565e-16,0.41282789672615083,0.4128278967261546,0.035011666437458955,0.377816230288696,1.0,1.0
15.5421,RCP,8.0,0.0,121,0.964436427153711,-2.220446049250313e-16,0.03556357284628917,0.5283184577223342,-1.1102230246251565e-16,0.47168154227766584,0.4716815422776672,0.03556357284628864,0.436117969431378,1.0,1.0
15.545,RCP,8.0,0.0,121,0.963777617275843,1.1102230246251565e-16,0.03622238272415694,0.4877881026871561,0.0,0.5122118973128439,0.5122118973128402,0.03622238272415864,0.47598951458868327,1.0,1.0
15.5479,RCP,8.0,0.0,121,0.963003795527299,0.0,0.03699620447270101,0.48046644441975883,0.0,0.5195335555802412,0.5195335555802366,0.03699620447270186,0.4825373511075356,1.0,1.0
15.5508,RCP,8.0,0.0,121,0.9621052727212354,-1.1102230246251565e-16,0.037894727278764764,0.5097421373063187,-1.1102230246251565e-16,0.49025786269368143,0.49025786269368465,0.03789472727876461,0.4523631354149199,1.0,1.0
15.553700000000001,RCP,8.0,0.0,121,0.961070529191218,-1.1102230246251565e-16,0.038929470808782014,0.5644898008652919,0.0,0.43551019913470806,0.43551019913470795,0.03892947080878101,0.39658072832592595,1.0,1.0
15.5566,RCP,8.0,0.0,121,0.959885907589061,-2.220446049250313e-16,0.040114092410939245,0.6283010672519821,0.0,0.3716989327480179,0.37169893274802035,0.040114092410939,0.33158484033708113,1.0,1.0
15.5595,RCP,8.0,0.0,121,0.9585352345610549,-2.220446049250313e-16,0.0414647654389453,0.6890951578817519,0.0,0.3109048421182481,0.3109048421182422,0.041464765438945304,0.2694400766792969,1.0,1.0
15.5624,RCP,8.0,0.0,121,0.9569993538746688,0.0,0.043000646125331214,0.7413871258252698,0.0,0.2586128741747303,0.2586128741747334,0.04300064612533209,0.21561222804940217,1.0,1.0
15.5653,RCP,8.0,0.0,121,0.9552555486157827,0.0,0.044744451384217336,0.784142158927867,-1.1102230246251565e-16,0.21585784107213313,0.21585784107213352,0.04474445138421807,0.17111338968791617,1.0,1.0
15.568200000000001,RCP,8.0,0.0,121,0.953276823628803,0.0,0.046723176371197,0.8183335033917689,0.0,0.18166649660823114,0.18166649660823064,0.046723176371195475,0.13494332023703365,1.0,1.0
15.5711,RCP,8.0,0.0,121,0.9510310109545427,-3.3306690738754696e-16,0.04896898904545764,0.8455036855154677,1.1102230246251565e-16,0.15449631448453222,0.1544963144845323,0.048968989045458294,0.10552732543907466,1.0,1.0
15.574,RCP,8.0,0.0,121,0.9484796500262954,-2.220446049250313e-16,0.05152034997370476,0.8671432390973584,-2.220446049250313e-16,0.13285676090264187,0.13285676090264267,0.051520349973705956,0.08133641092893791,1.0,1.0
15.5769,RCP,8.0,0.0,121,0.9455765800392231,-1.1102230246251565e-16,0.05442341996077706,0.884494660591685,0.0,0.115505339408315,0.11550533940831371,0.054423419960775134,0.06108191944753665,1.0,1.0
15.5798,RCP,8.0,0.0,121,0.9422661632742462,1.1102230246251565e-16,0.05773383672575372,0.8985324572544562,2.220446049250313e-16,0.10146754274554365,0.10146754274554444,0.05773383672575533,0.04373370601979072,1.0,1.0
15.5827,RCP,8.0,0.0,121,0.9384810341739165,-1.1102230246251565e-16,0.061518965826083676,0.9100013451256466,1.1102230246251565e-16,0.08999865487435336,0.08999865487434193,0.0615189658260901,0.028479689048258254,1.0,1.0
15.585600000000001,RCP,8.0,0.0,121,0.9341392386081797,-1.1102230246251565e-16,0.06586076139182043,0.9194652354262676,-1.1102230246251565e-16,0.08053476457373256,0.08053476457373174,0.06586076139181923,0.01467400318191131,1.0,1.0
15.5885,RCP,8.0,0.0,121,0.9291405904860444,-1.1102230246251565e-16,0.07085940951395579,0.9273509538647385,-2.220446049250313e-16,0.07264904613526164,0.072649046135263,0.07085940951395578,0.0017896366213072112,1.0,1.0
15.5914,RCP,8.0,0.0,121,0.9233620296035144,0.0,0.07663797039648557,0.9339829595428936,0.0,0.06601704045710648,0.0660170404571054,0.07663797039648643,0.010620929939380172,1.0,1.0
15.5943,RCP,8.0,0.0,121,0.9166517200133213,-2.220446049250313e-16,0.08334827998667887,0.9396095878362793,-1.1102230246251565e-16,0.06039041216372072,0.060390412163719764,0.08334827998667972,0.02295786782295911,1.0,1.0
15.5972,RCP,8.0,0.0,121,0.9088215953485486,2.220446049250313e-16,0.09117840465145126,0.9444224619147473,0.0,0.05557753808525271,0.05557753808525583,0.09117840465145599,0.035600866566195426,1.0,1.0
15.600100000000001,RCP,8.0,0.0,121,0.8996380677583278,-2.220446049250313e-16,0.10036193224167245,0.9485707363541058,0.0,0.051429263645894126,0.05142926364589499,0.10036193224167188,0.048932668595777454,1.0,1.0
15.603,RCP,8.0,0.0,121,0.8888107399074173,-1.1102230246251565e-16,0.11118926009258276,0.9521715410672036,-1.1102230246251565e-16,0.04782845893279652,0.04782845893279543,0.11118926009258469,0.06336080115978733,1.0,1.0
15.6059,RCP,8.0,0.0,121,0.8759793420418593,-2.220446049250313e-16,0.1240206579581409,0.9553176650071933,-2.220446049250313e-16,0.04468233499280691,0.0446823349928084,0.1240206579581435,0.0793383229653325,1.0,1.0
15.6088,RCP,8.0,0.0,121,0.8607000590567495,0.0,0.13929994094325054,0.9580832414511166,-1.1102230246251565e-16,0.04191675854888356,0.041916758548884415,0.13929994094325146,0.09738318239436614,1.0,1.0
15.6117,RCP,8.0,0.0,121,0.8424345063122756,0.0,0.1575654936877245,0.9605279841744019,0.0,0.03947201582559811,0.039472015825597916,0.15756549368772294,0.11809347786212657,1.0,1.0
15.614600000000001,RCP,8.0,0.0,121,0.8205489543221041,1.1102230246251565e-16,0.17945104567789585,0.9627003682110562,-1.1102230246251565e-16,0.03729963178894392,0.037299631788942064,0.17945104567789374,0.1421514138889538,1.0,1.0
15.6175,RCP,8.0,0.0,121,0.7943398350257406,0.0,0.20566016497425943,0.9646400372711683,0.0,0.03535996272883167,0.03535996272883116,0.2056601649742581,0.17030020224542827,1.0,1.0
15.6204,RCP,8.0,0.0,121,0.7631165610967913,-1.1102230246251565e-16,0.2368834389032088,0.9663796405265899,0.0,0.03362035947341009,0.03362035947341108,0.23688343890320995,0.2032630794297977,1.0,1.0
15.6233,RCP,8.0,0.0,121,0.7263954765779524,0.0,0.27360452342204755,0.9679462451789698,-1.1102230246251565e-16,0.03205375482103038,0.03205375482103096,0.27360452342204983,0.2415507686010166,1.0,1.0
15.6262,RCP,8.0,0.0,121,0.6842818407902402,-1.1102230246251565e-16,0.3157181592097599,0.9693624312218738,1.1102230246251565e-16,0.030637568778126085,0.030637568778126317,0.31571815920976,0.2850805904316336,1.0,1.0
15.629100000000001,RCP,8.0,0.0,121,0.6381045857849841,0.0,0.361895414215016,0.9706471462711465,-1.1102230246251565e-16,0.029352853728853604,0.029352853728852615,0.36189541421500904,0.3325425604861634,1.0,1.0
15.632,RCP,8.0,0.0,121,0.5912302854071775,-1.1102230246251565e-16,0.4087697145928226,0.9718163778669615,0.0,0.02818362213303845,0.028183622133036657,0.4087697145928238,0.3805860924597859,1.0,1.0
15.6349,RCP,8.0,0.0,121,0.549602704260777,-1.1102230246251565e-16,0.45039729573922316,0.9728836858747101,0.0,0.027116314125289944,0.027116314125289448,0.4503972957392224,0.4232809816139337,1.0,1.0
15.6378,RCP,8.0,0.0,121,0.5210567651116492,-1.1102230246251565e-16,0.47894323488835083,0.9738606268725387,-1.1102230246251565e-16,0.02613937312746144,0.026139373127462538,0.47894323488834945,0.45280386176088827,1.0,1.0
15.6407,RCP,8.0,0.0,121,0.5126469090588578,-1.1102230246251565e-16,0.4873530909411423,0.9747570945532742,-2.220446049250313e-16,0.02524290544672597,0.025242905446726888,0.4873530909411385,0.4621101854944154,1.0,1.0
15.643600000000001,RCP,8.0,0.0,121,0.5270101303392757,-1.1102230246251565e-16,0.4729898696607244,0.9755815943739989,0.0,0.024418405626001026,0.024418405626000315,0.47298986966072276,0.4485714640347241,1.0,1.0
15.6465,RCP,8.0,0.0,121,0.560708516761375,-1.1102230246251565e-16,0.4392914832386251,0.9763414663843237,-1.1102230246251565e-16,0.023658533615676384,0.023658533615677227,0.43929148323862593,0.4156329496229479,1.0,1.0
15.6494,RCP,8.0,0.0,121,0.6062172164280014,-2.220446049250313e-16,0.3937827835719988,0.9770430669474577,-3.3306690738754696e-16,0.02295693305254263,0.022956933052543396,0.3937827835719942,0.37082585051945544,1.0,1.0
15.6523,RCP,8.0,0.0,121,0.6556418594711811,-1.1102230246251565e-16,0.34435814052881897,0.9776919176456959,-2.220446049250313e-16,0.022308082354304384,0.022308082354304228,0.34435814052881775,0.32205005817451476,1.0,1.0
15.6552,RCP,8.0,0.0,121,0.7032494784792848,-1.1102230246251565e-16,0.2967505215207153,0.978292827825236,0.0,0.02170717217476407,0.021707172174763166,0.2967505215207154,0.27504334934595215,1.0,1.0
15.658100000000001,RCP,8.0,0.0,121,0.745973382897132,-1.1102230246251565e-16,0.2540266171028681,0.9788499958329572,0.0,0.021150004167042862,0.021150004167042248,0.25402661710286734,0.23287661293582587,1.0,1.0
15.661,RCP,8.0,0.0,121,0.7827604452830077,-2.220446049250313e-16,0.21723955471699247,0.9793670929199862,0.0,0.020632907080013772,0.020632907080013568,0.21723955471699213,0.1966066476369789,1.0,1.0
15.6639,RCP,8.0,0.0,121,0.8137165672639789,-1.1102230246251565e-16,0.1862834327360212,0.9798473329527182,0.0,0.02015266704728177,0.02015266704728145,0.18628343273601966,0.16613076568873975,1.0,1.0
15.6668,RCP,8.0,0.0,121,0.8394717232225728,-2.220446049250313e-16,0.1605282767774274,0.9802935304214199,0.0,0.01970646957858011,0.019706469578580715,0.16052827677742704,0.14082180719884668,1.0,1.0
15.6697,RCP,8.0,0.0,121,0.8608118632850597,0.0,0.1391881367149404,0.9807081487260751,1.1102230246251565e-16,0.01929185127392478,0.019291851273924413,0.13918813671494137,0.11989628544101599,1.0,1.0
15.672600000000001,RCP,8.0,0.0,121,0.8785000752988521,0.0,0.12149992470114795,0.9810933403140201,0.0,0.0189066596859799,0.018906659685979956,0.12149992470114875,0.102593265015168,1.0,1.0
15.6755,RCP,8.0,0.0,121,0.8932058430028325,-1.1102230246251565e-16,0.10679415699716761,0.9814509799205562,-2.220446049250313e-16,0.018549020079444,0.018549020079444586,0.10679415699716946,0.08824513691772302,1.0,1.0
15.6784,RCP,8.0,0.0,121,0.9054880817842828,0.0,0.09451191821571728,0.9817826919011166,-1.1102230246251565e-16,0.018217308098883576,0.018217308098882022,0.09451191821571785,0.07629461011683525,1.0,1.0
15.6813,RCP,8.0,0.0,121,0.9158016021906464,-1.1102230246251565e-16,0.08419839780935362,0.9820898724284319,-2.220446049250313e-16,0.01791012757156828,0.017910127571568374,0.084198397809351,0.06628827023778525,1.0,1.0
15.6842,RCP,8.0,0.0,121,0.9245118011351452,0.0,0.07548819886485479,0.9823737071469856,-1.1102230246251565e-16,0.017626292853014577,0.01762629285301439,0.0754881988648551,0.0578619060118404,1.0,1.0
15.687100000000001,RCP,8.0,0.0,121,0.9319106552827361,-2.220446049250313e-16,0.06808934471726408,0.9826351847218604,-1.1102230246251565e-16,0.01736481527813967,0.017364815278139486,0.06808934471726401,0.05072452943912459,1.0,1.0
15.690000000000001,RCP,8.0,0.0,121,0.9382312345973471,0.0,0.06176876540265283,0.9828751065806096,1.1102230246251565e-16,0.017124893419390268,0.017124893419390615,0.06176876540265264,0.044643871983262216,1.0,1.0
15.6929,RCP,8.0,0.0,121,0.943659887694154,0.0,0.056340112305846006,0.9830940930185819,0.0,0.016905906981418136,0.016905906981419444,0.05634011230584552,0.03943420532442656,1.0,1.0
15.6958,RCP,8.0,0.0,121,0.9483460807660694,2.220446049250313e-16,0.051653919233930375,0.9832925857137071,-1.1102230246251565e-16,0.016707414286292924,0.016707414286292466,0.0516539192339297,0.03494650494763791,1.0,1.0
15.6987,RCP,8.0,0.0,121,0.9524101797096995,0.0,0.047589820290300434,0.9834708465687988,-1.1102230246251565e-16,0.016529153431201284,0.016529153431201756,0.04758982029029904,0.03106066685909868,1.0,1.0
15.701600000000001,RCP,8.0,0.0,121,0.9559495398617674,-2.220446049250313e-16,0.04405046013823272,0.9836289526616797,1.1102230246251565e-16,0.016371047338320135,0.016371047338320354,0.04405046013823264,0.027679412799912363,1.0,1.0
15.704500000000001,RCP,8.0,0.0,121,0.9590432475408832,-2.220446049250313e-16,0.04095675245911696,0.9837667869269203,-1.1102230246251565e-16,0.0162332130730798,0.016233213073079816,0.0409567524591143,0.024723539386037142,1.0,1.0
15.7074,RCP,8.0,0.0,121,0.961755805499297,-1.1102230246251565e-16,0.03824419450070312,0.9838840240079447,0.0,0.016115975992055286,0.016115975992054964,0.03824419450070265,0.022128218508648156,1.0,1.0
15.7103,RCP,8.0,0.0,121,0.9641399975779205,-1.1102230246251565e-16,0.035860002422079665,0.9839801104916437,-1.1102230246251565e-16,0.016019889508356415,0.016019889508357754,0.03586000242207889,0.01984011291372191,1.0,1.0
15.7132,RCP,8.0,0.0,121,0.9662391167453155,0.0,0.033760883254684494,0.9840542384525434,0.0,0.015945761547456656,0.015945761547457152,0.03376088325468715,0.017815121707227342,1.0,1.0
15.7161,RCP,8.0,0.0,121,0.9680886982472325,0.0,0.0319113017527675,0.9841053108670867,-2.220446049250313e-16,0.0158946891329135,0.01589468913291158,0.03191130175276808,0.016016612619855916,1.0,1.0
15.719000000000001,RCP,8.0,0.0,121,0.969717865655473,1.1102230246251565e-16,0.03028213434452684,0.9841318969786356,-1.1102230246251565e-16,0.015868103021364554,0.01586810302136445,0.03028213434452294,0.01441403132316239,1.0,1.0
15.7219,RCP,8.0,0.0,121,0.9711503709387448,1.1102230246251565e-16,0.02884962906125511,0.9841321750571048,0.0,0.015867824942895133,0.015867824942894963,0.02884962906125465,0.012981804118360148,1.0,1.0
15.7248,RCP,8.0,0.0,121,0.9724053887738028,0.0,0.02759461122619723,0.9841038591406774,-1.1102230246251565e-16,0.015896140859322703,0.015896140859322654,0.027594611226198183,0.011698470366874575,1.0,1.0
15.7277,RCP,8.0,0.0,121,0.9734981087500598,0.0,0.026501891249940148,0.9840441051820752,0.0,0.015955894817924823,0.015955894817925628,0.026501891249940762,0.01054599643201452,1.0,1.0
15.7306,RCP,8.0,0.0,121,0.9744401556318256,0.0,0.025559844368174323,0.9839493904190201,1.1102230246251565e-16,0.016050609580979782,0.016050609580978998,0.0255598443681776,0.009509234787195325,1.0,1.0
15.733500000000001,RCP,8.0,0.0,121,0.9752398563235858,-1.1102230246251565e-16,0.024760143676414336,0.9838153575598128,-1.1102230246251565e-16,0.01618464244018731,0.016184642440187132,0.024760143676417493,0.008575501236227204,1.0,1.0
15.7364,RCP,8.0,0.0,121,0.9759023616166882,1.1102230246251565e-16,0.024097638383311654,0.9836366122394741,0.0,0.01636338776052598,0.016363387760526166,0.02409763838331244,0.007734250622785488,1.0,1.0
15.7393,RCP,8.0,0.0,121,0.9764296201520071,0.0,0.023570379847992873,0.9834064577422399,0.0,0.01659354225776014,0.016593542257760385,0.02357037984799377,0.0069768375902324875,1.0,1.0
15.7422,RCP,8.0,0.0,121,0.9768201901548015,0.0,0.023179809845198508,0.9831165445652527,-3.3306690738754696e-16,0.016883455434747622,0.01688345543474717,0.023179809845199458,0.006296354410451337,1.0,1.0
15.7451,RCP,8.0,0.0,121,0.9770688599229942,0.0,0.022931140077005797,0.9827564030390068,0.0,0.0172435969609932,0.01724359696099156,0.022931140077006043,0.005687543116014236,1.0,1.0
15.748000000000001,RCP,8.0,0.0,121,0.9771660287632313,1.1102230246251565e-16,0.022833971236768565,0.9823128133998382,-1.1102230246251565e-16,0.017687186600161903,0.017687186600161105,0.022833971236767846,0.005146784636607459,1.0,1.0
15.7509,RCP,8.0,0.0,121,0.9770967731254312,1.1102230246251565e-16,0.02290322687456869,0.9817689470229003,0.0,0.018231052977099756,0.018231052977099434,0.022903226874569353,0.004672173897469257,1.0,1.0
15.7538,RCP,8.0,0.0,121,0.9768394836210461,1.1102230246251565e-16,0.023160516378953784,0.9811031811192323,0.0,0.018896818880767673,0.018896818880766574,0.02316051637895373,0.0042636974981872106,1.0,1.0
15.7567,RCP,8.0,0.0,121,0.976363900506499,-1.1102230246251565e-16,0.023636099493501084,0.9802874408239435,0.0,0.019712559176056577,0.019712559176055224,0.023636099493503065,0.003923540317445861,1.0,1.0
15.7596,RCP,8.0,0.0,121,0.9756282872543109,0.0,0.024371712745689066,0.9792848469688168,1.1102230246251565e-16,0.020715153031183087,0.02071515303118311,0.024371712745687432,0.0036565597145059546,1.0,1.0
15.762500000000001,RCP,8.0,0.0,121,0.9745753471027074,1.1102230246251565e-16,0.025424652897292465,0.9780463278254311,-1.1102230246251565e-16,0.021953672174568974,0.021953672174569908,0.025424652897292288,0.0034709807227225574,1.0,1.0
15.7654,RCP,8.0,0.0,121,0.9731262799118482,0.0,0.026873720088151858,0.9765056600085841,0.0,0.023494339991415907,0.023494339991415217,0.026873720088151726,0.003379380096736641,1.0,1.0
15.7683,RCP,8.0,0.0,121,0.971172057759996,0.0,0.02882794224000396,0.9745720892629584,-1.1102230246251565e-16,0.025427910737041728,0.025427910737043403,0.02882794224000331,0.0034000315029605564,1.0,1.0
15.7712,RCP,8.0,0.0,121,0.9685605163719847,-1.1102230246251565e-16,0.03143948362801543,0.9721191657089837,0.0,0.02788083429101633,0.02788083429101391,0.03143948362801395,0.0035586493370015175,1.0,1.0
15.7741,RCP,8.0,0.0,121,0.9650771676372036,-2.220446049250313e-16,0.03492283236279653,0.9689675816954133,-1.1102230246251565e-16,0.031032418304586827,0.031032418304582872,0.03492283236279771,0.003890414058213658,1.0,1.0
15.777000000000001,RCP,8.0,0.0,121,0.9604167655787548,0.0,0.039583234421245214,0.9648584392567146,-1.1102230246251565e-16,0.03514156074328554,0.03514156074328432,0.039583234421244,0.004441673677960896,1.0,1.0
15.7799,RCP,8.0,0.0,121,0.9541419797649515,0.0,0.04585802023504853,0.959411321799563,1.1102230246251565e-16,0.04058867820043688,0.040588678200440126,0.0458580202350465,0.005269342034608403,1.0,1.0
15.7828,RCP,8.0,0.0,121,0.9456266394680388,-2.220446049250313e-16,0.054373360531961366,0.9520590254819998,-1.1102230246251565e-16,0.0479409745180003,0.0479409745180031,0.0543733605319623,0.006432386013958263,1.0,1.0
15.7857,RCP,8.0,0.0,121,0.9339893307080464,0.0,0.06601066929195364,0.9419501459699,0.0,0.05804985403009998,0.05804985403009791,0.066010669291954,0.007960815261855728,1.0,1.0
15.7886,RCP,8.0,0.0,121,0.9180548620719349,1.1102230246251565e-16,0.08194513792806504,0.9278228198468745,0.0,0.07217718015312546,0.0721771801531288,0.08194513792806356,0.009767957774936248,1.0,1.0
15.791500000000001,RCP,8.0,0.0,121,0.8964769324517243,-1.1102230246251565e-16,0.10352306754827581,0.9079192271430838,-1.1102230246251565e-16,0.09208077285691625,0.09208077285691625,0.103523067548276,0.011442294691359559,1.0,1.0
15.7944,RCP,8.0,0.0,121,0.8683789937516863,0.0,0.13162100624831372,0.8802603257084194,-2.220446049250313e-16,0.11973967429158082,0.11973967429158125,0.13162100624831616,0.011881331956732466,1.0,1.0
15.7973,RCP,8.0,0.0,121,0.8351296860577861,-2.220446049250313e-16,0.16487031394221405,0.8442748881391369,-2.220446049250313e-16,0.15572511186086338,0.15572511186086668,0.16487031394221643,0.009145202081347364,1.0,1.0
15.8002,RCP,8.0,0.0,121,0.8031562138206194,0.0,0.19684378617938064,0.8053658844642856,1.1102230246251565e-16,0.19463411553571425,0.1946341155357151,0.19684378617938153,0.0022096706436655345,1.0,1.0
15.8031,RCP,8.0,0.0,121,0.7840562798768129,1.1102230246251565e-16,0.21594372012318694,0.7795785299198794,-2.220446049250313e-16,0.22042147008012075,0.22042147008012178,0.21594372012318483,0.00447774995693484,1.0,1.0
15.806000000000001,RCP,8.0,0.0,121,0.7864888251627609,0.0,0.21351117483723916,0.7836207031394831,0.0,0.21637929686051693,0.2163792968605198,0.21351117483723941,0.002868122023280628,1.0,1.0
15.808900000000001,RCP,8.0,0.0,121,0.8072729124562557,1.1102230246251565e-16,0.19272708754374426,0.8135543286724365,-1.1102230246251565e-16,0.18644567132756365,0.18644567132756606,0.1927270875437459,0.006281416216178198,1.0,1.0
15.8118,RCP,8.0,0.0,121,0.8357136614790787,-1.1102230246251565e-16,0.16428633852092148,0.8509054064202692,0.0,0.14909459357973073,0.14909459357972968,0.16428633852092275,0.015191744941191798,1.0,1.0
15.8147,RCP,8.0,0.0,121,0.8633035249153789,0.0,0.13669647508462116,0.8834104220401828,0.0,0.11658957795981717,0.11658957795981814,0.13669647508462068,0.020106897124803014,1.0,1.0
15.8176,RCP,8.0,0.0,121,0.8865207099996292,-2.220446049250313e-16,0.11347929000037103,0.9081394476181964,-1.1102230246251565e-16,0.0918605523818037,0.0918605523818043,0.1134792900003736,0.02161873761856674,1.0,1.0
15.820500000000001,RCP,8.0,0.0,121,0.9049312778660327,-1.1102230246251565e-16,0.09506872213396747,0.9261586796098976,-1.1102230246251565e-16,0.07384132039010245,0.07384132039010229,0.09506872213396461,0.021227401743865185,1.0,1.0
15.823400000000001,RCP,8.0,0.0,121,0.9192400589472736,-2.220446049250313e-16,0.08075994105272662,0.939236244885618,0.0,0.06076375511438201,0.06076375511438349,0.08075994105272698,0.019996185938343125,1.0,1.0
15.8263,RCP,8.0,0.0,121,0.9303478239115155,0.0,0.06965217608848445,0.9488422263944254,0.0,0.0511577736055746,0.05115777360557353,0.06965217608848608,0.01849440248291092,1.0,1.0
15.8292,RCP,8.0,0.0,121,0.9390367396878054,1.1102230246251565e-16,0.060963260312194505,0.9560251901689238,-1.1102230246251565e-16,0.04397480983107628,0.0439748098310756,0.06096326031219189,0.016988450481118904,1.0,1.0
15.8321,RCP,8.0,0.0,121,0.9459114660826397,-2.220446049250313e-16,0.05408853391736055,0.9615002898714045,-1.1102230246251565e-16,0.03849971012859561,0.03849971012859754,0.05408853391735939,0.015588823788763008,1.0,1.0
15.835,RCP,8.0,0.0,121,0.9514200203366604,0.0,0.04857997966333962,0.9657519635222099,1.1102230246251565e-16,0.03424803647779,0.034248036477789484,0.04857997966333978,0.014331943185550138,1.0,1.0
15.837900000000001,RCP,8.0,0.0,121,0.955890071163896,-1.1102230246251565e-16,0.04410992883610406,0.9691111718184208,-1.1102230246251565e-16,0.03088882818157935,0.030888828181578284,0.04410992883610533,0.013221100654525777,1.0,1.0
15.8408,RCP,8.0,0.0,121,0.9595613831004484,0.0,0.040438616899551666,0.9718073914317099,0.0,0.028192608568290072,0.028192608568287567,0.04043861689955117,0.012246008331264099,1.0,1.0
15.8437,RCP,8.0,0.0,121,0.9626106230080442,0.0,0.037389376991955735,0.9740024666633045,-1.1102230246251565e-16,0.0259975333366956,0.02599753333669655,0.037389376991956026,0.011391843655259186,1.0,1.0
15.8466,RCP,8.0,0.0,121,0.9651692749936317,0.0,0.034830725006368295,0.9758125450252066,-1.1102230246251565e-16,0.024187454974793448,0.024187454974794163,0.03483072500636721,0.010643270031574132,1.0,1.0
15.8495,RCP,8.0,0.0,121,0.9673363084275209,-1.1102230246251565e-16,0.032663691572479156,0.9773223982705199,-1.1102230246251565e-16,0.02267760172948014,0.022677601729479226,0.03266369157247764,0.00998608984299993,1.0,1.0
15.852400000000001,RCP,8.0,0.0,121,0.9691870918420606,1.1102230246251565e-16,0.03081290815793929,0.9785948939028386,-1.1102230246251565e-16,0.021405106097161487,0.021405106097161317,0.03081290815793722,0.009407802060777973,1.0,1.0
15.8553,RCP,8.0,0.0,121,0.9707796846677113,-1.1102230246251565e-16,0.029220315332288825,0.9796773553282478,0.0,0.020322644671752148,0.02032264467175208,0.029220315332288124,0.008897670660536747,1.0,1.0
15.8582,RCP,8.0,0.0,121,0.9721593102996392,1.1102230246251565e-16,0.02784068970036068,0.9806059011290631,1.1102230246251565e-16,0.019394098870936845,0.01939409887093617,0.02784068970036124,0.008446590829424512,1.0,1.0
15.8611,RCP,8.0,0.0,121,0.9733615659052113,-1.1102230246251565e-16,0.02663843409478882,0.9814084526313684,1.1102230246251565e-16,0.018591547368631497,0.01859154736863162,0.026638434094787736,0.0080468867261572,1.0,1.0
15.864,RCP,8.0,0.0,121,0.9744147495116904,1.1102230246251565e-16,0.02558525048830953,0.9821068504763177,0.0,0.017893149523682247,0.01789314952368188,0.025585250488309823,0.007692100964627649,1.0,1.0
15.866900000000001,RCP,8.0,0.0,121,0.9753415651090911,0.0,0.024658434890908958,0.9827183659330743,0.0,0.01728163406692579,0.017281634066925684,0.024658434890908635,0.007376800823983273,1.0,1.0
15.8698,RCP,8.0,0.0,121,0.9761603852821632,-2.220446049250313e-16,0.02383961471783697,0.983256794931043,-1.1102230246251565e-16,0.016743205068957136,0.0167432050689574,0.023839614717837295,0.00709640964887957,1.0,1.0
15.8727,RCP,8.0,0.0,121,0.9768861958834232,-2.220446049250313e-16,0.02311380411657704,0.9837332602977069,0.0,0.016266739702293087,0.0162667397022933,0.023113804116577708,0.006847064414283743,1.0,1.0
15.8756,RCP,8.0,0.0,121,0.9775313098748615,0.0,0.022468690125138496,0.9841568071799724,-1.1102230246251565e-16,0.01584319282002766,0.015843192820027743,0.022468690125138552,0.006625497305110754,1.0,1.0
15.8785,RCP,8.0,0.0,121,0.9781059118874521,-2.220446049250313e-16,0.021894088112548147,0.9845348499966,0.0,0.015465150003400034,0.01546515000339997,0.021894088112547762,0.006428938109148177,1.0,1.0
15.881400000000001,RCP,8.0,0.0,121,0.9786184774030162,1.1102230246251565e-16,0.021381522596983674,0.9848735115162153,-1.1102230246251565e-16,0.015126488483784808,0.015126488483784872,0.02138152259698334,0.006255034113198802,1.0,1.0
15.8843,RCP,8.0,0.0,121,0.979076098183919,0.0,0.02092390181608092,0.9851778826624236,0.0,0.014822117337576409,0.014822117337576903,0.020923901816081752,0.006101784478504017,1.0,1.0
15.8872,RCP,8.0,0.0,121,0.9794847369492656,0.0,0.020515263050734325,0.9854522234381754,1.1102230246251565e-16,0.014547776561824528,0.014547776561823794,0.02051526305073396,0.005967486488910531,1.0,1.0
15.8901,RCP,8.0,0.0,121,0.9798494281785068,-2.220446049250313e-16,0.02015057182149342,0.9857001196740388,0.0,0.014299880325961174,0.014299880325961144,0.020150571821493112,0.0058506914955322765,1.0,1.0
15.893,RCP,8.0,0.0,121,0.9801744375450827,0.0,0.019825562454917272,0.9859246063171867,-1.1102230246251565e-16,0.014075393682813402,0.014075393682813629,0.01982556245491721,0.005750168772103643,1.0,1.0
15.895900000000001,RCP,8.0,0.0,121,0.9804633893187572,1.1102230246251565e-16,0.019536610681242714,0.9861282651506553,-1.1102230246251565e-16,0.013871734849344786,0.013871734849345311,0.019536610681243093,0.005664875831897403,1.0,1.0
15.8988,RCP,8.0,0.0,121,0.9807193687698865,1.1102230246251565e-16,0.019280631230113365,0.9863133028066213,-1.1102230246251565e-16,0.013686697193378755,0.013686697193379253,0.01928063123011314,0.005593934036734112,1.0,1.0
15.9017,RCP,8.0,0.0,121,0.9809450049137367,1.1102230246251565e-16,0.019054995086263175,0.9864816134712975,-1.1102230246251565e-16,0.01351838652870259,0.013518386528702672,0.01905499508626352,0.005536608557560503,1.0,1.0
15.9046,RCP,8.0,0.0,121,0.9811425376758254,0.0,0.018857462324174647,0.9866348296075839,0.0,0.01336517039241612,0.01336517039241628,0.018857462324174925,0.005492291931758368,1.0,1.0
15.9075,RCP,8.0,0.0,121,0.9813138726199068,0.0,0.018686127380093186,0.9867743632315861,-1.1102230246251565e-16,0.01322563676841401,0.013225636768413755,0.01868612738009394,0.005460490611679431,1.0,1.0
15.910400000000001,RCP,8.0,0.0,121,0.9814606256724925,-1.1102230246251565e-16,0.018539374327507595,0.9869014396916109,-1.1102230246251565e-16,0.013098560308389184,0.013098560308387946,0.01853937432750687,0.005440814019119649,1.0,1.0
15.9133,RCP,8.0,0.0,121,0.9815841597402634,0.0,0.018415840259736586,0.9870171254575835,0.0,0.012982874542416555,0.012982874542416634,0.018415840259737137,0.005432965717319951,1.0,1.0
15.9162,RCP,8.0,0.0,121,0.9816856147058679,0.0,0.018314385294132145,0.9871223510959464,-2.220446049250313e-16,0.012877648904053875,0.012877648904053424,0.0183143852941326,0.00543673639007872,1.0,1.0
15.9191,RCP,8.0,0.0,121,0.9817659319709784,-1.1102230246251565e-16,0.018234068029021694,0.9872179303515763,0.0,0.012782069648423653,0.01278206964842331,0.018234068029022752,0.005451998380598384,1.0,1.0
15.922,RCP,8.0,0.0,121,0.9818258744692372,0.0,0.018174125530762808,0.9873045760639064,-1.1102230246251565e-16,0.012695423936093655,0.012695423936093924,0.018174125530762596,0.005478701594668884,1.0,1.0
15.924900000000001,RCP,8.0,0.0,121,0.9818660428801158,0.0,0.018133957119884248,0.9873829134944356,-2.220446049250313e-16,0.012617086505564548,0.012617086505564748,0.018133957119885146,0.0055168706143195,1.0,1.0
15.927800000000001,RCP,8.0,0.0,121,0.9818868886225833,0.0,0.018113111377416686,0.9874534915262319,1.1102230246251565e-16,0.012546508473768042,0.012546508473767612,0.018113111377416804,0.005566602903649074,1.0,1.0
15.9307,RCP,8.0,0.0,121,0.9818887240876959,-2.220446049250313e-16,0.018111275912304346,0.9875167921049168,-1.1102230246251565e-16,0.012483207895083245,0.012483207895082771,0.01811127591230519,0.005628068017221575,1.0,1.0
15.9336,RCP,8.0,0.0,121,0.9818717304724818,-2.220446049250313e-16,0.018128269527518438,0.9875732382189772,0.0,0.012426761781022767,0.01242676178102232,0.018128269527518653,0.005701507746496118,1.0,1.0
15.9365,RCP,8.0,0.0,121,0.9818359634997329,-1.1102230246251565e-16,0.0181640365002672,0.9876232006605139,0.0,0.012376799339486065,0.012376799339486268,0.018164036500266333,0.005787237160780933,1.0,1.0
15.939400000000001,RCP,8.0,0.0,121,0.9817813572445186,1.1102230246251565e-16,0.018218642755481258,0.9876670037625028,-1.1102230246251565e-16,0.012332996237497304,0.012332996237498383,0.018218642755480893,0.005885646517982875,1.0,1.0
15.9423,RCP,8.0,0.0,121,0.9817077262353328,0.0,0.018292273764667195,0.9877049302725364,-1.1102230246251565e-16,0.012295069727463734,0.012295069727463548,0.018292273764668295,0.005997204037203647,1.0,1.0
15.9452,RCP,8.0,0.0,121,0.9816147659531761,-1.1102230246251565e-16,0.01838523404682398,0.9877372254940029,-2.220446049250313e-16,0.012262774505997331,0.012262774505996749,0.0183852340468255,0.0061224595408272305,1.0,1.0
15.9481,RCP,8.0,0.0,121,0.9815020518133315,-1.1102230246251565e-16,0.018497948186668573,0.9877641008021896,-1.1102230246251565e-16,0.01223589919781053,0.012235899197810724,0.018497948186668993,0.006262048988857849,1.0,1.0
15.951,RCP,8.0,0.0,121,0.9813690366799197,1.1102230246251565e-16,0.018630963320080237,0.9877857366237319,0.0,0.012214263376268086,0.012214263376268231,0.01863096332008079,0.006416699943812006,1.0,1.0
15.9539,RCP,8.0,0.0,121,0.9812150469312045,0.0,0.018784953068795508,0.9878022849522168,-1.1102230246251565e-16,0.012197715047783374,0.012197715047783502,0.018784953068795653,0.006587238021012005,1.0,1.0
15.956800000000001,RCP,8.0,0.0,121,0.9810392770612149,-2.220446049250313e-16,0.018960722938785347,0.9878138714598506,-2.220446049250313e-16,0.012186128540149655,0.012186128540149225,0.01896072293878405,0.0067745943986361225,1.0,1.0
15.9597,RCP,8.0,0.0,121,0.9808407827690616,0.0,0.0191592172309384,0.9878205972545095,1.1102230246251565e-16,0.01217940274549039,0.012179402745490689,0.01915921723093658,0.006979814485447711,1.0,1.0
15.9626,RCP,8.0,0.0,121,0.9806184724478151,-1.1102230246251565e-16,0.019381527552185033,0.987822540322541,0.0,0.012177459677458948,0.012177459677458995,0.019381527552184818,0.007204067874726038,1.0,1.0
15.9655,RCP,8.0,0.0,121,0.9803710969363739,-1.1102230246251565e-16,0.019628903063626142,0.9878197566902085,-1.1102230246251565e-16,0.012180243309791608,0.012180243309790558,0.019628903063626094,0.007448659753835584,1.0,1.0
15.9684,RCP,8.0,0.0,121,0.9800972373354209,0.0,0.01990276266457915,0.9878122813303448,-1.1102230246251565e-16,0.012187718669655236,0.012187718669654556,0.019902762664583358,0.007715043994924594,1.0,1.0
15.971300000000001,RCP,8.0,0.0,121,0.9797952906054249,-1.1102230246251565e-16,0.020204709394575193,0.9878001288351179,0.0,0.012199871164882093,0.012199871164881738,0.02020470939457233,0.008004838229693455,1.0,1.0
15.9742,RCP,8.0,0.0,121,0.9794634525527022,-1.1102230246251565e-16,0.020536547447297923,0.9877832938712405,-1.1102230246251565e-16,0.012216706128759598,0.012216706128759549,0.02053654744729694,0.008319841318538374,1.0,1.0
15.9771,RCP,8.0,0.0,121,0.9790996976576647,-2.220446049250313e-16,0.020900302342335524,0.9877617514295409,-2.220446049250313e-16,0.012238248570459272,0.012238248570459883,0.020900302342336065,0.008662053771875641,1.0,1.0
15.98,RCP,8.0,0.0,121,0.9787017549961418,-2.220446049250313e-16,0.021298245003858417,0.9877354568769879,-1.1102230246251565e-16,0.01226454312301214,0.012264543123011984,0.021298245003860638,0.009033701880846434,1.0,1.0
15.9829,RCP,8.0,0.0,121,0.9782670792358227,-1.1102230246251565e-16,0.02173292076417745,0.9877043458157264,0.0,0.012295654184273625,0.012295654184274979,0.02173292076417863,0.009437266579902471,1.0,1.0
15.985800000000001,RCP,8.0,0.0,121,0.9777928153439737,0.0,0.022207184656026294,0.9876683337502834,0.0,0.012331666249716558,0.01233166624971641,0.022207184656025714,0.009875518406309883,1.0,1.0
15.9887,RCP,8.0,0.0,121,0.9772757552095137,0.0,0.022724244790486313,0.9876273155608464,1.1102230246251565e-16,0.012372684439153557,0.01237268443915326,0.02272424479048771,0.010351560351333052,1.0,1.0
15.9916,RCP,8.0,0.0,121,0.9767122838611074,-1.1102230246251565e-16,0.023287716138892668,0.9875811647772181,-2.220446049250313e-16,0.012418835222782051,0.012418835222782183,0.023287716138892255,0.010868880916110485,1.0,1.0
15.9945,RCP,8.0,0.0,121,0.9760983123623002,-1.1102230246251565e-16,0.023901687637700005,0.9875297326447077,-1.1102230246251565e-16,0.012470267355292483,0.012470267355292504,0.023901687637700456,0.011431420282407501,1.0,1.0
15.9974,RCP,8.0,0.0,121,0.9754291938091031,0.0,0.024570806190896917,0.9874728469697747,-2.220446049250313e-16,0.012527153030225514,0.012527153030226354,0.02457080619089602,0.012043653160670563,1.0,1.0
16.0003,RCP,8.0,0.0,121,0.9746996181817864,-1.1102230246251565e-16,0.025300381818213733,0.9874103107293644,-1.1102230246251565e-16,0.012589689270635699,0.012589689270635526,0.025300381818213456,0.012710692547578208,1.0,1.0
16.0032,RCP,8.0,0.0,121,0.9739034811549259,0.0,0.02609651884507418,0.9873419004239126,0.0,0.012658099576087429,0.012658099576087455,0.02609651884507332,0.013438419268986725,1.0,1.0
16.0061,RCP,8.0,0.0,121,0.9730337213749966,0.0,0.026966278625003424,0.9872673641492842,1.1102230246251565e-16,0.012732635850715743,0.012732635850712265,0.026966278625003802,0.014233642774291158,1.0,1.0
16.009,RCP,8.0,0.0,121,0.9720821201574377,-1.1102230246251565e-16,0.027917879842562394,0.9871864193578779,-2.220446049250313e-16,0.012813580642122369,0.012813580642122195,0.02791787984256216,0.015104299200440199,1.0,1.0
16.0119,RCP,8.0,0.0,121,0.9710390569302502,-1.1102230246251565e-16,0.028960943069749955,0.9870987502732214,1.1102230246251565e-16,0.012901249726778537,0.012901249726778757,0.0289609430697506,0.0160596933429712,1.0,1.0
16.0148,RCP,8.0,0.0,121,0.9698932128368123,0.0,0.030106787163187675,0.9870040049155647,1.1102230246251565e-16,0.012995995084435196,0.012995995084435583,0.030106787163188518,0.01711079207875209,1.0,1.0
16.0177,RCP,8.0,0.0,121,0.9686312133414753,0.0,0.031368786658524765,0.9869017916882067,1.1102230246251565e-16,0.013098208311793235,0.01309820831179268,0.03136878665852501,0.018270578346732083,1.0,1.0
16.0206,RCP,8.0,0.0,121,0.9672371979773493,-1.1102230246251565e-16,0.03276280202265085,0.9867916754650139,-1.1102230246251565e-16,0.013208324534986174,0.013208324534986117,0.032762802022652776,0.01955447748766473,1.0,1.0
16.023500000000002,RCP,8.0,0.0,121,0.9656923009858899,1.1102230246251565e-16,0.03430769901411002,0.9866731731088243,-2.220446049250313e-16,0.013326826891175909,0.013326826891176162,0.03430769901411114,0.020980872122933862,1.0,1.0
16.0264,RCP,8.0,0.0,121,0.9639740199759268,1.1102230246251565e-16,0.03602598002407311,0.9865457483375235,0.0,0.01345425166247646,0.013454251662477271,0.03602598002407484,0.02257172836159584,1.0,1.0
16.0293,RCP,8.0,0.0,121,0.9620554403675899,-1.1102230246251565e-16,0.03794455963241011,0.9864088058394522,0.0,0.01359119416054776,0.01359119416054831,0.03794455963240969,0.0243533654718618,1.0,1.0
16.0322,RCP,8.0,0.0,121,0.9599042707824886,-2.220446049250313e-16,0.04009572921751157,0.9862616845214658,-1.1102230246251565e-16,0.013738315478534295,0.01373831547853368,0.04009572921751222,0.02635741373897789,1.0,1.0
16.0351,RCP,8.0,0.0,121,0.9574816280688048,0.0,0.042518371931195176,0.9861036497512059,0.0,0.013896350248794128,0.01389635024879415,0.04251837193119585,0.028622021682401026,1.0,1.0
16.038,RCP,8.0,0.0,121,0.9547404893424356,0.0,0.04525951065756439,0.9859338844287171,-1.1102230246251565e-16,0.014066115571282994,0.014066115571282803,0.045259510657562105,0.031193395086281585,1.0,1.0
16.0409,RCP,8.0,0.0,121,0.9516237007485311,-1.1102230246251565e-16,0.04837629925146901,0.9857514786908058,-1.1102230246251565e-16,0.014248521309194241,0.014248521309193312,0.0483762992514714,0.0341277779422757,1.0,1.0
16.0438,RCP,8.0,0.0,121,0.94806139630037,-1.1102230246251565e-16,0.05193860369963011,0.9855554180127675,1.1102230246251565e-16,0.01444458198723246,0.01444458198723226,0.05193860369962771,0.03749402171239785,1.0,1.0
16.0467,RCP,8.0,0.0,121,0.9439676320346821,-1.1102230246251565e-16,0.056032367965318006,0.9853445694249098,-1.1102230246251565e-16,0.014655430575090285,0.014655430575089782,0.05603236796531898,0.04137693739022823,1.0,1.0
16.0496,RCP,8.0,0.0,121,0.9392359771394776,-1.1102230246251565e-16,0.06076402286052256,0.9851176655037555,0.0,0.014882334496244501,0.01488233449624479,0.060764022860522675,0.045881688364277765,1.0,1.0
16.052500000000002,RCP,8.0,0.0,121,0.9337337211965113,-1.1102230246251565e-16,0.06626627880348877,0.9848732857265241,-1.1102230246251565e-16,0.015126714273475957,0.015126714273475516,0.06626627880349004,0.051139564530013254,1.0,1.0
16.0554,RCP,8.0,0.0,121,0.9272942541767744,1.1102230246251565e-16,0.07270574582322552,0.9846098346901837,-1.1102230246251565e-16,0.015390165309816455,0.01539016530981609,0.07270574582322913,0.05731558051340943,1.0,1.0
16.0583,RCP,8.0,0.0,121,0.9197070599786888,-1.1102230246251565e-16,0.08029294002131121,0.9843255165873808,0.0,0.015674483412619226,0.015674483412619768,0.08029294002131208,0.06461845660869145,1.0,1.0
16.0612,RCP,8.0,0.0,121,0.910704662003506,0.0,0.08929533799649399,0.9840183051965162,-1.1102230246251565e-16,0.015981694803483874,0.015981694803484527,0.0892953379964928,0.07331364319300945,1.0,1.0
16.0641,RCP,8.0,0.0,121,0.8999458461828036,1.1102230246251565e-16,0.1000541538171963,0.9836859084735878,0.0,0.016314091526412184,0.016314091526413103,0.10005415381719251,0.08374006229078321,1.0,1.0
16.067,RCP,8.0,0.0,121,0.8869947506047842,0.0,0.11300524939521588,0.9833257266206216,-1.1102230246251565e-16,0.016674273379378567,0.016674273379378133,0.11300524939521552,0.09633097601583775,1.0,1.0
16.0699,RCP,8.0,0.0,121,0.8712963865773924,2.220446049250313e-16,0.12870361342260744,0.9829348022362352,0.0,0.017065197763764844,0.017065197763765333,0.12870361342260883,0.11163841565884211,1.0,1.0
16.0728,RCP,8.0,0.0,121,0.8521518036132285,-1.1102230246251565e-16,0.14784819638677157,0.9825097608120222,-1.1102230246251565e-16,0.017490239187977884,0.017490239187976493,0.14784819638677602,0.1303579571987951,1.0,1.0
16.0757,RCP,8.0,0.0,121,0.8287024334965143,1.1102230246251565e-16,0.17129756650348563,0.9820467394016326,0.0,0.01795326059836748,0.017953260598367,0.17129756650348243,0.15334430590511863,1.0,1.0
16.0786,RCP,8.0,0.0,121,0.7999469763679079,0.0,0.20005302363209207,0.9815413007284934,1.1102230246251565e-16,0.018458699271506486,0.018458699271506996,0.20005302363209165,0.18159432436058506,1.0,1.0
16.081500000000002,RCP,8.0,0.0,121,0.7648416380306623,1.1102230246251565e-16,0.23515836196933756,0.9809883292734736,1.1102230246251565e-16,0.01901167072652627,0.01901167072652629,0.2351583619693398,0.21614669124281127,1.0,1.0
16.0844,RCP,8.0,0.0,121,0.7225809727394865,-2.220446049250313e-16,0.2774190272605137,0.9803819049418244,1.1102230246251565e-16,0.019618095058175425,0.019618095058176254,0.27741902726051126,0.25780093220233746,1.0,1.0
16.0873,RCP,8.0,0.0,121,0.6732097445390088,-1.1102230246251565e-16,0.3267902554609913,0.9797151486767761,0.0,0.020284851323223902,0.0202848513232244,0.32679025546099444,0.3065054041377669,1.0,1.0
16.0902,RCP,8.0,0.0,121,0.6186946234036464,-1.1102230246251565e-16,0.3813053765963536,0.9789800327654669,0.0,0.02101996723453315,0.021019967234533622,0.3813053765963584,0.36028540936181996,1.0,1.0
16.0931,RCP,8.0,0.0,121,0.5642608236188318,0.0,0.43573917638116816,0.9781671464332468,-1.1102230246251565e-16,0.02183285356675338,0.021832853566754473,0.43573917638119325,0.4139063228144137,1.0,1.0
16.096,RCP,8.0,0.0,121,0.5189239860395544,0.0,0.48107601396044564,0.9772654044540521,0.0,0.022734595545947877,0.022734595545948734,0.48107601396044297,0.4583414184144969,1.0,1.0
16.0989,RCP,8.0,0.0,121,0.4933150959345679,-1.1102230246251565e-16,0.5066849040654322,0.976261682647876,0.0,0.023738317352123985,0.02373831735212467,0.5066849040654329,0.48294658671330754,1.0,1.0
16.1018,RCP,8.0,0.0,121,0.4943728816702431,-5.551115123125783e-17,0.5056271183297569,0.9751403589148057,0.0,0.02485964108519429,0.024859641085194426,0.5056271183297653,0.4807674772445625,1.0,1.0
16.1047,RCP,8.0,0.0,121,0.520789078408711,0.0,0.479210921591289,0.9738827313297187,0.0,0.026117268670281253,0.026117268670280816,0.47921092159129175,0.45309365292100817,1.0,1.0
16.1076,RCP,8.0,0.0,121,0.5640224737437773,0.0,0.4359775262562226,0.9724662750251452,0.0,0.02753372497485482,0.027533724974855105,0.43597752625621783,0.4084438012813675,1.0,1.0
16.110500000000002,RCP,8.0,0.0,121,0.6136630120089642,-1.1102230246251565e-16,0.3863369879910359,0.9708636860178101,-1.1102230246251565e-16,0.029136313982189913,0.029136313982188893,0.38633698799103655,0.357200674008847,1.0,1.0
16.1134,RCP,8.0,0.0,121,0.661839958297958,0.0,0.33816004170204195,0.9690416411866303,0.0,0.03095835881336972,0.030958358813371563,0.33816004170203834,0.3072016828886704,1.0,1.0
16.1163,RCP,8.0,0.0,121,0.7043364681780282,0.0,0.2956635318219718,0.9669591769686678,-1.1102230246251565e-16,0.033040823031332246,0.03304082303133155,0.2956635318219767,0.26262270879064026,1.0,1.0
16.1192,RCP,8.0,0.0,121,0.7396823127772036,-2.220446049250313e-16,0.2603176872227965,0.9645655516305205,0.0,0.035434448369479565,0.03543444836947879,0.26031768722281245,0.22488323885331774,1.0,1.0
16.1221,RCP,8.0,0.0,121,0.7679009308855442,1.1102230246251565e-16,0.23209906911445569,0.9617974023002277,-1.1102230246251565e-16,0.03820259769977236,0.0382025976997716,0.23209906911444214,0.19389647141468408,1.0,1.0
16.125,RCP,8.0,0.0,121,0.7896141031752348,0.0,0.21038589682476513,0.958574931273358,1.1102230246251565e-16,0.041425068726641916,0.04142506872664233,0.21038589682476574,0.1689608280981228,1.0,1.0
16.1279,RCP,8.0,0.0,121,0.8055492139061619,-2.220446049250313e-16,0.19445078609383837,0.9547967465110576,2.220446049250313e-16,0.04520325348894214,0.045203253488942,0.19445078609383504,0.14924753260489637,1.0,1.0
16.1308,RCP,8.0,0.0,121,0.8163072761745032,-2.220446049250313e-16,0.1836927238254971,0.9503328253152121,0.0,0.049667174684787894,0.0496671746847841,0.1836927238254926,0.134025549140713,1.0,1.0
16.1337,RCP,8.0,0.0,121,0.8222632240246137,0.0,0.17773677597538629,0.9450148513690992,1.1102230246251565e-16,0.0549851486309007,0.05498514863090161,0.17773677597538065,0.12275162734448467,1.0,1.0
16.1366,RCP,8.0,0.0,121,0.8235195069342294,-2.220446049250313e-16,0.17648049306577082,0.9386228778373477,-1.1102230246251565e-16,0.061377122162652495,0.061377122162650385,0.17648049306577035,0.11510337090312044,1.0,1.0
16.1395,RCP,8.0,0.0,121,0.8198719131956764,-2.220446049250313e-16,0.18012808680432374,0.9308668918446141,0.0,0.06913310815538584,0.06913310815538323,0.1801280868043261,0.1109949786489405,1.0,1.0
16.142400000000002,RCP,8.0,0.0,121,0.8107710889138153,0.0,0.1892289110861847,0.9213614535961816,-1.1102230246251565e-16,0.0786385464038185,0.07863854640381798,0.18922891108618076,0.11059036468236672,1.0,1.0
16.1453,RCP,8.0,0.0,121,0.79528570221868,1.1102230246251565e-16,0.20471429778131994,0.9095913828578326,-1.1102230246251565e-16,0.0904086171421675,0.09040861714216482,0.20471429778132155,0.11430568063915512,1.0,1.0
16.1482,RCP,8.0,0.0,121,0.7721126631708584,1.1102230246251565e-16,0.22788733682914153,0.8948671634833147,-1.1102230246251565e-16,0.10513283651668541,0.10513283651668597,0.2278873368291428,0.12275450031245556,1.0,1.0
16.1511,RCP,8.0,0.0,121,0.7397691254130566,1.1102230246251565e-16,0.26023087458694333,0.8762722508528595,0.0,0.12372774914714046,0.12372774914713666,0.26023087458694405,0.13650312543980667,1.0,1.0
16.154,RCP,8.0,0.0,121,0.6972824187036187,-1.1102230246251565e-16,0.3027175812963813,0.8526156908365579,0.0,0.1473843091634422,0.14738430916344136,0.30271758129638227,0.15533327213293996,1.0,1.0
16.1569,RCP,8.0,0.0,121,0.6459185514770506,-1.1102230246251565e-16,0.3540814485229495,0.8224338370444481,-1.1102230246251565e-16,0.1775661629555521,0.17756616295555527,0.35408144852294715,0.1765152855673942,1.0,1.0
16.1598,RCP,8.0,0.0,121,0.5922027050660895,0.0,0.4077972949339105,0.7841572458975132,0.0,0.21584275410248682,0.21584275410248713,0.40779729493390987,0.19195454083142335,1.0,1.0
16.1627,RCP,8.0,0.0,121,0.5501685826153101,-1.1102230246251565e-16,0.44983141738468996,0.7367010317109667,-1.1102230246251565e-16,0.2632989682890335,0.26329896828902954,0.44983141738469073,0.1865324490956604,1.0,1.0
16.1656,RCP,8.0,0.0,121,0.536868702766274,0.0,0.463131297233726,0.6809073414015452,-1.1102230246251565e-16,0.3190926585984549,0.319092658598458,0.463131297233718,0.144038638635268,1.0,1.0
16.1685,RCP,8.0,0.0,121,0.559523579879837,0.0,0.440476420120163,0.6220730299141126,0.0,0.3779269700858874,0.3779269700858906,0.4404764201201645,0.06254945003427242,1.0,1.0
16.171400000000002,RCP,8.0,0.0,121,0.6085942767917449,0.0,0.39140572320825506,0.5721589063924767,0.0,0.4278410936075233,0.42784109360751704,0.39140572320825706,0.03643537039926198,1.0,1.0
16.1743,RCP,8.0,0.0,121,0.6670555252361268,0.0,0.3329444747638733,0.5471650609042642,-2.220446049250313e-16,0.45283493909573597,0.4528349390957419,0.33294447476387423,0.11989046433186862,1.0,1.0
16.1772,RCP,8.0,0.0,121,0.7222968618102903,0.0,0.27770313818970976,0.5569223738665294,0.0,0.44307762613347057,0.44307762613346974,0.2777031381897104,0.16537448794375997,1.0,1.0
16.1801,RCP,8.0,0.0,121,0.7689980458580927,0.0,0.23100195414190727,0.596533964161517,1.1102230246251565e-16,0.40346603583848284,0.40346603583848245,0.23100195414190774,0.17246408169657518,1.0,1.0
16.183,RCP,8.0,0.0,121,0.8064952767420368,1.1102230246251565e-16,0.1935047232579631,0.6510499020296273,1.1102230246251565e-16,0.34895009797037263,0.3489500979703767,0.1935047232579637,0.15544537471241357,1.0,1.0
16.1859,RCP,8.0,0.0,121,0.8360069474691161,-1.1102230246251565e-16,0.16399305253088406,0.7066317220197628,-1.1102230246251565e-16,0.2933682779802373,0.2933682779802354,0.1639930525308845,0.12937522544935134,1.0,1.0
16.1888,RCP,8.0,0.0,121,0.8591533723324128,-1.1102230246251565e-16,0.14084662766758724,0.7557972399931159,1.1102230246251565e-16,0.24420276000688404,0.24420276000688468,0.14084662766758746,0.10335613233929744,1.0,1.0
16.1917,RCP,8.0,0.0,121,0.8773954373482924,0.0,0.12260456265170762,0.7963243213917206,0.0,0.2036756786082794,0.20367567860827956,0.12260456265170373,0.08107111595657195,1.0,1.0
16.1946,RCP,8.0,0.0,121,0.8918973131619483,-1.1102230246251565e-16,0.10810268683805183,0.8286509118705916,0.0,0.1713490881294084,0.17134908812940694,0.1081026868380528,0.06324640129135511,1.0,1.0
16.1975,RCP,8.0,0.0,121,0.9035420932982952,1.1102230246251565e-16,0.09645790670170477,0.8541106984157749,1.1102230246251565e-16,0.145889301584225,0.14588930158422111,0.09645790670170357,0.04943139488251634,1.0,1.0
16.200400000000002,RCP,8.0,0.0,121,0.9129870808278292,-1.1102230246251565e-16,0.08701291917217087,0.8741151058241137,-2.220446049250313e-16,0.1258848941758865,0.12588489417589052,0.08701291917217167,0.03887197500371965,1.0,1.0
16.2033,RCP,8.0,0.0,121,0.9207191750192363,-2.220446049250313e-16,0.07928082498076389,0.8898700214762589,-1.1102230246251565e-16,0.11012997852374114,0.11012997852374166,0.07928082498076325,0.030849153542977778,1.0,1.0
16.2062,RCP,8.0,0.0,121,0.9270997159002968,0.0,0.07290028409970313,0.9023227847854303,0.0,0.09767721521456976,0.09767721521456846,0.07290028409970237,0.024776931114865328,1.0,1.0
16.2091,RCP,8.0,0.0,121,0.9323980445402423,-1.1102230246251565e-16,0.06760195545975782,0.9121889617018875,-1.1102230246251565e-16,0.08781103829811267,0.08781103829810755,0.06760195545975853,0.020209082838349726,1.0,1.0
16.212,RCP,8.0,0.0,121,0.9368157670407645,-1.1102230246251565e-16,0.06318423295923555,0.919997266776576,0.0,0.08000273322342402,0.08000273322342455,0.06318423295923263,0.016818500264189004,1.0,1.0
16.2149,RCP,8.0,0.0,121,0.9405040053004878,-2.220446049250313e-16,0.059495994699512354,0.9261311180195808,-2.220446049250313e-16,0.07386888198041937,0.07386888198041937,0.05949599469951216,0.014372887280907014,1.0,1.0
16.2178,RCP,8.0,0.0,121,0.9435755224259162,1.1102230246251565e-16,0.0564244775740837,0.9308612506726719,-1.1102230246251565e-16,0.06913874932732819,0.06913874932733051,0.05642447757408404,0.012714271753246811,1.0,1.0
16.2207,RCP,8.0,0.0,121,0.9461131150739356,0.0,0.05388688492606444,0.9343695805073056,0.0,0.06563041949269444,0.06563041949269692,0.05388688492606358,0.011743534566632477,1.0,1.0
16.2236,RCP,8.0,0.0,121,0.9481752388782392,-1.1102230246251565e-16,0.05182476112176092,0.9367666193084058,-2.220446049250313e-16,0.06323338069159443,0.06323338069159247,0.05182476112176104,0.011408619569831552,1.0,1.0
16.2265,RCP,8.0,0.0,121,0.9497995057076727,-1.1102230246251565e-16,0.050200494292327376,0.9381062186891327,0.0,0.06189378131086728,0.06189378131086877,0.05020049429232411,0.011693287018541394,1.0,1.0
16.229400000000002,RCP,8.0,0.0,121,0.9510044557107744,1.1102230246251565e-16,0.04899554428922547,0.9384039763135499,1.1102230246251565e-16,0.06159602368645004,0.061596023686446545,0.04899554428922563,0.012600479397221073,1.0,1.0
16.232300000000002,RCP,8.0,0.0,121,0.9517898632144943,0.0,0.04821013678550563,0.9376703927200449,0.0,0.062329607279955075,0.06232960727995729,0.04821013678550579,0.014119470494451655,1.0,1.0
16.2352,RCP,8.0,0.0,121,0.9521358257142587,-1.1102230246251565e-16,0.04786417428574146,0.9359757011949408,0.0,0.06402429880505921,0.06402429880505488,0.04786417428574176,0.016160124519313417,1.0,1.0
16.2381,RCP,8.0,0.0,121,0.9520011549651667,0.0,0.047998845034833364,0.9335603678387285,0.0,0.06643963216127148,0.066439632161269,0.04799884503483442,0.018440787126435633,1.0,1.0
16.241,RCP,8.0,0.0,121,0.9513225251276374,-2.220446049250313e-16,0.0486774748723628,0.9309653839251006,-2.220446049250313e-16,0.06903461607489952,0.0690346160748998,0.0486774748723619,0.020357141202537003,1.0,1.0
16.2439,RCP,8.0,0.0,121,0.9500183431602391,-2.220446049250313e-16,0.049981656839761114,0.9290548077518118,-1.1102230246251565e-16,0.07094519224818828,0.07094519224818167,0.04998165683976205,0.02096353540842056,1.0,1.0
16.2468,RCP,8.0,0.0,121,0.9480072032648043,-1.1102230246251565e-16,0.0519927967351958,0.9287392188520517,-1.1102230246251565e-16,0.07126078114794843,0.07126078114794777,0.05199279673519524,0.019267984412751973,1.0,1.0
16.2497,RCP,8.0,0.0,121,0.9452623261159502,-1.1102230246251565e-16,0.05473767388404994,0.9304525533513033,-1.1102230246251565e-16,0.0695474466486968,0.06954744664869938,0.05473767388404971,0.014809772764649447,1.0,1.0
16.2526,RCP,8.0,0.0,121,0.9419371159062,-1.1102230246251565e-16,0.058062884093800074,0.9338690780740874,0.0,0.06613092192591262,0.06613092192591097,0.058062884093801316,0.008068037832110894,1.0,1.0
16.2555,RCP,8.0,0.0,121,0.9385789196667583,-1.1102230246251565e-16,0.06142108033324176,0.938187060815395,-1.1102230246251565e-16,0.061812939184605065,0.061812939184608534,0.06142108033324026,0.00039185885136677756,1.0,1.0
16.2584,RCP,8.0,0.0,121,0.9362992634177605,-2.220446049250313e-16,0.06370073658223968,0.9426301650962268,-1.1102230246251565e-16,0.05736983490377331,0.05736983490377278,0.0637007365822396,0.006330901678466901,1.0,1.0
16.261300000000002,RCP,8.0,0.0,121,0.9364760176992156,1.1102230246251565e-16,0.06352398230078432,0.946711914675188,0.0,0.05328808532481195,0.05328808532481391,0.06352398230078442,0.01023589697597041,1.0,1.0
16.2642,RCP,8.0,0.0,121,0.9397500496582799,-1.1102230246251565e-16,0.060249950341720156,0.9502273891013936,-1.1102230246251565e-16,0.04977261089860646,0.04977261089860506,0.06024995034172231,0.010477339443115095,1.0,1.0
16.2671,RCP,8.0,0.0,121,0.9453084913240035,0.0,0.054691508675996536,0.953145644267146,0.0,0.04685435573285397,0.046854355732854604,0.05469150867599564,0.007837152943141933,1.0,1.0
16.27,RCP,8.0,0.0,121,0.9515650641212725,0.0,0.04843493587872749,0.9555159161116881,0.0,0.04448408388831194,0.04448408388831042,0.04843493587872945,0.003950851990417073,1.0,1.0
16.2729,RCP,8.0,0.0,121,0.9573065757500833,1.1102230246251565e-16,0.04269342424991666,0.9574127559860541,0.0,0.04258724401394592,0.04258724401394831,0.04269342424991544,0.00010618023596834641,1.0,1.0
16.2758,RCP,8.0,0.0,121,0.9620471646608284,0.0,0.037952835339171626,0.9589103885301979,-1.1102230246251565e-16,0.04108961146980219,0.04108961146980206,0.037952835339171855,0.003136776130630438,1.0,1.0
16.2787,RCP,8.0,0.0,121,0.9657757601406349,-2.220446049250313e-16,0.03422423985936528,0.9600731203478423,0.0,0.03992687965215772,0.03992687965215903,0.0342242398593637,0.00570263979279375,1.0,1.0
16.2816,RCP,8.0,0.0,121,0.968661735489755,1.1102230246251565e-16,0.031338264510244934,0.9609531797249726,-1.1102230246251565e-16,0.03904682027502744,0.039046820275028205,0.03133826451024399,0.00770855576478327,1.0,1.0
16.2845,RCP,8.0,0.0,121,0.9708990451130894,-2.220446049250313e-16,0.029100954886910765,0.9615915035078204,-2.220446049250313e-16,0.038408496492179804,0.0384084964921794,0.029100954886911955,0.009307541605268636,1.0,1.0
16.2874,RCP,8.0,0.0,121,0.9726518274266485,-1.1102230246251565e-16,0.027348172573351624,0.9620194173643901,-1.1102230246251565e-16,0.037980582635609966,0.03798058263561026,0.027348172573351547,0.010632410062258634,1.0,1.0
16.290300000000002,RCP,8.0,0.0,121,0.9740451644522962,1.1102230246251565e-16,0.02595483554770374,0.9622603661082674,-2.220446049250313e-16,0.03773963389173284,0.03773963389173157,0.025954835547704308,0.011784798344027833,1.0,1.0
16.2932,RCP,8.0,0.0,121,0.9751705347237953,2.220446049250313e-16,0.024829465276204415,0.9623313991098493,0.0,0.03766860089015068,0.03766860089014976,0.024829465276204447,0.012839135613945347,1.0,1.0
16.2961,RCP,8.0,0.0,121,0.9760939473604332,-1.1102230246251565e-16,0.02390605263956687,0.9622443447217922,-1.1102230246251565e-16,0.037755655278207956,0.03775565527820877,0.02390605263956663,0.013849602638641899,1.0,1.0
16.299,RCP,8.0,0.0,121,0.9768630360029346,-2.220446049250313e-16,0.023136963997065618,0.9620066928073314,0.0,0.03799330719266854,0.0379933071926685,0.02313696399706576,0.014856343195602886,1.0,1.0
16.3019,RCP,8.0,0.0,121,0.9775124137440308,-3.3306690738754696e-16,0.02248758625596958,0.961622228659109,0.0,0.03837777134089102,0.0383777713408943,0.022487586255969486,0.015890185084924718,1.0,1.0
16.3048,RCP,8.0,0.0,121,0.9780674965504155,0.0,0.021932503449584563,0.9610914618418434,-1.1102230246251565e-16,0.03890853815815671,0.03890853815815824,0.021932503449584303,0.01697603470857368,1.0,1.0
16.3077,RCP,8.0,0.0,121,0.9785471748939254,1.1102230246251565e-16,0.021452825106074484,0.9604118855770173,-1.1102230246251565e-16,0.039588114422982795,0.03958811442298311,0.021452825106074592,0.018135289316908623,1.0,1.0
16.3106,RCP,8.0,0.0,121,0.9789656700170791,0.0,0.021034329982920895,0.9595780925341488,-2.220446049250313e-16,0.040421907465851344,0.04042190746585077,0.021034329982920822,0.019387577482929873,1.0,1.0
16.3135,RCP,8.0,0.0,121,0.979333826895916,-1.1102230246251565e-16,0.020666173104084185,0.9585817635245093,0.0,0.04141823647549072,0.041418236475490554,0.02066617310408422,0.02075206337140637,1.0,1.0
16.3164,RCP,8.0,0.0,121,0.9796600210196122,0.0,0.02033997898038772,0.9574115371278618,-2.220446049250313e-16,0.04258846287213844,0.04258846287213555,0.020339978980387294,0.02224848389174783,1.0,1.0
16.319300000000002,RCP,8.0,0.0,121,0.9799508001769448,-1.1102230246251565e-16,0.02004919982305535,0.9560527605630665,-1.1102230246251565e-16,0.04394723943693353,0.04394723943693454,0.02004919982305517,0.023898039613879193,1.0,1.0
16.3222,RCP,8.0,0.0,121,0.9802113433987645,0.0,0.019788656601235542,0.9544871147346294,-1.1102230246251565e-16,0.045512885265370645,0.0455128852653688,0.019788656601235518,0.025724228664133257,1.0,1.0
16.3251,RCP,8.0,0.0,121,0.9804457927159753,0.0,0.019554207284024707,0.9526920988579527,0.0,0.0473079011420473,0.047307901142048275,0.019554207284024756,0.02775369385802357,1.0,1.0
16.328,RCP,8.0,0.0,121,0.9806574956111405,0.0,0.019342504388859517,0.9506403518557339,0.0,0.049359648144266056,0.04935964814426671,0.01934250438885935,0.03001714375540719,1.0,1.0
16.3309,RCP,8.0,0.0,121,0.9808491841255454,-2.220446049250313e-16,0.01915081587445477,0.948298778262141,1.1102230246251565e-16,0.051701221737858835,0.051701221737857676,0.019150815874455003,0.03255040586340291,1.0,1.0
16.3338,RCP,8.0,0.0,121,0.9810231085705501,0.0,0.01897689142944986,0.9456274350559308,-2.220446049250313e-16,0.054372564944069356,0.054372564944070036,0.01897689142944977,0.035395673514620175,1.0,1.0
16.3367,RCP,8.0,0.0,121,0.9811811383692055,0.0,0.018818861630794437,0.942578122014206,-3.3306690738754696e-16,0.0574218779857943,0.057421877985791236,0.018818861630794895,0.0386030163549968,1.0,1.0
16.3396,RCP,8.0,0.0,121,0.9813248388557558,0.0,0.018675161144244178,0.939092601159935,0.0,0.06090739884006506,0.06090739884006487,0.018675161144244386,0.0422322376958207,1.0,1.0
16.3425,RCP,8.0,0.0,121,0.9814555303153227,0.0,0.01854446968467725,0.9351003501008781,0.0,0.06489964989912186,0.06489964989912773,0.018544469684677295,0.04635518021445048,1.0,1.0
16.3454,RCP,8.0,0.0,121,0.9815743337784207,-2.220446049250313e-16,0.01842566622157946,0.9305157293165065,0.0,0.06948427068349346,0.06948427068349088,0.018425666221579734,0.05105860446191142,1.0,1.0
16.348300000000002,RCP,8.0,0.0,121,0.9816822068456094,0.0,0.0183177931543906,0.9252344155064925,-1.1102230246251565e-16,0.07476558449350751,0.07476558449350945,0.018317793154390635,0.056447791339118855,1.0,1.0
16.3512,RCP,8.0,0.0,121,0.9817799719405329,1.1102230246251565e-16,0.018220028059467003,0.9191289249036148,0.0,0.0808710750963853,0.08087107509638636,0.018220028059467517,0.06265104703691936,1.0,1.0
16.3541,RCP,8.0,0.0,121,0.9818683387630409,-1.1102230246251565e-16,0.018131661236959213,0.9120430295827826,0.0,0.08795697041721745,0.08795697041722525,0.01813166123695973,0.06982530918026604,1.0,1.0
16.357,RCP,8.0,0.0,121,0.9819479222626355,-2.220446049250313e-16,0.018052077737364777,0.9037848733328457,0.0,0.0962151266671543,0.09621512666712889,0.018052077737363833,0.07816304892976411,1.0,1.0
16.3599,RCP,8.0,0.0,121,0.9820192571241217,-1.1102230246251565e-16,0.01798074287587835,0.8941186574974083,-1.1102230246251565e-16,0.10588134250259182,0.10588134250259056,0.017980742875878288,0.0879005996267122,1.0,1.0
16.3628,RCP,8.0,0.0,121,0.9820828095165599,-1.1102230246251565e-16,0.0179171904834402,0.8827549635864405,0.0,0.1172450364135596,0.11724503641355959,0.01791719048343936,0.09932784593011938,1.0,1.0
16.3657,RCP,8.0,0.0,121,0.9821389866786843,-3.3306690738754696e-16,0.017861013321316014,0.8693402490333826,0.0,0.13065975096661747,0.13065975096661728,0.01786101332131648,0.11279873764530127,1.0,1.0
16.3686,RCP,8.0,0.0,121,0.9821881447811978,0.0,0.017811855218802287,0.8534470596218715,-1.1102230246251565e-16,0.1465529403781286,0.14655294037812433,0.017811855218802866,0.12874108515932203,1.0,1.0
16.3715,RCP,8.0,0.0,121,0.9822305954068238,-1.1102230246251565e-16,0.01776940459317634,0.8345685213330358,-1.1102230246251565e-16,0.16543147866696428,0.16543147866696703,0.01776940459317645,0.1476620740737907,1.0,1.0
16.3744,RCP,8.0,0.0,121,0.9822666109134937,1.1102230246251565e-16,0.01773338908650619,0.8121244958903187,1.1102230246251565e-16,0.18787550410968126,0.1878755041096815,0.017733389086506166,0.17014211502317533,1.0,1.0
16.3773,RCP,8.0,0.0,121,0.9822964288887157,-2.220446049250313e-16,0.017703571111284514,0.7854935443356516,0.0,0.21450645566434842,0.21450645566434737,0.01770357111128405,0.19680288455306286,1.0,1.0
16.380200000000002,RCP,8.0,0.0,121,0.982320255858965,0.0,0.01767974414103506,0.7540956303805159,0.0,0.24590436961948411,0.24590436961948683,0.01767974414103499,0.22822462547845176,1.0,1.0
16.3831,RCP,8.0,0.0,121,0.9823382703840047,-1.1102230246251565e-16,0.017661729615995457,0.717564566271129,-1.1102230246251565e-16,0.28243543372887114,0.2824354337288719,0.017661729615995943,0.2647737041128765,1.0,1.0
16.386,RCP,8.0,0.0,121,0.9823506256393333,-2.220446049250313e-16,0.017649374360666943,0.6760588262513763,0.0,0.3239411737486238,0.32394117374862513,0.017649374360667016,0.3062917993879582,1.0,1.0
16.3889,RCP,8.0,0.0,121,0.9823574515693895,-1.1102230246251565e-16,0.017642548430610614,0.6307394652160337,-1.1102230246251565e-16,0.3692605347839663,0.3692605347839637,0.01764254843061087,0.35161798635335306,1.0,1.0
16.3918,RCP,8.0,0.0,121,0.9823588566775909,-2.220446049250313e-16,0.017641143322409264,0.5843431749150569,0.0,0.415656825084943,0.4156568250849484,0.017641143322409486,0.3980156817625391,1.0,1.0
16.3947,RCP,8.0,0.0,121,0.9823549295064055,-1.1102230246251565e-16,0.017645070493594706,0.5415485385561024,0.0,0.4584514614438976,0.4584514614438924,0.0176450704935944,0.4408063909502977,1.0,1.0
16.3976,RCP,8.0,0.0,121,0.9823457398500903,-2.220446049250313e-16,0.01765426014990986,0.5085640525359766,0.0,0.4914359474640234,0.49143594746401686,0.01765426014991009,0.473781687314107,1.0,1.0
16.4005,RCP,8.0,0.0,121,0.9823313397344602,0.0,0.01766866026553985,0.491464237503464,-1.1102230246251565e-16,0.5085357624965361,0.5085357624965359,0.01766866026553982,0.490867102230996,1.0,1.0
16.4034,RCP,8.0,0.0,121,0.9823117641911077,2.220446049250313e-16,0.01768823580889217,0.4937119935512733,-5.551115123125783e-17,0.5062880064487267,0.5062880064487293,0.01768823580889169,0.4885997706398371,1.0,1.0
16.4063,RCP,8.0,0.0,121,0.9822870318479368,-1.1102230246251565e-16,0.017712968152063354,0.5144722661797788,-1.1102230246251565e-16,0.48552773382022135,0.48552773382022235,0.017712968152063458,0.467814765668159,1.0,1.0
16.409200000000002,RCP,8.0,0.0,121,0.9822571453531201,0.0,0.01774285464687982,0.5491024985498165,-1.1102230246251565e-16,0.4508975014501836,0.45089750145019125,0.017742854646880538,0.43315464680331145,1.0,1.0
16.4121,RCP,8.0,0.0,121,0.9822220916457535,0.0,0.0177779083542465,0.5913700378382114,-1.1102230246251565e-16,0.4086299621617887,0.4086299621617907,0.01777790835424668,0.39085205380754423,1.0,1.0
16.415,RCP,8.0,0.0,121,0.9821818420829969,0.0,0.017818157917003183,0.6356808717118185,-1.1102230246251565e-16,0.3643191282881816,0.3643191282881795,0.017818157917003332,0.3465009703711763,1.0,1.0
16.4179,RCP,8.0,0.0,121,0.9821363524306588,-2.220446049250313e-16,0.017863647569341452,0.6781820048959604,-1.1102230246251565e-16,0.32181799510403974,0.32181799510404024,0.01786364756934105,0.3039543475346988,1.0,1.0
16.4208,RCP,8.0,0.0,121,0.9820855627214944,-1.1102230246251565e-16,0.017914437278505675,0.7167915088210899,0.0,0.2832084911789101,0.28320849117890995,0.017914437278505373,0.2652940539004043,1.0,1.0
16.4237,RCP,8.0,0.0,121,0.9820293969831887,-2.220446049250313e-16,0.017970603016811502,0.7507283098678854,-1.1102230246251565e-16,0.24927169013211467,0.2492716901321153,0.017970603016811453,0.2313010871153038,1.0,1.0
16.4266,RCP,8.0,0.0,121,0.981967762835732,-2.220446049250313e-16,0.01803223716426831,0.7799903522098104,-2.220446049250313e-16,0.2200096477901898,0.2200096477901888,0.018032237164267977,0.2019774106259205,1.0,1.0
16.4295,RCP,8.0,0.0,121,0.9819005509558143,0.0,0.018099449044185697,0.8049638924756792,0.0,0.1950361075243208,0.1950361075243226,0.018099449044185527,0.1769366584801369,1.0,1.0
16.4324,RCP,8.0,0.0,121,0.981827634403832,-1.1102230246251565e-16,0.018172365596168093,0.8261825544869139,-1.1102230246251565e-16,0.17381744551308623,0.17381744551308756,0.018172365596168163,0.15564507991691948,1.0,1.0
16.4353,RCP,8.0,0.0,121,0.981748867806898,1.1102230246251565e-16,0.01825113219310198,0.8441977776596372,-1.1102230246251565e-16,0.1558022223403629,0.1558022223403635,0.018251132193102117,0.13755109014726152,1.0,1.0
16.438200000000002,RCP,8.0,0.0,121,0.9816640863892716,1.1102230246251565e-16,0.018335913610728314,0.8595182440905542,-1.1102230246251565e-16,0.14048175590944587,0.14048175590944584,0.018335913610728078,0.12214584229871753,1.0,1.0
16.4411,RCP,8.0,0.0,121,0.9815731048392037,-1.1102230246251565e-16,0.018426895160796476,0.8725874366022616,-1.1102230246251565e-16,0.1274125633977386,0.12741256339773938,0.018426895160796597,0.1089856682369429,1.0,1.0
16.444,RCP,8.0,0.0,121,0.9814757159988547,0.0,0.018524284001145256,0.8837803629080467,-1.1102230246251565e-16,0.11621963709195339,0.11621963709195388,0.018524284001145044,0.09769535309080862,1.0,1.0
16.4469,RCP,8.0,0.0,121,0.9813716893612889,0.0,0.01862831063871108,0.8934088606811286,0.0,0.10659113931887143,0.1065911393188716,0.018628310638711742,0.08796282868016052,1.0,1.0
16.4498,RCP,8.0,0.0,121,0.9812607693555939,0.0,0.018739230644406066,0.9017299863909254,-1.1102230246251565e-16,0.09827001360907471,0.09827001360907324,0.01873923064440622,0.07953078296466717,1.0,1.0
16.4527,RCP,8.0,0.0,121,0.9811426733980113,0.0,0.018857326601988703,0.9089548348004887,1.1102230246251565e-16,0.09104516519951125,0.09104516519951018,0.01885732660198889,0.07218783859752148,1.0,1.0
16.4556,RCP,8.0,0.0,121,0.9810170896831769,-1.1102230246251565e-16,0.01898291031682316,0.9152566370505066,-1.1102230246251565e-16,0.08474336294949344,0.08474336294949573,0.01898291031682301,0.06576045263267258,1.0,1.0
16.4585,RCP,8.0,0.0,121,0.9808836746856533,1.1102230246251565e-16,0.0191163253143466,0.9207777375144386,0.0,0.07922226248556141,0.07922226248556113,0.019116325314346292,0.060105937171214534,1.0,1.0
16.4614,RCP,8.0,0.0,121,0.9807420503369679,1.1102230246251565e-16,0.019257949663032004,0.9256354034684764,-1.1102230246251565e-16,0.07436459653152372,0.07436459653152434,0.019257949663031963,0.05510664686849234,1.0,1.0
16.4643,RCP,8.0,0.0,121,0.9805918008383255,0.0,0.0194081991616745,0.9299265715703147,1.1102230246251565e-16,0.07007342842968525,0.07007342842968373,0.019408199161674872,0.050665229268009225,1.0,1.0
16.467200000000002,RCP,8.0,0.0,121,0.9804324690627902,-1.1102230246251565e-16,0.01956753093720987,0.9337316850384204,-1.1102230246251565e-16,0.06626831496157973,0.06626831496157869,0.019567530937209542,0.04670078402436882,1.0,1.0
16.470100000000002,RCP,8.0,0.0,121,0.9802635524938585,0.0,0.019736447506141435,0.9371177791026866,-1.1102230246251565e-16,0.06288222089731353,0.06288222089731416,0.019736447506141102,0.04314577339117272,1.0,1.0
16.473,RCP,8.0,0.0,121,0.9800844986391914,0.0,0.019915501360808576,0.9401409568276142,-2.220446049250313e-16,0.05985904317238594,0.059859043172386314,0.019915501360808004,0.039943541811577735,1.0,1.0
16.4759,RCP,8.0,0.0,121,0.9798946998490504,1.1102230246251565e-16,0.0201053001509495,0.942848375893971,-1.1102230246251565e-16,0.057151624106029135,0.057151624106028955,0.020105300150948874,0.03704632395507945,1.0,1.0
16.4788,RCP,8.0,0.0,121,0.979693487458219,0.0,0.020306512541780942,0.9452798453315652,1.1102230246251565e-16,0.05472015466843471,0.0547201546684334,0.020306512541780283,0.03441364212665246,1.0,1.0
16.4817,RCP,8.0,0.0,121,0.9794801251578897,0.0,0.02051987484211027,0.9474691119366443,0.0,0.05253088806335574,0.05253088806335466,0.020519874842110975,0.03201101322124439,1.0,1.0
16.4846,RCP,8.0,0.0,121,0.9792538014898364,1.1102230246251565e-16,0.02074619851016351,0.9494448998953371,1.1102230246251565e-16,0.05055510010466275,0.05055510010466183,0.020746198510163426,0.029808901594498324,1.0,1.0
16.4875,RCP,8.0,0.0,121,0.9790136213386905,0.0,0.020986378661309455,0.9512317539162535,-1.1102230246251565e-16,0.04876824608374665,0.04876824608374551,0.0209863786613097,0.027781867422436057,1.0,1.0
16.4904,RCP,8.0,0.0,121,0.9787585962794443,-1.1102230246251565e-16,0.021241403720555874,0.9528507255966475,1.1102230246251565e-16,0.04714927440335242,0.04714927440335288,0.02124140372055542,0.025907870682797002,1.0,1.0
16.4933,RCP,8.0,0.0,121,0.9784876336154218,0.0,0.021512366384578225,0.9543199343737434,0.0,0.04568006562625664,0.04568006562625606,0.021512366384577708,0.024167699241677835,1.0,1.0
16.4962,RCP,8.0,0.0,121,0.978199523917106,0.0,0.021800476082894007,0.9556550278261302,-2.220446049250313e-16,0.04434497217387002,0.04434497217386994,0.02180047608289421,0.022544496090975936,1.0,1.0
16.499100000000002,RCP,8.0,0.0,121,0.9778929268434229,1.1102230246251565e-16,0.02210707315657702,0.9568695609251139,-2.220446049250313e-16,0.043130439074886305,0.043130439074886916,0.0221070731565791,0.021023365918309896,1.0,1.0
16.502,RCP,8.0,0.0,121,0.9775663549942075,0.0,0.022433645005792483,0.9579753097910544,-2.220446049250313e-16,0.04202469020894579,0.04202469020894469,0.02243364500579241,0.019591045203152208,1.0,1.0
16.5049,RCP,8.0,0.0,121,0.977218155504808,-1.1102230246251565e-16,0.02278184449519211,0.9589825323411946,-1.1102230246251565e-16,0.04101746765880554,0.04101746765880527,0.022781844495191682,0.01823562316361316,1.0,1.0
16.5078,RCP,8.0,0.0,121,0.9768464890506319,1.1102230246251565e-16,0.02315351094936801,0.9599001857306697,-2.220446049250313e-16,0.040099814269330486,0.04009981426933024,0.023153510949368603,0.016946303319962233,1.0,1.0
16.5107,RCP,8.0,0.0,121,0.9764493058802759,1.1102230246251565e-16,0.023550694119724002,0.9607361085370796,0.0,0.03926389146292038,0.039263891462919524,0.02355069411972451,0.015713197343195522,1.0,1.0
16.5136,RCP,8.0,0.0,121,0.9760243184396684,0.0,0.023975681560331568,0.9614971741036143,2.220446049250313e-16,0.03850282589638548,0.038502825896386025,0.023975681560331398,0.014527144336054457,1.0,1.0
16.5165,RCP,8.0,0.0,121,0.9755689700862279,0.0,0.02443102991377213,0.9621894202442308,-1.1102230246251565e-16,0.03781057975576934,0.037810579755769236,0.02443102991377249,0.013379549841997105,1.0,1.0
16.5194,RCP,8.0,0.0,121,0.9750803993198538,-1.1102230246251565e-16,0.02491960068014628,0.962818159556899,-1.1102230246251565e-16,0.03718184044310115,0.037181840443100495,0.024919600680146967,0.012262239762954215,1.0,1.0
16.5223,RCP,8.0,0.0,121,0.97455539887698,-2.220446049250313e-16,0.025444601123020258,0.9633880738298303,-2.220446049250313e-16,0.03661192617016997,0.036611926170171144,0.02544460112302012,0.011167325047150886,1.0,1.0
16.5252,RCP,8.0,0.0,121,0.9739903689436458,-2.220446049250313e-16,0.026009631056354416,0.9639032954179951,1.1102230246251565e-16,0.0360967045820048,0.036096704582005125,0.026009631056354853,0.010087073525650709,1.0,1.0
16.528100000000002,RCP,8.0,0.0,121,0.9733812636447863,-1.1102230246251565e-16,0.026618736355213817,0.9643674779763074,-1.1102230246251565e-16,0.03563252202369267,0.035632522023693346,0.02661873635521201,0.009013785668479529,1.0,1.0
16.531,RCP,8.0,0.0,121,0.9727235298609029,-1.1102230246251565e-16,0.027276470139097148,0.9647838585323776,-1.1102230246251565e-16,0.03521614146762254,0.03521614146762238,0.0272764701390988,0.00793967132852523,1.0,1.0
16.5339,RCP,8.0,0.0,121,0.97201203731457,0.0,0.02798796268543003,0.9651553125408614,-2.220446049250313e-16,0.034844687459138816,0.03484468745913763,0.027987962685429708,0.0068567247737075995,1.0,1.0
16.5368,RCP,8.0,0.0,121,0.9712409987660443,-1.1102230246251565e-16,0.028759001233955812,0.9654844032625438,-1.1102230246251565e-16,0.034515596737456286,0.034515596737456966,0.02875900123395627,0.005756595503501154,1.0,1.0
16.5397,RCP,8.0,0.0,121,0.9704038790753602,1.1102230246251565e-16,0.02959612092463974,0.965773426537418,-1.1102230246251565e-16,0.03422657346258205,0.03422657346258205,0.029596120924640354,0.004630452537942312,1.0,1.0
16.5426,RCP,8.0,0.0,121,0.9694932918544368,0.0,0.030506708145563218,0.9660244517611491,-1.1102230246251565e-16,0.03397554823885097,0.03397554823885131,0.030506708145564606,0.00346884009328809,1.0,1.0
16.5455,RCP,8.0,0.0,121,0.9685008824889354,-1.1102230246251565e-16,0.03149911751106475,0.9662393596251713,-2.220446049250313e-16,0.033760640374828996,0.03376064037482855,0.031499117511064705,0.0022615228637637985,1.0,1.0
16.5484,RCP,8.0,0.0,121,0.9674171965207129,-1.1102230246251565e-16,0.03258280347928722,0.9664198769480823,0.0,0.033580123051917744,0.03358012305191691,0.0325828034792856,0.0009973195726296902,1.0,1.0
16.5513,RCP,8.0,0.0,121,0.9662315328382635,-2.220446049250313e-16,0.03376846716173674,0.9665676087310684,2.220446049250313e-16,0.033432391268931404,0.03343239126893123,0.03376846716173757,0.00033607589280550826,1.0,1.0
16.5542,RCP,8.0,0.0,121,0.9649317819411518,-2.220446049250313e-16,0.03506821805884841,0.9666840674457912,1.1102230246251565e-16,0.03331593255420876,0.03331593255420936,0.03506821805884841,0.001752285504639052,1.0,1.0
16.557100000000002,RCP,8.0,0.0,121,0.9635042508659817,0.0,0.03649574913401826,0.9667706995526938,-1.1102230246251565e-16,0.03322930044730637,0.03322930044730652,0.036495749134017846,0.003266448686711741,1.0,1.0
16.560000000000002,RCP,8.0,0.0,121,0.9619334783212921,0.0,0.0380665216787079,0.9668289093932265,-1.1102230246251565e-16,0.033171090606773576,0.033171090606774284,0.03806652167870786,0.0048954310719336175,1.0,1.0
16.5629,RCP,8.0,0.0,121,0.9602020462779446,0.0,0.03979795372205542,0.9668600809212268,0.0,0.033139919078773235,0.03313991907877321,0.03979795372205531,0.006658034643282212,1.0,1.0
16.5658,RCP,8.0,0.0,121,0.958290397694535,0.0,0.041709602305465075,0.9668655982119859,1.1102230246251565e-16,0.03313440178801392,0.03313440178801364,0.04170960230546429,0.008575200517451434,1.0,1.0
16.5687,RCP,8.0,0.0,121,0.9561766740354001,1.1102230246251565e-16,0.043823325964599834,0.9668468662191306,1.1102230246251565e-16,0.033153133780869266,0.03315313378086756,0.04382332596459936,0.010670192183732274,1.0,1.0
16.5716,RCP,8.0,0.0,121,0.9538365902786019,1.1102230246251565e-16,0.046163409721398034,0.9668053336716385,0.0,0.03319466632836158,0.03319466632836096,0.046163409721398214,0.012968743393037073,1.0,1.0
16.5745,RCP,8.0,0.0,121,0.9512433683348265,-1.1102230246251565e-16,0.048756631665173626,0.9667425200920179,-1.1102230246251565e-16,0.033257479907982224,0.03325747990798171,0.048756631665174514,0.015499151757191916,1.0,1.0
16.5774,RCP,8.0,0.0,121,0.9483677508261872,0.0,0.05163224917381285,0.9666600484455876,0.0,0.033339951554412425,0.03333995155441187,0.05163224917381329,0.01829229761940098,1.0,1.0
16.5803,RCP,8.0,0.0,121,0.9451781140881707,-1.1102230246251565e-16,0.05482188591182951,0.9665596837412687,0.0,0.03344031625873138,0.03344031625873157,0.054821885911830716,0.02138156965309794,1.0,1.0
16.5832,RCP,8.0,0.0,121,0.9416406896566802,-1.1102230246251565e-16,0.05835931034331989,0.9664433759808987,-1.1102230246251565e-16,0.03355662401910145,0.033556624019101276,0.05835931034332073,0.024802686324218615,1.0,1.0
16.586100000000002,RCP,8.0,0.0,121,0.9377198848019866,-1.1102230246251565e-16,0.06228011519801342,0.9663133033646153,-1.1102230246251565e-16,0.03368669663538479,0.033686696635385004,0.06228011519801481,0.02859341856262842,1.0,1.0
16.589,RCP,8.0,0.0,121,0.9333786627936358,-1.1102230246251565e-16,0.06662133720636429,0.9661719089587746,-2.220446049250313e-16,0.03382809104122564,0.033828091041225465,0.06662133720636418,0.032793246165138824,1.0,1.0
16.5919,RCP,8.0,0.0,121,0.9285789021157513,-2.220446049250313e-16,0.07142109788424883,0.9660219216238062,0.0,0.03397807837619385,0.033978078376193765,0.07142109788424986,0.037443019508055064,1.0,1.0
16.5948,RCP,8.0,0.0,121,0.9232816037107108,-1.1102230246251565e-16,0.07671839628928936,0.9658663504774492,-2.220446049250313e-16,0.034133649522551046,0.03413364952255163,0.07671839628928885,0.042584746766737736,1.0,1.0
16.5977,RCP,8.0,0.0,121,0.9174467642837263,-2.220446049250313e-16,0.08255323571627392,0.965708442153006,-1.1102230246251565e-16,0.03429155784699413,0.03429155784699438,0.08255323571627562,0.04826167786927954,1.0,1.0
16.6006,RCP,8.0,0.0,121,0.9110326949858238,0.0,0.08896730501417613,0.9655515921575791,-1.1102230246251565e-16,0.03444840784242095,0.034448407842421,0.08896730501417803,0.05451889717175513,1.0,1.0
16.6035,RCP,8.0,0.0,121,0.9039945553475898,-2.220446049250313e-16,0.09600544465241045,0.965399206092673,-1.1102230246251565e-16,0.03460079390732706,0.034600793907326954,0.09600544465241,0.0614046507450835,1.0,1.0
16.6064,RCP,8.0,0.0,121,0.8962819080544115,0.0,0.10371809194558844,0.9652545133171997,-1.1102230246251565e-16,0.03474548668280039,0.03474548668280009,0.10371809194558665,0.06897260526278834,1.0,1.0
16.6093,RCP,8.0,0.0,121,0.8878351888838674,-1.1102230246251565e-16,0.11216481111613272,0.9651203441317936,-1.1102230246251565e-16,0.03487965586820648,0.03487965586820651,0.11216481111613413,0.0772851552479262,1.0,1.0
16.6122,RCP,8.0,0.0,121,0.8785811218235136,1.1102230246251565e-16,0.12141887817648636,0.9649988903083697,1.1102230246251565e-16,0.03500110969163014,0.03500110969163065,0.12141887817648807,0.08641776848485572,1.0,1.0
16.6151,RCP,8.0,0.0,121,0.8684272721781847,0.0,0.13157272782181528,0.9648914757042648,0.0,0.03510852429573517,0.03510852429573494,0.13157272782181476,0.09646420352608034,1.0,1.0
16.618000000000002,RCP,8.0,0.0,121,0.8572560966257088,1.1102230246251565e-16,0.14274390337429108,0.9647983665410225,0.0,0.03520163345897757,0.03520163345897782,0.1427439033742918,0.10754226991531327,1.0,1.0
16.6209,RCP,8.0,0.0,121,0.8449190101378935,0.0,0.1550809898621065,0.9647186480447222,0.0,0.03528135195527783,0.03528135195527769,0.15508098986210764,0.11979963790682881,1.0,1.0
16.6238,RCP,8.0,0.0,121,0.8312311746987542,0.0,0.16876882530124576,0.9646501852677849,0.0,0.03534981473221509,0.03534981473221535,0.16876882530124626,0.1334190105690304,1.0,1.0
16.6267,RCP,8.0,0.0,121,0.8159680087840363,-1.1102230246251565e-16,0.18403199121596375,0.9645896725529794,-2.220446049250313e-16,0.035410327447020815,0.03541032744702056,0.1840319912159624,0.1486216637689432,1.0,1.0
16.6296,RCP,8.0,0.0,121,0.7988649687680991,0.0,0.2011350312319009,0.964532761260496,-1.1102230246251565e-16,0.03546723873950412,0.035467238739503866,0.20113503123189716,0.16566779249239705,1.0,1.0
16.6325,RCP,8.0,0.0,121,0.7796231737764725,-2.220446049250313e-16,0.2203768262235277,0.9644742425968515,1.1102230246251565e-16,0.03552575740314832,0.035525757403147847,0.22037682622352744,0.18485106882037985,1.0,1.0
16.6354,RCP,8.0,0.0,121,0.7579251807014988,0.0,0.2420748192985012,0.9644082545077084,0.0,0.035591745492291584,0.0355917454922918,0.24207481929850255,0.2064830738062094,1.0,1.0
16.6383,RCP,8.0,0.0,121,0.7334678641441845,0.0,0.2665321358558155,0.9643284798520184,-2.220446049250313e-16,0.03567152014798177,0.035671520147981056,0.2665321358558165,0.23086061570783442,1.0,1.0
16.6412,RCP,8.0,0.0,121,0.7060228095400098,-1.1102230246251565e-16,0.29397719045999027,0.9642283068334877,0.0,0.0357716931665123,0.035771693166512866,0.2939771904599895,0.2582054972934774,1.0,1.0
16.6441,RCP,8.0,0.0,121,0.6755378311661285,0.0,0.32446216883387147,0.9641009299229047,0.0,0.0358990700770953,0.035899070077095536,0.32446216883387097,0.28856309875677594,1.0,1.0
16.647000000000002,RCP,8.0,0.0,121,0.6422928796542403,0.0,0.3577071203457597,0.9639393777526809,0.0,0.03606062224731914,0.03606062224731908,0.35770712034576174,0.3216464980984406,1.0,1.0
16.6499,RCP,8.0,0.0,121,0.6071123379456073,0.0,0.39288766205439274,0.9637364615245334,-1.1102230246251565e-16,0.03626353847546667,0.03626353847546627,0.3928876620543954,0.3566241235789265,1.0,1.0
16.6528,RCP,8.0,0.0,121,0.5716017016336733,1.1102230246251565e-16,0.42839829836632665,0.9634846419964949,0.0,0.036515358003505104,0.03651535800350541,0.4283982983663292,0.39188294036282123,1.0,1.0
16.6557,RCP,8.0,0.0,121,0.5383109456574993,0.0,0.46168905434250074,0.9631758147174249,0.0,0.03682418528257516,0.03682418528257486,0.46168905434248353,0.4248648690599259,1.0,1.0
16.6586,RCP,8.0,0.0,121,0.5106476798592369,0.0,0.48935232014076313,0.9628010123112938,0.0,0.03719898768870624,0.03719898768870628,0.4893523201407646,0.45215333245205686,1.0,1.0
16.6615,RCP,8.0,0.0,121,0.49234987665221747,-1.6653345369377348e-16,0.5076501233477827,0.9623500204795137,-1.1102230246251565e-16,0.03764997952048639,0.03764997952048644,0.5076501233477836,0.47000014382729627,1.0,1.0
16.6644,RCP,8.0,0.0,121,0.4865021114088303,-5.551115123125783e-17,0.5134978885911697,0.9618109031023627,0.0,0.03818909689763722,0.03818909689763735,0.5134978885911694,0.4753087916935324,1.0,1.0
16.6673,RCP,8.0,0.0,121,0.4944458126115535,0.0,0.5055541873884465,0.9611694352013269,0.0,0.038830564798673105,0.0388305647986728,0.5055541873884438,0.4667236225897737,1.0,1.0
16.6702,RCP,8.0,0.0,121,0.5152009033691,0.0,0.48479909663090004,0.9604084580179927,0.0,0.039591541982007324,0.03959154198200739,0.4847990966309012,0.44520755464889267,1.0,1.0
16.6731,RCP,8.0,0.0,121,0.5457995439327782,-1.1102230246251565e-16,0.4542004560672219,0.9595072132183398,0.0,0.04049278678166024,0.040492786781660496,0.45420045606722154,0.4137076692855614,1.0,1.0
16.676000000000002,RCP,8.0,0.0,121,0.5823219319880469,-1.1102230246251565e-16,0.4176780680119531,0.958440814051422,0.0,0.041559185948577965,0.04155918594857811,0.41767806801195384,0.376118882063375,1.0,1.0
16.6789,RCP,8.0,0.0,121,0.6210112629404876,0.0,0.37898873705951247,0.9571802310474393,1.1102230246251565e-16,0.042819768952560594,0.0428197689525606,0.378988737059514,0.33616896810695185,1.0,1.0
16.6818,RCP,8.0,0.0,121,0.6589735088018225,0.0,0.3410264911981775,0.9556936210331481,0.0,0.04430637896685181,0.04430637896685196,0.34102649119817724,0.29672011223132555,1.0,1.0
16.6847,RCP,8.0,0.0,121,0.6943674334439806,0.0,0.30563256655601945,0.9539506904592521,-1.1102230246251565e-16,0.046049309540748,0.04604930954074763,0.305632566556017,0.2595832570152718,1.0,1.0
16.6876,RCP,8.0,0.0,121,0.72626021656441,0.0,0.27373978343559,0.9519332405399716,0.0,0.04806675946002841,0.048066759460028495,0.2737397834355907,0.22567302397556152,1.0,1.0
16.6905,RCP,8.0,0.0,121,0.7543621383666693,-1.1102230246251565e-16,0.2456378616333308,0.9496568810145303,2.220446049250313e-16,0.05034311898546946,0.05034311898546882,0.24563786163333,0.19529474264786198,1.0,1.0
16.6934,RCP,8.0,0.0,121,0.7787745578004373,0.0,0.2212254421995627,0.9472091603275141,0.0,0.052790839672485886,0.05279083967248639,0.22122544219956203,0.16843460252707632,1.0,1.0
16.6963,RCP,8.0,0.0,121,0.7998019170397692,-2.220446049250313e-16,0.200198082960231,0.9448015216676215,-1.1102230246251565e-16,0.05519847833237852,0.05519847833237786,0.20019808296023237,0.14499960462785316,1.0,1.0
16.6992,RCP,8.0,0.0,121,0.8178302866592051,-1.1102230246251565e-16,0.182169713340795,0.9428050921713353,-1.1102230246251565e-16,0.057194907828664744,0.057194907828665764,0.18216971334079665,0.12497480551212922,1.0,1.0
16.7021,RCP,8.0,0.0,121,0.8332571559608735,-1.1102230246251565e-16,0.16674284403912665,0.9416968442514912,0.0,0.05830315574850878,0.05830315574850708,0.16674284403912376,0.10843968829061956,1.0,1.0
16.705000000000002,RCP,8.0,0.0,121,0.8464552581581537,2.220446049250313e-16,0.15354474184184613,0.9418523367779423,-1.1102230246251565e-16,0.058147663222057756,0.05814766322205844,0.1535447418418432,0.09539707861978769,1.0,1.0
16.707900000000002,RCP,8.0,0.0,121,0.8577569110500068,0.0,0.14224308894999313,0.9432823773209693,-1.1102230246251565e-16,0.0567176226790308,0.056717622679030306,0.14224308894999307,0.08552546627096283,1.0,1.0
16.7108,RCP,8.0,0.0,121,0.8674497672304216,1.1102230246251565e-16,0.13255023276957834,0.9455782697893393,-1.1102230246251565e-16,0.05442173021066075,0.05442173021066073,0.13255023276958008,0.0781285025589176,1.0,1.0
16.7137,RCP,8.0,0.0,121,0.8757783706459292,-1.1102230246251565e-16,0.12422162935407086,0.9481541269321814,-2.220446049250313e-16,0.05184587306781885,0.0518458730678198,0.1242216293540711,0.07237575628625106,1.0,1.0
16.7166,RCP,8.0,0.0,121,0.8829482909029887,0.0,0.11705170909701139,0.9505376172357849,0.0,0.04946238276421505,0.04946238276421446,0.11705170909701014,0.06758932633279693,1.0,1.0
16.7195,RCP,8.0,0.0,121,0.8891310843523403,-1.1102230246251565e-16,0.11086891564765974,0.9524824625909075,1.1102230246251565e-16,0.04751753740909242,0.04751753740909228,0.11086891564765887,0.06335137823856746,1.0,1.0
16.7224,RCP,8.0,0.0,121,0.894469200293099,2.220446049250313e-16,0.10553079970690084,0.9539246322366994,1.1102230246251565e-16,0.04607536776330047,0.04607536776330098,0.1055307997069029,0.05945543194359986,1.0,1.0
16.7253,RCP,8.0,0.0,121,0.899080439835379,-1.1102230246251565e-16,0.10091956016462114,0.9548976181982977,-1.1102230246251565e-16,0.04510238180170242,0.04510238180170353,0.10091956016461878,0.055817178362917615,1.0,1.0
16.7282,RCP,8.0,0.0,121,0.9030618378380014,1.1102230246251565e-16,0.09693816216199844,0.9554698100870206,-1.1102230246251565e-16,0.044530189912979475,0.04453018991297905,0.09693816216199877,0.052407972249019386,1.0,1.0
16.7311,RCP,8.0,0.0,121,0.9064929705507891,0.0,0.09350702944921085,0.9557120685630331,1.1102230246251565e-16,0.044287931436966764,0.044287931436966896,0.09350702944920877,0.04921909801224396,1.0,1.0
16.734,RCP,8.0,0.0,121,0.9094387498688277,1.1102230246251565e-16,0.09056125013117221,0.9556850889985555,-2.220446049250313e-16,0.04431491100144464,0.044314911001445884,0.0905612501311726,0.046246339129726324,1.0,1.0
16.736900000000002,RCP,8.0,0.0,121,0.9119517824394425,0.0,0.08804821756055752,0.9554365230762655,0.0,0.04456347692373453,0.0445634769237352,0.08804821756055226,0.04348474063682232,1.0,1.0
16.7398,RCP,8.0,0.0,121,0.9140743675387416,1.1102230246251565e-16,0.08592563246125832,0.9550019862809581,-2.220446049250313e-16,0.04499801371904206,0.0449980137190423,0.08592563246125984,0.040927618742216024,1.0,1.0
16.7427,RCP,8.0,0.0,121,0.9158401934002631,0.0,0.08415980659973685,0.9544071814870336,0.0,0.04559281851296636,0.045592818512965726,0.08415980659973755,0.03856698808677112,1.0,1.0
16.7456,RCP,8.0,0.0,121,0.9172757749980125,-2.220446049250313e-16,0.08272422500198769,0.9536700265915515,-2.220446049250313e-16,0.04632997340844864,0.04632997340844846,0.08272422500198941,0.03639425159353923,1.0,1.0
16.7485,RCP,8.0,0.0,121,0.9184016618384062,-1.1102230246251565e-16,0.08159833816159391,0.952802428476262,0.0,0.04719757152373802,0.04719757152373751,0.08159833816159458,0.0344007666378564,1.0,1.0
16.7514,RCP,8.0,0.0,121,0.9192334345473576,0.0,0.08076656545264238,0.9518116489848447,0.0,0.04818835101515524,0.048188351015155485,0.08076656545264334,0.032578214437486895,1.0,1.0
16.7543,RCP,8.0,0.0,121,0.919782504473857,1.1102230246251565e-16,0.08021749552614292,0.9507013122412443,0.0,0.0492986877587557,0.04929868775875575,0.0802174955261465,0.030918807767387167,1.0,1.0
16.7572,RCP,8.0,0.0,121,0.9200567302080005,0.0,0.07994326979199948,0.9494721258182287,0.0,0.05052787418177125,0.050527874181771355,0.07994326979200007,0.029415395610228122,1.0,1.0
16.7601,RCP,8.0,0.0,121,0.9200608670323844,-1.1102230246251565e-16,0.07993913296761566,0.9481223828211711,0.0,0.05187761717882889,0.051877617178829834,0.07993913296761322,0.02806151578878583,1.0,1.0
16.763,RCP,8.0,0.0,121,0.9197968679856237,-2.220446049250313e-16,0.08020313201437658,0.9466482987702814,-1.1102230246251565e-16,0.053351701229718655,0.05335170122971879,0.08020313201437532,0.026851430784657793,1.0,1.0
16.765900000000002,RCP,8.0,0.0,121,0.9192640569586222,-1.1102230246251565e-16,0.08073594304137789,0.945044223884327,-1.1102230246251565e-16,0.0549557761156731,0.054955776115673934,0.08073594304138158,0.025780166925703958,1.0,1.0
16.7688,RCP,8.0,0.0,121,0.9184591943282681,0.0,0.08154080567173196,0.9433027602790642,-1.1102230246251565e-16,0.05669723972093588,0.0566972397209368,0.08154080567173337,0.024843565950795156,1.0,1.0
16.7717,RCP,8.0,0.0,121,0.9173764540103508,-1.1102230246251565e-16,0.08262354598964923,0.9414148049961528,-1.1102230246251565e-16,0.058585195003847255,0.05858519500384524,0.08262354598965396,0.024038350985803987,1.0,1.0
16.7746,RCP,8.0,0.0,121,0.9160073279030876,1.1102230246251565e-16,0.08399267209691234,0.9393695333324424,-1.1102230246251565e-16,0.060630466667557635,0.060630466667558586,0.08399267209691436,0.023362205429353758,1.0,1.0
16.7775,RCP,8.0,0.0,121,0.9143404701179634,0.0,0.08565952988203661,0.937154332182774,0.0,0.06284566781722602,0.0628456678172267,0.0856595298820382,0.02281386206480991,1.0,1.0
16.7804,RCP,8.0,0.0,121,0.9123614897678172,-2.220446049250313e-16,0.08763851023218301,0.934754689620973,0.0,0.065245310379027,0.0652453103790263,0.08763851023218239,0.022393199853156714,1.0,1.0
16.7833,RCP,8.0,0.0,121,0.9100526978823015,-1.1102230246251565e-16,0.08994730211769862,0.9321540443958003,1.1102230246251565e-16,0.06784595560419956,0.06784595560420041,0.08994730211769413,0.02210134651349821,1.0,1.0
16.7862,RCP,8.0,0.0,121,0.9073928115699914,0.0,0.0926071884300086,0.9293335971674701,-2.220446049250313e-16,0.07066640283253006,0.07066640283253066,0.09260718843000633,0.021940785597477946,1.0,1.0
16.7891,RCP,8.0,0.0,121,0.9043566170476975,-2.220446049250313e-16,0.09564338295230267,0.9262720839950247,0.0,0.07372791600497525,0.07372791600497515,0.09564338295230294,0.021915466947327517,1.0,1.0
16.792,RCP,8.0,0.0,121,0.900914592769943,0.0,0.09908540723005696,0.9229455117138345,1.1102230246251565e-16,0.07705448828616539,0.07705448828616605,0.09908540723005552,0.022030918943890906,1.0,1.0
16.794900000000002,RCP,8.0,0.0,121,0.897032494817094,-2.220446049250313e-16,0.10296750518290626,0.9193268543954933,0.0,0.08067314560450664,0.08067314560450765,0.10296750518290543,0.022294359578398606,1.0,1.0
16.797800000000002,RCP,8.0,0.0,121,0.8926709092860055,-2.220446049250313e-16,0.10732909071399474,0.9153857101226328,0.0,0.08461428987736722,0.0846142898773665,0.10732909071399263,0.022714800836628246,1.0,1.0
16.8007,RCP,8.0,0.0,121,0.88778478127933,-3.3306690738754696e-16,0.1122152187206703,0.9110879180117781,-2.220446049250313e-16,0.08891208198822204,0.08891208198822197,0.11221521872066612,0.02330313673244834,1.0,1.0
16.8036,RCP,8.0,0.0,121,0.8823229381884731,-1.1102230246251565e-16,0.11767706181152707,0.9063951370930872,-1.1102230246251565e-16,0.09360486290691296,0.09360486290691201,0.11767706181152647,0.024072198904615053,1.0,1.0
16.8065,RCP,8.0,0.0,121,0.8762276378196565,-2.220446049250313e-16,0.12377236218034372,0.9012643918231517,1.1102230246251565e-16,0.09873560817684827,0.0987356081768483,0.12377236218034463,0.02503675400349542,1.0,1.0
16.8094,RCP,8.0,0.0,121,0.8694341917177614,0.0,0.13056580828223865,0.895647594460014,-2.220446049250313e-16,0.10435240553998622,0.1043524055399871,0.13056580828223482,0.02621340274225155,1.0,1.0
16.8123,RCP,8.0,0.0,121,0.8618707437842256,1.1102230246251565e-16,0.1381292562157743,0.8894910633917453,-1.1102230246251565e-16,0.11050893660825478,0.11050893660825427,0.13812925621577363,0.027620319607520025,1.0,1.0
16.8152,RCP,8.0,0.0,121,0.8534583278433968,0.0,0.1465416721566032,0.8827350703499182,-2.220446049250313e-16,0.11726492965008208,0.11726492965008183,0.14654167215660538,0.02927674250652136,1.0,1.0
16.8181,RCP,8.0,0.0,121,0.8441113898185142,0.0,0.1558886101814858,0.8753134703187895,0.0,0.12468652968121052,0.12468652968121013,0.15588861018148653,0.031202080500275675,1.0,1.0
16.821,RCP,8.0,0.0,121,0.8337390455444436,0.0,0.16626095445555644,0.8671534984822935,1.1102230246251565e-16,0.1328465015177064,0.1328465015177058,0.1662609544555646,0.03341445293785064,1.0,1.0
16.823900000000002,RCP,8.0,0.0,121,0.8222474580291703,-1.1102230246251565e-16,0.1777525419708298,0.8581758619276677,-1.1102230246251565e-16,0.14182413807233235,0.14182413807233304,0.17775254197082932,0.03592840389849675,1.0,1.0
16.8268,RCP,8.0,0.0,121,0.8095438588464323,-1.1102230246251565e-16,0.19045614115356782,0.8482953136624704,-1.1102230246251565e-16,0.1517046863375297,0.1517046863375304,0.19045614115356527,0.03875145481603742,1.0,1.0
16.8297,RCP,8.0,0.0,121,0.7955428998704779,1.1102230246251565e-16,0.20445710012952203,0.8374219764943571,0.0,0.16257802350564293,0.16257802350564227,0.20445710012952323,0.04187907662387977,1.0,1.0
16.8326,RCP,8.0,0.0,121,0.7801761796898541,0.0,0.21982382031014597,0.8254637871559196,0.0,0.17453621284408036,0.17453621284408138,0.21982382031014455,0.04528760746606458,1.0,1.0
16.8355,RCP,8.0,0.0,121,0.7634058895550548,0.0,0.23659411044494516,0.8123305562148346,1.1102230246251565e-16,0.18766944378516529,0.18766944378516517,0.23659411044494394,0.048924666659779986,1.0,1.0
16.8384,RCP,8.0,0.0,121,0.7452434634823947,0.0,0.2547565365176053,0.7979402786392302,0.0,0.2020597213607698,0.20205972136076872,0.25475653651760855,0.05269681515683661,1.0,1.0
16.8413,RCP,8.0,0.0,121,0.7257737247235522,0.0,0.27422627527644783,0.7822284599023391,-1.1102230246251565e-16,0.21777154009766095,0.21777154009766128,0.2742262752764452,0.05645473517878655,1.0,1.0
16.8442,RCP,8.0,0.0,121,0.7051840518097192,1.1102230246251565e-16,0.2948159481902807,0.7651612924526526,-1.1102230246251565e-16,0.23483870754734748,0.23483870754734917,0.29481594819027923,0.0599772406429315,1.0,1.0
16.8471,RCP,8.0,0.0,121,0.6837962675608349,0.0,0.31620373243916505,0.7467534332266661,1.1102230246251565e-16,0.2532465667733338,0.25324656677333385,0.3162037324391648,0.0629571656658312,1.0,1.0
16.85,RCP,8.0,0.0,121,0.6620961254721656,2.220446049250313e-16,0.33790387452783427,0.7270907426040994,-1.1102230246251565e-16,0.27290925739590066,0.2729092573959003,0.33790387452783266,0.064994617131934,1.0,1.0
16.8529,RCP,8.0,0.0,121,0.6407516842815334,-1.1102230246251565e-16,0.3592483157184667,0.7063574378254244,-1.1102230246251565e-16,0.2936425621745757,0.29364256217457496,0.35924831571846616,0.06560575354389175,1.0,1.0
16.855800000000002,RCP,8.0,0.0,121,0.620608606352492,1.1102230246251565e-16,0.37939139364750785,0.6848654620727932,0.0,0.31513453792720675,0.3151345379272052,0.3793913936475086,0.06425685572030265,1.0,1.0
16.8587,RCP,8.0,0.0,121,0.6026496728507164,-1.1102230246251565e-16,0.3973503271492837,0.6630813582395744,1.1102230246251565e-16,0.3369186417604255,0.3369186417604257,0.3973503271492843,0.060431685388858014,1.0,1.0
16.8616,RCP,8.0,0.0,121,0.5879104274101493,1.1102230246251565e-16,0.41208957258985063,0.6416428101109649,0.0,0.3583571898890351,0.3583571898890343,0.4120895725898515,0.05373238270081632,1.0,1.0
16.8645,RCP,8.0,0.0,121,0.5773546275888131,0.0,0.42264537241118694,0.6213542188439738,0.0,0.3786457811560262,0.3786457811560267,0.4226453724111888,0.04399959125516023,1.0,1.0
16.8674,RCP,8.0,0.0,121,0.5717301345564451,-1.1102230246251565e-16,0.42826986544355505,0.6031500725877732,0.0,0.3968499274122268,0.3968499274122271,0.4282698654435552,0.031419938031327976,1.0,1.0
16.8703,RCP,8.0,0.0,121,0.5714407731231109,0.0,0.4285592268768891,0.5880188311047285,-1.1102230246251565e-16,0.4119811688952716,0.4119811688952716,0.4285592268768883,0.01657805798161749,1.0,1.0
16.8732,RCP,8.0,0.0,121,0.5764727161795673,0.0,0.4235272838204327,0.5768901082130921,1.1102230246251565e-16,0.4231098917869079,0.42310989178690817,0.4235272838204321,0.0004173920335245329,1.0,1.0
16.8761,RCP,8.0,0.0,121,0.5863996889726448,-1.1102230246251565e-16,0.4136003110273553,0.5705025683192748,0.0,0.4294974316807252,0.4294974316807253,0.41360031102735234,0.01589712065337001,1.0,1.0
16.879,RCP,8.0,0.0,121,0.6004647727419836,-1.1102230246251565e-16,0.3995352272580165,0.5692832840056824,-1.1102230246251565e-16,0.43071671599431766,0.4307167159943172,0.39953522725801593,0.031181488736300722,1.0,1.0
16.8819,RCP,8.0,0.0,121,0.6177113736376039,-2.220446049250313e-16,0.3822886263623963,0.5732730622262394,0.0,0.4267269377737606,0.42672693777376014,0.3822886263623974,0.04443831141136384,1.0,1.0
16.884800000000002,RCP,8.0,0.0,121,0.6371245620712608,0.0,0.3628754379287392,0.5821213377586731,0.0,0.41787866224132686,0.41787866224132647,0.3628754379287385,0.05500322431258725,1.0,1.0
16.8877,RCP,8.0,0.0,121,0.6577494612178467,1.1102230246251565e-16,0.34225053878215317,0.5951519174396818,0.0,0.40484808256031823,0.404848082560318,0.3422505387821503,0.06259754377816484,1.0,1.0
16.8906,RCP,8.0,0.0,121,0.6787689870300659,-1.1102230246251565e-16,0.32123101296993417,0.611478016652981,0.0,0.388521983347019,0.3885219833470177,0.3212310129699372,0.06729097037708354,1.0,1.0
16.8935,RCP,8.0,0.0,121,0.6995393771521408,0.0,0.30046062284785924,0.6301328524991985,0.0,0.3698671475008015,0.36986714750080085,0.30046062284785996,0.06940652465294161,1.0,1.0
16.8964,RCP,8.0,0.0,121,0.7195923583288604,-1.1102230246251565e-16,0.28040764167113974,0.6501845001807673,1.1102230246251565e-16,0.34981549981923254,0.3498154998192317,0.28040764167113963,0.06940785814809197,1.0,1.0
16.8993,RCP,8.0,0.0,121,0.7386163675071376,0.0,0.2613836324928624,0.6708162543027107,0.0,0.3291837456972892,0.32918374569729025,0.2613836324928637,0.06780011320442786,1.0,1.0
16.9022,RCP,8.0,0.0,121,0.7564280331583608,0.0,0.2435719668416392,0.6913682515435542,0.0,0.30863174845644586,0.30863174845644437,0.24357196684164145,0.06505978161480516,1.0,1.0
16.9051,RCP,8.0,0.0,121,0.7729418643568395,0.0,0.22705813564316052,0.7113465254682272,0.0,0.2886534745317728,0.28865347453177276,0.22705813564315938,0.06159533888861224,1.0,1.0
16.908,RCP,8.0,0.0,121,0.7881427258436677,1.1102230246251565e-16,0.21185727415633218,0.7304101380569052,0.0,0.2695898619430947,0.26958986194309625,0.21185727415633585,0.05773258778676407,1.0,1.0
16.9109,RCP,8.0,0.0,121,0.8020630944925105,0.0,0.19793690550748952,0.748346858038154,1.1102230246251565e-16,0.25165314196184585,0.25165314196184785,0.19793690550748824,0.05371623645435833,1.0,1.0
16.913800000000002,RCP,8.0,0.0,121,0.8147654628358342,-2.220446049250313e-16,0.18523453716416607,0.7650453323555352,-2.220446049250313e-16,0.23495466764446504,0.23495466764446357,0.18523453716416774,0.0497201304802975,1.0,1.0
16.9167,RCP,8.0,0.0,121,0.826329401930499,0.0,0.17367059806950103,0.7804686878519096,-1.1102230246251565e-16,0.21953131214809055,0.2195313121480912,0.17367059806950172,0.04586071407859019,1.0,1.0
16.9196,RCP,8.0,0.0,121,0.8368424587839904,-2.220446049250313e-16,0.1631575412160098,0.794632002543072,-3.3306690738754696e-16,0.20536799745692833,0.20536799745692694,0.1631575412160088,0.04221045624091713,1.0,1.0
16.9225,RCP,8.0,0.0,121,0.846394019717222,0.0,0.15360598028277805,0.8075843973523773,-1.1102230246251565e-16,0.1924156026476228,0.19241560264762417,0.1536059802827785,0.038809622364846114,1.0,1.0
16.9254,RCP,8.0,0.0,121,0.8550713669210216,-1.1102230246251565e-16,0.14492863307897852,0.819395539714103,0.0,0.18060446028589708,0.18060446028589713,0.14492863307897697,0.035675827206918614,1.0,1.0
16.9283,RCP,8.0,0.0,121,0.8629572998246331,-2.220446049250313e-16,0.13704270017536707,0.8301459115409783,-1.1102230246251565e-16,0.16985408845902178,0.1698540884590207,0.13704270017536707,0.032811388283653625,1.0,1.0
16.9312,RCP,8.0,0.0,121,0.8701288384604023,-1.1102230246251565e-16,0.12987116153959782,0.8399200720340116,0.0,0.16007992796598833,0.16007992796598805,0.12987116153959782,0.030208766426390227,1.0,1.0
16.9341,RCP,8.0,0.0,121,0.8766566522712151,0.0,0.12334334772878486,0.8488021891851777,0.0,0.15119781081482228,0.15119781081482378,0.12334334772878704,0.027854463086038922,1.0,1.0
16.937,RCP,8.0,0.0,121,0.882604958856584,-1.1102230246251565e-16,0.11739504114341616,0.8568732264858852,-1.1102230246251565e-16,0.14312677351411496,0.14312677351411385,0.1173950411434164,0.025731732370697688,1.0,1.0
16.9399,RCP,8.0,0.0,121,0.8880317140611698,-2.220446049250313e-16,0.11196828593883044,0.8642092997452899,-2.220446049250313e-16,0.13579070025471027,0.13579070025471185,0.1119682859388311,0.023822414315881404,1.0,1.0
16.942800000000002,RCP,8.0,0.0,121,0.8929889713410641,-2.220446049250313e-16,0.10701102865893608,0.8708808371877553,-1.1102230246251565e-16,0.12911916281224484,0.12911916281224356,0.1070110286589374,0.02210813415330748,1.0,1.0
16.945700000000002,RCP,8.0,0.0,121,0.8975233288565865,-1.1102230246251565e-16,0.10247667114341362,0.8769522743779767,0.0,0.1230477256220233,0.12304772562202343,0.10247667114341383,0.02057105447860981,1.0,1.0
16.9486,RCP,8.0,0.0,121,0.9016764111784692,-1.1102230246251565e-16,0.09832358882153096,0.8824820925420636,-1.1102230246251565e-16,0.11751790745793655,0.11751790745793746,0.09832358882153203,0.0191943186364065,1.0,1.0
16.9515,RCP,8.0,0.0,121,0.905485352117579,0.0,0.09451464788242106,0.8875230667867953,0.0,0.11247693321320479,0.1124769332132047,0.09451464788242067,0.017962285330783645,1.0,1.0
16.9544,RCP,8.0,0.0,121,0.9089832584993356,-1.1102230246251565e-16,0.09101674150066451,0.8921226330464167,1.1102230246251565e-16,0.10787736695358323,0.10787736695358324,0.09101674150066488,0.016860625452918734,1.0,1.0
16.9573,RCP,8.0,0.0,121,0.9121996435836409,-2.220446049250313e-16,0.08780035641635932,0.8963233128380959,-2.220446049250313e-16,0.10367668716190431,0.10367668716190337,0.08780035641636146,0.01587633074554405,1.0,1.0
16.9602,RCP,8.0,0.0,121,0.9151608246325089,-2.220446049250313e-16,0.08483917536749128,0.900163156126782,-1.1102230246251565e-16,0.09983684387321809,0.09983684387321722,0.08483917536749144,0.014997668505725939,1.0,1.0
16.9631,RCP,8.0,0.0,121,0.9178902828280125,0.0,0.08210971717198742,0.9036761772510937,-2.220446049250313e-16,0.09632382274890648,0.09632382274890545,0.0821097171719873,0.014214105576918032,1.0,1.0
16.966,RCP,8.0,0.0,121,0.9204089860202156,-1.1102230246251565e-16,0.07959101397978456,0.9068927688173691,1.1102230246251565e-16,0.0931072311826308,0.093107231182631,0.07959101397978495,0.013516217202846445,1.0,1.0
16.9689,RCP,8.0,0.0,121,0.9227356761188883,0.0,0.07726432388111173,0.9098400851402652,0.0,0.09015991485973482,0.09015991485973507,0.07726432388111204,0.012895590978623334,1.0,1.0
16.9718,RCP,8.0,0.0,121,0.9248871236618554,-1.1102230246251565e-16,0.0751128763381447,0.9125423912186732,-2.220446049250313e-16,0.08745760878132697,0.08745760878132641,0.07511287633814663,0.01234473244318171,1.0,1.0
16.974700000000002,RCP,8.0,0.0,121,0.9268783524216415,-2.220446049250313e-16,0.07312164757835866,0.9150213761225663,0.0,0.08497862387743374,0.08497862387743325,0.07312164757835962,0.01185697629907459,1.0,1.0
16.9776,RCP,8.0,0.0,121,0.928722837004921,0.0,0.07127716299507907,0.9172964315540335,-1.1102230246251565e-16,0.08270356844596664,0.08270356844596635,0.071277162995079,0.011426405450887286,1.0,1.0
16.9805,RCP,8.0,0.0,121,0.9304326763550586,0.0,0.06956732364494142,0.9193848975887482,0.0,0.0806151024112518,0.08061510241125418,0.06956732364494175,0.011047778766312757,1.0,1.0
16.9834,RCP,8.0,0.0,121,0.9320187459477361,-1.1102230246251565e-16,0.06798125405226399,0.9213022784277963,-1.1102230246251565e-16,0.07869772157220381,0.078697721572204,0.06798125405226407,0.010716467519940015,1.0,1.0
16.9863,RCP,8.0,0.0,121,0.9334908313099235,-2.220446049250313e-16,0.06650916869007678,0.9230624315253264,-2.220446049250313e-16,0.07693756847467376,0.0769375684746736,0.06650916869007636,0.010428399784596823,1.0,1.0
16.9892,RCP,8.0,0.0,121,0.9348577453056115,-2.220446049250313e-16,0.06514225469438872,0.9246777337515237,0.0,0.0753222662484763,0.07532226624847926,0.06514225469438861,0.01018001155409054,1.0,1.0
16.9921,RCP,8.0,0.0,121,0.9361274314198762,-2.220446049250313e-16,0.06387256858012405,0.9261592283061513,0.0,0.07384077169384876,0.07384077169384817,0.063872568580125,0.009968203113724122,1.0,1.0
16.995,RCP,8.0,0.0,121,0.9373070550356347,-1.1102230246251565e-16,0.06269294496436544,0.9275167559024701,1.1102230246251565e-16,0.07248324409752986,0.07248324409752949,0.06269294496436553,0.009790299133164052,1.0,1.0
16.9979,RCP,8.0,0.0,121,0.9384030844365012,0.0,0.06159691556349872,0.9287590732981128,0.0,0.07124092670188718,0.0712409267018872,0.06159691556349839,0.009644011138388475,1.0,1.0
17.0008,RCP,8.0,0.0,121,0.9394213629883525,-1.1102230246251565e-16,0.06057863701164754,0.9298939615946311,0.0,0.07010603840536886,0.07010603840536725,0.060578637011647604,0.009527401393719707,1.0,1.0
17.003700000000002,RCP,8.0,0.0,121,0.9403671736762775,0.0,0.05963282632372252,0.9309283259603571,0.0,0.06907167403964291,0.06907167403964333,0.05963282632372134,0.009438847715920809,1.0,1.0
17.0066,RCP,8.0,0.0,121,0.9412452969155307,0.0,0.05875470308446934,0.9318682876635911,0.0,0.06813171233640893,0.06813171233640788,0.058754703084469,0.009377009251938545,1.0,1.0
17.0095,RCP,8.0,0.0,121,0.9420600623434308,0.0,0.05793993765656919,0.9327192686698291,0.0,0.06728073133017083,0.06728073133016986,0.05793993765656884,0.009340793673600668,1.0,1.0
17.0124,RCP,8.0,0.0,121,0.9428153951405529,1.1102230246251565e-16,0.05718460485944694,0.9334860686402431,0.0,0.06651393135975697,0.06651393135975649,0.05718460485944768,0.00932932650030955,1.0,1.0
17.0153,RCP,8.0,0.0,121,0.9435148573314535,0.0,0.0564851426685465,0.9341729340124789,0.0,0.06582706598752107,0.06582706598752056,0.05648514266854722,0.009341923318974057,1.0,1.0
17.0182,RCP,8.0,0.0,121,0.9441616844653038,-1.1102230246251565e-16,0.05583831553469632,0.9347836189139958,0.0,0.06521638108600424,0.06521638108600716,0.05583831553469642,0.009378065551310842,1.0,1.0
17.0211,RCP,8.0,0.0,121,0.9447588180592743,0.0,0.05524118194072564,0.9353214378834556,-1.1102230246251565e-16,0.06467856211654456,0.06467856211654414,0.055241181940726296,0.009437380175818508,1.0,1.0
17.024,RCP,8.0,0.0,121,0.9453089341866787,-1.1102230246251565e-16,0.054691065813321345,0.9357893106659053,-1.1102230246251565e-16,0.06421068933409474,0.06421068933409338,0.054691065813321435,0.009519623520772034,1.0,1.0
17.0269,RCP,8.0,0.0,121,0.9458144685876183,-1.1102230246251565e-16,0.05418553141238179,0.9361897996155801,0.0,0.06381020038441991,0.06381020038441906,0.05418553141238149,0.009624668972037273,1.0,1.0
17.0298,RCP,8.0,0.0,121,0.9462776386660734,-1.1102230246251565e-16,0.053722361333926716,0.9365251404346563,-1.1102230246251565e-16,0.06347485956534382,0.06347485956534217,0.053722361333927264,0.009752498231415455,1.0,1.0
17.032700000000002,RCP,8.0,0.0,121,0.9467004627067204,-1.1102230246251565e-16,0.0532995372932797,0.9367972670685254,0.0,0.0632027329314746,0.06320273293147761,0.05329953729327934,0.009903195638197915,1.0,1.0
17.035600000000002,RCP,8.0,0.0,121,0.9470847765992645,0.0,0.05291522340073557,0.9370078315731201,-1.1102230246251565e-16,0.06299216842688006,0.0629921684268789,0.05291522340073655,0.010076945026143327,1.0,1.0
17.0385,RCP,8.0,0.0,121,0.9474322483004405,0.0,0.05256775169955952,0.9371582196865107,-2.220446049250313e-16,0.06284178031348948,0.06284178031348993,0.05256775169955864,0.010274028613930411,1.0,1.0
17.0414,RCP,8.0,0.0,121,0.9477443902014513,0.0,0.052255609798548736,0.9372495627047748,0.0,0.06275043729522523,0.0627504372952258,0.052255609798549554,0.010494827496677059,1.0,1.0
17.0443,RCP,8.0,0.0,121,0.9480225695056705,0.0,0.05197743049432946,0.9372827461070832,0.0,0.06271725389291677,0.0627172538929178,0.051977430494330006,0.010739823398588338,1.0,1.0
17.0472,RCP,8.0,0.0,121,0.9482680166671271,0.0,0.05173198333287291,0.9372584152226162,0.0,0.06274158477738373,0.06274158477738336,0.05173198333287284,0.011009601444510443,1.0,1.0
17.0501,RCP,8.0,0.0,121,0.9484818319005107,-1.1102230246251565e-16,0.05151816809948938,0.9371769781007323,-1.1102230246251565e-16,0.06282302189926775,0.06282302189926842,0.051518168099488636,0.011304853799779038,1.0,1.0
17.053,RCP,8.0,0.0,121,0.9486649897560068,0.0,0.051335010243993257,0.9370386056501712,-1.1102230246251565e-16,0.06296139434982892,0.06296139434982832,0.051335010243993645,0.011626384105835066,1.0,1.0
17.0559,RCP,8.0,0.0,121,0.948818341762704,-1.1102230246251565e-16,0.051181658237296146,0.9368432290620649,-1.1102230246251565e-16,0.06315677093793523,0.06315677093793634,0.05118165823729594,0.011975112700640195,1.0,1.0
17.0588,RCP,8.0,0.0,121,0.9489426171857946,0.0,0.05105738281420533,0.9365905345303852,1.1102230246251565e-16,0.06340946546961469,0.06340946546961437,0.05105738281420537,0.012352082655409047,1.0,1.0
17.061700000000002,RCP,8.0,0.0,121,0.9490384220121058,0.0,0.050961577987894226,0.9362799553286019,1.1102230246251565e-16,0.063720044671398,0.0637200446713963,0.050961577987894496,0.012758466683502077,1.0,1.0
17.0646,RCP,8.0,0.0,121,0.9491062363655077,-1.1102230246251565e-16,0.05089376363449241,0.9359106613822846,0.0,0.06408933861771542,0.06408933861771574,0.050893763634493,0.013195574983223324,1.0,1.0
17.0675,RCP,8.0,0.0,121,0.9491464106393481,0.0,0.05085358936065184,0.9354815465734877,-1.1102230246251565e-16,0.06451845342651237,0.06451845342651219,0.05085358936065169,0.01366486406586035,1.0,1.0
17.0704,RCP,8.0,0.0,121,0.9491591606921335,0.0,0.0508408393078665,0.934991214094337,0.0,0.06500878590566292,0.06500878590566075,0.050840839307866245,0.014167946597794252,1.0,1.0
17.0733,RCP,8.0,0.0,121,0.9491445624583971,0.0,0.0508554375416029,0.9344379602024817,-1.1102230246251565e-16,0.06556203979751839,0.06556203979751761,0.050855437541603626,0.014706602255914712,1.0,1.0
17.0762,RCP,8.0,0.0,121,0.9491025462596787,0.0,0.05089745374032127,0.9338197566887395,-1.1102230246251565e-16,0.06618024331126064,0.06618024331126134,0.050897453740321195,0.015282789570940064,1.0,1.0
17.0791,RCP,8.0,0.0,121,0.949032890956787,-1.1102230246251565e-16,0.05096710904321313,0.9331342322338632,0.0,0.06686576776613679,0.06686576776613641,0.050967109043213096,0.01589865872292328,1.0,1.0
17.082,RCP,8.0,0.0,121,0.9489352178776194,-2.220446049250313e-16,0.05106478212238082,0.9323786526047694,0.0,0.0676213473952306,0.06762134739523064,0.05106478212238068,0.01655656527284982,1.0,1.0
17.0849,RCP,8.0,0.0,121,0.9488089842193952,-2.220446049250313e-16,0.051191015780604976,0.9315498993445059,-1.1102230246251565e-16,0.06845010065549416,0.06845010065549427,0.051191015780604775,0.017259084874889294,1.0,1.0
17.0878,RCP,8.0,0.0,121,0.9486534754023941,0.0,0.05134652459760586,0.9306444462787602,1.1102230246251565e-16,0.06935555372123973,0.06935555372124204,0.05134652459760487,0.01800902912363618,1.0,1.0
17.090700000000002,RCP,8.0,0.0,121,0.9484677956882765,0.0,0.05153220431172342,0.9296583328345881,-1.1102230246251565e-16,0.07034166716541197,0.07034166716541448,0.05153220431172337,0.01880946285369106,1.0,1.0
17.093600000000002,RCP,8.0,0.0,121,0.9482508563007526,-1.1102230246251565e-16,0.05174914369924754,0.9285871328763884,-2.220446049250313e-16,0.07141286712361179,0.07141286712361206,0.05174914369924702,0.019663723424364517,1.0,1.0
17.0965,RCP,8.0,0.0,121,0.9480013603198096,1.1102230246251565e-16,0.05199863968019029,0.927425917532599,-1.1102230246251565e-16,0.07257408246740114,0.07257408246740067,0.051998639680189584,0.02057544278721038,1.0,1.0
17.0994,RCP,8.0,0.0,121,0.9477177837689552,-1.1102230246251565e-16,0.05228221623104493,0.9261692103227223,-1.1102230246251565e-16,0.07383078967727782,0.07383078967727628,0.0522822162310452,0.021548573446231352,1.0,1.0
17.1023,RCP,8.0,0.0,121,0.9473983525863497,0.0,0.05260164741365028,0.9248109328008464,-2.220446049250313e-16,0.07518906719915389,0.07518906719915411,0.052601647413650116,0.022587419785503826,1.0,1.0
17.1052,RCP,8.0,0.0,121,0.9470410155840694,0.0,0.052958984415930596,0.923344338914835,-1.1102230246251565e-16,0.07665566108516512,0.07665566108516576,0.05295898441593018,0.023696676669235167,1.0,1.0
17.1081,RCP,8.0,0.0,121,0.9466434140979579,0.0,0.0533565859020421,0.921761936347641,0.0,0.07823806365235897,0.07823806365235643,0.053356585902042036,0.02488147775031433,1.0,1.0
17.111,RCP,8.0,0.0,121,0.9462028498903213,-1.1102230246251565e-16,0.05379715010967877,0.9200553932724256,-2.220446049250313e-16,0.07994460672757459,0.07994460672757482,0.05379715010967913,0.026147456617896053,1.0,1.0
17.1139,RCP,8.0,0.0,121,0.9457162540990426,1.1102230246251565e-16,0.05428374590095731,0.9182154292169751,0.0,0.08178457078302498,0.08178457078302397,0.05428374590095743,0.027500824882066656,1.0,1.0
17.1168,RCP,8.0,0.0,121,0.9451801617760325,0.0,0.05481983822396751,0.9162316890850151,1.1102230246251565e-16,0.08376831091498486,0.08376831091498674,0.05481983822396754,0.02894847269101923,1.0,1.0
17.1197,RCP,8.0,0.0,121,0.9445906989868746,0.0,0.05540930101312538,0.9140925997761891,0.0,0.08590740022381099,0.08590740022381144,0.05540930101312666,0.03049809921068606,1.0,1.0
17.122600000000002,RCP,8.0,0.0,121,0.9439435926984654,-1.1102230246251565e-16,0.05605640730153467,0.9117852092112262,-2.220446049250313e-16,0.08821479078877399,0.08821479078877678,0.0560564073015344,0.03215838348724211,1.0,1.0
17.1255,RCP,8.0,0.0,121,0.9432342178178249,1.1102230246251565e-16,0.05676578218217503,0.9092950078196139,0.0,0.09070499218038607,0.09070499218038759,0.05676578218217605,0.03393920999821256,1.0,1.0
17.1284,RCP,8.0,0.0,121,0.9424577005902538,-1.1102230246251565e-16,0.057542299409746304,0.9066057326086283,0.0,0.09339426739137167,0.09339426739137006,0.05754229940974718,0.03585196798162376,1.0,1.0
17.1313,RCP,8.0,0.0,121,0.9416091024846189,0.0,0.05839089751538105,0.9036991537674197,0.0,0.09630084623258034,0.09630084623258015,0.0583908975153809,0.0379099487171991,1.0,1.0
17.1342,RCP,8.0,0.0,121,0.9406837122405688,0.0,0.05931628775943122,0.9005548434044691,-1.1102230246251565e-16,0.09944515659553098,0.09944515659553035,0.05931628775943182,0.04012886883609913,1.0,1.0
17.1371,RCP,8.0,0.0,121,0.9396774732247299,0.0,0.06032252677527002,0.897149925570596,0.0,0.10285007442940397,0.10285007442940172,0.060322526775270675,0.0425275476541317,1.0,1.0
17.14,RCP,8.0,0.0,121,0.9385875643201267,-1.1102230246251565e-16,0.06141243567987341,0.8934588063522328,0.0,0.10654119364776714,0.10654119364776962,0.0614124356798741,0.04512875796789621,1.0,1.0
17.1429,RCP,8.0,0.0,121,0.9374131294798633,1.1102230246251565e-16,0.06258687052013656,0.889452882726601,0.0,0.11054711727339904,0.1105471172734023,0.06258687052013616,0.04796024675326574,1.0,1.0
17.1458,RCP,8.0,0.0,121,0.9361561080696165,0.0,0.06384389193038352,0.8851002292492189,-2.220446049250313e-16,0.11489977075078127,0.11489977075077998,0.06384389193038417,0.05105587882039646,1.0,1.0
17.1487,RCP,8.0,0.0,121,0.9348220533357768,0.0,0.06517794666422316,0.8803652626638285,0.0,0.1196347373361715,0.11963473733616718,0.0651779466642225,0.05445679067194402,1.0,1.0
17.151600000000002,RCP,8.0,0.0,121,0.9334207482933488,-2.220446049250313e-16,0.06657925170665145,0.875208386324762,-1.1102230246251565e-16,0.12479161367523804,0.12479161367523738,0.06657925170665105,0.058212361968585924,1.0,1.0
17.1545,RCP,8.0,0.0,121,0.9319663630200499,-1.1102230246251565e-16,0.06803363697995027,0.8695856190248388,0.0,0.13041438097516125,0.13041438097515956,0.0680336369799503,0.06238074399520929,1.0,1.0
17.1574,RCP,8.0,0.0,121,0.9304768893077282,0.0,0.0695231106922718,0.8634482165954951,0.0,0.13655178340450486,0.13655178340450558,0.0695231106922706,0.06702867271223378,1.0,1.0
17.1603,RCP,8.0,0.0,121,0.9289726864111018,-1.1102230246251565e-16,0.07102731358889833,0.8567422997631062,0.0,0.14325770023689377,0.14325770023689618,0.07102731358889837,0.07223038664799786,1.0,1.0
17.1632,RCP,8.0,0.0,121,0.9274741935990337,-1.1102230246251565e-16,0.07252580640096636,0.8494085087010627,-1.1102230246251565e-16,0.15059149129893745,0.15059149129893534,0.07252580640096679,0.07806568489796899,1.0,1.0
17.1661,RCP,8.0,0.0,121,0.9259991608764869,-1.1102230246251565e-16,0.07400083912351323,0.841381714376916,-2.220446049250313e-16,0.15861828562308417,0.15861828562308802,0.07400083912351328,0.0846174464995748,1.0,1.0
17.169,RCP,8.0,0.0,121,0.9245599935726665,0.0,0.07544000642733348,0.8325908305868284,-1.1102230246251565e-16,0.16740916941317177,0.16740916941317216,0.07544000642733407,0.09196916298583868,1.0,1.0
17.1719,RCP,8.0,0.0,121,0.9231618575092219,0.0,0.07683814249077812,0.8229587907494316,-1.1102230246251565e-16,0.17704120925056852,0.17704120925056718,0.07683814249077683,0.10020306675978906,1.0,1.0
17.1748,RCP,8.0,0.0,121,0.9218019886739837,-1.1102230246251565e-16,0.07819801132601648,0.8124027833814902,-1.1102230246251565e-16,0.18759721661850995,0.18759721661851111,0.07819801132601709,0.10939920529249464,1.0,1.0
17.1777,RCP,8.0,0.0,121,0.9204702752753056,0.0,0.07952972472469447,0.8008348842047035,-1.1102230246251565e-16,0.19916511579529664,0.19916511579530105,0.07952972472469372,0.11963539107060658,1.0,1.0
17.180600000000002,RCP,8.0,0.0,121,0.9191508090928938,-1.1102230246251565e-16,0.08084919090710624,0.788163286424307,1.1102230246251565e-16,0.21183671357569295,0.21183671357569586,0.08084919090710652,0.13098752266858962,1.0,1.0
17.183500000000002,RCP,8.0,0.0,121,0.9178238963982182,-2.220446049250313e-16,0.08217610360178201,0.774294419304628,-1.1102230246251565e-16,0.22570558069537217,0.22570558069537058,0.08217610360178161,0.14352947709358857,1.0,1.0
17.1864,RCP,8.0,0.0,121,0.9164680249184949,0.0,0.08353197508150512,0.7591363618615369,1.1102230246251565e-16,0.240863638138463,0.24086363813846126,0.08353197508150532,0.15733166305695614,1.0,1.0
17.1893,RCP,8.0,0.0,121,0.9150614398206052,-1.1102230246251565e-16,0.08493856017939491,0.7426041001326674,0.0,0.2573958998673326,0.25739589986733086,0.08493856017939481,0.17245733968793595,1.0,1.0
17.1922,RCP,8.0,0.0,121,0.9135831822522149,-1.1102230246251565e-16,0.08641681774778517,0.7246273268248657,0.0,0.2753726731751342,0.27537267317513164,0.08641681774778505,0.18895585542734647,1.0,1.0
17.1951,RCP,8.0,0.0,121,0.9120136061103065,-2.220446049250313e-16,0.08798639388969379,0.7051616022712679,-1.1102230246251565e-16,0.2948383977287322,0.294838397728734,0.08798639388969398,0.2068520038390402,1.0,1.0
17.198,RCP,8.0,0.0,121,0.9103344799405149,0.0,0.08966552005948515,0.6842037114692082,-1.1102230246251565e-16,0.31579628853079184,0.3157962885307894,0.0896655200594855,0.22613076847130426,1.0,1.0
17.2009,RCP,8.0,0.0,121,0.9085288082338104,0.0,0.09147119176618955,0.6618118412878677,0.0,0.3381881587121323,0.3381881587121347,0.09147119176618959,0.24671696694594514,1.0,1.0
17.2038,RCP,8.0,0.0,121,0.9065804935926882,0.0,0.0934195064073118,0.6381305889602784,-2.220446049250313e-16,0.36186941103972176,0.3618694110397231,0.09341950640731152,0.2684499046324113,1.0,1.0
17.2067,RCP,8.0,0.0,121,0.9044739313784194,0.0,0.09552606862158058,0.6134195871990469,0.0,0.3865804128009531,0.3865804128009546,0.09552606862157939,0.29105434417937404,1.0,1.0
17.209600000000002,RCP,8.0,0.0,121,0.902193596859474,1.1102230246251565e-16,0.09780640314052594,0.5880825223432838,-1.1102230246251565e-16,0.4119174776567162,0.4119174776567135,0.09780640314052631,0.3141110745161876,1.0,1.0
17.212500000000002,RCP,8.0,0.0,121,0.8997236589572688,-2.220446049250313e-16,0.10027634104273139,0.5626905663567616,-1.1102230246251565e-16,0.4373094336432385,0.43730943364323877,0.10027634104273099,0.3370330926005074,1.0,1.0
17.2154,RCP,8.0,0.0,121,0.8970476364963087,-2.220446049250313e-16,0.1029523635036915,0.5379912520540064,0.0,0.46200874794599356,0.4620087479459908,0.10295236350368932,0.35905638444229926,1.0,1.0
17.2183,RCP,8.0,0.0,121,0.8941481017892907,0.0,0.10585189821070928,0.5148918510872378,0.0,0.48510814891276227,0.48510814891276366,0.1058518982107112,0.3792562507020544,1.0,1.0
17.2212,RCP,8.0,0.0,121,0.8910064309003334,0.0,0.10899356909966668,0.4944073649444167,0.0,0.5055926350555833,0.5055926350555823,0.10899356909966897,0.3965990659559156,1.0,1.0
17.2241,RCP,8.0,0.0,121,0.8876025985263354,2.220446049250313e-16,0.11239740147366444,0.47756934249393546,1.1102230246251565e-16,0.5224306575060644,0.5224306575060642,0.11239740147366323,0.41003325603239976,1.0,1.0
17.227,RCP,8.0,0.0,121,0.883915016974409,0.0,0.11608498302559102,0.46530334651137306,1.1102230246251565e-16,0.5346966534886268,0.5346966534886287,0.1160849830255911,0.4186116704630377,1.0,1.0
17.2299,RCP,8.0,0.0,121,0.8799204224717649,2.220446049250313e-16,0.1200795775282349,0.4582970579199668,-1.1102230246251565e-16,0.5417029420800333,0.5417029420800318,0.12007957752823557,0.4216233645517969,1.0,1.0
17.2328,RCP,8.0,0.0,121,0.875593817676495,0.0,0.12440618232350496,0.45689117243623745,0.0,0.5431088275637626,0.5431088275637591,0.12440618232350358,0.41870264524025413,1.0,1.0
17.2357,RCP,8.0,0.0,121,0.8709084866855241,0.0,0.12909151331447585,0.46102430290060353,-5.551115123125783e-17,0.5389756970993965,0.5389756970993956,0.12909151331447624,0.40988418378491975,1.0,1.0
17.2386,RCP,8.0,0.0,121,0.8658361081679323,-1.1102230246251565e-16,0.1341638918320678,0.47024869283064974,-1.1102230246251565e-16,0.5297513071693504,0.5297513071693496,0.13416389183206945,0.3955874153372818,1.0,1.0
17.241500000000002,RCP,8.0,0.0,121,0.8603470035838201,0.0,0.13965299641617995,0.4838112444934571,-5.551115123125783e-17,0.516188755506543,0.5161887555065444,0.13965299641617873,0.37653575909036446,1.0,1.0
17.2444,RCP,8.0,0.0,121,0.8544105706353526,-2.220446049250313e-16,0.14558942936464753,0.500774898880611,1.1102230246251565e-16,0.4992251011193889,0.4992251011193888,0.1455894293646468,0.35363567175474125,1.0,1.0
17.2473,RCP,8.0,0.0,121,0.8479959662893006,-1.1102230246251565e-16,0.1520040337106995,0.5201475172679313,0.0,0.47985248273206876,0.479852482732069,0.15200403371069768,0.32784844902136945,1.0,1.0
17.2502,RCP,8.0,0.0,121,0.8410731167097646,-1.1102230246251565e-16,0.15892688329023558,0.5409904914488933,0.0,0.45900950855110667,0.45900950855110845,0.1589268832902343,0.30008262526087287,1.0,1.0
17.2531,RCP,8.0,0.0,121,0.8336141387747196,-1.1102230246251565e-16,0.16638586122528054,0.5624920075014046,-1.1102230246251565e-16,0.4375079924985955,0.43750799249859224,0.16638586122528023,0.2711221312733117,1.0,1.0
17.256,RCP,8.0,0.0,121,0.8255952517522147,-2.220446049250313e-16,0.17440474824778546,0.5840029898092305,0.0,0.41599701019076957,0.4159970101907698,0.17440474824778443,0.24159226194298433,1.0,1.0
17.2589,RCP,8.0,0.0,121,0.8169992263997672,1.1102230246251565e-16,0.18300077360023267,0.6050425342854413,0.0,0.3949574657145587,0.39495746571455964,0.18300077360023362,0.21195669211432697,1.0,1.0
17.2618,RCP,8.0,0.0,121,0.807818346969488,0.0,0.19218165303051205,0.6252830758039316,0.0,0.3747169241960684,0.37471692419606306,0.19218165303051069,0.18253527116555102,1.0,1.0
17.2647,RCP,8.0,0.0,121,0.7980577339246719,-1.1102230246251565e-16,0.20194226607532817,0.6445250288654063,1.1102230246251565e-16,0.3554749711345936,0.35547497113459103,0.20194226607532992,0.15353270505926286,1.0,1.0
17.2676,RCP,8.0,0.0,121,0.7877386838720196,1.1102230246251565e-16,0.21226131612798033,0.6626682346371328,-1.1102230246251565e-16,0.3373317653628673,0.3373317653628661,0.21226131612797802,0.12507044923488575,1.0,1.0
17.270500000000002,RCP,8.0,0.0,121,0.776901441422879,1.1102230246251565e-16,0.2230985585771209,0.6796848145821253,0.0,0.32031518541787474,0.3203151854178727,0.22309855857712022,0.09721662684075177,1.0,1.0
17.273400000000002,RCP,8.0,0.0,121,0.7656065752590454,0.0,0.23439342474095462,0.6955957878970043,0.0,0.3044042121029958,0.3044042121029947,0.23439342474095345,0.07001078736204006,1.0,1.0
17.2763,RCP,8.0,0.0,121,0.7539339837376633,1.1102230246251565e-16,0.24606601626233662,0.7104522867457923,0.0,0.2895477132542077,0.2895477132542133,0.2460660162623397,0.04348169699187668,1.0,1.0
17.2792,RCP,8.0,0.0,121,0.7419786344734914,-1.1102230246251565e-16,0.2580213655265086,0.7243213165458742,0.0,0.2756786834541259,0.27567868345412816,0.2580213655265107,0.017657317927619542,1.0,1.0
17.2821,RCP,8.0,0.0,121,0.7298425647874234,0.0,0.2701574352125766,0.7372755711882937,-1.1102230246251565e-16,0.26272442881170643,0.26272442881170577,0.27015743521257646,0.007433006400870856,1.0,1.0
17.285,RCP,8.0,0.0,121,0.7176234599228886,0.0,0.28237654007711144,0.7493866463810335,0.0,0.25061335361896653,0.25061335361896714,0.2823765400771102,0.0317631864581443,1.0,1.0
17.2879,RCP,8.0,0.0,121,0.705401139723877,-1.1102230246251565e-16,0.29459886027612314,0.7607209692627419,-1.1102230246251565e-16,0.23927903073725817,0.23927903073725984,0.2945988602761203,0.0553198295388633,1.0,1.0
17.2908,RCP,8.0,0.0,121,0.6932242058284125,-1.1102230246251565e-16,0.30677579417158757,0.7713378018213837,-1.1102230246251565e-16,0.2286621981786164,0.22866219817861722,0.30677579417158674,0.07811359599297035,1.0,1.0
17.2937,RCP,8.0,0.0,121,0.6810995542319325,0.0,0.3189004457680676,0.7812887412003456,-1.1102230246251565e-16,0.2187112587996545,0.21871125879965764,0.31890044576806537,0.10018918696840995,1.0,1.0
17.2966,RCP,8.0,0.0,121,0.6689872042111698,0.0,0.3310127957888302,0.7906182164700943,-1.1102230246251565e-16,0.2093817835299058,0.2093817835299048,0.3310127957888284,0.12163101225892539,1.0,1.0
17.299500000000002,RCP,8.0,0.0,121,0.6568019956807167,0.0,0.3431980043192833,0.799364564145683,0.0,0.20063543585431698,0.20063543585431662,0.3431980043192823,0.1425625684649667,1.0,1.0
17.3024,RCP,8.0,0.0,121,0.6444225224256713,0.0,0.35557747757432867,0.8075613511453676,0.0,0.1924386488546324,0.19243864885463097,0.35557747757432867,0.1631388287196977,1.0,1.0
17.3053,RCP,8.0,0.0,121,0.6317066698168035,-2.220446049250313e-16,0.3682933301831967,0.8152387005444486,0.0,0.18476129945555145,0.1847612994555527,0.3682933301831912,0.183532030727644,1.0,1.0
17.3082,RCP,8.0,0.0,121,0.6185126459020697,-1.1102230246251565e-16,0.3814873540979305,0.8224244574579813,0.0,0.17757554254201868,0.17757554254201768,0.3814873540979302,0.20391181155591281,1.0,1.0
17.3111,RCP,8.0,0.0,121,0.6047244697085673,-1.1102230246251565e-16,0.39527553029143275,0.8291451046475862,0.0,0.17085489535241385,0.17085489535241138,0.3952755302914295,0.22442063493902137,1.0,1.0
17.314,RCP,8.0,0.0,121,0.5902812468987612,-1.1102230246251565e-16,0.4097187531012389,0.8354263962703529,-2.220446049250313e-16,0.16457360372964733,0.16457360372964847,0.40971875310124134,0.24514514937159043,1.0,1.0
17.3169,RCP,8.0,0.0,121,0.5752097661825047,0.0,0.42479023381749526,0.8412937218892471,-1.1102230246251565e-16,0.158706278110753,0.15870627811075325,0.4247902338174864,0.26608395570674204,1.0,1.0
17.3198,RCP,8.0,0.0,121,0.5596594722626398,0.0,0.44034052773736015,0.846772241857266,-1.1102230246251565e-16,0.15322775814273412,0.1532277581427331,0.44034052773735605,0.28711276959462706,1.0,1.0
17.3227,RCP,8.0,0.0,121,0.5439372491144707,0.0,0.4560627508855293,0.8518868513015685,1.1102230246251565e-16,0.14811314869843142,0.14811314869843223,0.45606275088552556,0.30794960218709705,1.0,1.0
17.3256,RCP,8.0,0.0,121,0.5285364422859493,-1.1102230246251565e-16,0.4714635577140508,0.8566620356193906,-1.1102230246251565e-16,0.14333796438060953,0.14333796438060917,0.47146355771404713,0.3281255933334416,1.0,1.0
17.328500000000002,RCP,8.0,0.0,121,0.5141504768157732,1.1102230246251565e-16,0.4858495231842267,0.8611216780988988,-2.220446049250313e-16,0.13887832190110133,0.13887832190110103,0.48584952318422,0.34697120128312564,1.0,1.0
17.331400000000002,RCP,8.0,0.0,121,0.5016576646143337,-1.1102230246251565e-16,0.49834233538566636,0.8652888720202772,0.0,0.13471112797972287,0.1347111279797226,0.4983423353856653,0.3636312074059438,1.0,1.0
17.3343,RCP,8.0,0.0,121,0.4920631572488005,-5.551115123125783e-17,0.5079368427511995,0.8691857770033808,-2.220446049250313e-16,0.13081422299661932,0.13081422299661274,0.5079368427511979,0.37712261975458683,1.0,1.0
17.3372,RCP,8.0,0.0,121,0.4863902145178003,1.1102230246251565e-16,0.5136097854821996,0.8728335436936758,0.0,0.12716645630632417,0.12716645630632706,0.5136097854822038,0.38644332917587254,1.0,1.0
17.3401,RCP,8.0,0.0,121,0.48552832598048057,0.0,0.5144716740195194,0.8762523131845568,0.0,0.12374768681544325,0.12374768681544195,0.5144716740195192,0.39072398720407747,1.0,1.0
17.343,RCP,8.0,0.0,121,0.4900673021413834,0.0,0.5099326978586166,0.8794612787567673,-1.1102230246251565e-16,0.1205387212432328,0.12053872124322933,0.5099326978586167,0.38939397661538727,1.0,1.0
17.3459,RCP,8.0,0.0,121,0.5001639307581823,0.0,0.49983606924181767,0.882478778609971,0.0,0.11752122139002893,0.11752122139002447,0.4998360692418159,0.3823148478517932,1.0,1.0
17.3488,RCP,8.0,0.0,121,0.5154876917779818,-1.1102230246251565e-16,0.4845123082220183,0.8853223710039444,-1.1102230246251565e-16,0.11467762899605573,0.11467762899605881,0.4845123082220216,0.3698346792259595,1.0,1.0
17.3517,RCP,8.0,0.0,121,0.5352683843472372,-1.1102230246251565e-16,0.4647316156527629,0.8880088311992974,-1.1102230246251565e-16,0.11199116880070271,0.11199116880070276,0.46473161565276466,0.35274044685206013,1.0,1.0
17.3546,RCP,8.0,0.0,121,0.5584311528654636,-1.1102230246251565e-16,0.4415688471345365,0.8905540093273616,-1.1102230246251565e-16,0.10944599067263851,0.1094459906726396,0.44156884713453964,0.3321228564618969,1.0,1.0
17.3575,RCP,8.0,0.0,121,0.5837740448673433,0.0,0.4162259551326567,0.8929725089368972,0.0,0.10702749106310287,0.1070274910631017,0.4162259551326602,0.309198464069555,1.0,1.0
17.360400000000002,RCP,8.0,0.0,121,0.6101357913922975,-1.1102230246251565e-16,0.3898642086077026,0.8952771948987847,0.0,0.10472280510121539,0.1047228051012142,0.3898642086077064,0.2851414035064884,1.0,1.0
17.363300000000002,RCP,8.0,0.0,121,0.6365166682386192,-2.220446049250313e-16,0.363483331761381,0.8974786133547366,1.1102230246251565e-16,0.10252138664526336,0.10252138664525808,0.3634833317613982,0.2609619451161229,1.0,1.0
17.3662,RCP,8.0,0.0,121,0.6621399572309853,1.1102230246251565e-16,0.3378600427690146,0.8995844821231487,0.0,0.10041551787685138,0.10041551787685357,0.3378600427690118,0.23744452489216103,1.0,1.0
17.3691,RCP,8.0,0.0,121,0.686461819689938,1.1102230246251565e-16,0.3135381803100619,0.901599445297956,-1.1102230246251565e-16,0.09840055470204406,0.09840055470204455,0.3135381803100598,0.21513762560801736,1.0,1.0
17.372,RCP,8.0,0.0,121,0.7091470455315556,-2.220446049250313e-16,0.2908529544684446,0.9035252417901483,0.0,0.09647475820985177,0.09647475820985309,0.2908529544684474,0.19437819625859154,1.0,1.0
17.3749,RCP,8.0,0.0,121,0.7300284406146842,-2.220446049250313e-16,0.26997155938531603,0.9053613130311451,-1.1102230246251565e-16,0.094638686968855,0.09463868696885523,0.2699715593853163,0.17533287241646078,1.0,1.0
17.3778,RCP,8.0,0.0,121,0.7490630274959897,0.0,0.2509369725040103,0.9071057225087591,-1.1102230246251565e-16,0.09289427749124099,0.09289427749123973,0.2509369725040109,0.15804269501277057,1.0,1.0
17.3807,RCP,8.0,0.0,121,0.7662926884103161,1.1102230246251565e-16,0.23370731158968386,0.9087561577779053,-1.1102230246251565e-16,0.09124384222209476,0.09124384222209558,0.23370731158968464,0.14246346936758827,1.0,1.0
17.3836,RCP,8.0,0.0,121,0.7818124491044174,0.0,0.21818755089558267,0.9103107834948767,0.0,0.08968921650512333,0.08968921650512321,0.21818755089557715,0.12849833439045946,1.0,1.0
17.3865,RCP,8.0,0.0,121,0.7957468195201312,-1.1102230246251565e-16,0.20425318047986893,0.9117687992780736,0.0,0.0882312007219264,0.08823120072192583,0.20425318047986882,0.1160219797579431,1.0,1.0
17.389400000000002,RCP,8.0,0.0,121,0.8082332128041536,-1.1102230246251565e-16,0.1917667871958465,0.9131306718739938,0.0,0.0868693281260062,0.08686932812600788,0.19176678719584223,0.10489745906983862,1.0,1.0
17.3923,RCP,8.0,0.0,121,0.8194109801321219,-1.1102230246251565e-16,0.1805890198678782,0.9143981010943025,-1.1102230246251565e-16,0.08560189890569758,0.08560189890570016,0.18058901986787945,0.09498712096217804,1.0,1.0
17.3952,RCP,8.0,0.0,121,0.8294146079519156,0.0,0.17058539204808437,0.9155738187670692,-1.1102230246251565e-16,0.08442618123293087,0.08442618123293213,0.17058539204808376,0.08615921081515224,1.0,1.0
17.3981,RCP,8.0,0.0,121,0.8383698459900015,-1.1102230246251565e-16,0.16163015400999858,0.9166613163796086,-1.1102230246251565e-16,0.08333868362039154,0.08333868362039251,0.1616301540099963,0.07829147038960607,1.0,1.0
17.401,RCP,8.0,0.0,121,0.8463918106661664,0.0,0.15360818933383358,0.917664570877577,-1.1102230246251565e-16,0.08233542912242306,0.08233542912242342,0.15360818933383327,0.07127276021141016,1.0,1.0
17.4039,RCP,8.0,0.0,121,0.8535843644343923,-1.1102230246251565e-16,0.14641563556560774,0.9185878078376546,-1.1102230246251565e-16,0.08141219216234555,0.08141219216234537,0.14641563556560777,0.06500344340326238,1.0,1.0
17.4068,RCP,8.0,0.0,121,0.8600402799839444,-1.1102230246251565e-16,0.13995972001605575,0.9194353171572465,0.0,0.08056468284275348,0.08056468284275273,0.13995972001605464,0.05939503717330302,1.0,1.0
17.4097,RCP,8.0,0.0,121,0.8658418560237167,1.1102230246251565e-16,0.13415814397628326,0.9202113212639687,-1.1102230246251565e-16,0.07978867873603142,0.07978867873603,0.13415814397627895,0.054369465240253254,1.0,1.0
17.4126,RCP,8.0,0.0,121,0.8710617653032683,-1.1102230246251565e-16,0.12893823469673182,0.9209198883377097,-1.1102230246251565e-16,0.07908011166229044,0.07908011166229027,0.1289382346967334,0.04985812303444155,1.0,1.0
17.4155,RCP,8.0,0.0,121,0.875763995054625,0.0,0.12423600494537496,0.921564880617597,-1.1102230246251565e-16,0.07843511938240305,0.07843511938240202,0.12423600494537552,0.04580088556297293,1.0,1.0
17.418400000000002,RCP,8.0,0.0,121,0.8800047941225064,0.0,0.11999520587749361,0.9221499282388692,0.0,0.07785007176113079,0.07785007176112997,0.11999520587749492,0.04214513411636364,1.0,1.0
17.421300000000002,RCP,8.0,0.0,121,0.8838335770165288,-1.1102230246251565e-16,0.11616642298347137,0.9226784206211054,0.0,0.07732157937889457,0.07732157937889407,0.11616642298347389,0.038844843604577295,1.0,1.0
17.4242,RCP,8.0,0.0,121,0.8872937585113654,-1.1102230246251565e-16,0.11270624148863473,0.9231535092912535,-1.1102230246251565e-16,0.07684649070874658,0.07684649070874734,0.1127062414886349,0.03585975077988739,1.0,1.0
17.4271,RCP,8.0,0.0,121,0.8904235072618443,0.0,0.10957649273815573,0.9235781177227105,-1.1102230246251565e-16,0.07642188227728963,0.07642188227728847,0.10957649273815613,0.03315461046086726,1.0,1.0
17.43,RCP,8.0,0.0,121,0.8932564160097792,0.0,0.10674358399022081,0.9239549551390889,-1.1102230246251565e-16,0.07604504486091121,0.0760450448609104,0.10674358399022106,0.030698539129310407,1.0,1.0
17.4329,RCP,8.0,0.0,121,0.8958220912948438,-1.1102230246251565e-16,0.10417790870515631,0.9242865322475303,0.0,0.07571346775246966,0.07571346775246963,0.10417790870515609,0.028464440952686673,1.0,1.0
17.4358,RCP,8.0,0.0,121,0.8981466684557108,-2.220446049250313e-16,0.10185333154428944,0.9245751775737807,-1.1102230246251565e-16,0.07542482242621935,0.07542482242621903,0.10185333154428997,0.026428509118070403,1.0,1.0
17.4387,RCP,8.0,0.0,121,0.9002532590214658,1.1102230246251565e-16,0.09974674097853406,0.9248230535347257,0.0,0.07517694646527433,0.07517694646527424,0.09974674097853253,0.024569794513259816,1.0,1.0
17.4416,RCP,8.0,0.0,121,0.902162337939467,0.0,0.097837662060533,0.9250321716692853,0.0,0.07496782833071464,0.07496782833071386,0.09783766206052996,0.022869833729819142,1.0,1.0
17.4445,RCP,8.0,0.0,121,0.9038920778590693,-2.220446049250313e-16,0.09610792214093088,0.9252044066103431,-1.1102230246251565e-16,0.07479559338965701,0.07479559338965674,0.09610792214093218,0.02131232875127413,1.0,1.0
17.447400000000002,RCP,8.0,0.0,121,0.9054586371587939,-1.1102230246251565e-16,0.09454136284120614,0.9253415084688346,1.1102230246251565e-16,0.07465849153116537,0.07465849153116641,0.09454136284120475,0.019882871310039726,1.0,1.0
17.4503,RCP,8.0,0.0,121,0.9068764077415712,-1.1102230246251565e-16,0.09312359225842896,0.9254451133524795,-2.220446049250313e-16,0.07455488664752079,0.07455488664751915,0.09312359225842635,0.018568705610909814,1.0,1.0
17.453200000000002,RCP,8.0,0.0,121,0.9081582279497338,0.0,0.09184177205026624,0.925516751789107,0.0,0.07448324821089308,0.07448324821089211,0.09184177205026484,0.017358523839374126,1.0,1.0
17.4561,RCP,8.0,0.0,121,0.9093155653397171,-1.1102230246251565e-16,0.09068443466028298,0.9255578548902994,-1.1102230246251565e-16,0.07444214510970071,0.07444214510970067,0.0906844346602841,0.01624228955058231,1.0,1.0
17.459,RCP,8.0,0.0,121,0.9103586735474676,-1.1102230246251565e-16,0.08964132645253253,0.9255697581923857,0.0,0.0744302418076143,0.07443024180761516,0.08964132645253287,0.01521108464491737,1.0,1.0
17.4619,RCP,8.0,0.0,121,0.9112967270755439,-1.1102230246251565e-16,0.0887032729244562,0.9255537032564864,0.0,0.07444629674351359,0.07444629674351337,0.08870327292445532,0.014256976180942835,1.0,1.0
17.4648,RCP,8.0,0.0,121,0.9121379375230876,-1.1102230246251565e-16,0.08786206247691257,0.9255108372933352,0.0,0.07448916270666485,0.07448916270666464,0.08786206247691379,0.013372899770247929,1.0,1.0
17.4677,RCP,8.0,0.0,121,0.9128896545168103,1.1102230246251565e-16,0.08711034548318962,0.9254422112859971,0.0,0.07455778871400283,0.07455778871400205,0.08711034548318815,0.012552556769187567,1.0,1.0
17.4706,RCP,8.0,0.0,121,0.9135584543348281,1.1102230246251565e-16,0.08644154566517179,0.9253487772854152,-1.1102230246251565e-16,0.07465122271458491,0.07465122271458538,0.08644154566517159,0.011790322950586407,1.0,1.0
17.4735,RCP,8.0,0.0,121,0.9141502188879868,-1.1102230246251565e-16,0.08584978111201338,0.9252313857083541,-1.1102230246251565e-16,0.0747686142916461,0.07476861429164687,0.08584978111201573,0.011081166820366514,1.0,1.0
17.4764,RCP,8.0,0.0,121,0.9146702072999569,-2.220446049250313e-16,0.08532979270004336,0.9250907835340242,-1.1102230246251565e-16,0.0749092164659759,0.07490921646597497,0.08532979270004334,0.01042057623406839,1.0,1.0
17.479300000000002,RCP,8.0,0.0,121,0.9151231217941445,0.0,0.0848768782058556,0.9249276142373613,0.0,0.07507238576263879,0.0750723857626384,0.08487687820585701,0.009804492443217197,1.0,1.0
17.4822,RCP,8.0,0.0,121,0.9155131689776863,0.0,0.08448683102231366,0.9247424201000416,0.0,0.07525757989995846,0.07525757989995749,0.0844868310223146,0.009229251122356175,1.0,1.0
17.4851,RCP,8.0,0.0,121,0.9158441169691487,-2.220446049250313e-16,0.08415588303085152,0.924535647218351,0.0,0.07546435278164897,0.07546435278164887,0.08415588303085099,0.008691530249202647,1.0,1.0
17.488,RCP,8.0,0.0,121,0.9161193482274042,-2.220446049250313e-16,0.0838806517725961,0.924307653124975,0.0,0.07569234687502496,0.07569234687502562,0.08388065177259733,0.008188304897570484,1.0,1.0
17.4909,RCP,8.0,0.0,121,0.9163419074918034,-1.1102230246251565e-16,0.08365809250819668,0.9240587165276801,-1.1102230246251565e-16,0.07594128347231995,0.07594128347232022,0.08365809250819665,0.00771680903587646,1.0,1.0
17.4938,RCP,8.0,0.0,121,0.9165145440032683,-2.220446049250313e-16,0.08348545599673196,0.9237890483157909,-2.220446049250313e-16,0.07621095168420929,0.07621095168420795,0.0834854559967307,0.007274504312524008,1.0,1.0
17.4967,RCP,8.0,0.0,121,0.9166397471750927,0.0,0.08336025282490736,0.9234988027591493,0.0,0.07650119724085074,0.076501197240849,0.08336025282490804,0.00685905558405836,1.0,1.0
17.4996,RCP,8.0,0.0,121,0.91671977511025,0.0,0.0832802248897499,0.923188087759274,0.0,0.07681191224072609,0.07681191224072687,0.08328022488975033,0.006468312649023034,1.0,1.0
17.5025,RCP,8.0,0.0,121,0.9167566757695527,0.0,0.08324332423044739,0.9228569731124532,-1.1102230246251565e-16,0.07714302688754696,0.07714302688754696,0.08324332423044885,0.006100297342900435,1.0,1.0
17.5054,RCP,8.0,0.0,121,0.9167523011055826,0.0,0.08324769889441741,0.9225054959811415,-1.1102230246251565e-16,0.07749450401885859,0.07749450401885949,0.0832476988944177,0.005753194875557921,1.0,1.0
17.508300000000002,RCP,8.0,0.0,121,0.9167083150060327,-1.1102230246251565e-16,0.08329168499396744,0.9221336630971646,-1.1102230246251565e-16,0.0778663369028355,0.07786633690283543,0.08329168499396815,0.005425348091132015,1.0,1.0
17.511200000000002,RCP,8.0,0.0,121,0.9166261963507432,-1.1102230246251565e-16,0.08337380364925694,0.921741449583455,0.0,0.07825855041654496,0.07825855041654418,0.083373803649258,0.005115253232712752,1.0,1.0
17.5141,RCP,8.0,0.0,121,0.9165072388151372,0.0,0.08349276118486276,0.9213287946329853,0.0,0.07867120536701466,0.07867120536701401,0.08349276118486387,0.004821555817848752,1.0,1.0
17.517,RCP,8.0,0.0,121,0.9163525492018788,0.0,0.0836474507981212,0.9208955945880346,-2.220446049250313e-16,0.07910440541196564,0.07910440541196558,0.08364745079812147,0.004543045386155631,1.0,1.0
17.5199,RCP,8.0,0.0,121,0.916163046036215,-1.1102230246251565e-16,0.08383695396378515,0.9204416941971898,-2.220446049250313e-16,0.0795583058028104,0.07955830580281076,0.08383695396378485,0.0042786481609743965,1.0,1.0
17.5228,RCP,8.0,0.0,121,0.9159394599275985,0.0,0.08406054007240153,0.9199668769782307,1.1102230246251565e-16,0.08003312302176926,0.08003312302176875,0.08406054007240335,0.004027417050632781,1.0,1.0
17.5257,RCP,8.0,0.0,121,0.915682336813623,-1.1102230246251565e-16,0.08431766318637711,0.9194708556757518,0.0,0.08052914432424821,0.08052914432424695,0.08431766318637786,0.0037885188621301635,1.0,1.0
17.5286,RCP,8.0,0.0,121,0.9153920447124941,-2.220446049250313e-16,0.08460795528750606,0.9189532637652797,-2.220446049250313e-16,0.08104673623472043,0.08104673623471885,0.08460795528750627,0.0035612190527872095,1.0,1.0
17.5315,RCP,8.0,0.0,121,0.9150687840782311,0.0,0.08493121592176892,0.9184136488203221,-1.1102230246251565e-16,0.08158635117967802,0.08158635117967836,0.08493121592176599,0.0033448647420905586,1.0,1.0
17.5344,RCP,8.0,0.0,121,0.9147126013422677,0.0,0.08528739865773227,0.9178514683278371,0.0,0.08214853167216282,0.08214853167216324,0.08528739865773208,0.003138866985569033,1.0,1.0
17.537300000000002,RCP,8.0,0.0,121,0.9143234047946757,0.0,0.08567659520532436,0.9172660882311119,0.0,0.08273391176888817,0.08273391176888688,0.08567659520532517,0.002942683436437485,1.0,1.0
17.5402,RCP,8.0,0.0,121,0.9139009816541304,-1.1102230246251565e-16,0.08609901834586976,0.916656784130115,0.0,0.08334321586988504,0.0833432158698847,0.08609901834586879,0.0027558024759850586,1.0,1.0
17.5431,RCP,8.0,0.0,121,0.9134450150260629,-2.220446049250313e-16,0.08655498497393731,0.9160227447278205,0.0,0.08397725527217949,0.0839772552721799,0.08655498497393807,0.002577729701757403,1.0,1.0
17.546,RCP,8.0,0.0,121,0.9129550994568337,0.0,0.08704490054316627,0.9153630768267442,0.0,0.08463692317325582,0.08463692317325572,0.08704490054316336,0.0024079773699105522,1.0,1.0
17.5489,RCP,8.0,0.0,121,0.9124307539407608,-1.1102230246251565e-16,0.08756924605923937,0.9146768109968798,0.0,0.08532318900312018,0.08532318900312004,0.08756924605924063,0.002246057056119327,1.0,1.0
17.5518,RCP,8.0,0.0,121,0.9118714314907874,-1.1102230246251565e-16,0.08812856850921269,0.9139629069771174,-2.220446049250313e-16,0.08603709302288282,0.08603709302288269,0.08812856850921155,0.0020914754863299995,1.0,1.0
17.5547,RCP,8.0,0.0,121,0.9112765246993139,-2.220446049250313e-16,0.08872347530068635,0.9132202579351505,-2.220446049250313e-16,0.08677974206484969,0.08677974206485098,0.08872347530068693,0.0019437332358353682,1.0,1.0
17.5576,RCP,8.0,0.0,121,0.9106453670504424,1.1102230246251565e-16,0.08935463294955749,0.9124476928727852,-2.220446049250313e-16,0.08755230712721503,0.08755230712721615,0.08935463294955623,0.0018023258223413413,1.0,1.0
17.5605,RCP,8.0,0.0,121,0.9099772300673697,1.1102230246251565e-16,0.0900227699326302,0.9116439766881093,-2.220446049250313e-16,0.08835602331189091,0.0883560233118902,0.09002276993262885,0.0016667466207399978,1.0,1.0
17.5634,RCP,8.0,0.0,121,0.9092713166654209,-2.220446049250313e-16,0.09072868333457926,0.9108078076524264,0.0,0.08919219234757357,0.08919219234757345,0.09072868333457759,0.0015364909870058119,1.0,1.0
17.566300000000002,RCP,8.0,0.0,121,0.9085267513232447,0.0,0.09147324867675535,0.9099378122950832,1.1102230246251565e-16,0.09006218770491671,0.09006218770491656,0.09147324867675448,0.0014110609718387956,1.0,1.0
17.569200000000002,RCP,8.0,0.0,121,0.9077425678741338,0.0,0.0922574321258662,0.9090325378895343,-2.220446049250313e-16,0.09096746211046589,0.0909674621104662,0.0922574321258659,0.0012899700154000021,1.0,1.0
17.5721,RCP,8.0,0.0,121,0.9069176958505374,-1.1102230246251565e-16,0.09308230414946272,0.9080904428855565,1.1102230246251565e-16,0.09190955711444342,0.09190955711444306,0.09308230414946182,0.0011727470350196695,1.0,1.0
17.575,RCP,8.0,0.0,121,0.9060509463799316,-2.220446049250313e-16,0.0939490536200687,0.9071098857350697,-2.220446049250313e-16,0.09289011426493049,0.09289011426493154,0.09394905362006847,0.0010589393551371507,1.0,1.0
17.5779,RCP,8.0,0.0,121,0.9051409986194847,-2.220446049250313e-16,0.0948590013805155,0.9060891126130461,0.0,0.09391088738695384,0.09391088738695329,0.09485900138051653,0.000948113993562219,1.0,1.0
17.5808,RCP,8.0,0.0,121,0.904186387626126,0.0,0.09581361237387392,0.9050262445489539,0.0,0.09497375545104618,0.0949737554510458,0.09581361237387372,0.0008398569228281194,1.0,1.0
17.5837,RCP,8.0,0.0,121,0.9031854943922286,-2.220446049250313e-16,0.09681450560777155,0.9039192644633196,0.0,0.09608073553668038,0.09608073553668126,0.09681450560777181,0.000733770071090295,1.0,1.0
17.5866,RCP,8.0,0.0,121,0.902136538553256,0.0,0.09786346144674402,0.9027660045552137,0.0,0.0972339954447863,0.09723399544478761,0.0978634614467441,0.0006294660019564025,1.0,1.0
17.5895,RCP,8.0,0.0,121,0.9010375740248693,0.0,0.09896242597513076,0.9015641344146174,-1.1102230246251565e-16,0.09843586558538281,0.09843586558538173,0.09896242597512941,0.000526560389749034,1.0,1.0
17.5924,RCP,8.0,0.0,121,0.8998864875935855,0.0,0.10011351240641456,0.9003111501459993,0.0,0.09968884985400078,0.09968884985400189,0.10011351240641499,0.0004246625524126635,1.0,1.0
17.5953,RCP,8.0,0.0,121,0.8986810003089828,-1.1102230246251565e-16,0.1013189996910173,0.8990043646946535,-2.220446049250313e-16,0.10099563530534672,0.10099563530534618,0.10131899969101986,0.0003233643856711266,1.0,1.0
17.598200000000002,RCP,8.0,0.0,121,0.8974186714389436,0.0,0.10258132856105644,0.8976408994782747,-2.220446049250313e-16,0.10235910052172545,0.10235910052172599,0.10258132856105767,0.00022222803933044655,1.0,1.0
17.601100000000002,RCP,8.0,0.0,121,0.8960969047708836,-1.1102230246251565e-16,0.10390309522911656,0.8962176773585873,0.0,0.10378232264141271,0.10378232264141117,0.10390309522911725,0.00012077258770538946,1.0,1.0
17.604,RCP,8.0,0.0,121,0.8947129571696188,0.0,0.10528704283038116,0.8947314169558847,-2.220446049250313e-16,0.10526858304411554,0.10526858304411871,0.10528704283037986,1.8459786262456368e-05,1.0,1.0
17.6069,RCP,8.0,0.0,121,0.8932639495224697,0.0,0.10673605047753032,0.8931786283269749,-2.220446049250313e-16,0.10682137167302526,0.10682137167302544,0.10673605047752847,8.53211954951194e-05,1.0,1.0
17.6098,RCP,8.0,0.0,121,0.8917468804878041,-1.1102230246251565e-16,0.10825311951219592,0.89155561009929,0.0,0.10844438990071001,0.10844438990070933,0.1082531195121952,0.00019127038851340927,1.0,1.0
17.6127,RCP,8.0,0.0,121,0.890158643787048,-1.1102230246251565e-16,0.10984135621295207,0.8898584482787388,-1.1102230246251565e-16,0.11014155172126126,0.11014155172126176,0.10984135621295153,0.0003001955083096891,1.0,1.0
17.6156,RCP,8.0,0.0,121,0.888496050118867,-1.1102230246251565e-16,0.11150394988113306,0.8880830171205275,-1.1102230246251565e-16,0.11191698287947262,0.11191698287947192,0.11150394988113196,0.00041303299833886364,1.0,1.0
17.6185,RCP,8.0,0.0,121,0.8867558551079392,-1.1102230246251565e-16,0.11324414489206086,0.8862249826546145,1.1102230246251565e-16,0.11377501734538542,0.11377501734538502,0.1132441448920615,0.0005308724533241577,1.0,1.0
17.6214,RCP,8.0,0.0,121,0.8849347950214427,-1.1102230246251565e-16,0.11506520497855748,0.8842798096808533,-1.1102230246251565e-16,0.11572019031914678,0.11572019031914685,0.1150652049785554,0.000654985340589373,1.0,1.0
17.6243,RCP,8.0,0.0,121,0.8830296322846136,0.0,0.11697036771538635,0.8822427732750331,-1.1102230246251565e-16,0.11775722672496707,0.11775722672496573,0.11697036771538648,0.0007868590095793798,1.0,1.0
17.627200000000002,RCP,8.0,0.0,121,0.8810372130990716,0.0,0.11896278690092843,0.8801089760671548,0.0,0.11989102393284526,0.11989102393284626,0.1189627869009277,0.0009282370319178279,1.0,1.0
17.6301,RCP,8.0,0.0,121,0.8789545397015609,-2.220446049250313e-16,0.12104546029843931,0.877873372748687,-1.1102230246251565e-16,0.12212662725131301,0.1221266272513121,0.12104546029844021,0.001081166952872789,1.0,1.0
17.633,RCP,8.0,0.0,121,0.8767788599789772,0.0,0.12322114002102279,0.8755308034224358,-1.1102230246251565e-16,0.12446919657756424,0.12446919657756528,0.12322114002102359,0.00124805655654249,1.0,1.0
17.6359,RCP,8.0,0.0,121,0.8745077772444185,1.1102230246251565e-16,0.12549222275558136,0.87307603749886,-1.1102230246251565e-16,0.12692396250114016,0.12692396250113888,0.1254922227555828,0.0014317397455575198,1.0,1.0
17.6388,RCP,8.0,0.0,121,0.8721393829298587,0.0,0.12786061707014135,0.8705038298315594,-1.1102230246251565e-16,0.1294961701684407,0.12949617016844062,0.1278606170701425,0.0016355530982992694,1.0,1.0
17.6417,RCP,8.0,0.0,121,0.8696724146960821,0.0,0.1303275853039178,0.8678089906229586,-1.1102230246251565e-16,0.13219100937704154,0.13219100937704265,0.13032758530391914,0.001863424073124842,1.0,1.0
17.6446,RCP,8.0,0.0,121,0.867106441906855,0.0,0.13289355809314501,0.8649864702487883,0.0,0.13501352975121172,0.13501352975121253,0.13289355809314568,0.0021199716580675154,1.0,1.0
17.6475,RCP,8.0,0.0,121,0.8644420794540002,1.1102230246251565e-16,0.13555792054599972,0.8620314594648724,-2.220446049250313e-16,0.1379685405351278,0.13796854053512897,0.13555792054599897,0.0024106199891292535,1.0,1.0
17.6504,RCP,8.0,0.0,121,0.8616812294186531,-1.1102230246251565e-16,0.13831877058134703,0.8589395043589724,1.1102230246251565e-16,0.14106049564102757,0.14106049564102927,0.13831877058134687,0.002741725059682232,1.0,1.0
17.6533,RCP,8.0,0.0,121,0.8588273478779536,-2.220446049250313e-16,0.14117265212204666,0.8557066337730945,0.0,0.14429336622690547,0.14429336622690617,0.14117265212204558,0.0031207141048595066,1.0,1.0
17.656200000000002,RCP,8.0,0.0,121,0.8558857311843953,0.0,0.1441142688156048,0.8523294945994571,-2.220446049250313e-16,0.1476705054005431,0.14767050540054188,0.14411426881560557,0.003556236584937089,1.0,1.0
17.659100000000002,RCP,8.0,0.0,121,0.8528638121733902,-1.1102230246251565e-16,0.14713618782660984,0.8488054872054276,0.0,0.15119451279457247,0.15119451279457077,0.14713618782661078,0.004058324967960936,1.0,1.0
17.662,RCP,8.0,0.0,121,0.8497714519913984,0.0,0.1502285480086017,0.8451328891347047,-1.1102230246251565e-16,0.15486711086529537,0.15486711086529478,0.15022854800860105,0.00463856285669309,1.0,1.0
17.6649,RCP,8.0,0.0,121,0.8466212077289087,0.0,0.15337879227109127,0.8413109500833587,0.0,0.15868904991664132,0.158689049916639,0.1533787922710898,0.005310257645547739,1.0,1.0
17.6678,RCP,8.0,0.0,121,0.8434285501542034,1.1102230246251565e-16,0.15657144984579655,0.8373399349724538,0.0,0.16266006502754612,0.16266006502754787,0.15657144984579494,0.006088615181751328,1.0,1.0
17.6707,RCP,8.0,0.0,121,0.840212000222408,0.0,0.15978799977759198,0.8332210848939967,1.1102230246251565e-16,0.16677891510600318,0.16677891510600493,0.15978799977758998,0.00699091532841295,1.0,1.0
17.6736,RCP,8.0,0.0,121,0.8369931486581856,0.0,0.1630068513418144,0.8289564581602566,-1.1102230246251565e-16,0.1710435418397435,0.1710435418397437,0.1630068513418132,0.008036690497929322,1.0,1.0
17.6765,RCP,8.0,0.0,121,0.8337965210734697,1.1102230246251565e-16,0.16620347892653023,0.8245486062533105,0.0,0.17545139374668947,0.17545139374669247,0.1662034789265307,0.00924791482016224,1.0,1.0
17.6794,RCP,8.0,0.0,121,0.8306492532842562,1.1102230246251565e-16,0.16935074671574366,0.8200000330069144,0.0,0.17999996699308568,0.17999996699308485,0.16935074671574385,0.010649220277341193,1.0,1.0
17.6823,RCP,8.0,0.0,121,0.8275805492009485,0.0,0.17241945079905158,0.8153123808793914,-1.1102230246251565e-16,0.18468761912060871,0.18468761912060702,0.1724194507990543,0.012268168321555445,1.0,1.0
17.685200000000002,RCP,8.0,0.0,121,0.8246209079376199,0.0,0.1753790920623801,0.8104852866856114,0.0,0.18951471331438868,0.18951471331438796,0.17537909206238014,0.014135621252007874,1.0,1.0
17.6881,RCP,8.0,0.0,121,0.8218011277743945,0.0,0.17819887222560546,0.8055148512880618,0.0,0.1944851487119382,0.19448514871193986,0.1781988722256063,0.016286276486334406,1.0,1.0
17.691000000000003,RCP,8.0,0.0,121,0.8191511210933468,0.0,0.18084887890665322,0.8003916733534485,0.0,0.1996083266465515,0.19960832664655362,0.18084887890665097,0.018759447739900403,1.0,1.0
17.6939,RCP,8.0,0.0,121,0.8166986034993691,1.1102230246251565e-16,0.18330139650063082,0.7950984049552958,0.0,0.20490159504470418,0.2049015950447066,0.18330139650063382,0.02160019854407577,1.0,1.0
17.6968,RCP,8.0,0.0,121,0.8144677475501778,1.1102230246251565e-16,0.1855322524498221,0.7896067935199294,1.1102230246251565e-16,0.21039320648007054,0.21039320648006932,0.18553225244982374,0.024860954030247212,1.0,1.0
17.6997,RCP,8.0,0.0,121,0.8124779114003196,0.0,0.1875220885996804,0.78387417571901,0.0,0.21612582428099,0.21612582428099447,0.18752208859967948,0.02860373568131408,1.0,1.0
17.7026,RCP,8.0,0.0,121,0.8107425599379072,-2.220446049250313e-16,0.18925744006209297,0.7778393786536206,0.0,0.22216062134637937,0.22216062134637649,0.18925744006209314,0.03290318128428352,1.0,1.0
17.7055,RCP,8.0,0.0,121,0.8092684870113006,0.0,0.19073151298869942,0.7714179565297432,0.0,0.2285820434702568,0.2285820434702554,0.19073151298869598,0.03785053048155598,1.0,1.0
17.7084,RCP,8.0,0.0,121,0.8080554214122401,1.1102230246251565e-16,0.19194457858775987,0.7644966440443992,0.0,0.23550335595560082,0.23550335595560015,0.19194457858775976,0.04355877736784028,1.0,1.0
17.7113,RCP,8.0,0.0,121,0.8070960593147152,0.0,0.19290394068528477,0.7569268440736978,0.0,0.24307315592630224,0.2430731559263071,0.19290394068528383,0.05016921524102233,1.0,1.0
17.7142,RCP,8.0,0.0,121,0.806376518074014,0.0,0.19362348192598597,0.7485169021959539,0.0,0.25148309780404615,0.2514830978040528,0.19362348192598447,0.057859615878066845,1.0,1.0
17.717100000000002,RCP,8.0,0.0,121,0.8058771588072833,1.1102230246251565e-16,0.19412284119271664,0.7390228915218127,0.0,0.2609771084781874,0.26097710847818667,0.19412284119271625,0.06685426728547003,1.0,1.0
17.72,RCP,8.0,0.0,121,0.8055736861059912,-1.1102230246251565e-16,0.1944263138940089,0.7281377174643373,0.0,0.2718622825356627,0.2718622825356557,0.19442631389401216,0.07743596864164679,1.0,1.0
17.7229,RCP,8.0,0.0,121,0.8054384086852935,1.1102230246251565e-16,0.1945615913147064,0.7154787131801388,2.220446049250313e-16,0.28452128681986105,0.28452128681986016,0.19456159131470901,0.08995969550515376,1.0,1.0
17.7258,RCP,8.0,0.0,121,0.8054415375908808,0.0,0.19455846240911928,0.7005748467685431,2.220446049250313e-16,0.29942515323145674,0.2994251532314595,0.1945584624091167,0.10486669082234024,1.0,1.0
17.7287,RCP,8.0,0.0,121,0.8055524080357266,0.0,0.19444759196427336,0.6828568026918,0.0,0.3171431973081999,0.31714319730819157,0.19444759196427547,0.12269560534391821,1.0,1.0
17.7316,RCP,8.0,0.0,121,0.8057405334294622,0.0,0.19425946657053786,0.6616576254004211,1.1102230246251565e-16,0.33834237459957883,0.33834237459957717,0.19425946657053436,0.1440829080290393,1.0,1.0
17.7345,RCP,8.0,0.0,121,0.8059764304569548,-1.1102230246251565e-16,0.19402356954304534,0.6362401085162027,-1.1102230246251565e-16,0.3637598914837974,0.3637598914837987,0.1940235695430479,0.1697363219407534,1.0,1.0
17.7374,RCP,8.0,0.0,121,0.806232186655499,-1.1102230246251565e-16,0.19376781334450108,0.6058819355403473,0.0,0.3941180644596527,0.3941180644596516,0.1937678133445008,0.2003502511151505,1.0,1.0
17.7403,RCP,8.0,0.0,121,0.8064817720776398,0.0,0.1935182279223602,0.5700713631999816,0.0,0.42992863680001836,0.4299286368000183,0.19351822792235995,0.2364104088776581,1.0,1.0
17.7432,RCP,8.0,0.0,121,0.8067011209031627,-2.220446049250313e-16,0.1932988790968375,0.5288863792918849,-1.1102230246251565e-16,0.4711136207081152,0.47111362070811924,0.1932988790968371,0.2778147416112817,1.0,1.0
17.746100000000002,RCP,8.0,0.0,121,0.8068680253529646,1.1102230246251565e-16,0.1931319746470353,0.48361252109383324,0.0,0.5163874789061668,0.5163874789061652,0.1931319746470331,0.3232555042591299,1.0,1.0
17.749000000000002,RCP,8.0,0.0,121,0.8069618923913805,1.1102230246251565e-16,0.19303810760861945,0.43751274491942815,0.0,0.5624872550805718,0.5624872550805744,0.1930381076086178,0.36944914747195495,1.0,1.0
17.7519,RCP,8.0,0.0,121,0.8069634140311949,0.0,0.1930365859688051,0.39630118362859246,-1.1102230246251565e-16,0.6036988163714077,0.6036988163714005,0.193036585968803,0.4106622304025954,1.0,1.0
17.7548,RCP,8.0,0.0,121,0.8068541959634743,0.0,0.19314580403652568,0.36744024274094733,1.1102230246251565e-16,0.6325597572590526,0.6325597572590503,0.19314580403652662,0.43941395322252463,1.0,1.0
17.7577,RCP,8.0,0.0,121,0.8066163786828673,0.0,0.19338362131713277,0.357626933797693,-5.551115123125783e-17,0.642373066202307,0.6423730662023069,0.19338362131713094,0.44898944488517417,1.0,1.0
17.7606,RCP,8.0,0.0,121,0.8062322724797439,-1.1102230246251565e-16,0.19376772752025617,0.36947304484206406,-1.6653345369377348e-16,0.6305269551579361,0.6305269551579397,0.19376772752025664,0.4367592276376835,1.0,1.0
17.7635,RCP,8.0,0.0,121,0.8056840147746982,-1.1102230246251565e-16,0.1943159852253019,0.4000094910741944,5.551115123125783e-17,0.5999905089258055,0.5999905089258063,0.19431598522530208,0.4056745237005044,1.0,1.0
17.7664,RCP,8.0,0.0,121,0.8049532470213902,-1.1102230246251565e-16,0.19504675297860996,0.44243465748480004,0.0,0.5575653425152,0.5575653425151968,0.1950467529786107,0.3625185895365869,1.0,1.0
17.7693,RCP,8.0,0.0,121,0.8040207999260633,-1.1102230246251565e-16,0.19597920007393674,0.489428453063915,0.0,0.510571546936085,0.5105715469360855,0.19597920007393635,0.31459234686214876,1.0,1.0
17.7722,RCP,8.0,0.0,121,0.8028663704132651,-1.1102230246251565e-16,0.19713362958673492,0.5354898373527371,1.1102230246251565e-16,0.46451016264726275,0.4645101626472604,0.1971336295867337,0.2673765330605255,1.0,1.0
17.775100000000002,RCP,8.0,0.0,121,0.8014681713454791,0.0,0.1985318286545209,0.577503696331184,1.1102230246251565e-16,0.4224963036688159,0.42249630366881447,0.19853182865452254,0.22396447501429356,1.0,1.0
17.778,RCP,8.0,0.0,121,0.7998025347635269,1.1102230246251565e-16,0.20019746523647297,0.6142355922500629,0.0,0.3857644077499371,0.38576440774993714,0.20019746523647222,0.18556694251346417,1.0,1.0
17.7809,RCP,8.0,0.0,121,0.7978434504262273,1.1102230246251565e-16,0.20215654957377258,0.6455881913868796,0.0,0.3544118086131204,0.35441180861312266,0.20215654957377382,0.15225525903935008,1.0,1.0
17.7838,RCP,8.0,0.0,121,0.7955620228039681,1.1102230246251565e-16,0.20443797719603177,0.6720183826185859,0.0,0.327981617381414,0.3279816173814135,0.204437977196035,0.12354364018538175,1.0,1.0
17.7867,RCP,8.0,0.0,121,0.7929258307221936,0.0,0.20707416927780642,0.6941824712467115,0.0,0.30581752875328844,0.30581752875329077,0.20707416927780745,0.09874335947548435,1.0,1.0
17.7896,RCP,8.0,0.0,121,0.7898981741495075,0.0,0.21010182585049256,0.7127533098100991,2.220446049250313e-16,0.28724669018990073,0.2872466901898974,0.21010182585049322,0.07714486433940484,1.0,1.0
17.7925,RCP,8.0,0.0,121,0.7864371920885596,0.0,0.2135628079114404,0.728340577140568,0.0,0.271659422859432,0.2716594228594312,0.2135628079114396,0.05809661494799079,1.0,1.0
17.7954,RCP,8.0,0.0,121,0.7824948344085454,1.1102230246251565e-16,0.2175051655914545,0.7414651236653962,0.0,0.25853487633460387,0.25853487633460276,0.2175051655914516,0.04102971074314826,1.0,1.0
17.7983,RCP,8.0,0.0,121,0.7780156693697046,1.1102230246251565e-16,0.22198433063029532,0.7525585894820125,-2.220446049250313e-16,0.2474414105179877,0.24744141051798788,0.22198433063029643,0.025457079887692552,1.0,1.0
17.8012,RCP,8.0,0.0,121,0.7729355086278433,-2.220446049250313e-16,0.22706449137215684,0.7619731655604299,-1.1102230246251565e-16,0.23802683443957012,0.23802683443956976,0.227064491372155,0.010962343067412922,1.0,1.0
17.804100000000002,RCP,8.0,0.0,121,0.767179834427539,0.0,0.23282016557246102,0.7699941944726054,0.0,0.23000580552739464,0.23000580552739225,0.23282016557246202,0.00281436004506877,1.0,1.0
17.807000000000002,RCP,8.0,0.0,121,0.7606620222766185,0.0,0.2393379777233815,0.7768524055973987,0.0,0.2231475944026014,0.22314759440260004,0.23933797772337925,0.01619038332078146,1.0,1.0
17.8099,RCP,8.0,0.0,121,0.7532813710321956,-1.1102230246251565e-16,0.24671862896780444,0.7827345910466936,0.0,0.2172654089533064,0.21726540895330418,0.2467186289678022,0.029453220014500264,1.0,1.0
17.8128,RCP,8.0,0.0,121,0.7449209879186776,0.0,0.2550790120813224,0.7877924527828919,0.0,0.21220754721710816,0.21220754721710922,0.25507901208132255,0.04287146486421317,1.0,1.0
17.8157,RCP,8.0,0.0,121,0.7354456393581933,-1.1102230246251565e-16,0.26455436064180676,0.7921497374182247,1.1102230246251565e-16,0.20785026258177522,0.2078502625817736,0.26455436064180543,0.05670409806003315,1.0,1.0
17.8186,RCP,8.0,0.0,121,0.7246997862534119,2.220446049250313e-16,0.2753002137465879,0.7959079071797781,0.0,0.20409209282022192,0.2040920928202218,0.2753002137465867,0.07120812092636611,1.0,1.0
17.8215,RCP,8.0,0.0,121,0.7125061994877977,-1.1102230246251565e-16,0.2874938005122024,0.7991506148359451,0.0,0.20084938516405493,0.2008493851640562,0.2874938005122002,0.08664441534814621,1.0,1.0
17.8244,RCP,8.0,0.0,121,0.6986658337105562,0.0,0.30133416628944376,0.8019472248795991,1.1102230246251565e-16,0.19805277512040076,0.19805277512040148,0.3013341662894437,0.10328139116904228,1.0,1.0
17.8273,RCP,8.0,0.0,121,0.6829600726124643,0.0,0.3170399273875358,0.8043555841652446,-1.1102230246251565e-16,0.19564441583475553,0.19564441583475584,0.3170399273875351,0.12139551155277994,1.0,1.0
17.8302,RCP,8.0,0.0,121,0.6651571017571649,-1.1102230246251565e-16,0.3348428982428352,0.8064242059043643,0.0,0.19357579409563572,0.19357579409563558,0.3348428982428324,0.14126710414719962,1.0,1.0
17.8331,RCP,8.0,0.0,121,0.6450250579796867,0.0,0.3549749420203133,0.808193996474647,0.0,0.19180600352535307,0.19180600352535174,0.35497494202031377,0.16316893849496159,1.0,1.0
17.836000000000002,RCP,8.0,0.0,121,0.6223557242753233,2.220446049250313e-16,0.37764427572467657,0.8096996261506988,0.0,0.19030037384930124,0.1903003738493032,0.3776442757246734,0.18734390187537336,1.0,1.0
17.838900000000002,RCP,8.0,0.0,121,0.5970036803968891,-1.1102230246251565e-16,0.40299631960311094,0.8109706223012618,0.0,0.1890293776987382,0.1890293776987385,0.4029963196031108,0.21396694190437243,1.0,1.0
17.8418,RCP,8.0,0.0,121,0.5689463765650333,0.0,0.4310536234349666,0.812032245978233,-1.1102230246251565e-16,0.18796775402176713,0.1879677540217647,0.431053623434966,0.24308586941320193,1.0,1.0
17.8447,RCP,8.0,0.0,121,0.5383692462723941,0.0,0.4616307537276058,0.8129061991894755,0.0,0.18709380081052449,0.18709380081052426,0.4616307537276104,0.2745369529170816,1.0,1.0
17.8476,RCP,8.0,0.0,121,0.5057744056774158,1.1102230246251565e-16,0.49422559432258406,0.813611199650383,0.0,0.18638880034961697,0.18638880034961938,0.494225594322587,0.3078367939729647,1.0,1.0
17.8505,RCP,8.0,0.0,121,0.4720987527396132,0.0,0.5279012472603868,0.8141634517221492,-1.1102230246251565e-16,0.18583654827785087,0.18583654827785134,0.5279012472603867,0.34206469898253544,1.0,1.0
17.8534,RCP,8.0,0.0,121,0.4388058889357434,5.551115123125783e-17,0.5611941110642565,0.8145770359930915,-1.1102230246251565e-16,0.18542296400690858,0.1854229640069077,0.5611941110642534,0.3757711470573488,1.0,1.0
17.8563,RCP,8.0,0.0,121,0.40789118978953615,5.551115123125783e-17,0.5921088102104638,0.8148642350903146,-1.1102230246251565e-16,0.1851357649096855,0.1851357649096862,0.5921088102104639,0.4069730453007776,1.0,1.0
17.8592,RCP,8.0,0.0,121,0.38172809548069625,5.551115123125783e-17,0.6182719045193037,0.8150358094757529,0.0,0.1849641905242471,0.1849641905242484,0.6182719045193065,0.4333077139950553,1.0,1.0
17.8621,RCP,8.0,0.0,121,0.36271480970840136,1.6653345369377348e-16,0.6372851902915985,0.815101233927441,0.0,0.1848987660725589,0.1848987660725595,0.6372851902915995,0.45238642421903896,1.0,1.0
17.865000000000002,RCP,8.0,0.0,121,0.352770757928622,0.0,0.647229242071378,0.8150689029522745,0.0,0.18493109704772548,0.18493109704772479,0.6472292420713774,0.4622981450236532,1.0,1.0
17.8679,RCP,8.0,0.0,121,0.3528474160269879,0.0,0.6471525839730121,0.8149463113956609,1.1102230246251565e-16,0.18505368860433904,0.1850536886043404,0.6471525839730113,0.4620988953686717,1.0,1.0
17.8708,RCP,8.0,0.0,121,0.3626681138046011,-5.551115123125783e-17,0.6373318861953989,0.8147402149208232,-1.1102230246251565e-16,0.18525978507917698,0.18525978507917729,0.6373318861953989,0.45207210111622165,1.0,1.0
17.8737,RCP,8.0,0.0,121,0.3808244783845637,0.0,0.6191755216154363,0.8144567737627271,0.0,0.18554322623727293,0.18554322623727185,0.6191755216154361,0.4336322953781645,1.0,1.0
17.8766,RCP,8.0,0.0,121,0.4051762741505598,0.0,0.5948237258494402,0.8141016821547569,0.0,0.18589831784524308,0.18589831784524113,0.5948237258494394,0.4089254080041991,1.0,1.0
17.8795,RCP,8.0,0.0,121,0.43336279872021266,0.0,0.5666372012797873,0.8136802850170837,-3.3306690738754696e-16,0.1863197149829167,0.18631971498291677,0.5666372012797858,0.38031748629687057,1.0,1.0
17.8824,RCP,8.0,0.0,121,0.4632295044307849,1.1102230246251565e-16,0.536770495569215,0.8131976828121439,0.0,0.18680231718785612,0.1868023171878552,0.5367704955692163,0.34996817838135974,1.0,1.0
17.8853,RCP,8.0,0.0,121,0.4930707931676982,0.0,0.5069292068323018,0.8126588248435894,0.0,0.18734117515641058,0.18734117515640933,0.506929206832301,0.31958803167589245,1.0,1.0
17.8882,RCP,8.0,0.0,121,0.5216953764528732,1.1102230246251565e-16,0.47830462354712666,0.8120685906486311,-1.1102230246251565e-16,0.187931409351369,0.1879314093513683,0.47830462354712555,0.29037321419575834,1.0,1.0
17.8911,RCP,8.0,0.0,121,0.548375427666999,0.0,0.4516245723330011,0.8114318584834479,0.0,0.18856814151655213,0.1885681415165525,0.45162457233300063,0.2630564308164486,1.0,1.0
17.894000000000002,RCP,8.0,0.0,121,0.5727448307250907,0.0,0.42725516927490925,0.81075355924561,1.1102230246251565e-16,0.18924644075438996,0.1892464407543911,0.4272551692749098,0.23800872852051816,1.0,1.0
17.896900000000002,RCP,8.0,0.0,121,0.5946914765513964,0.0,0.40530852344860363,0.8100387135836182,0.0,0.1899612864163818,0.1899612864163824,0.4053085234486046,0.21534723703222122,1.0,1.0
17.8998,RCP,8.0,0.0,121,0.6142658792491957,0.0,0.3857341207508042,0.8092924495263236,0.0,0.19070755047367632,0.190707550473677,0.3857341207508043,0.19502657027712722,1.0,1.0
17.9027,RCP,8.0,0.0,121,0.6316126713109023,0.0,0.3683873286890978,0.8085199978743306,-1.1102230246251565e-16,0.19148000212566949,0.191480002125669,0.36838732868909785,0.17690732656342878,1.0,1.0
17.9056,RCP,8.0,0.0,121,0.6469234269190411,0.0,0.35307657308095886,0.8077266629900508,0.0,0.1922733370099492,0.19227333700994867,0.3530765730809593,0.16080323607101019,1.0,1.0
17.9085,RCP,8.0,0.0,121,0.6604063138702825,0.0,0.3395936861297175,0.806917767633474,1.1102230246251565e-16,0.1930822323665259,0.19308223236652597,0.33959368612971663,0.14651145376319155,1.0,1.0
17.9114,RCP,8.0,0.0,121,0.672267812185659,1.1102230246251565e-16,0.32773218781434094,0.8060985721711074,-1.1102230246251565e-16,0.19390142782889278,0.19390142782889183,0.3277321878143409,0.1338307599854491,1.0,1.0
17.9143,RCP,8.0,0.0,121,0.6827025394008561,0.0,0.3172974605991439,0.805274170771374,-1.1102230246251565e-16,0.1947258292286261,0.1947258292286262,0.31729746059914293,0.12257163137051769,1.0,1.0
17.9172,RCP,8.0,0.0,121,0.6918882513304974,0.0,0.30811174866950264,0.8044493698742752,-1.1102230246251565e-16,0.1955506301257249,0.19555063012572507,0.30811174866950103,0.11256111854377757,1.0,1.0
17.9201,RCP,8.0,0.0,121,0.6999839969619936,0.0,0.3000160030380063,0.803628556920267,1.1102230246251565e-16,0.1963714430797329,0.19637144307973217,0.30001600303800563,0.10364455995827412,1.0,1.0
17.923000000000002,RCP,8.0,0.0,121,0.7071301014158192,1.1102230246251565e-16,0.29286989858418067,0.8028155695667487,0.0,0.19718443043325123,0.19718443043325212,0.29286989858418017,0.09568546815092854,1.0,1.0
17.9259,RCP,8.0,0.0,121,0.7134491412736407,-1.1102230246251565e-16,0.2865508587263595,0.8020135769127665,0.0,0.1979864230872335,0.19798642308723333,0.28655085872635694,0.08856443563912617,1.0,1.0
17.928800000000003,RCP,8.0,0.0,121,0.7190474046890649,0.0,0.2809525953109351,0.8012249841894437,0.0,0.19877501581055637,0.19877501581055598,0.2809525953109348,0.0821775795003791,1.0,1.0
17.9317,RCP,8.0,0.0,121,0.7240165395385529,0.0,0.2759834604614471,0.8004513707620609,0.0,0.1995486292379392,0.19954862923794014,0.2759834604614467,0.07643483122350697,1.0,1.0
17.9346,RCP,8.0,0.0,121,0.7284352235345022,-1.1102230246251565e-16,0.2715647764654979,0.7996934682310095,0.0,0.20030653176899055,0.20030653176899063,0.2715647764654989,0.0712582446965073,1.0,1.0
17.9375,RCP,8.0,0.0,121,0.7323707681858562,0.0,0.2676292318141438,0.7989511813136767,0.0,0.20104881868632324,0.201048818686323,0.26762923181414405,0.06658041312782079,1.0,1.0
17.9404,RCP,8.0,0.0,121,0.7358806131190626,-2.220446049250313e-16,0.2641193868809376,0.79822364967625,-1.1102230246251565e-16,0.20177635032375005,0.20177635032375144,0.2641193868809368,0.06234303655718618,1.0,1.0
17.9433,RCP,8.0,0.0,121,0.7390136916392054,0.0,0.26098630836079456,0.797509344690715,0.0,0.20249065530928503,0.20249065530928442,0.26098630836079534,0.05849565305151014,1.0,1.0
17.9462,RCP,8.0,0.0,121,0.7418116611388603,2.220446049250313e-16,0.2581883388611395,0.7968061918765397,0.0,0.20319380812346036,0.20319380812346005,0.25818833886113896,0.05499453073767946,1.0,1.0
17.9491,RCP,8.0,0.0,121,0.7443099984683794,2.220446049250313e-16,0.2556900015316204,0.7961117079854932,1.1102230246251565e-16,0.20388829201450667,0.20388829201450828,0.25569000153162036,0.05180170951711213,1.0,1.0
17.952,RCP,8.0,0.0,121,0.7465389638863439,-1.1102230246251565e-16,0.25346103611365617,0.7954231414417068,-1.1102230246251565e-16,0.2045768585582933,0.20457685855829272,0.2534610361136557,0.04888417755536345,1.0,1.0
17.954900000000002,RCP,8.0,0.0,121,0.748524439440257,-1.1102230246251565e-16,0.25147556055974307,0.794737605997625,0.0,0.20526239400237503,0.20526239400237775,0.25147556055974196,0.04621316655736532,1.0,1.0
17.9578,RCP,8.0,0.0,121,0.7502886493628164,0.0,0.24971135063718364,0.7940521996280414,0.0,0.20594780037195856,0.20594780037195862,0.24971135063718247,0.04376355026522502,1.0,1.0
17.9607,RCP,8.0,0.0,121,0.7518507715386125,0.0,0.2481492284613875,0.7933641033680778,0.0,0.20663589663192217,0.20663589663192186,0.24814922846138743,0.04151333182946565,1.0,1.0
17.9636,RCP,8.0,0.0,121,0.753227450263863,-2.220446049250313e-16,0.24677254973613721,0.7926706575287881,0.0,0.2073293424712119,0.20732934247121199,0.24677254973613685,0.03944320726492523,1.0,1.0
17.9665,RCP,8.0,0.0,121,0.7544332212938984,0.0,0.24556677870610158,0.7919694151196619,-2.220446049250313e-16,0.2080305848803383,0.2080305848803394,0.2455667787061026,0.037536193825762176,1.0,1.0
17.9694,RCP,8.0,0.0,121,0.7554808604701019,0.0,0.2445191395298981,0.7912581741420978,1.1102230246251565e-16,0.20874182585790219,0.20874182585790177,0.24451913952989807,0.035777313671996325,1.0,1.0
17.9723,RCP,8.0,0.0,121,0.7563816670407183,1.1102230246251565e-16,0.24361833295928165,0.7905349916135894,1.1102230246251565e-16,0.2094650083864105,0.2094650083864099,0.24361833295928126,0.034153324572871735,1.0,1.0
17.9752,RCP,8.0,0.0,121,0.7571456922014249,0.0,0.2428543077985751,0.7897981827792862,-1.1102230246251565e-16,0.21020181722071396,0.21020181722071304,0.2428543077985751,0.03265249057786204,1.0,1.0
17.9781,RCP,8.0,0.0,121,0.7577819224875576,1.1102230246251565e-16,0.24221807751244231,0.7890463090822796,1.1102230246251565e-16,0.21095369091772034,0.21095369091771932,0.24221807751244268,0.031264386594723,1.0,1.0
17.981,RCP,8.0,0.0,121,0.7582984265717437,-1.1102230246251565e-16,0.24170157342825635,0.7882781582411955,1.1102230246251565e-16,0.2117218417588044,0.21172184175880435,0.24170157342825666,0.029979731669452003,1.0,1.0
17.983900000000002,RCP,8.0,0.0,121,0.758702472872272,-1.1102230246251565e-16,0.2412975271277281,0.7874927193650076,-2.220446049250313e-16,0.21250728063499258,0.2125072806349926,0.241297527127728,0.028790246492735483,1.0,1.0
17.986800000000002,RCP,8.0,0.0,121,0.759000624248324,0.0,0.24099937575167596,0.7866891555346935,-1.1102230246251565e-16,0.2133108444653066,0.2133108444653072,0.24099937575167643,0.02768853128636875,1.0,1.0
17.9897,RCP,8.0,0.0,121,0.7591988150137081,0.0,0.2408011849862919,0.7858667757816846,-2.220446049250313e-16,0.21413322421831557,0.2141332242183151,0.2408011849862925,0.02666796076797681,1.0,1.0
17.9926,RCP,8.0,0.0,121,0.759302414576331,-1.1102230246251565e-16,0.24069758542366912,0.7850250079426135,1.1102230246251565e-16,0.21497499205738632,0.21497499205738593,0.24069758542366923,0.025722593366283186,1.0,1.0
17.9955,RCP,8.0,0.0,121,0.7593162812248648,-1.1102230246251565e-16,0.24068371877513525,0.7841633734930051,0.0,0.2158366265069949,0.21583662650699498,0.24068371877513545,0.024847092268140275,1.0,1.0
17.9984,RCP,8.0,0.0,121,0.7592448089353343,-1.1102230246251565e-16,0.2407551910646658,0.7832814651651931,0.0,0.2167185348348069,0.21671853483480674,0.24075519106466509,0.024036656229859066,1.0,1.0
18.0013,RCP,8.0,0.0,121,0.7590919695523596,-1.1102230246251565e-16,0.2409080304476405,0.7823789279344728,-1.1102230246251565e-16,0.21762107206552725,0.2176210720655267,0.24090803044763923,0.02328695838211381,1.0,1.0
18.0042,RCP,8.0,0.0,121,0.7588613522979875,0.0,0.24113864770201254,0.7814554438034631,0.0,0.2185445561965369,0.21854455619653726,0.2411386477020124,0.022594091505475283,1.0,1.0
18.0071,RCP,8.0,0.0,121,0.7585562022585455,0.0,0.24144379774145458,0.7805107207173594,1.1102230246251565e-16,0.21948927928264048,0.21948927928264025,0.241443797741454,0.021954518458814326,1.0,1.0
18.01,RCP,8.0,0.0,121,0.7581794592830349,0.0,0.24182054071696513,0.7795444858932531,-1.1102230246251565e-16,0.22045551410674707,0.22045551410674755,0.2418205407169651,0.02136502661021758,1.0,1.0
18.012900000000002,RCP,8.0,0.0,121,0.7577337985767795,0.0,0.24226620142322056,0.7785564838348067,0.0,0.22144351616519337,0.22144351616519295,0.2422662014232206,0.020822685258027607,1.0,1.0
18.0158,RCP,8.0,0.0,121,0.7572216741750988,0.0,0.24277832582490122,0.7775464793211261,-1.1102230246251565e-16,0.22245352067887408,0.22245352067887442,0.24277832582490216,0.020324805146026803,1.0,1.0
18.0187,RCP,8.0,0.0,121,0.7566453664175747,-1.1102230246251565e-16,0.24335463358242537,0.7765142656972432,1.1102230246251565e-16,0.22348573430275667,0.22348573430275695,0.24335463358242518,0.019868899279668423,1.0,1.0
18.0216,RCP,8.0,0.0,121,0.7560070344921457,1.1102230246251565e-16,0.24399296550785424,0.7754596788434617,0.0,0.22454032115653833,0.22454032115653794,0.24399296550785532,0.0194526443513163,1.0,1.0
18.0245,RCP,8.0,0.0,121,0.7553087750575845,1.1102230246251565e-16,0.24469122494241535,0.7743826172510115,-2.220446049250313e-16,0.22561738274898865,0.22561738274898857,0.2446912249424156,0.019073842193426782,1.0,1.0
18.0274,RCP,8.0,0.0,121,0.7545526878546476,0.0,0.2454473121453524,0.7732830686687959,0.0,0.22671693133120413,0.2267169313312043,0.24544731214535354,0.0187303808141481,1.0,1.0
18.0303,RCP,8.0,0.0,121,0.7537409490478908,1.1102230246251565e-16,0.24625905095210912,0.7721611437943939,-1.1102230246251565e-16,0.22783885620560612,0.22783885620560598,0.24625905095210954,0.018420194746503138,1.0,1.0
18.0332,RCP,8.0,0.0,121,0.7528758927629617,-1.1102230246251565e-16,0.24712410723703837,0.7710171174417904,-1.1102230246251565e-16,0.22898288255820978,0.22898288255820987,0.24712410723703881,0.018141224678828505,1.0,1.0
18.0361,RCP,8.0,0.0,121,0.7519601008562433,-1.1102230246251565e-16,0.24803989914375682,0.7698514775054186,-2.220446049250313e-16,0.23014852249458162,0.23014852249458087,0.24803989914375696,0.01789137664917595,1.0,1.0
18.039,RCP,8.0,0.0,121,0.7509965003305421,-1.1102230246251565e-16,0.24900349966945798,0.7686649818276627,0.0,0.23133501817233731,0.2313350181723358,0.24900349966945853,0.01766848149712219,1.0,1.0
18.041900000000002,RCP,8.0,0.0,121,0.7499884669526222,0.0,0.2500115330473777,0.76745872273648,0.0,0.23254127726352009,0.23254127726352006,0.25001153304737783,0.017470255783857663,1.0,1.0
18.044800000000002,RCP,8.0,0.0,121,0.7489399325037664,0.0,0.2510600674962336,0.766234198520414,0.0,0.23376580147958606,0.23376580147958634,0.25106006749623366,0.01729426601664727,1.0,1.0
18.0477,RCP,8.0,0.0,121,0.7478554917007939,0.0,0.2521445082992061,0.7649933904257715,0.0,0.23500660957422853,0.23500660957422823,0.2521445082992062,0.017137898724977868,1.0,1.0
18.0506,RCP,8.0,0.0,121,0.7467405031916623,0.0,0.2532594968083377,0.7637388428788878,-2.220446049250313e-16,0.23626115712111237,0.2362611571211123,0.2532594968083364,0.016998339687225417,1.0,1.0
18.0535,RCP,8.0,0.0,121,0.74560117725029,0.0,0.2543988227497101,0.7624737435591868,1.1102230246251565e-16,0.23752625644081307,0.23752625644081274,0.25439882274970943,0.016872566308897358,1.0,1.0
18.0564,RCP,8.0,0.0,121,0.7444446410336986,0.0,0.25555535896630144,0.7612019987085044,0.0,0.23879800129149562,0.23879800129149575,0.2555553589663017,0.016757357674805684,1.0,1.0
18.0593,RCP,8.0,0.0,121,0.7432789707799985,-2.220446049250313e-16,0.2567210292200017,0.7599282977360645,0.0,0.2400717022639355,0.24007170226393582,0.2567210292200017,0.016649326956065857,1.0,1.0
18.0622,RCP,8.0,0.0,121,0.7421131794583711,0.0,0.2578868205416289,0.7586581598922851,-1.1102230246251565e-16,0.24134184010771492,0.24134184010771528,0.25788682054162904,0.016544980433913642,1.0,1.0
18.0651,RCP,8.0,0.0,121,0.7409571485469312,0.0,0.2590428514530688,0.7573979547288426,-1.1102230246251565e-16,0.24260204527115742,0.2426020452711567,0.2590428514530691,0.016440806181912127,1.0,1.0
18.068,RCP,8.0,0.0,121,0.7398214942302996,0.0,0.2601785057697004,0.7561548874797536,-1.1102230246251565e-16,0.24384511252024654,0.2438451125202463,0.26017850576970064,0.016333393249454126,1.0,1.0
18.0709,RCP,8.0,0.0,121,0.7387173617217275,-1.1102230246251565e-16,0.2612826382782726,0.7549369406725157,0.0,0.24506305932748432,0.2450630593274844,0.2612826382782725,0.016219578950788183,1.0,1.0
18.073800000000002,RCP,8.0,0.0,121,0.7376561467761917,-2.220446049250313e-16,0.26234385322380843,0.7537527644952666,-1.1102230246251565e-16,0.24624723550473346,0.24624723550473335,0.262343853223808,0.016096617719075085,1.0,1.0
18.076700000000002,RCP,8.0,0.0,121,0.7366491506016724,0.0,0.26335084939832765,0.7526115109345505,-1.1102230246251565e-16,0.24738848906544958,0.24738848906544975,0.26335084939832765,0.0159623603328779,1.0,1.0
18.0796,RCP,8.0,0.0,121,0.7357071827169636,0.0,0.26429281728303644,0.7515226105626662,0.0,0.24847738943733383,0.24847738943733355,0.2642928172830363,0.01581542784570289,1.0,1.0
18.0825,RCP,8.0,0.0,121,0.7348401348310416,-1.1102230246251565e-16,0.2651598651689585,0.7504954959934904,0.0,0.24950450400650961,0.24950450400650953,0.26515986516895873,0.015655361162448977,1.0,1.0
18.0854,RCP,8.0,0.0,121,0.7340565561767545,-1.1102230246251565e-16,0.26594344382324564,0.7495392820773892,0.0,0.2504607179226108,0.25046071792261043,0.265943443823246,0.015482725900635208,1.0,1.0
18.0883,RCP,8.0,0.0,121,0.7333632654445477,0.0,0.26663673455545234,0.7486624192242584,0.0,0.2513375807757417,0.25133758077574164,0.2666367345554526,0.015299153779710695,1.0,1.0
18.0912,RCP,8.0,0.0,121,0.7327650352466315,0.0,0.2672349647533685,0.747872341937727,1.1102230246251565e-16,0.25212765806227294,0.2521276580622725,0.26723496475336866,0.015107306691096,1.0,1.0
18.0941,RCP,8.0,0.0,121,0.7322643811595684,1.1102230246251565e-16,0.2677356188404315,0.747175138698584,0.0,0.252824861301416,0.252824861301416,0.2677356188404317,0.014910757539015496,1.0,1.0
18.097,RCP,8.0,0.0,121,0.7318614789001997,-1.1102230246251565e-16,0.26813852109980035,0.7465752707857711,0.0,0.25342472921422887,0.25342472921422904,0.26813852109980035,0.014713791885571315,1.0,1.0
18.0999,RCP,8.0,0.0,121,0.7315542210527897,0.0,0.2684457789472104,0.7460753657875506,-1.1102230246251565e-16,0.25392463421244943,0.25392463421244943,0.2684457789472103,0.01452114473476096,1.0,1.0
18.102800000000002,RCP,8.0,0.0,121,0.7313384107019958,-2.220446049250313e-16,0.2686615892980044,0.7456761062298045,0.0,0.25432389377019554,0.25432389377019576,0.26866158929800366,0.014337695527808614,1.0,1.0
18.1057,RCP,8.0,0.0,121,0.7312080754851827,0.0,0.26879192451481726,0.7453762253551115,-1.1102230246251565e-16,0.2546237746448886,0.2546237746448885,0.26879192451481704,0.014168149869928759,1.0,1.0
18.1086,RCP,8.0,0.0,121,0.7311558740530917,1.1102230246251565e-16,0.2688441259469082,0.7451726116571444,-2.220446049250313e-16,0.25482738834285573,0.25482738834285545,0.2688441259469075,0.014016737604052754,1.0,1.0
18.1115,RCP,8.0,0.0,121,0.7311735593283255,0.0,0.26882644067167455,0.7450605128089935,0.0,0.2549394871910065,0.2549394871910064,0.26882644067167477,0.013886953480668152,1.0,1.0
18.1144,RCP,8.0,0.0,121,0.7312524600694981,-2.220446049250313e-16,0.26874753993050216,0.7450338197771103,0.0,0.25496618022288975,0.25496618022288997,0.268747539930502,0.013781359707612184,1.0,1.0
18.1173,RCP,8.0,0.0,121,0.7313839439970533,0.0,0.26861605600294663,0.7450854046665468,0.0,0.2549145953334532,0.2549145953334532,0.2686160560029467,0.01370146066949346,1.0,1.0
18.1202,RCP,8.0,0.0,121,0.7315598312568334,0.0,0.2684401687431666,0.7452074821741234,-1.1102230246251565e-16,0.2547925178258768,0.2547925178258767,0.2684401687431668,0.013647650917289922,1.0,1.0
18.1231,RCP,8.0,0.0,121,0.7317727349747811,-1.1102230246251565e-16,0.268227265025219,0.7453919647436977,0.0,0.25460803525630227,0.25460803525630227,0.2682272650252188,0.013619229768916719,1.0,1.0
18.126,RCP,8.0,0.0,121,0.7320163146510903,-2.220446049250313e-16,0.2679836853489099,0.7456307852472102,0.0,0.2543692147527899,0.25436921475278984,0.26798368534891004,0.013614470596120032,1.0,1.0
18.1289,RCP,8.0,0.0,121,0.7322854368937197,0.0,0.2677145631062803,0.7459161673615637,-2.220446049250313e-16,0.2540838326384364,0.2540838326384368,0.2677145631062802,0.013630730467843466,1.0,1.0
18.131800000000002,RCP,8.0,0.0,121,0.7325762455934389,1.1102230246251565e-16,0.267423754406561,0.7462408315971596,0.0,0.25375916840284046,0.25375916840284074,0.267423754406561,0.01366458600372028,1.0,1.0
18.134700000000002,RCP,8.0,0.0,121,0.7328861495917081,2.220446049250313e-16,0.2671138504082918,0.7465981329576832,0.0,0.2534018670423168,0.2534018670423168,0.2671138504082919,0.013711983365974956,1.0,1.0
18.1376,RCP,8.0,0.0,121,0.7332137400301968,0.0,0.26678625996980326,0.7469821334402824,1.1102230246251565e-16,0.2530178665597175,0.2530178665597174,0.2667862599698033,0.013768393410085844,1.0,1.0
18.1405,RCP,8.0,0.0,121,0.7335586519716193,-1.1102230246251565e-16,0.2664413480283808,0.7473876182686114,0.0,0.2526123817313886,0.25261238173138834,0.2664413480283809,0.013828966296992484,1.0,1.0
18.1434,RCP,8.0,0.0,121,0.7339213857511286,1.1102230246251565e-16,0.26607861424887125,0.7478100684529292,-2.220446049250313e-16,0.252189931547071,0.2521899315470711,0.26607861424887125,0.013888682701800159,1.0,1.0
18.1463,RCP,8.0,0.0,121,0.7343031031258771,0.0,0.2656968968741229,0.7482456038599339,-1.1102230246251565e-16,0.25175439614006623,0.25175439614006623,0.265696896874123,0.013942500734056673,1.0,1.0
18.1492,RCP,8.0,0.0,121,0.7347054119484266,1.1102230246251565e-16,0.26529458805157324,0.7486909105872375,0.0,0.2513090894127626,0.2513090894127626,0.2652945880515733,0.013985498638810656,1.0,1.0
18.1521,RCP,8.0,0.0,121,0.7351301511528323,0.0,0.26486984884716774,0.7491431644371609,-2.220446049250313e-16,0.2508568355628393,0.2508568355628396,0.2648698488471676,0.014013013284328135,1.0,1.0
18.155,RCP,8.0,0.0,121,0.7355791856927014,0.0,0.2644208143072985,0.749599959201481,-1.1102230246251565e-16,0.2504000407985191,0.25040004079851924,0.2644208143072986,0.014020773508779283,1.0,1.0
18.1579,RCP,8.0,0.0,121,0.7360542190726065,1.1102230246251565e-16,0.2639457809273934,0.7500592449245804,0.0,0.24994075507541952,0.2499407550754195,0.2639457809273936,0.014005025851973912,1.0,1.0
18.160800000000002,RCP,8.0,0.0,121,0.7365566295191592,0.0,0.2634433704808408,0.7505192779150631,1.1102230246251565e-16,0.24948072208493674,0.24948072208493677,0.2634433704808409,0.013962648395904054,1.0,1.0
18.1637,RCP,8.0,0.0,121,0.7370873347136504,0.0,0.2629126652863496,0.7509785815290959,0.0,0.24902141847090412,0.24902141847090403,0.2629126652863491,0.013891246815445568,1.0,1.0
18.166600000000003,RCP,8.0,0.0,121,0.7376466891928926,1.1102230246251565e-16,0.26235331080710733,0.7514359149604817,-1.1102230246251565e-16,0.24856408503951846,0.24856408503951846,0.26235331080710744,0.01378922576758887,1.0,1.0
18.1695,RCP,8.0,0.0,121,0.7382344176925308,0.0,0.26176558230746916,0.751890246530543,0.0,0.24810975346945696,0.24810975346945696,0.2617655823074691,0.013655828838012196,1.0,1.0
18.1724,RCP,8.0,0.0,121,0.738849586494092,0.0,0.261150413505908,0.7523407281529011,0.0,0.24765927184709896,0.24765927184709882,0.26115041350590806,0.013491141658809186,1.0,1.0
18.1753,RCP,8.0,0.0,121,0.7394906130063132,-1.1102230246251565e-16,0.26050938699368686,0.7527866684833886,-1.1102230246251565e-16,0.2472133315166115,0.2472133315166116,0.2605093869936868,0.01329605547707527,1.0,1.0
18.1782,RCP,8.0,0.0,121,0.7401553113837869,-1.1102230246251565e-16,0.25984468861621324,0.7532275034223936,0.0,0.24677249657760641,0.24677249657760672,0.25984468861621307,0.013072192038606517,1.0,1.0
18.1811,RCP,8.0,0.0,121,0.7408409692583555,0.0,0.25915903074164454,0.7536627638006004,0.0,0.24633723619939962,0.24633723619939987,0.25915903074164454,0.012821794542244663,1.0,1.0
18.184,RCP,8.0,0.0,121,0.7415444481217046,0.0,0.25845555187829544,0.7540920410131448,1.1102230246251565e-16,0.2459079589868552,0.2459079589868551,0.25845555187829544,0.012547592891440335,1.0,1.0
18.1869,RCP,8.0,0.0,121,0.7422622980742093,-1.1102230246251565e-16,0.2577377019257908,0.7545149519466485,-1.1102230246251565e-16,0.24548504805335158,0.24548504805335133,0.2577377019257907,0.012252653872439484,1.0,1.0
18.1898,RCP,8.0,0.0,121,0.7429908769247099,1.1102230246251565e-16,0.25700912307529006,0.7549311047467802,-1.1102230246251565e-16,0.24506889525321995,0.24506889525322006,0.25700912307528984,0.011940227822069993,1.0,1.0
18.192700000000002,RCP,8.0,0.0,121,0.7437264641252712,2.220446049250313e-16,0.25627353587472856,0.7553400668700158,0.0,0.24465993312998424,0.24465993312998421,0.2562735358747285,0.01161360274474435,1.0,1.0
18.1956,RCP,8.0,0.0,121,0.7444653616215641,-1.1102230246251565e-16,0.25553463837843604,0.7557413365654806,0.0,0.24425866343451944,0.2442586634345194,0.25553463837843604,0.011275974943916633,1.0,1.0
18.1985,RCP,8.0,0.0,121,0.7452039760644434,-1.1102230246251565e-16,0.2547960239355567,0.7561343185693712,1.1102230246251565e-16,0.2438656814306287,0.24386568143062856,0.25479602393555667,0.010930342504928164,1.0,1.0
18.2014,RCP,8.0,0.0,121,0.7459388795420999,-1.1102230246251565e-16,0.25406112045790014,0.756518304474243,0.0,0.24348169552575707,0.24348169552575713,0.25406112045790014,0.010579424932143006,1.0,1.0
18.2043,RCP,8.0,0.0,121,0.746666848646518,0.0,0.253333151353482,0.7568924580231058,0.0,0.24310754197689416,0.24310754197689435,0.253333151353482,0.010225609376587647,1.0,1.0
18.2072,RCP,8.0,0.0,121,0.7473848839593383,-1.1102230246251565e-16,0.2526151160406617,0.7572558054928156,0.0,0.24274419450718437,0.24274419450718437,0.25261511604066184,0.00987092153347735,1.0,1.0
18.2101,RCP,8.0,0.0,121,0.7480902137125807,0.0,0.2519097862874194,0.7576072313406818,0.0,0.24239276865931828,0.24239276865931836,0.25190978628741945,0.009517017628101032,1.0,1.0
18.213,RCP,8.0,0.0,121,0.7487802863426631,-1.1102230246251565e-16,0.251219713657337,0.7579454793340683,-1.1102230246251565e-16,0.24205452066593183,0.24205452066593205,0.251219713657337,0.009165192991404919,1.0,1.0
18.2159,RCP,8.0,0.0,121,0.7494527568974869,-1.1102230246251565e-16,0.2505472431025132,0.7582691593948567,-1.1102230246251565e-16,0.2417308406051434,0.24173084060514347,0.2505472431025132,0.00881640249736973,1.0,1.0
18.2188,RCP,8.0,0.0,121,0.7501054718430346,0.0,0.24989452815696542,0.7585767603168558,0.0,0.2414232396831442,0.24142323968314397,0.24989452815696525,0.008471288473821448,1.0,1.0
18.221700000000002,RCP,8.0,0.0,121,0.7507364558849026,0.0,0.2492635441150975,0.7588666683359726,-1.1102230246251565e-16,0.2411333316640275,0.24113333166402756,0.24926354411509752,0.00813021245106993,1.0,1.0
18.224600000000002,RCP,8.0,0.0,121,0.7513439031545063,1.1102230246251565e-16,0.24865609684549367,0.7591371912694455,0.0,0.24086280873055452,0.24086280873055452,0.24865609684549345,0.007793288114939151,1.0,1.0
18.2275,RCP,8.0,0.0,121,0.7519261737247728,-1.1102230246251565e-16,0.24807382627522734,0.7593865876468509,0.0,0.2406134123531492,0.24061341235314915,0.24807382627522756,0.007460413922078191,1.0,1.0
18.2304,RCP,8.0,0.0,121,0.7524817951216116,0.0,0.24751820487838838,0.7596130999976661,-1.1102230246251565e-16,0.24038690000233393,0.2403869000023341,0.24751820487838835,0.00713130487605429,1.0,1.0
18.2333,RCP,8.0,0.0,121,0.7530094674535041,1.1102230246251565e-16,0.24699053254649583,0.7598149912940724,-1.1102230246251565e-16,0.24018500870592774,0.24018500870592774,0.24699053254649583,0.006805523840568095,1.0,1.0
18.2362,RCP,8.0,0.0,121,0.7535080701039039,1.1102230246251565e-16,0.24649192989609603,0.7599905835046883,-1.1102230246251565e-16,0.24000941649531185,0.240009416495312,0.2464919298960961,0.00648251340078404,1.0,1.0
18.2391,RCP,8.0,0.0,121,0.753976667660459,-1.1102230246251565e-16,0.24602333233954105,0.7601382972851372,0.0,0.2398617027148628,0.239861702714863,0.24602333233954088,0.006161629624678033,1.0,1.0
18.242,RCP,8.0,0.0,121,0.7544145128772508,1.1102230246251565e-16,0.2455854871227491,0.7602566919748281,0.0,0.23974330802517185,0.2397433080251719,0.24558548712274916,0.005842179097577199,1.0,1.0
18.2449,RCP,8.0,0.0,121,0.7548210449286961,0.0,0.24517895507130397,0.7603445052258948,1.1102230246251565e-16,0.23965549477410508,0.23965549477410517,0.245178955071304,0.005523460297198801,1.0,1.0
18.2478,RCP,8.0,0.0,121,0.7551958819403498,1.1102230246251565e-16,0.24480411805965013,0.7604006916958899,0.0,0.23959930830411014,0.2395993083041103,0.24480411805965024,0.00520480975553983,1.0,1.0
18.250700000000002,RCP,8.0,0.0,121,0.7555388076886349,-2.220446049250313e-16,0.24446119231136526,0.7604244602449275,-2.220446049250313e-16,0.23957553975507268,0.23957553975507262,0.24446119231136557,0.004885652556292641,1.0,1.0
18.2536,RCP,8.0,0.0,121,0.755849753348022,0.0,0.24415024665197807,0.7604153089709473,0.0,0.23958469102905267,0.23958469102905267,0.24415024665197801,0.004565555622925405,1.0,1.0
18.2565,RCP,8.0,0.0,121,0.7561287761110742,0.0,0.24387122388892582,0.760373057208177,1.1102230246251565e-16,0.23962694279182284,0.2396269427918229,0.2438712238889259,0.0042442810971029254,1.0,1.0
18.2594,RCP,8.0,0.0,121,0.7563760372641073,0.0,0.2436239627358927,0.7602978733464382,0.0,0.23970212665356186,0.23970212665356183,0.24362396273589276,0.003921836082330876,1.0,1.0
18.2623,RCP,8.0,0.0,121,0.7565917827107884,1.1102230246251565e-16,0.2434082172892115,0.7601902970705235,0.0,0.23980970292947648,0.23980970292947693,0.24340821728921155,0.0035985143597345726,1.0,1.0
18.2652,RCP,8.0,0.0,121,0.7567763288506999,0.0,0.24322367114930016,0.7600512544378399,0.0,0.23994874556216012,0.23994874556215995,0.24322367114930024,0.0032749255871402094,1.0,1.0
18.2681,RCP,8.0,0.0,121,0.7569300560689389,2.220446049250313e-16,0.24306994393106088,0.7598820641730968,0.0,0.2401179358269032,0.24011793582690327,0.24306994393106085,0.002952008104157605,1.0,1.0
18.271,RCP,8.0,0.0,121,0.7570534109170566,0.0,0.24294658908294345,0.759684433695406,-1.1102230246251565e-16,0.24031556630459416,0.2403155663045942,0.24294658908294373,0.002631022778349257,1.0,1.0
18.2739,RCP,8.0,0.0,121,0.757146916545818,-1.1102230246251565e-16,0.24285308345418213,0.7594604437041514,0.0,0.24053955629584856,0.2405395562958486,0.24285308345418208,0.0023135271583335226,1.0,1.0
18.2768,RCP,8.0,0.0,121,0.7572111893881267,0.0,0.24278881061187332,0.7592125206030802,-2.220446049250313e-16,0.24078747939691997,0.2407874793969199,0.24278881061187318,0.0020013312149534113,1.0,1.0
18.279700000000002,RCP,8.0,0.0,121,0.7572469588288266,0.0,0.24275304117117333,0.7589433965737359,1.1102230246251565e-16,0.24105660342626403,0.2410566034262641,0.24275304117117352,0.0016964377449092405,1.0,1.0
18.282600000000002,RCP,8.0,0.0,121,0.7572550859420059,1.1102230246251565e-16,0.24274491405799403,0.7586560576656686,-1.1102230246251565e-16,0.24134394233433154,0.24134394233433135,0.24274491405799414,0.0014009717236626862,1.0,1.0
18.2855,RCP,8.0,0.0,121,0.7572365774906991,-1.1102230246251565e-16,0.24276342250930108,0.7583536808160787,-1.1102230246251565e-16,0.2416463191839214,0.24164631918392115,0.24276342250930102,0.0011171033253799256,1.0,1.0
18.2884,RCP,8.0,0.0,121,0.7571925922576989,-1.1102230246251565e-16,0.24280740774230122,0.7580395612606069,1.1102230246251565e-16,0.24196043873939296,0.2419604387393934,0.24280740774230114,0.0008469690029078158,1.0,1.0
18.2913,RCP,8.0,0.0,121,0.7571244382232158,-1.1102230246251565e-16,0.24287556177678427,0.757717032400847,1.1102230246251565e-16,0.24228296759915294,0.24228296759915294,0.24287556177678463,0.0005925941776313282,1.0,1.0
18.2942,RCP,8.0,0.0,121,0.7570335608296797,0.0,0.2429664391703203,0.7573893809243281,-1.1102230246251565e-16,0.24261061907567208,0.24261061907567086,0.2429664391703203,0.00035582009464943387,1.0,1.0
18.2971,RCP,8.0,0.0,121,0.7569215242442469,-1.1102230246251565e-16,0.24307847575575328,0.7570597608618672,0.0,0.24294023913813276,0.24294023913813248,0.2430784757557532,0.00013823661762080164,1.0,1.0
18.3,RCP,8.0,0.0,121,0.7567899888715869,-1.1102230246251565e-16,0.24321001112841317,0.7567311112801456,-1.1102230246251565e-16,0.24326888871985455,0.24326888871985497,0.24321001112841292,5.887759144179716e-05,1.0,1.0
