lambda_um,pol,theta_deg,phi_deg,harmonics,R,T,A,R_reverse,T_reverse,A_reverse,emissivity_same_channel,emissivity_reverse_channel,eta,conservation,reverse_conservation
15.4,LCP,8.0,0.0,121,0.6594208311488021,-1.1102230246251565e-16,0.340579168851198,0.5018767536823239,0.0,0.4981232463176761,0.49812324631767496,0.3405791688511983,0.15754407746647697,1.0,1.0
15.4029,LCP,8.0,0.0,121,0.691492167617398,-1.1102230246251565e-16,0.30850783238260215,0.5170478162919283,0.0,0.48295218370807175,0.4829521837080714,0.30850783238260393,0.17444435132546926,1.0,1.0
15.405800000000001,LCP,8.0,0.0,121,0.7215609180489234,-1.1102230246251565e-16,0.27843908195107664,0.5378546275591505,0.0,0.4621453724408495,0.46214537244084963,0.27843908195107786,0.183706290489773,1.0,1.0
15.4087,LCP,8.0,0.0,121,0.7491247922562244,0.0,0.2508752077437756,0.562795851989172,0.0,0.437204148010828,0.4372041480108251,0.25087520774377836,0.1863289402670495,1.0,1.0
15.4116,LCP,8.0,0.0,121,0.7739985756471246,0.0,0.2260014243528754,0.5903094301942862,-2.220446049250313e-16,0.409690569805714,0.40969056980570895,0.22600142435287504,0.18368914545283355,1.0,1.0
15.4145,LCP,8.0,0.0,121,0.7962061598737471,0.0,0.20379384012625296,0.6189703249560247,-1.1102230246251565e-16,0.3810296750439754,0.3810296750439728,0.20379384012625287,0.17723583491771983,1.0,1.0
15.4174,LCP,8.0,0.0,121,0.8158954518682775,0.0,0.18410454813172245,0.6476095315089806,1.1102230246251565e-16,0.35239046849101935,0.35239046849101596,0.18410454813172217,0.16828592035929352,1.0,1.0
15.420300000000001,LCP,8.0,0.0,121,0.8332780120829251,0.0,0.16672198791707488,0.675356093906481,0.0,0.324643906093519,0.32464390609351823,0.16672198791707635,0.15792191817644335,1.0,1.0
15.4232,LCP,8.0,0.0,121,0.8485895510575567,0.0,0.15141044894244332,0.7016230714029273,-1.1102230246251565e-16,0.29837692859707277,0.29837692859707216,0.15141044894244296,0.14696647965462883,1.0,1.0
15.4261,LCP,8.0,0.0,121,0.8620659309694401,0.0,0.13793406903056,0.7260626729443802,0.0,0.27393732705561974,0.27393732705562046,0.13793406903055877,0.13600325802506047,1.0,1.0
15.429,LCP,8.0,0.0,121,0.8739297959977508,0.0,0.1260702040022492,0.7485109774097319,-1.1102230246251565e-16,0.2514890225902681,0.25148902259027034,0.12607020400224883,0.12541881858802115,1.0,1.0
15.4319,LCP,8.0,0.0,121,0.8843840580314069,0.0,0.11561594196859312,0.7689350475040682,-1.1102230246251565e-16,0.23106495249593195,0.23106495249593398,0.1156159419685928,0.11544901052734086,1.0,1.0
15.434800000000001,LCP,8.0,0.0,121,0.8936095704184692,0.0,0.10639042958153075,0.7873885782120752,0.0,0.2126114217879248,0.21261142178792922,0.1063904295815303,0.10622099220639847,1.0,1.0
15.4377,LCP,8.0,0.0,121,0.9017652137921848,0.0,0.09823478620781527,0.8039777602871339,0.0,0.19602223971286617,0.1960222397128625,0.09823478620781717,0.09778745350504724,1.0,1.0
15.4406,LCP,8.0,0.0,121,0.9089892639357005,-1.1102230246251565e-16,0.09101073606429964,0.8188366337274144,0.0,0.18116336627258556,0.18116336627258886,0.09101073606429957,0.09015263020828922,1.0,1.0
15.4435,LCP,8.0,0.0,121,0.9154013508988456,-1.1102230246251565e-16,0.08459864910115457,0.8321102252877998,0.0,0.16788977471220023,0.1678897747122014,0.08459864910115486,0.08329112561104683,1.0,1.0
15.4464,LCP,8.0,0.0,121,0.9211046045817559,0.0,0.07889539541824409,0.843943595171386,-1.1102230246251565e-16,0.1560564048286141,0.15605640482861285,0.07889539541824428,0.07716100941036877,1.0,1.0
15.449300000000001,LCP,8.0,0.0,121,0.9261877620619234,0.0,0.07381223793807655,0.8544751284052636,1.1102230246251565e-16,0.1455248715947363,0.14552487159473781,0.07381223793807598,0.07171263365666126,1.0,1.0
15.4522,LCP,8.0,0.0,121,0.9307271219558719,-2.220446049250313e-16,0.06927287804412828,0.8638327421496141,0.0,0.1361672578503859,0.13616725785038597,0.06927287804412882,0.06689437980625769,1.0,1.0
15.4551,LCP,8.0,0.0,121,0.934788296268243,-2.220446049250313e-16,0.06521170373175719,0.8721320146519052,-1.1102230246251565e-16,0.127867985348095,0.12786798534809637,0.06521170373175655,0.06265628161633918,1.0,1.0
15.458,LCP,8.0,0.0,121,0.9384277472994309,-1.1102230246251565e-16,0.06157225270056916,0.8794755236448923,-1.1102230246251565e-16,0.12052447635510777,0.12052447635510916,0.06157225270056975,0.05895222365454,1.0,1.0
15.4609,LCP,8.0,0.0,121,0.9416941171806708,1.1102230246251565e-16,0.05830588281932918,0.8859528998107445,-1.1102230246251565e-16,0.11404710018925551,0.11404710018925635,0.058305882819328594,0.05574121736992717,1.0,1.0
15.4638,LCP,8.0,0.0,121,0.9446293673861774,-1.1102230246251565e-16,0.055370632613822704,0.8916412598411703,0.0,0.10835874015882978,0.10835874015883042,0.05537063261382277,0.05298810754500771,1.0,1.0
15.466700000000001,LCP,8.0,0.0,121,0.9472697494215336,1.1102230246251565e-16,0.05273025057846623,0.89660579464374,0.0,0.10339420535625998,0.10339420535626014,0.0527302505784678,0.0506639547777939,1.0,1.0
15.4696,LCP,8.0,0.0,121,0.9496466284406045,-2.220446049250313e-16,0.05035337155939564,0.9009003627526477,-2.220446049250313e-16,0.09909963724735252,0.09909963724735325,0.05035337155939604,0.04874626568795761,1.0,1.0
15.4725,LCP,8.0,0.0,121,0.9517871803638256,1.1102230246251565e-16,0.048212819636174256,0.9045679865153554,-1.1102230246251565e-16,0.09543201348464467,0.09543201348464302,0.04821281963617392,0.04721919384846876,1.0,1.0
15.4754,LCP,8.0,0.0,121,0.9537149810903593,-1.1102230246251565e-16,0.046285018909640714,0.9076411763606658,1.1102230246251565e-16,0.09235882363933415,0.09235882363933488,0.04628501890964017,0.04607380472969417,1.0,1.0
15.4783,LCP,8.0,0.0,121,0.9554505041399248,-1.1102230246251565e-16,0.04454949586007526,0.9101420213786364,2.220446049250313e-16,0.08985797862136341,0.08985797862136269,0.04454949586007478,0.045308482761287426,1.0,1.0
15.481200000000001,LCP,8.0,0.0,121,0.95701154081367,-2.220446049250313e-16,0.04298845918633018,0.9120819856013218,1.1102230246251565e-16,0.08791801439867812,0.08791801439867453,0.04298845918633137,0.044929555212344346,1.0,1.0
15.4841,LCP,8.0,0.0,121,0.9584135548745895,-1.1102230246251565e-16,0.041586445125410605,0.913461340165362,-2.220446049250313e-16,0.08653865983463821,0.086538659834641,0.04158644512541033,0.044952214709230394,1.0,1.0
15.487,LCP,8.0,0.0,121,0.9596699818780614,0.0,0.04033001812193865,0.9142681418513381,0.0,0.08573185814866197,0.0857318581486644,0.0403300181219382,0.045401840026725745,1.0,1.0
15.4899,LCP,8.0,0.0,121,0.9607924816471085,1.1102230246251565e-16,0.03920751835289142,0.9144766367263673,-1.1102230246251565e-16,0.08552336327363284,0.08552336327363089,0.039207518352891,0.046315844920739466,1.0,1.0
15.4928,LCP,8.0,0.0,121,0.9617911509802273,-1.1102230246251565e-16,0.038208849019772805,0.9140449205049572,-2.220446049250313e-16,0.08595507949504298,0.08595507949504322,0.03820884901977489,0.047746230475270414,1.0,1.0
15.495700000000001,LCP,8.0,0.0,121,0.9626747024761946,-1.1102230246251565e-16,0.03732529752380556,0.9129116195255342,-2.220446049250313e-16,0.08708838047446602,0.08708838047446615,0.037325297523805256,0.04976308295066059,1.0,1.0
15.4986,LCP,8.0,0.0,121,0.9634506143393415,-1.1102230246251565e-16,0.03654938566065854,0.9109912602754047,0.0,0.08900873972459539,0.08900873972459215,0.03654938566065783,0.052459354063933615,1.0,1.0
15.5015,LCP,8.0,0.0,121,0.964125255161324,-1.1102230246251565e-16,0.035874744838676156,0.9081678608689414,1.1102230246251565e-16,0.09183213913105852,0.09183213913105706,0.035874744838675976,0.055957394292380905,1.0,1.0
15.5044,LCP,8.0,0.0,121,0.9647039869368024,0.0,0.03529601306319758,0.9042860924148302,0.0,0.0957139075851698,0.09571390758517248,0.035296013063197726,0.0604178945219749,1.0,1.0
15.5073,LCP,8.0,0.0,121,0.9651912489383995,-1.1102230246251565e-16,0.034808751061600654,0.8991391107554999,1.1102230246251565e-16,0.10086088924450003,0.10086088924450178,0.03480875106160114,0.06605213818290112,1.0,1.0
15.510200000000001,LCP,8.0,0.0,121,0.9655906245284275,-2.220446049250313e-16,0.034409375471572745,0.8924518510589898,-1.1102230246251565e-16,0.10754814894101027,0.10754814894100882,0.03440937547157242,0.07313877346943608,1.0,1.0
15.5131,LCP,8.0,0.0,121,0.9659048925045179,0.0,0.03409510749548205,0.8838582547233599,0.0,0.11614174527664015,0.11614174527663829,0.03409510749548164,0.08204663778115623,1.0,1.0
15.516,LCP,8.0,0.0,121,0.9661360641444301,0.0,0.03386393585556987,0.8728707328361902,-1.1102230246251565e-16,0.12712926716380987,0.12712926716380987,0.03386393585557042,0.09326533130824,1.0,1.0
15.5189,LCP,8.0,0.0,121,0.9662854067178515,0.0,0.03371459328214859,0.8588406731563322,1.1102230246251565e-16,0.14115932684366778,0.14115932684366558,0.03371459328214856,0.10744473356151699,1.0,1.0
15.5218,LCP,8.0,0.0,121,0.9663534538551566,-2.220446049250313e-16,0.033646546144843636,0.8409113255925049,1.1102230246251565e-16,0.159088674407495,0.15908867440749602,0.033646546144843026,0.12544212826265239,1.0,1.0
15.524700000000001,LCP,8.0,0.0,121,0.9663400027888489,-1.1102230246251565e-16,0.03365999721115119,0.8179723301097379,0.0,0.18202766989026212,0.18202766989026453,0.033659997211150115,0.14836767267911333,1.0,1.0
15.5276,LCP,8.0,0.0,121,0.9662440981000772,-1.1102230246251565e-16,0.03375590189992297,0.7886462848168485,-1.1102230246251565e-16,0.21135371518315163,0.21135371518315504,0.033755901899924216,0.17759781328323207,1.0,1.0
15.5305,LCP,8.0,0.0,121,0.9660640011917452,-2.220446049250313e-16,0.03393599880825499,0.7513880161254487,0.0,0.24861198387455136,0.24861198387455025,0.03393599880825517,0.21467598506629526,1.0,1.0
15.5334,LCP,8.0,0.0,121,0.9657971442539557,0.0,0.03420285574604429,0.7048803893386597,1.1102230246251565e-16,0.2951196106613402,0.2951196106613431,0.034202855746045015,0.2609167549152988,1.0,1.0
15.5363,LCP,8.0,0.0,121,0.9654400669659191,1.1102230246251565e-16,0.03455993303408078,0.649065112252195,-1.1102230246251565e-16,0.3509348877478052,0.35093488774780274,0.03455993303408065,0.31637495471372196,1.0,1.0
15.539200000000001,LCP,8.0,0.0,121,0.9649883335625415,-2.220446049250313e-16,0.03501166643745864,0.5871721032738426,-2.220446049250313e-16,0.4128278967261576,0.41282789672615383,0.03501166643745829,0.3778162302886952,1.0,1.0
15.5421,LCP,8.0,0.0,121,0.9644364271537111,0.0,0.03556357284628888,0.5283184577223305,0.0,0.4716815422776695,0.4716815422776682,0.035563572846289415,0.4361179694313793,1.0,1.0
15.545,LCP,8.0,0.0,121,0.9637776172758412,-1.1102230246251565e-16,0.036222382724158855,0.48778810268716477,0.0,0.5122118973128352,0.5122118973128389,0.036222382724157155,0.47598951458868005,1.0,1.0
15.5479,LCP,8.0,0.0,121,0.9630037955272981,-1.1102230246251565e-16,0.036996204472702035,0.4804664444197679,5.551115123125783e-17,0.5195335555802321,0.5195335555802366,0.03699620447270118,0.4825373511075346,1.0,1.0
15.5508,LCP,8.0,0.0,121,0.9621052727212356,-2.220446049250313e-16,0.037894727278764626,0.5097421373063126,0.0,0.49025786269368743,0.4902578626936842,0.03789472727876478,0.45236313541491957,1.0,1.0
15.553700000000001,LCP,8.0,0.0,121,0.9610705291912189,0.0,0.03892947080878111,0.5644898008652903,0.0,0.4355101991347096,0.43551019913470973,0.03892947080878212,0.3965807283259286,1.0,1.0
15.5566,LCP,8.0,0.0,121,0.959885907589061,-1.1102230246251565e-16,0.04011409241093908,0.62830106725198,0.0,0.37169893274802,0.3716989327480176,0.04011409241093932,0.33158484033707847,1.0,1.0
15.5595,LCP,8.0,0.0,121,0.9585352345610546,0.0,0.04146476543894538,0.6890951578817595,-2.220446049250313e-16,0.31090484211824077,0.31090484211824665,0.041464765438945374,0.26944007667930125,1.0,1.0
15.5624,LCP,8.0,0.0,121,0.9569993538746678,-1.1102230246251565e-16,0.04300064612533223,0.7413871258252659,-1.1102230246251565e-16,0.25861287417473416,0.25861287417473106,0.04300064612533135,0.21561222804939884,1.0,1.0
15.5653,LCP,8.0,0.0,121,0.9552555486157821,0.0,0.044744451384217905,0.7841421589278663,1.1102230246251565e-16,0.21585784107213357,0.21585784107213318,0.04474445138421717,0.17111338968791528,1.0,1.0
15.568200000000001,LCP,8.0,0.0,121,0.9532768236288041,0.0,0.04672317637119599,0.818333503391769,1.1102230246251565e-16,0.18166649660823092,0.18166649660823142,0.046723176371197515,0.13494332023703542,1.0,1.0
15.5711,LCP,8.0,0.0,121,0.9510310109545417,0.0,0.048968989045458336,0.8455036855154681,0.0,0.15449631448453188,0.1544963144845318,0.048968989045457684,0.10552732543907346,1.0,1.0
15.574,LCP,8.0,0.0,121,0.9484796500262942,-1.1102230246251565e-16,0.051520349973705956,0.8671432390973575,-2.220446049250313e-16,0.13285676090264276,0.13285676090264195,0.05152034997370476,0.081336410928936,1.0,1.0
15.5769,LCP,8.0,0.0,121,0.9455765800392246,-1.1102230246251565e-16,0.05442341996077547,0.8844946605916861,1.1102230246251565e-16,0.11550533940831373,0.11550533940831502,0.054423419960777396,0.06108191944753955,1.0,1.0
15.5798,LCP,8.0,0.0,121,0.9422661632742446,-1.1102230246251565e-16,0.057733836725755494,0.8985324572544557,0.0,0.10146754274554431,0.10146754274554352,0.057733836725753884,0.04373370601978803,1.0,1.0
15.5827,LCP,8.0,0.0,121,0.9384810341739077,-1.1102230246251565e-16,0.06151896582609235,0.9100013451256581,0.0,0.08999865487434185,0.08999865487435328,0.061518965826085924,0.028479689048260932,1.0,1.0
15.585600000000001,LCP,8.0,0.0,121,0.9341392386081808,0.0,0.06586076139181915,0.9194652354262685,0.0,0.08053476457373153,0.08053476457373235,0.06586076139182034,0.014674003181913198,1.0,1.0
15.5885,LCP,8.0,0.0,121,0.9291405904860436,1.1102230246251565e-16,0.07085940951395626,0.9273509538647371,0.0,0.07264904613526295,0.07264904613526159,0.07085940951395628,0.0017896366213053239,1.0,1.0
15.5914,LCP,8.0,0.0,121,0.9233620296035139,-1.1102230246251565e-16,0.07663797039648623,0.9339829595428946,0.0,0.0660170404571054,0.06601704045710648,0.07663797039648537,0.010620929939379756,1.0,1.0
15.5943,LCP,8.0,0.0,121,0.9166517200133201,1.1102230246251565e-16,0.08334827998667987,0.9396095878362801,1.1102230246251565e-16,0.060390412163719806,0.060390412163720764,0.08334827998667903,0.02295786782295911,1.0,1.0
15.5972,LCP,8.0,0.0,121,0.9088215953485468,-1.1102230246251565e-16,0.09117840465145328,0.9444224619147443,-2.220446049250313e-16,0.05557753808525586,0.05557753808525274,0.09117840465144855,0.03560086656620055,1.0,1.0
15.600100000000001,LCP,8.0,0.0,121,0.8996380677583281,-1.1102230246251565e-16,0.100361932241672,0.9485707363541053,-2.220446049250313e-16,0.051429263645895,0.05142926364589413,0.10036193224167257,0.04893266859577787,1.0,1.0
15.603,LCP,8.0,0.0,121,0.888810739907415,2.220446049250313e-16,0.11118926009258481,0.9521715410672045,1.1102230246251565e-16,0.04782845893279542,0.04782845893279651,0.11118926009258288,0.0633608011597883,1.0,1.0
15.6059,LCP,8.0,0.0,121,0.8759793420418571,0.0,0.12402065795814285,0.9553176650071917,-1.1102230246251565e-16,0.04468233499280841,0.04468233499280692,0.12402065795814025,0.07933832296533594,1.0,1.0
15.6088,LCP,8.0,0.0,121,0.8607000590567478,1.1102230246251565e-16,0.1392999409432521,0.9580832414511156,0.0,0.04191675854888442,0.04191675854888357,0.13929994094325118,0.09738318239436852,1.0,1.0
15.6117,LCP,8.0,0.0,121,0.8424345063122773,-2.220446049250313e-16,0.15756549368772282,0.9605279841744021,0.0,0.0394720158255979,0.039472015825598096,0.15756549368772438,0.11809347786212473,1.0,1.0
15.614600000000001,LCP,8.0,0.0,121,0.8205489543221076,0.0,0.17945104567789236,0.9627003682110581,-1.1102230246251565e-16,0.037299631788942016,0.03729963178894387,0.17945104567789447,0.14215141388894847,1.0,1.0
15.6175,LCP,8.0,0.0,121,0.7943398350257421,0.0,0.20566016497425788,0.964640037271169,-1.1102230246251565e-16,0.03535996272883114,0.035359962728831656,0.2056601649742592,0.17030020224542622,1.0,1.0
15.6204,LCP,8.0,0.0,121,0.7631165610967907,0.0,0.23688343890320923,0.9663796405265889,1.1102230246251565e-16,0.03362035947341106,0.03362035947341008,0.23688343890320807,0.20326307942979915,1.0,1.0
15.6233,LCP,8.0,0.0,121,0.7263954765779488,-2.220446049250313e-16,0.27360452342205144,0.9679462451789691,-1.1102230246251565e-16,0.032053754821030976,0.03205375482103039,0.27360452342204916,0.24155076860102104,1.0,1.0
15.6262,LCP,8.0,0.0,121,0.6842818407902403,0.0,0.31571815920975965,0.9693624312218736,0.0,0.030637568778126383,0.03063756877812615,0.31571815920975954,0.2850805904316335,1.0,1.0
15.629100000000001,LCP,8.0,0.0,121,0.6381045857850052,0.0,0.3618954142149949,0.9706471462711475,0.0,0.029352853728852598,0.029352853728853587,0.3618954142150018,0.3325425604861413,1.0,1.0
15.632,LCP,8.0,0.0,121,0.5912302854071746,-1.1102230246251565e-16,0.40876971459282546,0.9718163778669633,1.1102230246251565e-16,0.02818362213303664,0.028183622133038433,0.40876971459282424,0.38058609245978703,1.0,1.0
15.6349,LCP,8.0,0.0,121,0.5496027042607788,-1.1102230246251565e-16,0.45039729573922127,0.9728836858747107,-2.220446049250313e-16,0.02711631412528945,0.027116314125289948,0.45039729573922205,0.42328098161393135,1.0,1.0
15.6378,LCP,8.0,0.0,121,0.5210567651116516,0.0,0.4789432348883485,0.9738606268725374,0.0,0.026139373127462572,0.026139373127461476,0.4789432348883499,0.45280386176088705,1.0,1.0
15.6407,LCP,8.0,0.0,121,0.5126469090588643,-1.1102230246251565e-16,0.48735309094113577,0.9747570945532732,-1.1102230246251565e-16,0.02524290544672686,0.025242905446725944,0.4873530909411396,0.46211018549440985,1.0,1.0
15.643600000000001,LCP,8.0,0.0,121,0.527010130339277,-1.1102230246251565e-16,0.4729898696607231,0.9755815943739998,-1.1102230246251565e-16,0.024418405626000318,0.02441840562600103,0.47298986966072476,0.4485714640347221,1.0,1.0
15.6465,LCP,8.0,0.0,121,0.5607085167613738,0.0,0.4392914832386262,0.9763414663843228,-1.1102230246251565e-16,0.023658533615677265,0.023658533615676422,0.4392914832386254,0.4156329496229498,1.0,1.0
15.6494,LCP,8.0,0.0,121,0.6062172164280076,0.0,0.39378278357199237,0.9770430669474567,0.0,0.022956933052543337,0.02295693305254257,0.393782783571997,0.3708258505194498,1.0,1.0
15.6523,LCP,8.0,0.0,121,0.6556418594711827,-1.1102230246251565e-16,0.3443581405288174,0.9776919176456959,-1.1102230246251565e-16,0.022308082354304246,0.0223080823543044,0.34435814052881863,0.322050058174513,1.0,1.0
15.6552,LCP,8.0,0.0,121,0.703249478479285,-1.1102230246251565e-16,0.2967505215207152,0.978292827825237,-1.1102230246251565e-16,0.021707172174763107,0.021707172174764013,0.29675052152071507,0.27504334934595115,1.0,1.0
15.658100000000001,LCP,8.0,0.0,121,0.7459733828971329,1.1102230246251565e-16,0.254026617102867,0.9788499958329578,-1.1102230246251565e-16,0.02115000416704223,0.021150004167042845,0.2540266171028678,0.23287661293582415,1.0,1.0
15.661,LCP,8.0,0.0,121,0.7827604452830081,0.0,0.2172395547169918,0.9793670929199862,1.1102230246251565e-16,0.02063290708001362,0.020632907080013824,0.21723955471699213,0.19660664763697797,1.0,1.0
15.6639,LCP,8.0,0.0,121,0.8137165672639808,-1.1102230246251565e-16,0.18628343273601936,0.9798473329527185,0.0,0.0201526670472815,0.020152667047281823,0.18628343273602088,0.16613076568873753,1.0,1.0
15.6668,LCP,8.0,0.0,121,0.8394717232225731,1.1102230246251565e-16,0.1605282767774268,0.9802935304214193,0.0,0.01970646957858071,0.019706469578580105,0.16052827677742715,0.14082180719884668,1.0,1.0
15.6697,LCP,8.0,0.0,121,0.8608118632850588,0.0,0.1391881367149413,0.9807081487260756,0.0,0.01929185127392437,0.01929185127392474,0.13918813671494032,0.11989628544101655,1.0,1.0
15.672600000000001,LCP,8.0,0.0,121,0.8785000752988512,-2.220446049250313e-16,0.12149992470114895,0.9810933403140201,0.0,0.018906659685979963,0.018906659685979908,0.12149992470114816,0.10259326501516905,1.0,1.0
15.6755,LCP,8.0,0.0,121,0.8932058430028305,-1.1102230246251565e-16,0.1067941569971697,0.9814509799205555,-1.1102230246251565e-16,0.018549020079444624,0.018549020079444038,0.10679415699716785,0.08824513691772566,1.0,1.0
15.6784,LCP,8.0,0.0,121,0.9054880817842823,0.0,0.09451191821571767,0.9817826919011181,-1.1102230246251565e-16,0.01821730809888198,0.018217308098883535,0.0945119182157171,0.07629461011683414,1.0,1.0
15.6813,LCP,8.0,0.0,121,0.9158016021906489,1.1102230246251565e-16,0.08419839780935096,0.9820898724284318,-2.220446049250313e-16,0.017910127571568412,0.01791012757156832,0.08419839780935358,0.06628827023778264,1.0,1.0
15.6842,LCP,8.0,0.0,121,0.9245118011351451,0.0,0.07548819886485493,0.9823737071469856,0.0,0.017626292853014383,0.01762629285301457,0.07548819886485462,0.05786190601184036,1.0,1.0
15.687100000000001,LCP,8.0,0.0,121,0.931910655282736,-1.1102230246251565e-16,0.06808934471726408,0.9826351847218604,1.1102230246251565e-16,0.01736481527813953,0.017364815278139715,0.06808934471726415,0.050724529439124366,1.0,1.0
15.690000000000001,LCP,8.0,0.0,121,0.9382312345973471,2.220446049250313e-16,0.061768765402652664,0.9828751065806096,-1.1102230246251565e-16,0.017124893419390504,0.017124893419390157,0.06176876540265286,0.04464387198326251,1.0,1.0
15.6929,LCP,8.0,0.0,121,0.9436598876941547,0.0,0.056340112305845354,0.9830940930185808,-1.1102230246251565e-16,0.016905906981419364,0.016905906981418056,0.05634011230584584,0.0394342053244273,1.0,1.0
15.6958,LCP,8.0,0.0,121,0.9483460807660704,-1.1102230246251565e-16,0.051653919233929695,0.9832925857137078,-1.1102230246251565e-16,0.01670741428629234,0.0167074142862928,0.05165391923393037,0.034946504947636896,1.0,1.0
15.6987,LCP,8.0,0.0,121,0.9524101797097011,-1.1102230246251565e-16,0.04758982029029903,0.9834708465687984,-1.1102230246251565e-16,0.01652915343120179,0.01652915343120132,0.04758982029030043,0.031060666859097714,1.0,1.0
15.701600000000001,LCP,8.0,0.0,121,0.9559495398617674,0.0,0.044050460138232606,0.9836289526616797,0.0,0.01637104733832033,0.01637104733832011,0.04405046013823268,0.027679412799912494,1.0,1.0
15.704500000000001,LCP,8.0,0.0,121,0.9590432475408857,1.1102230246251565e-16,0.04095675245911428,0.9837667869269202,0.0,0.016233213073079778,0.01623321307307976,0.04095675245911694,0.02472353938603452,1.0,1.0
15.7074,LCP,8.0,0.0,121,0.9617558054992972,2.220446049250313e-16,0.038244194500702634,0.9838840240079452,0.0,0.01611597599205482,0.016115975992055144,0.038244194500703106,0.02212821850864749,1.0,1.0
15.7103,LCP,8.0,0.0,121,0.9641399975779212,-1.1102230246251565e-16,0.03586000242207886,0.9839801104916424,-1.1102230246251565e-16,0.01601988950835776,0.016019889508356422,0.03586000242207964,0.019840112913722438,1.0,1.0
15.7132,LCP,8.0,0.0,121,0.9662391167453128,0.0,0.0337608832546872,0.984054238452543,-2.220446049250313e-16,0.015945761547457176,0.01594576154745668,0.03376088325468454,0.01781512170723052,1.0,1.0
15.7161,LCP,8.0,0.0,121,0.9680886982472319,0.0,0.031911301752768094,0.9841053108670885,-1.1102230246251565e-16,0.015894689132911564,0.015894689132913482,0.03191130175276751,0.01601661261985461,1.0,1.0
15.719000000000001,LCP,8.0,0.0,121,0.9697178656554772,-1.1102230246251565e-16,0.0302821343445229,0.9841318969786359,-3.3306690738754696e-16,0.015868103021364422,0.015868103021364526,0.030282134344526798,0.014414031323158372,1.0,1.0
15.7219,LCP,8.0,0.0,121,0.9711503709387455,-1.1102230246251565e-16,0.028849629061254645,0.984132175057105,0.0,0.015867824942895008,0.015867824942895178,0.028849629061255107,0.012981804118359468,1.0,1.0
15.7248,LCP,8.0,0.0,121,0.9724053887738019,-1.1102230246251565e-16,0.027594611226198208,0.9841038591406774,-1.1102230246251565e-16,0.01589614085932264,0.01589614085932269,0.027594611226197253,0.011698470366875519,1.0,1.0
15.7277,LCP,8.0,0.0,121,0.9734981087500594,-1.1102230246251565e-16,0.026501891249940766,0.9840441051820745,-1.1102230246251565e-16,0.015955894817925573,0.015955894817924768,0.02650189124994015,0.010545996432015998,1.0,1.0
15.7306,LCP,8.0,0.0,121,0.9744401556318225,-2.220446049250313e-16,0.025559844368177653,0.983949390419021,0.0,0.016050609580979067,0.01605060958097985,0.025559844368174375,0.009509234787197802,1.0,1.0
15.733500000000001,LCP,8.0,0.0,121,0.9752398563235827,-2.220446049250313e-16,0.024760143676417535,0.983815357559813,1.1102230246251565e-16,0.016184642440186962,0.01618464244018714,0.024760143676414378,0.008575501236230396,1.0,1.0
15.7364,LCP,8.0,0.0,121,0.9759023616166875,1.1102230246251565e-16,0.024097638383312397,0.9836366122394742,-3.3306690738754696e-16,0.016363387760526097,0.01636338776052591,0.024097638383311613,0.007734250622786487,1.0,1.0
15.7393,LCP,8.0,0.0,121,0.9764296201520064,-2.220446049250313e-16,0.02357037984799376,0.9834064577422394,0.0,0.01659354225776052,0.016593542257760274,0.023570379847992862,0.006976837590233487,1.0,1.0
15.7422,LCP,8.0,0.0,121,0.9768201901548006,0.0,0.023179809845199417,0.9831165445652528,1.1102230246251565e-16,0.01688345543474717,0.016883455434747622,0.023179809845198466,0.006296354410451795,1.0,1.0
15.7451,LCP,8.0,0.0,121,0.9770688599229937,2.220446049250313e-16,0.02293114007700604,0.9827564030390081,0.0,0.01724359696099187,0.01724359696099351,0.022931140077005793,0.005687543116012529,1.0,1.0
15.748000000000001,LCP,8.0,0.0,121,0.9771660287632322,-1.1102230246251565e-16,0.022833971236767885,0.9823128133998388,0.0,0.017687186600161203,0.017687186600162,0.022833971236768603,0.005146784636605884,1.0,1.0
15.7509,LCP,8.0,0.0,121,0.9770967731254305,1.1102230246251565e-16,0.022903226874569364,0.9817689470229005,-1.1102230246251565e-16,0.01823105297709954,0.018231052977099864,0.0229032268745687,0.0046721738974695,1.0,1.0
15.7538,LCP,8.0,0.0,121,0.9768394836210463,-1.1102230246251565e-16,0.02316051637895377,0.9811031811192332,2.220446049250313e-16,0.018896818880766542,0.018896818880767642,0.023160516378953826,0.004263697498186128,1.0,1.0
15.7567,LCP,8.0,0.0,121,0.9763639005064968,1.1102230246251565e-16,0.023636099493503104,0.9802874408239447,-1.1102230246251565e-16,0.019712559176055355,0.01971255917605671,0.023636099493501123,0.003923540317446395,1.0,1.0
15.7596,LCP,8.0,0.0,121,0.9756282872543125,0.0,0.02437171274568749,0.979284846968817,0.0,0.020715153031182997,0.020715153031182973,0.024371712745689125,0.0036565597145045182,1.0,1.0
15.762500000000001,LCP,8.0,0.0,121,0.9745753471027079,-1.1102230246251565e-16,0.025424652897292222,0.9780463278254303,0.0,0.021953672174569703,0.02195367217456877,0.0254246528972924,0.0034709807227234525,1.0,1.0
15.7654,LCP,8.0,0.0,121,0.9731262799118482,0.0,0.02687372008815176,0.9765056600085846,0.0,0.023494339991415387,0.023494339991416077,0.026873720088151892,0.0033793800967356832,1.0,1.0
15.7683,LCP,8.0,0.0,121,0.9711720577599965,2.220446049250313e-16,0.028827942240003287,0.9745720892629567,1.1102230246251565e-16,0.025427910737043233,0.025427910737041558,0.028827942240003936,0.003400031502961729,1.0,1.0
15.7712,LCP,8.0,0.0,121,0.9685605163719861,-1.1102230246251565e-16,0.031439483628013944,0.9721191657089863,-1.1102230246251565e-16,0.027880834291013804,0.02788083429101622,0.03143948362801542,0.003558649336997722,1.0,1.0
15.7741,LCP,8.0,0.0,121,0.9650771676372023,0.0,0.03492283236279764,0.9689675816954175,-1.1102230246251565e-16,0.031032418304582567,0.031032418304586522,0.03492283236279646,0.0038904140582111182,1.0,1.0
15.777000000000001,LCP,8.0,0.0,121,0.9604167655787561,0.0,0.03958323442124391,0.9648584392567159,1.1102230246251565e-16,0.03514156074328403,0.03514156074328525,0.039583234421245124,0.004441673677958662,1.0,1.0
15.7799,LCP,8.0,0.0,121,0.9541419797649537,-1.1102230246251565e-16,0.04585802023504632,0.9594113217995599,-3.3306690738754696e-16,0.04058867820044043,0.040588678200437184,0.04585802023504835,0.005269342034609138,1.0,1.0
15.7828,LCP,8.0,0.0,121,0.9456266394680376,1.1102230246251565e-16,0.054373360531962324,0.9520590254819966,0.0,0.04794097451800337,0.04794097451800056,0.05437336053196139,0.006432386013961761,1.0,1.0
15.7857,LCP,8.0,0.0,121,0.9339893307080461,-1.1102230246251565e-16,0.066010669291954,0.9419501459699025,-1.1102230246251565e-16,0.058049854030097665,0.05804985403009974,0.06601066929195364,0.007960815261854257,1.0,1.0
15.7886,LCP,8.0,0.0,121,0.9180548620719364,-1.1102230246251565e-16,0.08194513792806365,0.927822819846871,1.1102230246251565e-16,0.0721771801531289,0.07217718015312558,0.08194513792806514,0.00976795777493808,1.0,1.0
15.791500000000001,LCP,8.0,0.0,121,0.896476932451724,-1.1102230246251565e-16,0.10352306754827609,0.907919227143084,0.0,0.092080772856916,0.092080772856916,0.1035230675482759,0.011442294691360086,1.0,1.0
15.7944,LCP,8.0,0.0,121,0.8683789937516839,0.0,0.1316210062483161,0.8802603257084197,0.0,0.11973967429158029,0.11973967429157986,0.13162100624831366,0.01188133195673624,1.0,1.0
15.7973,LCP,8.0,0.0,121,0.835129686057783,1.1102230246251565e-16,0.16487031394221688,0.844274888139133,0.0,0.155725111860867,0.15572511186086369,0.1648703139422145,0.009145202081353193,1.0,1.0
15.8002,LCP,8.0,0.0,121,0.8031562138206184,1.1102230246251565e-16,0.19684378617938142,0.8053658844642853,0.0,0.1946341155357147,0.19463411553571383,0.19684378617938053,0.0022096706436675884,1.0,1.0
15.8031,LCP,8.0,0.0,121,0.7840562798768156,0.0,0.21594372012318444,0.7795785299198787,-2.220446049250313e-16,0.22042147008012142,0.2204214700801204,0.21594372012318655,0.00447774995693595,1.0,1.0
15.806000000000001,LCP,8.0,0.0,121,0.7864888251627605,-1.1102230246251565e-16,0.21351117483723955,0.7836207031394794,0.0,0.2163792968605206,0.21637929686051774,0.2135111748372393,0.0028681220232781857,1.0,1.0
15.808900000000001,LCP,8.0,0.0,121,0.8072729124562539,-1.1102230246251565e-16,0.1927270875437462,0.8135543286724334,0.0,0.1864456713275666,0.18644567132756418,0.19272708754374457,0.006281416216182029,1.0,1.0
15.8118,LCP,8.0,0.0,121,0.8357136614790772,-2.220446049250313e-16,0.16428633852092298,0.8509054064202706,0.0,0.14909459357972946,0.1490945935797305,0.1642863385209217,0.015191744941192464,1.0,1.0
15.8147,LCP,8.0,0.0,121,0.8633035249153793,-1.1102230246251565e-16,0.13669647508462077,0.8834104220401819,-1.1102230246251565e-16,0.11658957795981817,0.1165895779598172,0.13669647508462124,0.02010689712480357,1.0,1.0
15.8176,LCP,8.0,0.0,121,0.8865207099996262,0.0,0.11347929000037384,0.9081394476181959,0.0,0.09186055238180411,0.09186055238180352,0.11347929000037127,0.02161873761857032,1.0,1.0
15.820500000000001,LCP,8.0,0.0,121,0.9049312778660356,-1.1102230246251565e-16,0.09506872213396453,0.926158679609898,-2.220446049250313e-16,0.07384132039010231,0.07384132039010248,0.09506872213396739,0.021227401743862048,1.0,1.0
15.823400000000001,LCP,8.0,0.0,121,0.919240058947273,0.0,0.08075994105272703,0.9392362448856165,0.0,0.0607637551143835,0.06076375511438202,0.08075994105272667,0.019996185938345012,1.0,1.0
15.8263,LCP,8.0,0.0,121,0.9303478239115138,1.1102230246251565e-16,0.06965217608848612,0.9488422263944265,0.0,0.051157773605573505,0.05115777360557457,0.0696521760884845,0.018494402482911544,1.0,1.0
15.8292,LCP,8.0,0.0,121,0.9390367396878081,0.0,0.060963260312191854,0.9560251901689244,0.0,0.04397480983107559,0.04397480983107627,0.06096326031219447,0.016988450481115587,1.0,1.0
15.8321,LCP,8.0,0.0,121,0.9459114660826407,0.0,0.05408853391735937,0.9615002898714023,1.1102230246251565e-16,0.03849971012859758,0.038499710128595654,0.05408853391736053,0.015588823788763716,1.0,1.0
15.835,LCP,8.0,0.0,121,0.9514200203366601,1.1102230246251565e-16,0.0485799796633398,0.9657519635222106,-1.1102230246251565e-16,0.03424803647778947,0.034248036477789984,0.04857997966333964,0.014331943185549818,1.0,1.0
15.837900000000001,LCP,8.0,0.0,121,0.9558900711638947,0.0,0.04410992883610535,0.9691111718184218,-1.1102230246251565e-16,0.030888828181578336,0.0308888281815794,0.04410992883610408,0.01322110065452595,1.0,1.0
15.8408,LCP,8.0,0.0,121,0.9595613831004488,0.0,0.040438616899551166,0.9718073914317126,-1.1102230246251565e-16,0.028192608568287553,0.02819260856829006,0.04043861689955166,0.012246008331261108,1.0,1.0
15.8437,LCP,8.0,0.0,121,0.962610623008044,0.0,0.037389376991956026,0.9740024666633036,-1.1102230246251565e-16,0.025997533336696552,0.025997533336695605,0.037389376991955735,0.011391843655260421,1.0,1.0
15.8466,LCP,8.0,0.0,121,0.9651692749936329,-1.1102230246251565e-16,0.0348307250063672,0.9758125450252058,1.1102230246251565e-16,0.02418745497479415,0.024187454974793434,0.03483072500636828,0.010643270031573764,1.0,1.0
15.8495,LCP,8.0,0.0,121,0.9673363084275224,0.0,0.03266369157247763,0.9773223982705206,2.220446049250313e-16,0.02267760172947924,0.022677601729480155,0.03266369157247914,0.009986089842997474,1.0,1.0
15.852400000000001,LCP,8.0,0.0,121,0.9691870918420629,-1.1102230246251565e-16,0.0308129081579372,0.9785948939028386,1.1102230246251565e-16,0.021405106097161307,0.021405106097161477,0.030812908157939273,0.009407802060775725,1.0,1.0
15.8553,LCP,8.0,0.0,121,0.9707796846677118,1.1102230246251565e-16,0.029220315332288117,0.9796773553282481,-1.1102230246251565e-16,0.02032264467175205,0.02032264467175212,0.029220315332288818,0.008897670660535997,1.0,1.0
15.8582,LCP,8.0,0.0,121,0.9721593102996388,0.0,0.02784068970036125,0.9806059011290638,0.0,0.019394098870936186,0.019394098870936863,0.02784068970036069,0.008446590829424387,1.0,1.0
15.8611,LCP,8.0,0.0,121,0.9733615659052126,-3.3306690738754696e-16,0.026638434094787732,0.9814084526313686,-2.220446049250313e-16,0.018591547368631615,0.01859154736863149,0.026638434094788818,0.008046886726156242,1.0,1.0
15.864,LCP,8.0,0.0,121,0.9744147495116904,-2.220446049250313e-16,0.02558525048830982,0.9821068504763182,-1.1102230246251565e-16,0.017893149523681942,0.01789314952368231,0.025585250488309525,0.00769210096462751,1.0,1.0
15.866900000000001,LCP,8.0,0.0,121,0.9753415651090915,-2.220446049250313e-16,0.02465843489090864,0.9827183659330745,-2.220446049250313e-16,0.017281634066925677,0.01728163406692578,0.02465843489090896,0.007376800823982857,1.0,1.0
15.8698,LCP,8.0,0.0,121,0.9761603852821628,0.0,0.023839614717837295,0.9832567949310427,-1.1102230246251565e-16,0.0167432050689574,0.016743205068957136,0.02383961471783697,0.007096409648880159,1.0,1.0
15.8727,LCP,8.0,0.0,121,0.9768861958834225,-2.220446049250313e-16,0.023113804116577708,0.9837332602977066,1.1102230246251565e-16,0.01626673970229331,0.016266739702293097,0.02311380411657704,0.00684706441428461,1.0,1.0
15.8756,LCP,8.0,0.0,121,0.9775313098748615,0.0,0.022468690125138552,0.9841568071799722,0.0,0.015843192820027777,0.015843192820027694,0.022468690125138496,0.006625497305110858,1.0,1.0
15.8785,LCP,8.0,0.0,121,0.9781059118874523,-1.1102230246251565e-16,0.02189408811254775,0.9845348499966001,-1.1102230246251565e-16,0.015465150003399937,0.015465150003400001,0.021894088112548137,0.00642893810914775,1.0,1.0
15.881400000000001,LCP,8.0,0.0,121,0.9786184774030166,1.1102230246251565e-16,0.021381522596983334,0.9848735115162153,-1.1102230246251565e-16,0.01512648848378487,0.015126488483784806,0.021381522596983667,0.006255034113198528,1.0,1.0
15.8843,LCP,8.0,0.0,121,0.9790760981839182,1.1102230246251565e-16,0.020923901816081752,0.985177882662423,1.1102230246251565e-16,0.014822117337576905,0.01482211733757641,0.02092390181608092,0.006101784478505342,1.0,1.0
15.8872,LCP,8.0,0.0,121,0.9794847369492661,0.0,0.020515263050733965,0.9854522234381764,-2.220446049250313e-16,0.014547776561823782,0.014547776561824516,0.02051526305073433,0.005967486488909449,1.0,1.0
15.8901,LCP,8.0,0.0,121,0.9798494281785068,0.0,0.020150571821493116,0.985700119674039,-1.1102230246251565e-16,0.014299880325961094,0.014299880325961124,0.020150571821493424,0.005850691495531992,1.0,1.0
15.893,LCP,8.0,0.0,121,0.9801744375450829,-1.1102230246251565e-16,0.019825562454917196,0.9859246063171864,0.0,0.014075393682813638,0.01407539368281341,0.019825562454917258,0.005750168772103785,1.0,1.0
15.895900000000001,LCP,8.0,0.0,121,0.9804633893187569,0.0,0.019536610681243096,0.9861282651506548,-1.1102230246251565e-16,0.01387173484934534,0.013871734849344815,0.019536610681242718,0.005664875831898281,1.0,1.0
15.8988,LCP,8.0,0.0,121,0.9807193687698867,1.1102230246251565e-16,0.019280631230113143,0.986313302806621,-2.220446049250313e-16,0.013686697193379255,0.013686697193378757,0.01928063123011337,0.005593934036734386,1.0,1.0
15.9017,LCP,8.0,0.0,121,0.9809450049137365,0.0,0.019054995086263522,0.9864816134712975,-1.1102230246251565e-16,0.01351838652870267,0.013518386528702589,0.01905499508626318,0.005536608557560933,1.0,1.0
15.9046,LCP,8.0,0.0,121,0.9811425376758252,-1.1102230246251565e-16,0.018857462324174932,0.9866348296075838,0.0,0.013365170392416265,0.013365170392416106,0.018857462324174654,0.005492291931758826,1.0,1.0
15.9075,LCP,8.0,0.0,121,0.9813138726199061,0.0,0.018686127380093943,0.9867743632315864,-1.1102230246251565e-16,0.013225636768413736,0.013225636768413991,0.01868612738009319,0.005460490611679952,1.0,1.0
15.910400000000001,LCP,8.0,0.0,121,0.9814606256724931,0.0,0.018539374327506887,0.9869014396916123,-2.220446049250313e-16,0.013098560308387963,0.013098560308389202,0.018539374327507612,0.005440814019117685,1.0,1.0
15.9133,LCP,8.0,0.0,121,0.981584159740263,-1.1102230246251565e-16,0.018415840259737134,0.9870171254575834,0.0,0.012982874542416624,0.012982874542416544,0.018415840259736582,0.00543296571732059,1.0,1.0
15.9162,LCP,8.0,0.0,121,0.9816856147058675,-1.1102230246251565e-16,0.018314385294132603,0.9871223510959468,-2.220446049250313e-16,0.012877648904053383,0.012877648904053834,0.018314385294132148,0.005436736390078769,1.0,1.0
15.9191,LCP,8.0,0.0,121,0.9817659319709773,0.0,0.01823406802902275,0.9872179303515767,0.0,0.012782069648423324,0.012782069648423667,0.01823406802902169,0.005451998380599081,1.0,1.0
15.922,LCP,8.0,0.0,121,0.9818258744692374,0.0,0.018174125530762586,0.9873045760639061,0.0,0.01269542393609394,0.01269542393609367,0.018174125530762798,0.0054787015946689156,1.0,1.0
15.924900000000001,LCP,8.0,0.0,121,0.981866042880115,-1.1102230246251565e-16,0.018133957119885136,0.9873829134944354,-1.1102230246251565e-16,0.012617086505564742,0.012617086505564543,0.018133957119884237,0.005516870614320593,1.0,1.0
15.927800000000001,LCP,8.0,0.0,121,0.981886888622583,1.1102230246251565e-16,0.018113111377416873,0.9874534915262325,0.0,0.012546508473767476,0.012546508473767906,0.018113111377416755,0.005566602903648967,1.0,1.0
15.9307,LCP,8.0,0.0,121,0.9818887240876948,0.0,0.018111275912305193,0.9875167921049175,-2.220446049250313e-16,0.012483207895082763,0.012483207895083236,0.01811127591230435,0.0056280680172219565,1.0,1.0
15.9336,LCP,8.0,0.0,121,0.9818717304724814,-1.1102230246251565e-16,0.01812826952751868,0.9875732382189778,-1.1102230246251565e-16,0.012426761781022299,0.012426761781022746,0.018128269527518465,0.005701507746495934,1.0,1.0
15.9365,LCP,8.0,0.0,121,0.9818359634997339,-2.220446049250313e-16,0.018164036500266333,0.9876232006605139,-1.1102230246251565e-16,0.012376799339486245,0.012376799339486043,0.0181640365002672,0.005787237160780291,1.0,1.0
15.939400000000001,LCP,8.0,0.0,121,0.9817813572445193,-2.220446049250313e-16,0.01821864275548089,0.9876670037625018,-2.220446049250313e-16,0.012332996237498376,0.012332996237497297,0.018218642755481254,0.005885646517983593,1.0,1.0
15.9423,LCP,8.0,0.0,121,0.9817077262353318,0.0,0.018292273764668292,0.9877049302725363,2.220446049250313e-16,0.01229506972746354,0.012295069727463725,0.018292273764667192,0.005997204037204567,1.0,1.0
15.9452,LCP,8.0,0.0,121,0.9816147659531748,-2.220446049250313e-16,0.0183852340468255,0.9877372254940033,-1.1102230246251565e-16,0.012262774505996776,0.01226277450599736,0.01838523404682398,0.0061224595408281395,1.0,1.0
15.9481,LCP,8.0,0.0,121,0.9815020518133311,0.0,0.018497948186668983,0.9877641008021893,-1.1102230246251565e-16,0.012235899197810773,0.012235899197810578,0.018497948186668563,0.006262048988858404,1.0,1.0
15.951,LCP,8.0,0.0,121,0.9813690366799193,-1.1102230246251565e-16,0.0186309633200808,0.9877857366237318,0.0,0.012214263376268176,0.01221426337626803,0.018630963320080247,0.006416699943812769,1.0,1.0
15.9539,LCP,8.0,0.0,121,0.9812150469312043,0.0,0.01878495306879564,0.9878022849522164,0.0,0.01219771504778351,0.012197715047783381,0.018784953068795494,0.006587238021012258,1.0,1.0
15.956800000000001,LCP,8.0,0.0,121,0.981039277061216,0.0,0.018960722938784057,0.9878138714598509,-1.1102230246251565e-16,0.012186128540149232,0.012186128540149662,0.018960722938785354,0.006774594398634395,1.0,1.0
15.9597,LCP,8.0,0.0,121,0.9808407827690635,-1.1102230246251565e-16,0.019159217230936595,0.9878205972545093,0.0,0.012179402745490626,0.012179402745490328,0.019159217230938413,0.006979814485446267,1.0,1.0
15.9626,LCP,8.0,0.0,121,0.9806184724478153,-1.1102230246251565e-16,0.019381527552184804,0.9878225403225411,-1.1102230246251565e-16,0.01217745967745901,0.012177459677458964,0.01938152755218502,0.00720406787472584,1.0,1.0
15.9655,LCP,8.0,0.0,121,0.9803710969363739,0.0,0.01962890306362613,0.9878197566902094,0.0,0.012180243309790626,0.012180243309791675,0.019628903063626177,0.007448659753834453,1.0,1.0
15.9684,LCP,8.0,0.0,121,0.9800972373354166,0.0,0.019902762664583334,0.9878122813303455,0.0,0.012187718669654566,0.012187718669655246,0.019902762664579125,0.007715043994928087,1.0,1.0
15.971300000000001,LCP,8.0,0.0,121,0.9797952906054277,0.0,0.020204709394572307,0.9878001288351183,0.0,0.012199871164881736,0.012199871164882092,0.02020470939457517,0.008004838229690215,1.0,1.0
15.9742,LCP,8.0,0.0,121,0.9794634525527032,-1.1102230246251565e-16,0.02053654744729695,0.9877832938712404,0.0,0.012216706128759563,0.012216706128759611,0.020536547447297934,0.00831984131853734,1.0,1.0
15.9771,LCP,8.0,0.0,121,0.979099697657664,-1.1102230246251565e-16,0.020900302342336093,0.9877617514295403,-1.1102230246251565e-16,0.01223824857045988,0.012238248570459269,0.02090030234233555,0.008662053771876824,1.0,1.0
15.98,LCP,8.0,0.0,121,0.9787017549961397,-2.220446049250313e-16,0.021298245003860617,0.9877354568769883,-2.220446049250313e-16,0.012264543123011984,0.01226454312301214,0.021298245003858397,0.009033701880848477,1.0,1.0
15.9829,LCP,8.0,0.0,121,0.9782670792358212,1.1102230246251565e-16,0.021732920764178636,0.9877043458157253,-3.3306690738754696e-16,0.012295654184274989,0.012295654184273636,0.021732920764177457,0.009437266579905,1.0,1.0
15.985800000000001,LCP,8.0,0.0,121,0.9777928153439742,1.1102230246251565e-16,0.02220718465602571,0.9876683337502834,2.220446049250313e-16,0.01233166624971642,0.012331666249716567,0.02220718465602629,0.009875518406309144,1.0,1.0
15.9887,LCP,8.0,0.0,121,0.9772757552095124,-1.1102230246251565e-16,0.022724244790487715,0.9876273155608467,0.0,0.012372684439153249,0.012372684439153545,0.022724244790486316,0.01035156035133417,1.0,1.0
15.9916,LCP,8.0,0.0,121,0.9767122838611078,0.0,0.023287716138892266,0.9875811647772179,-1.1102230246251565e-16,0.012418835222782235,0.012418835222782103,0.02328771613889268,0.010868880916110163,1.0,1.0
15.9945,LCP,8.0,0.0,121,0.9760983123622995,0.0,0.023901687637700456,0.9875297326447077,-2.220446049250313e-16,0.01247026735529251,0.01247026735529249,0.023901687637700005,0.011431420282407966,1.0,1.0
15.9974,LCP,8.0,0.0,121,0.9754291938091039,1.1102230246251565e-16,0.024570806190896015,0.9874728469697738,0.0,0.012527153030226267,0.012527153030225427,0.024570806190896913,0.012043653160670588,1.0,1.0
16.0003,LCP,8.0,0.0,121,0.9746996181817866,-1.1102230246251565e-16,0.02530038181821345,0.9874103107293645,0.0,0.012589689270635581,0.012589689270635755,0.025300381818213726,0.012710692547577694,1.0,1.0
16.0032,LCP,8.0,0.0,121,0.9739034811549266,0.0,0.026096518845073313,0.9873419004239126,0.0,0.012658099576087439,0.012658099576087413,0.026096518845074173,0.0134384192689859,1.0,1.0
16.0061,LCP,8.0,0.0,121,0.9730337213749962,0.0,0.026966278625003805,0.987267364149288,-2.220446049250313e-16,0.01273263585071224,0.012732635850715717,0.026966278625003427,0.014233642774288088,1.0,1.0
16.009,LCP,8.0,0.0,121,0.9720821201574378,1.1102230246251565e-16,0.02791787984256216,0.9871864193578779,-1.1102230246251565e-16,0.012813580642122213,0.012813580642122386,0.027917879842562394,0.015104299200439772,1.0,1.0
16.0119,LCP,8.0,0.0,121,0.9710390569302496,-2.220446049250313e-16,0.0289609430697506,0.9870987502732214,-1.1102230246251565e-16,0.012901249726778745,0.012901249726778525,0.028960943069749955,0.016059693342972074,1.0,1.0
16.0148,LCP,8.0,0.0,121,0.9698932128368114,1.1102230246251565e-16,0.03010678716318852,0.9870040049155644,0.0,0.012995995084435575,0.012995995084435188,0.030106787163187678,0.017110792078753333,1.0,1.0
16.0177,LCP,8.0,0.0,121,0.9686312133414752,-2.220446049250313e-16,0.031368786658525,0.9869017916882071,1.1102230246251565e-16,0.013098208311792725,0.01309820831179328,0.03136878665852476,0.018270578346731722,1.0,1.0
16.0206,LCP,8.0,0.0,121,0.9672371979773473,-1.1102230246251565e-16,0.03276280202265276,0.9867916754650139,0.0,0.013208324534986146,0.013208324534986203,0.03276280202265083,0.01955447748766656,1.0,1.0
16.023500000000002,LCP,8.0,0.0,121,0.9656923009858891,-2.220446049250313e-16,0.03430769901411112,0.9866731731088239,0.0,0.013326826891176162,0.013326826891175909,0.03430769901411,0.020980872122935208,1.0,1.0
16.0264,LCP,8.0,0.0,121,0.9639740199759251,0.0,0.036025980024074845,0.9865457483375226,1.1102230246251565e-16,0.013454251662477299,0.013454251662476487,0.03602598002407312,0.022571728361598358,1.0,1.0
16.0293,LCP,8.0,0.0,121,0.9620554403675903,0.0,0.03794455963240967,0.9864088058394516,1.1102230246251565e-16,0.013591194160548336,0.013591194160547786,0.03794455963241009,0.024353365471861885,1.0,1.0
16.0322,LCP,8.0,0.0,121,0.9599042707824879,0.0,0.040095729217512165,0.9862616845214665,-1.1102230246251565e-16,0.013738315478533688,0.013738315478534302,0.04009572921751151,0.02635741373897786,1.0,1.0
16.0351,LCP,8.0,0.0,121,0.9574816280688042,-1.1102230246251565e-16,0.04251837193119584,0.986103649751206,-1.1102230246251565e-16,0.013896350248794069,0.013896350248794046,0.04251837193119517,0.028622021682401796,1.0,1.0
16.038,LCP,8.0,0.0,121,0.9547404893424378,0.0,0.04525951065756218,0.9859338844287171,1.1102230246251565e-16,0.014066115571282806,0.014066115571282997,0.045259510657564464,0.031193395086279184,1.0,1.0
16.0409,LCP,8.0,0.0,121,0.9516237007485286,-1.1102230246251565e-16,0.04837629925147148,0.9857514786908068,0.0,0.014248521309193239,0.014248521309194169,0.04837629925146909,0.03412777794227731,1.0,1.0
16.0438,LCP,8.0,0.0,121,0.9480613963003724,-2.220446049250313e-16,0.051938603699627765,0.9855554180127678,-1.1102230246251565e-16,0.014444581987232266,0.014444581987232467,0.051938603699630166,0.0374940217123953,1.0,1.0
16.0467,LCP,8.0,0.0,121,0.9439676320346813,-2.220446049250313e-16,0.05603236796531892,0.9853445694249103,-1.1102230246251565e-16,0.014655430575089827,0.01465543057509033,0.05603236796531795,0.04137693739022859,1.0,1.0
16.0496,LCP,8.0,0.0,121,0.9392359771394773,0.0,0.060764022860522696,0.9851176655037552,0.0,0.014882334496244806,0.014882334496244517,0.06076402286052258,0.04588168836427818,1.0,1.0
16.052500000000002,LCP,8.0,0.0,121,0.9337337211965101,0.0,0.06626627880348991,0.9848732857265248,-1.1102230246251565e-16,0.015126714273475388,0.015126714273475828,0.06626627880348865,0.05113956453001409,1.0,1.0
16.0554,LCP,8.0,0.0,121,0.9272942541767709,0.0,0.0727057458232291,0.9846098346901839,-1.1102230246251565e-16,0.015390165309816135,0.0153901653098165,0.07270574582322549,0.057315580513412595,1.0,1.0
16.0583,LCP,8.0,0.0,121,0.919707059978688,-1.1102230246251565e-16,0.0802929400213121,0.9843255165873802,0.0,0.015674483412619795,0.015674483412619254,0.08029294002131122,0.06461845660869284,1.0,1.0
16.0612,LCP,8.0,0.0,121,0.9107046620035071,0.0,0.08929533799649296,0.9840183051965157,-2.220446049250313e-16,0.015981694803484554,0.015981694803483902,0.08929533799649415,0.07331364319300906,1.0,1.0
16.0641,LCP,8.0,0.0,121,0.8999458461828078,-1.1102230246251565e-16,0.10005415381719228,0.983685908473587,-1.1102230246251565e-16,0.01631409152641315,0.01631409152641223,0.10005415381719607,0.08374006229078004,1.0,1.0
16.067,LCP,8.0,0.0,121,0.8869947506047852,-2.220446049250313e-16,0.11300524939521502,0.9833257266206221,-2.220446049250313e-16,0.01667427337937808,0.016674273379378515,0.11300524939521538,0.0963309760158365,1.0,1.0
16.0699,LCP,8.0,0.0,121,0.8712963865773918,-1.1102230246251565e-16,0.12870361342260822,0.9829348022362348,-1.1102230246251565e-16,0.017065197763765323,0.017065197763764833,0.12870361342260683,0.11163841565884339,1.0,1.0
16.0728,LCP,8.0,0.0,121,0.8521518036132244,0.0,0.14784819638677563,0.9825097608120237,-2.220446049250313e-16,0.01749023918797653,0.017490239187977923,0.14784819638677119,0.1303579571987977,1.0,1.0
16.0757,LCP,8.0,0.0,121,0.8287024334965172,-1.1102230246251565e-16,0.1712975665034829,0.9820467394016331,-1.1102230246251565e-16,0.017953260598366952,0.01795326059836743,0.1712975665034861,0.15334430590511547,1.0,1.0
16.0786,LCP,8.0,0.0,121,0.7999469763679081,2.220446049250313e-16,0.20005302363209168,0.981541300728493,0.0,0.01845869927150697,0.01845869927150646,0.2000530236320921,0.18159432436058523,1.0,1.0
16.081500000000002,LCP,8.0,0.0,121,0.7648416380306586,2.220446049250313e-16,0.23515836196934117,0.9809883292734739,-1.1102230246251565e-16,0.019011670726526257,0.01901167072652624,0.23515836196933892,0.21614669124281494,1.0,1.0
16.0844,LCP,8.0,0.0,121,0.7225809727394881,0.0,0.27741902726051193,0.9803819049418239,-1.1102230246251565e-16,0.019618095058176285,0.019618095058175456,0.2774190272605144,0.25780093220233646,1.0,1.0
16.0873,LCP,8.0,0.0,121,0.6732097445390065,1.1102230246251565e-16,0.3267902554609934,0.9797151486767758,-2.220446049250313e-16,0.020284851323224422,0.020284851323223923,0.3267902554609902,0.30650540413776944,1.0,1.0
16.0902,LCP,8.0,0.0,121,0.618694623403642,1.1102230246251565e-16,0.38130537659635794,0.9789800327654663,0.0,0.02101996723453369,0.02101996723453322,0.38130537659635316,0.36028540936182474,1.0,1.0
16.0931,LCP,8.0,0.0,121,0.5642608236188172,-1.1102230246251565e-16,0.4357391763811828,0.9781671464332455,0.0,0.021832853566754434,0.02183285356675334,0.4357391763811577,0.41390632281442946,1.0,1.0
16.096,LCP,8.0,0.0,121,0.5189239860395551,-1.1102230246251565e-16,0.48107601396044497,0.9772654044540514,0.0,0.022734595545948633,0.022734595545947776,0.48107601396044763,0.4583414184144972,1.0,1.0
16.0989,LCP,8.0,0.0,121,0.49331509593456896,-5.551115123125783e-17,0.5066849040654311,0.9762616826478754,-1.1102230246251565e-16,0.023738317352124692,0.023738317352124005,0.5066849040654304,0.4829465867133071,1.0,1.0
16.1018,LCP,8.0,0.0,121,0.49437288167024057,-1.6653345369377348e-16,0.5056271183297596,0.9751403589148055,1.1102230246251565e-16,0.024859641085194388,0.024859641085194253,0.5056271183297513,0.48076747724456537,1.0,1.0
16.1047,LCP,8.0,0.0,121,0.5207890784087088,-1.1102230246251565e-16,0.4792109215912913,0.9738827313297194,-1.1102230246251565e-16,0.026117268670280795,0.026117268670281232,0.47921092159128853,0.45309365292101006,1.0,1.0
16.1076,LCP,8.0,0.0,121,0.564022473743784,2.220446049250313e-16,0.43597752625621583,0.9724662750251447,1.1102230246251565e-16,0.027533724974855203,0.027533724974854918,0.4359775262562206,0.40844380128136093,1.0,1.0
16.110500000000002,LCP,8.0,0.0,121,0.613663012008963,-2.220446049250313e-16,0.3863369879910372,0.9708636860178113,-1.1102230246251565e-16,0.029136313982188907,0.029136313982189927,0.38633698799103655,0.3572006740088473,1.0,1.0
16.1134,LCP,8.0,0.0,121,0.6618399582979607,-1.1102230246251565e-16,0.3381600417020394,0.9690416411866285,-1.1102230246251565e-16,0.030958358813371615,0.030958358813369773,0.338160041702043,0.3072016828886696,1.0,1.0
16.1163,LCP,8.0,0.0,121,0.7043364681780246,0.0,0.29566353182197536,0.9669591769686686,0.0,0.0330408230313314,0.033040823031332094,0.29566353182197047,0.26262270879064326,1.0,1.0
16.1192,LCP,8.0,0.0,121,0.7396823127771905,-2.220446049250313e-16,0.2603176872228096,0.9645655516305214,-2.220446049250313e-16,0.03543444836947879,0.035434448369479565,0.2603176872227937,0.22488323885333006,1.0,1.0
16.1221,LCP,8.0,0.0,121,0.7679009308855588,0.0,0.2320990691144412,0.9617974023002281,2.220446049250313e-16,0.03820259769977168,0.038202597699772446,0.23209906911445474,0.19389647141466876,1.0,1.0
16.125,LCP,8.0,0.0,121,0.7896141031752337,-1.1102230246251565e-16,0.2103858968247664,0.9585749312733579,-2.220446049250313e-16,0.04142506872664226,0.041425068726641846,0.2103858968247658,0.16896082809812457,1.0,1.0
16.1279,LCP,8.0,0.0,121,0.8055492139061664,-1.1102230246251565e-16,0.1944507860938337,0.9547967465110578,0.0,0.045203253488942184,0.04520325348894233,0.19445078609383704,0.14924753260489138,1.0,1.0
16.1308,LCP,8.0,0.0,121,0.8163072761745086,-2.220446049250313e-16,0.1836927238254916,0.9503328253152161,-1.1102230246251565e-16,0.04966717468478397,0.04966717468478776,0.1836927238254961,0.13402554914070383,1.0,1.0
16.1337,LCP,8.0,0.0,121,0.822263224024619,-1.1102230246251565e-16,0.17773677597538107,0.9450148513690981,0.0,0.05498514863090182,0.054985148630900905,0.1777367759753867,0.12275162734448017,1.0,1.0
16.1366,LCP,8.0,0.0,121,0.8235195069342288,-1.1102230246251565e-16,0.17648049306577132,0.9386228778373493,-1.1102230246251565e-16,0.061377122162650746,0.061377122162652856,0.1764804930657718,0.11510337090311847,1.0,1.0
16.1395,LCP,8.0,0.0,121,0.8198719131956784,0.0,0.18012808680432163,0.9308668918446172,-1.1102230246251565e-16,0.0691331081553829,0.06913310815538551,0.18012808680431927,0.11099497864893612,1.0,1.0
16.142400000000002,LCP,8.0,0.0,121,0.810771088913818,0.0,0.18922891108618198,0.9213614535961818,-1.1102230246251565e-16,0.0786385464038183,0.07863854640381882,0.18922891108618592,0.11059036468236316,1.0,1.0
16.1453,LCP,8.0,0.0,121,0.7952857022186772,0.0,0.20471429778132283,0.9095913828578356,-1.1102230246251565e-16,0.09040861714216455,0.09040861714216723,0.20471429778132122,0.1143056806391556,1.0,1.0
16.1482,LCP,8.0,0.0,121,0.7721126631708576,0.0,0.22788733682914242,0.894867163483314,-2.220446049250313e-16,0.10513283651668621,0.10513283651668566,0.22788733682914114,0.12275450031245676,1.0,1.0
16.1511,LCP,8.0,0.0,121,0.7397691254130538,0.0,0.2602308745869462,0.8762722508528635,-1.1102230246251565e-16,0.12372774914713658,0.12372774914714038,0.2602308745869455,0.13650312543980583,1.0,1.0
16.154,LCP,8.0,0.0,121,0.6972824187036188,0.0,0.3027175812963812,0.8526156908365579,0.0,0.1473843091634422,0.14738430916344303,0.30271758129638027,0.15533327213293818,1.0,1.0
16.1569,LCP,8.0,0.0,121,0.6459185514770558,-2.220446049250313e-16,0.3540814485229444,0.8224338370444446,0.0,0.17756616295555544,0.17756616295555228,0.3540814485229467,0.1765152855673921,1.0,1.0
16.1598,LCP,8.0,0.0,121,0.5922027050660886,-1.1102230246251565e-16,0.4077972949339115,0.7841572458975123,-2.220446049250313e-16,0.21584275410248782,0.21584275410248752,0.4077972949339121,0.19195454083142396,1.0,1.0
16.1627,LCP,8.0,0.0,121,0.5501685826153051,0.0,0.44983141738469495,0.736701031710969,0.0,0.26329896828903093,0.2632989682890349,0.4498314173846942,0.18653244909566008,1.0,1.0
16.1656,LCP,8.0,0.0,121,0.5368687027662868,-2.220446049250313e-16,0.4631312972337133,0.6809073414015404,0.0,0.3190926585984596,0.31909265859845654,0.4631312972337213,0.1440386386352568,1.0,1.0
16.1685,LCP,8.0,0.0,121,0.5595235798798347,-1.1102230246251565e-16,0.44047642012016547,0.622073029914108,0.0,0.37792697008589204,0.3779269700858888,0.44047642012016397,0.06254945003427664,1.0,1.0
16.171400000000002,LCP,8.0,0.0,121,0.6085942767917429,0.0,0.39140572320825706,0.5721589063924856,1.1102230246251565e-16,0.4278410936075143,0.4278410936075206,0.39140572320825506,0.036435370399263534,1.0,1.0
16.1743,LCP,8.0,0.0,121,0.6670555252361255,-1.1102230246251565e-16,0.3329444747638745,0.5471650609042552,-1.1102230246251565e-16,0.45283493909574485,0.4528349390957389,0.33294447476387357,0.1198904643318644,1.0,1.0
16.1772,LCP,8.0,0.0,121,0.7222968618102894,0.0,0.27770313818971054,0.5569223738665303,0.0,0.4430776261334697,0.4430776261334705,0.27770313818970993,0.16537448794375997,1.0,1.0
16.1801,LCP,8.0,0.0,121,0.7689980458580922,1.1102230246251565e-16,0.23100195414190772,0.5965339641615172,-1.1102230246251565e-16,0.40346603583848295,0.40346603583848334,0.23100195414190725,0.17246408169657562,1.0,1.0
16.183,LCP,8.0,0.0,121,0.8064952767420364,-1.1102230246251565e-16,0.19350472325796372,0.6510499020296228,0.0,0.3489500979703773,0.34895009797037324,0.19350472325796314,0.15544537471240952,1.0,1.0
16.1859,LCP,8.0,0.0,121,0.8360069474691155,0.0,0.16399305253088445,0.7066317220197657,-1.1102230246251565e-16,0.2933682779802344,0.2933682779802363,0.163993052530884,0.12937522544935184,1.0,1.0
16.1888,LCP,8.0,0.0,121,0.8591533723324127,-1.1102230246251565e-16,0.1408466276675874,0.7557972399931159,-2.220446049250313e-16,0.24420276000688432,0.24420276000688368,0.14084662766758718,0.10335613233929627,1.0,1.0
16.1917,LCP,8.0,0.0,121,0.8773954373482966,-2.220446049250313e-16,0.1226045626517036,0.796324321391721,0.0,0.20367567860827895,0.2036756786082788,0.12260456265170748,0.0810711159565752,1.0,1.0
16.1946,LCP,8.0,0.0,121,0.8918973131619472,-1.1102230246251565e-16,0.10810268683805288,0.8286509118705934,-1.1102230246251565e-16,0.17134908812940675,0.17134908812940822,0.10810268683805191,0.06324640129135534,1.0,1.0
16.1975,LCP,8.0,0.0,121,0.9035420932982966,-1.1102230246251565e-16,0.09645790670170347,0.8541106984157788,0.0,0.14588930158422117,0.14588930158422506,0.09645790670170468,0.04943139488252159,1.0,1.0
16.200400000000002,LCP,8.0,0.0,121,0.9129870808278285,-2.220446049250313e-16,0.08701291917217173,0.8741151058241088,0.0,0.12588489417589116,0.12588489417588714,0.08701291917217092,0.038871975003715406,1.0,1.0
16.2033,LCP,8.0,0.0,121,0.9207191750192367,0.0,0.07928082498076322,0.8898700214762584,0.0,0.11012997852374166,0.11012997852374114,0.07928082498076386,0.030849153542977917,1.0,1.0
16.2062,LCP,8.0,0.0,121,0.9270997159002976,1.1102230246251565e-16,0.07290028409970233,0.9023227847854313,-1.1102230246251565e-16,0.09767721521456882,0.09767721521457012,0.07290028409970309,0.024776931114867798,1.0,1.0
16.2091,LCP,8.0,0.0,121,0.9323980445402414,0.0,0.06760195545975851,0.9121889617018927,-1.1102230246251565e-16,0.08781103829810742,0.08781103829811254,0.0676019554597578,0.02020908283835403,1.0,1.0
16.212,LCP,8.0,0.0,121,0.9368157670407674,0.0,0.06318423295923263,0.9199972667765756,-2.220446049250313e-16,0.08000273322342463,0.0800027332234241,0.06318423295923555,0.016818500264191474,1.0,1.0
16.2149,LCP,8.0,0.0,121,0.9405040053004879,-1.1102230246251565e-16,0.0594959946995122,0.9261311180195804,1.1102230246251565e-16,0.07386888198041956,0.07386888198041956,0.059495994699512396,0.01437288728090736,1.0,1.0
16.2178,LCP,8.0,0.0,121,0.9435755224259161,0.0,0.05642447757408392,0.9308612506726694,-1.1102230246251565e-16,0.06913874932733069,0.06913874932732837,0.05642447757408358,0.012714271753244452,1.0,1.0
16.2207,LCP,8.0,0.0,121,0.9461131150739364,0.0,0.05388688492606361,0.9343695805073033,-1.1102230246251565e-16,0.06563041949269677,0.06563041949269428,0.05388688492606447,0.011743534566630673,1.0,1.0
16.2236,LCP,8.0,0.0,121,0.9481752388782392,-1.1102230246251565e-16,0.051824761121760946,0.9367666193084077,-1.1102230246251565e-16,0.06323338069159248,0.06323338069159444,0.05182476112176082,0.011408619569833495,1.0,1.0
16.2265,LCP,8.0,0.0,121,0.9497995057076759,0.0,0.05020049429232414,0.9381062186891309,2.220446049250313e-16,0.0618937813108689,0.06189378131086741,0.05020049429232741,0.011693287018543268,1.0,1.0
16.229400000000002,LCP,8.0,0.0,121,0.9510044557107744,-1.1102230246251565e-16,0.04899554428922571,0.9384039763135534,-1.1102230246251565e-16,0.06159602368644664,0.06159602368645014,0.04899554428922555,0.012600479397224432,1.0,1.0
16.232300000000002,LCP,8.0,0.0,121,0.9517898632144942,1.1102230246251565e-16,0.04821013678550572,0.9376703927200429,0.0,0.06232960727995706,0.062329607279954846,0.04821013678550556,0.01411947049444913,1.0,1.0
16.2352,LCP,8.0,0.0,121,0.9521358257142584,-1.1102230246251565e-16,0.0478641742857417,0.9359757011949449,1.1102230246251565e-16,0.06402429880505502,0.06402429880505935,0.0478641742857414,0.01616012451931765,1.0,1.0
16.2381,LCP,8.0,0.0,121,0.9520011549651657,-2.220446049250313e-16,0.04799884503483449,0.933560367838731,0.0,0.06643963216126901,0.0664396321612715,0.04799884503483343,0.018440787126437007,1.0,1.0
16.241,LCP,8.0,0.0,121,0.9513225251276382,0.0,0.048677474872361896,0.9309653839251003,-1.1102230246251565e-16,0.06903461607489975,0.06903461607489947,0.04867747487236279,0.020357141202537572,1.0,1.0
16.2439,LCP,8.0,0.0,121,0.950018343160238,-2.220446049250313e-16,0.049981656839762155,0.9290548077518183,-1.1102230246251565e-16,0.07094519224818187,0.07094519224818847,0.04998165683976122,0.02096353540842632,1.0,1.0
16.2468,LCP,8.0,0.0,121,0.948007203264805,0.0,0.051992796735195024,0.9287392188520525,-1.1102230246251565e-16,0.07126078114794765,0.0712607811479483,0.051992796735195586,0.019267984412753278,1.0,1.0
16.2497,LCP,8.0,0.0,121,0.9452623261159505,-2.220446049250313e-16,0.0547376738840497,0.9304525533513008,-1.1102230246251565e-16,0.0695474466486993,0.06954744664869672,0.05473767388404993,0.014809772764647018,1.0,1.0
16.2526,LCP,8.0,0.0,121,0.9419371159061988,0.0,0.05806288409380127,0.933869078074089,0.0,0.06613092192591098,0.06613092192591263,0.058062884093800025,0.008068037832111366,1.0,1.0
16.2555,LCP,8.0,0.0,121,0.9385789196667598,0.0,0.06142108033324026,0.9381870608153915,0.0,0.061812939184608506,0.06181293918460504,0.06142108033324176,0.00039185885136477916,1.0,1.0
16.2584,LCP,8.0,0.0,121,0.9362992634177603,2.220446049250313e-16,0.06370073658223957,0.9426301650962272,0.0,0.05736983490377282,0.05736983490377335,0.06370073658223965,0.006330901678466221,1.0,1.0
16.261300000000002,LCP,8.0,0.0,121,0.9364760176992157,-2.220446049250313e-16,0.06352398230078443,0.9467119146751862,-1.1102230246251565e-16,0.05328808532481393,0.05328808532481197,0.06352398230078433,0.010235896975972464,1.0,1.0
16.2642,LCP,8.0,0.0,121,0.9397500496582777,1.1102230246251565e-16,0.06024995034172225,0.9502273891013951,-1.1102230246251565e-16,0.04977261089860502,0.04977261089860642,0.0602499503417201,0.010477339443115831,1.0,1.0
16.2671,LCP,8.0,0.0,121,0.9453084913240049,-4.440892098500626e-16,0.05469150867599554,0.9531456442671453,1.1102230246251565e-16,0.04685435573285461,0.04685435573285398,0.05469150867599643,0.007837152943141558,1.0,1.0
16.27,LCP,8.0,0.0,121,0.9515650641212705,1.1102230246251565e-16,0.04843493587872938,0.9555159161116896,0.0,0.04448408388831037,0.04448408388831189,0.04843493587872742,0.003950851990417489,1.0,1.0
16.2729,LCP,8.0,0.0,121,0.9573065757500845,1.1102230246251565e-16,0.04269342424991537,0.9574127559860519,-2.220446049250313e-16,0.04258724401394826,0.04258724401394587,0.04269342424991658,0.00010618023596949827,1.0,1.0
16.2758,LCP,8.0,0.0,121,0.9620471646608282,-1.1102230246251565e-16,0.0379528353391719,0.9589103885301982,-2.220446049250313e-16,0.041089611469802036,0.04108961146980216,0.037952835339171674,0.0031367761306302575,1.0,1.0
16.2787,LCP,8.0,0.0,121,0.9657757601406363,1.1102230246251565e-16,0.03422423985936364,0.960073120347841,0.0,0.039926879652158985,0.03992687965215768,0.034224239859365214,0.005702639792794041,1.0,1.0
16.2816,LCP,8.0,0.0,121,0.968661735489756,0.0,0.03133826451024399,0.9609531797249717,1.1102230246251565e-16,0.03904682027502819,0.03904682027502743,0.031338264510244934,0.007708555764783437,1.0,1.0
16.2845,LCP,8.0,0.0,121,0.9708990451130879,1.1102230246251565e-16,0.029100954886912014,0.9615915035078207,-1.1102230246251565e-16,0.038408496492179374,0.038408496492179776,0.029100954886910824,0.009307541605267762,1.0,1.0
16.2874,LCP,8.0,0.0,121,0.9726518274266485,0.0,0.02734817257335156,0.9620194173643898,0.0,0.037980582635610244,0.03798058263560995,0.027348172573351637,0.010632410062258391,1.0,1.0
16.290300000000002,LCP,8.0,0.0,121,0.9740451644522957,0.0,0.025954835547704266,0.9622603661082687,-2.220446049250313e-16,0.037739633891731524,0.03773963389173279,0.025954835547703697,0.011784798344028527,1.0,1.0
16.2932,LCP,8.0,0.0,121,0.9751705347237954,1.1102230246251565e-16,0.02482946527620447,0.9623313991098501,1.1102230246251565e-16,0.03766860089014978,0.03766860089015069,0.02482946527620444,0.012839135613946222,1.0,1.0
16.2961,LCP,8.0,0.0,121,0.9760939473604335,-1.1102230246251565e-16,0.02390605263956662,0.9622443447217913,-1.1102230246251565e-16,0.03775565527820873,0.03775565527820792,0.02390605263956686,0.013849602638641302,1.0,1.0
16.299,LCP,8.0,0.0,121,0.9768630360029344,-1.1102230246251565e-16,0.023136963997065708,0.9620066928073316,-1.1102230246251565e-16,0.03799330719266851,0.037993307192668545,0.023136963997065566,0.014856343195602837,1.0,1.0
16.3019,LCP,8.0,0.0,121,0.9775124137440308,-2.220446049250313e-16,0.022487586255969475,0.9616222286591058,-1.1102230246251565e-16,0.03837777134089428,0.03837777134089101,0.02248758625596957,0.015890185084921533,1.0,1.0
16.3048,LCP,8.0,0.0,121,0.9780674965504157,0.0,0.02193250344958427,0.9610914618418418,0.0,0.03890853815815825,0.038908538158156716,0.021932503449584532,0.016976034708572445,1.0,1.0
16.3077,LCP,8.0,0.0,121,0.9785471748939254,0.0,0.02145282510607461,0.960411885577017,0.0,0.03958811442298307,0.03958811442298276,0.0214528251060745,0.01813528931690815,1.0,1.0
16.3106,LCP,8.0,0.0,121,0.9789656700170792,-1.1102230246251565e-16,0.021034329982920853,0.9595780925341495,-1.1102230246251565e-16,0.040421907465850664,0.04042190746585124,0.021034329982920926,0.019387577482930386,1.0,1.0
16.3135,LCP,8.0,0.0,121,0.9793338268959159,-1.1102230246251565e-16,0.020666173104084206,0.9585817635245094,0.0,0.04141823647549057,0.041418236475490734,0.02066617310408417,0.020752063371406528,1.0,1.0
16.3164,LCP,8.0,0.0,121,0.9796600210196127,0.0,0.02033997898038734,0.9574115371278645,-1.1102230246251565e-16,0.04258846287213561,0.042588462872138494,0.020339978980387766,0.022248483891751155,1.0,1.0
16.319300000000002,LCP,8.0,0.0,121,0.979950800176945,-2.220446049250313e-16,0.020049199823055155,0.9560527605630655,0.0,0.0439472394369345,0.04394723943693349,0.020049199823055336,0.023898039613878333,1.0,1.0
16.3222,LCP,8.0,0.0,121,0.9802113433987645,0.0,0.0197886566012355,0.9544871147346312,0.0,0.04551288526536881,0.04551288526537066,0.019788656601235525,0.02572422866413516,1.0,1.0
16.3251,LCP,8.0,0.0,121,0.9804457927159753,-1.1102230246251565e-16,0.01955420728402477,0.9526920988579516,1.1102230246251565e-16,0.04730790114204831,0.04730790114204733,0.01955420728402472,0.027753693858022562,1.0,1.0
16.328,LCP,8.0,0.0,121,0.9806574956111407,0.0,0.019342504388859337,0.9506403518557334,-1.1102230246251565e-16,0.049359648144266764,0.04935964814426611,0.019342504388859504,0.030017143755406775,1.0,1.0
16.3309,LCP,8.0,0.0,121,0.9808491841255451,-1.1102230246251565e-16,0.019150815874455,0.9482987782621424,0.0,0.05170122173785764,0.0517012217378588,0.019150815874454767,0.0325504058634038,1.0,1.0
16.3338,LCP,8.0,0.0,121,0.9810231085705503,0.0,0.01897689142944975,0.9456274350559303,-1.1102230246251565e-16,0.05437256494406987,0.05437256494406919,0.01897689142944984,0.03539567351461944,1.0,1.0
16.3367,LCP,8.0,0.0,121,0.9811811383692051,0.0,0.01881886163079488,0.9425781220142089,-1.1102230246251565e-16,0.05742187798579128,0.057421877985794345,0.018818861630794423,0.038603016354999464,1.0,1.0
16.3396,LCP,8.0,0.0,121,0.9813248388557556,0.0,0.01867516114424438,0.9390926011599352,-2.220446049250313e-16,0.06090739884006498,0.060907398840065165,0.01867516114424417,0.04223223769582078,1.0,1.0
16.3425,LCP,8.0,0.0,121,0.9814555303153227,0.0,0.018544469684677285,0.9351003501008723,1.1102230246251565e-16,0.06489964989912758,0.06489964989912171,0.01854446968467724,0.04635518021444443,1.0,1.0
16.3454,LCP,8.0,0.0,121,0.9815743337784204,-1.1102230246251565e-16,0.01842566622157973,0.930515729316509,1.1102230246251565e-16,0.06948427068349088,0.06948427068349346,0.018425666221579456,0.05105860446191372,1.0,1.0
16.348300000000002,LCP,8.0,0.0,121,0.9816822068456093,1.1102230246251565e-16,0.018317793154390676,0.9252344155064907,0.0,0.0747655844935094,0.07476558449350745,0.01831779315439064,0.056447791339116773,1.0,1.0
16.3512,LCP,8.0,0.0,121,0.9817799719405325,0.0,0.018220028059467524,0.9191289249036139,0.0,0.08087107509638619,0.08087107509638514,0.01822002805946701,0.06265104703691761,1.0,1.0
16.3541,LCP,8.0,0.0,121,0.9818683387630402,0.0,0.018131661236959733,0.9120430295827742,0.0,0.08795697041722589,0.08795697041721809,0.018131661236959216,0.06982530918025835,1.0,1.0
16.357,LCP,8.0,0.0,121,0.9819479222626364,-2.220446049250313e-16,0.018052077737363784,0.9037848733328703,0.0,0.09621512666712968,0.0962151266671551,0.018052077737364728,0.07816304892979131,1.0,1.0
16.3599,LCP,8.0,0.0,121,0.9820192571241217,-1.1102230246251565e-16,0.017980742875878378,0.8941186574974102,-1.1102230246251565e-16,0.10588134250258999,0.10588134250259125,0.01798074287587844,0.08790059962671287,1.0,1.0
16.3628,LCP,8.0,0.0,121,0.9820828095165607,0.0,0.01791719048343932,0.8827549635864407,0.0,0.11724503641355938,0.11724503641355939,0.01791719048344016,0.09932784593012008,1.0,1.0
16.3657,LCP,8.0,0.0,121,0.9821389866786835,0.0,0.017861013321316562,0.869340249033383,0.0,0.13065975096661703,0.13065975096661722,0.017861013321316097,0.11279873764530066,1.0,1.0
16.3686,LCP,8.0,0.0,121,0.9821881447811971,0.0,0.017811855218802863,0.8534470596218754,0.0,0.1465529403781246,0.14655294037812888,0.017811855218802283,0.12874108515932603,1.0,1.0
16.3715,LCP,8.0,0.0,121,0.9822305954068238,-2.220446049250313e-16,0.01776940459317643,0.8345685213330336,1.1102230246251565e-16,0.16543147866696628,0.16543147866696353,0.01776940459317632,0.1476620740737871,1.0,1.0
16.3744,LCP,8.0,0.0,121,0.9822666109134937,2.220446049250313e-16,0.01773338908650617,0.8121244958903182,0.0,0.18787550410968176,0.1878755041096815,0.017733389086506193,0.17014211502317533,1.0,1.0
16.3773,LCP,8.0,0.0,121,0.982296428888716,-1.1102230246251565e-16,0.017703571111284063,0.7854935443356514,0.0,0.2145064556643486,0.21450645566434964,0.017703571111284528,0.19680288455306558,1.0,1.0
16.380200000000002,LCP,8.0,0.0,121,0.982320255858965,0.0,0.01767974414103497,0.7540956303805155,1.1102230246251565e-16,0.2459043696194844,0.24590436961948167,0.01767974414103504,0.2282246254784467,1.0,1.0
16.3831,LCP,8.0,0.0,121,0.982338270384004,0.0,0.01766172961599597,0.7175645662711271,-1.1102230246251565e-16,0.28243543372887303,0.28243543372887225,0.017661729615995485,0.26477370411287626,1.0,1.0
16.386,LCP,8.0,0.0,121,0.9823506256393331,-1.1102230246251565e-16,0.01764937436066704,0.6760588262513759,1.1102230246251565e-16,0.3239411737486239,0.3239411737486226,0.017649374360666967,0.30629179938795553,1.0,1.0
16.3889,LCP,8.0,0.0,121,0.9823574515693891,0.0,0.017642548430610885,0.6307394652160342,1.1102230246251565e-16,0.36926053478396575,0.36926053478396836,0.017642548430610628,0.3516179863533575,1.0,1.0
16.3918,LCP,8.0,0.0,121,0.9823588566775905,1.1102230246251565e-16,0.01764114332240943,0.5843431749150501,0.0,0.41565682508495,0.4156568250849446,0.01764114332240921,0.3980156817625352,1.0,1.0
16.3947,LCP,8.0,0.0,121,0.9823549295064059,-1.1102230246251565e-16,0.01764507049359426,0.5415485385561027,-1.1102230246251565e-16,0.45845146144389737,0.45845146144390253,0.017645070493594567,0.44080639095030827,1.0,1.0
16.3976,LCP,8.0,0.0,121,0.9823457398500901,-1.1102230246251565e-16,0.01765426014991004,0.508564052535977,0.0,0.49143594746402297,0.4914359474640295,0.017654260149909812,0.47378168731411946,1.0,1.0
16.4005,LCP,8.0,0.0,121,0.9823313397344603,-1.1102230246251565e-16,0.01766866026553978,0.4914642375034643,5.551115123125783e-17,0.5085357624965356,0.5085357624965359,0.01766866026553981,0.4908671022309961,1.0,1.0
16.4034,LCP,8.0,0.0,121,0.9823117641911083,0.0,0.01768823580889162,0.4937119935512734,-1.1102230246251565e-16,0.5062880064487267,0.5062880064487242,0.0176882358088921,0.48859977063983256,1.0,1.0
16.4063,LCP,8.0,0.0,121,0.9822870318479366,-1.1102230246251565e-16,0.017712968152063472,0.5144722661797778,0.0,0.48552773382022213,0.48552773382022113,0.017712968152063368,0.46781476566815766,1.0,1.0
16.409200000000002,LCP,8.0,0.0,121,0.9822571453531195,0.0,0.017742854646880562,0.5491024985498184,-1.1102230246251565e-16,0.4508975014501817,0.45089750145017404,0.017742854646879844,0.43315464680329346,1.0,1.0
16.4121,LCP,8.0,0.0,121,0.9822220916457534,0.0,0.017777908354246672,0.5913700378382111,0.0,0.40862996216178893,0.40862996216178693,0.017777908354246492,0.39085205380754023,1.0,1.0
16.415,LCP,8.0,0.0,121,0.9821818420829969,-2.220446049250313e-16,0.01781815791700332,0.63568087171182,0.0,0.36431912828818,0.36431912828818214,0.017818157917003172,0.34650097037117883,1.0,1.0
16.4179,LCP,8.0,0.0,121,0.982136352430659,-1.1102230246251565e-16,0.017863647569341105,0.6781820048959593,-1.1102230246251565e-16,0.32181799510404085,0.32181799510404036,0.017863647569341508,0.30395434753469924,1.0,1.0
16.4208,LCP,8.0,0.0,121,0.9820855627214946,0.0,0.01791443727850544,0.7167915088210872,-2.220446049250313e-16,0.283208491178913,0.28320849117891317,0.01791443727850574,0.2652940539004077,1.0,1.0
16.4237,LCP,8.0,0.0,121,0.9820293969831886,0.0,0.01797060301681144,0.750728309867887,0.0,0.24927169013211306,0.24927169013211242,0.017970603016811488,0.23130108711530098,1.0,1.0
16.4266,LCP,8.0,0.0,121,0.9819677628357321,-1.1102230246251565e-16,0.018032237164268012,0.7799903522098122,-1.1102230246251565e-16,0.22000964779018797,0.22000964779018897,0.018032237164268345,0.20197741062592095,1.0,1.0
16.4295,LCP,8.0,0.0,121,0.9819005509558144,1.1102230246251565e-16,0.018099449044185482,0.8049638924756786,-1.1102230246251565e-16,0.19503610752432152,0.1950361075243197,0.018099449044185652,0.17693665848013423,1.0,1.0
16.4324,LCP,8.0,0.0,121,0.9818276344038317,1.1102230246251565e-16,0.018172365596168184,0.8261825544869121,-1.1102230246251565e-16,0.17381744551308795,0.17381744551308662,0.018172365596168114,0.15564507991691842,1.0,1.0
16.4353,LCP,8.0,0.0,121,0.981748867806898,-1.1102230246251565e-16,0.018251132193102097,0.8441977776596363,0.0,0.15580222234036367,0.15580222234036306,0.018251132193101958,0.13755109014726097,1.0,1.0
16.438200000000002,LCP,8.0,0.0,121,0.981664086389272,-1.1102230246251565e-16,0.01833591361072803,0.8595182440905547,0.0,0.14048175590944537,0.1404817559094454,0.018335913610728265,0.12214584229871736,1.0,1.0
16.4411,LCP,8.0,0.0,121,0.9815731048392033,0.0,0.018426895160796607,0.8725874366022606,0.0,0.1274125633977395,0.1274125633977387,0.018426895160796486,0.1089856682369421,1.0,1.0
16.444,LCP,8.0,0.0,121,0.9814757159988551,-1.1102230246251565e-16,0.018524284001145027,0.8837803629080457,-1.1102230246251565e-16,0.11621963709195436,0.11621963709195388,0.01852428400114524,0.09769535309080885,1.0,1.0
16.4469,LCP,8.0,0.0,121,0.9813716893612883,-1.1102230246251565e-16,0.01862831063871183,0.8934088606811286,0.0,0.10659113931887143,0.10659113931887126,0.018628310638711166,0.08796282868015944,1.0,1.0
16.4498,LCP,8.0,0.0,121,0.9812607693555937,0.0,0.018739230644406316,0.9017299863909276,-2.220446049250313e-16,0.09827001360907263,0.0982700136090741,0.018739230644406163,0.07953078296466778,1.0,1.0
16.4527,LCP,8.0,0.0,121,0.9811426733980111,0.0,0.018857326601988897,0.9089548348004897,-1.1102230246251565e-16,0.09104516519951042,0.09104516519951149,0.01885732660198871,0.07218783859752259,1.0,1.0
16.4556,LCP,8.0,0.0,121,0.9810170896831769,1.1102230246251565e-16,0.018982910316823014,0.915256637050504,0.0,0.08474336294949605,0.08474336294949376,0.018982910316823164,0.06576045263267075,1.0,1.0
16.4585,LCP,8.0,0.0,121,0.9808836746856539,-1.1102230246251565e-16,0.019116325314346254,0.9207777375144386,1.1102230246251565e-16,0.0792222624855613,0.07922226248556158,0.019116325314346563,0.060105937171215325,1.0,1.0
16.4614,LCP,8.0,0.0,121,0.9807420503369682,-1.1102230246251565e-16,0.019257949663031914,0.9256354034684764,0.0,0.07436459653152361,0.07436459653152298,0.019257949663031956,0.055106646868491066,1.0,1.0
16.4643,LCP,8.0,0.0,121,0.9805918008383252,-1.1102230246251565e-16,0.019408199161674876,0.9299265715703162,0.0,0.07007342842968375,0.07007342842968528,0.019408199161674505,0.050665229268010405,1.0,1.0
16.467200000000002,LCP,8.0,0.0,121,0.9804324690627904,0.0,0.01956753093720964,0.9337316850384215,-1.1102230246251565e-16,0.06626831496157856,0.0662683149615796,0.019567530937209966,0.04670078402436996,1.0,1.0
16.470100000000002,LCP,8.0,0.0,121,0.9802635524938588,1.1102230246251565e-16,0.019736447506141137,0.9371177791026857,2.220446049250313e-16,0.06288222089731411,0.06288222089731349,0.01973644750614147,0.04314577339117236,1.0,1.0
16.473,LCP,8.0,0.0,121,0.9800844986391921,-1.1102230246251565e-16,0.019915501360807972,0.9401409568276141,-1.1102230246251565e-16,0.05985904317238594,0.059859043172385565,0.019915501360808545,0.039943541811577596,1.0,1.0
16.4759,LCP,8.0,0.0,121,0.9798946998490511,0.0,0.02010530015094888,0.9428483758939716,-1.1102230246251565e-16,0.05715162410602848,0.05715162410602866,0.020105300150949506,0.037046323955079785,1.0,1.0
16.4788,LCP,8.0,0.0,121,0.9796934874582197,0.0,0.020306512541780296,0.9452798453315667,-1.1102230246251565e-16,0.05472015466843339,0.0547201546684347,0.020306512541780956,0.034413642126654403,1.0,1.0
16.4817,LCP,8.0,0.0,121,0.9794801251578891,-1.1102230246251565e-16,0.020519874842111034,0.9474691119366453,0.0,0.052530888063354673,0.052530888063355756,0.02051987484211033,0.03201101322124472,1.0,1.0
16.4846,LCP,8.0,0.0,121,0.9792538014898367,-1.1102230246251565e-16,0.020746198510163412,0.9494448998953383,1.1102230246251565e-16,0.050555100104661625,0.05055510010466254,0.020746198510163495,0.02980890159449913,1.0,1.0
16.4875,LCP,8.0,0.0,121,0.9790136213386903,0.0,0.020986378661309726,0.9512317539162541,0.0,0.048768246083745845,0.04876824608374698,0.02098637866130948,0.027781867422437257,1.0,1.0
16.4904,LCP,8.0,0.0,121,0.9787585962794448,-2.220446049250313e-16,0.02124140372055534,0.9528507255966479,-1.1102230246251565e-16,0.04714927440335221,0.04714927440335175,0.021241403720555795,0.025907870682796413,1.0,1.0
16.4933,LCP,8.0,0.0,121,0.9784876336154225,-1.1102230246251565e-16,0.021512366384577635,0.9543199343737439,0.0,0.0456800656262561,0.045680065626256684,0.021512366384578152,0.02416769924167905,1.0,1.0
16.4962,LCP,8.0,0.0,121,0.9781995239171057,0.0,0.02180047608289429,0.9556550278261302,-1.1102230246251565e-16,0.044344972173869894,0.04434497217386997,0.021800476082894087,0.02254449609097568,1.0,1.0
16.499100000000002,LCP,8.0,0.0,121,0.9778929268434209,0.0,0.022107073156579102,0.9568695609251132,-2.220446049250313e-16,0.04313043907488704,0.04313043907488643,0.022107073156577024,0.021023365918307328,1.0,1.0
16.502,LCP,8.0,0.0,121,0.9775663549942075,1.1102230246251565e-16,0.022433645005792365,0.9579753097910553,0.0,0.042024690208944775,0.04202469020894587,0.022433645005792438,0.019591045203153506,1.0,1.0
16.5049,LCP,8.0,0.0,121,0.9772181555048083,1.1102230246251565e-16,0.022781844495191658,0.9589825323411945,0.0,0.04101746765880554,0.04101746765880581,0.022781844495192084,0.018235623163614153,1.0,1.0
16.5078,LCP,8.0,0.0,121,0.9768464890506313,0.0,0.02315351094936869,0.9599001857306703,-1.1102230246251565e-16,0.040099814269329875,0.04009981426933012,0.023153510949368097,0.016946303319961428,1.0,1.0
16.5107,LCP,8.0,0.0,121,0.9764493058802755,0.0,0.023550694119724536,0.9607361085370805,0.0,0.03926389146291957,0.039263891462920426,0.02355069411972403,0.01571319734319589,1.0,1.0
16.5136,LCP,8.0,0.0,121,0.9760243184396687,-1.1102230246251565e-16,0.02397568156033138,0.961497174103614,2.220446049250313e-16,0.03850282589638571,0.038502825896385165,0.02397568156033155,0.014527144336053784,1.0,1.0
16.5165,LCP,8.0,0.0,121,0.9755689700862276,-1.1102230246251565e-16,0.024431029913772526,0.962189420244231,-2.220446049250313e-16,0.03781057975576913,0.037810579755769236,0.024431029913772166,0.01337954984199671,1.0,1.0
16.5194,LCP,8.0,0.0,121,0.975080399319853,0.0,0.024919600680147015,0.9628181595568999,-2.220446049250313e-16,0.03718184044310034,0.037181840443100994,0.024919600680146328,0.012262239762953979,1.0,1.0
16.5223,LCP,8.0,0.0,121,0.9745553988769801,-1.1102230246251565e-16,0.025444601123020064,0.9633880738298294,-2.220446049250313e-16,0.03661192617017082,0.036611926170169645,0.025444601123020202,0.011167325047149582,1.0,1.0
16.5252,LCP,8.0,0.0,121,0.9739903689436453,-1.1102230246251565e-16,0.026009631056354825,0.9639032954179945,1.1102230246251565e-16,0.03609670458200538,0.036096704582005056,0.026009631056354388,0.01008707352565023,1.0,1.0
16.528100000000002,LCP,8.0,0.0,121,0.9733812636447879,0.0,0.026618736355212076,0.964367477976307,-1.1102230246251565e-16,0.0356325220236932,0.03563252202369253,0.026618736355213883,0.009013785668480451,1.0,1.0
16.531,LCP,8.0,0.0,121,0.9727235298609014,-1.1102230246251565e-16,0.027276470139098757,0.9647838585323775,0.0,0.03521614146762252,0.03521614146762268,0.027276470139097106,0.007939671328523926,1.0,1.0
16.5339,LCP,8.0,0.0,121,0.9720120373145703,0.0,0.027987962685429683,0.965155312540863,-2.220446049250313e-16,0.034844687459137276,0.03484468745913846,0.027987962685430006,0.006856724773708779,1.0,1.0
16.5368,LCP,8.0,0.0,121,0.9712409987660439,-1.1102230246251565e-16,0.028759001233956243,0.9654844032625433,-1.1102230246251565e-16,0.03451559673745687,0.03451559673745619,0.028759001233955785,0.005756595503499946,1.0,1.0
16.5397,LCP,8.0,0.0,121,0.9704038790753595,1.1102230246251565e-16,0.02959612092464033,0.9657734265374182,0.0,0.03422657346258186,0.03422657346258186,0.029596120924639716,0.004630452537941528,1.0,1.0
16.5426,LCP,8.0,0.0,121,0.9694932918544354,0.0,0.030506708145564557,0.9660244517611489,-2.220446049250313e-16,0.03397554823885129,0.03397554823885095,0.03050670814556317,0.00346884009328639,1.0,1.0
16.5455,LCP,8.0,0.0,121,0.9685008824889352,0.0,0.03149911751106478,0.9662393596251717,-3.3306690738754696e-16,0.03376064037482858,0.03376064037482902,0.03149911751106483,0.0022615228637642426,1.0,1.0
16.5484,LCP,8.0,0.0,121,0.9674171965207145,-1.1102230246251565e-16,0.03258280347928565,0.9664198769480831,1.1102230246251565e-16,0.03358012305191679,0.03358012305191762,0.03258280347928728,0.0009973195726319661,1.0,1.0
16.5513,LCP,8.0,0.0,121,0.9662315328382627,-2.220446049250313e-16,0.03376846716173756,0.9665676087310687,0.0,0.03343239126893125,0.033432391268931425,0.033768467161736725,0.00033607589280613276,1.0,1.0
16.5542,LCP,8.0,0.0,121,0.9649317819411519,-2.220446049250313e-16,0.0350682180588483,0.9666840674457904,1.1102230246251565e-16,0.03331593255420947,0.03331593255420887,0.0350682180588483,0.0017522855046394267,1.0,1.0
16.557100000000002,LCP,8.0,0.0,121,0.963504250865982,1.1102230246251565e-16,0.03649574913401782,0.9667706995526938,-1.1102230246251565e-16,0.03322930044730627,0.03322930044730612,0.036495749134018235,0.0032664486867116996,1.0,1.0
16.560000000000002,LCP,8.0,0.0,121,0.9619334783212923,0.0,0.03806652167870776,0.9668289093932257,-1.1102230246251565e-16,0.03317109060677438,0.03317109060677367,0.038066521678707804,0.004895431071934089,1.0,1.0
16.5629,LCP,8.0,0.0,121,0.9602020462779448,-1.1102230246251565e-16,0.039797953722055295,0.9668600809212268,1.1102230246251565e-16,0.03313991907877311,0.03313991907877314,0.039797953722055406,0.006658034643282157,1.0,1.0
16.5658,LCP,8.0,0.0,121,0.9582903976945361,-3.3306690738754696e-16,0.041709602305464256,0.9668655982119864,0.0,0.03313440178801368,0.03313440178801396,0.04170960230546504,0.008575200517450296,1.0,1.0
16.5687,LCP,8.0,0.0,121,0.9561766740354005,1.1102230246251565e-16,0.04382332596459935,0.9668468662191324,0.0,0.03315313378086759,0.033153133780869294,0.04382332596459982,0.010670192183730054,1.0,1.0
16.5716,LCP,8.0,0.0,121,0.9538365902786017,0.0,0.04616340972139827,0.9668053336716392,-1.1102230246251565e-16,0.03319466632836084,0.03319466632836146,0.04616340972139809,0.01296874339303681,1.0,1.0
16.5745,LCP,8.0,0.0,121,0.9512433683348255,0.0,0.04875663166517453,0.9667425200920183,-1.1102230246251565e-16,0.03325747990798178,0.03325747990798229,0.04875663166517364,0.015499151757192235,1.0,1.0
16.5774,LCP,8.0,0.0,121,0.9483677508261869,-1.1102230246251565e-16,0.051632249173813226,0.9666600484455882,-1.1102230246251565e-16,0.0333399515544119,0.03333995155441245,0.05163224917381279,0.018292297619400773,1.0,1.0
16.5803,LCP,8.0,0.0,121,0.9451781140881693,-1.1102230246251565e-16,0.054821885911830744,0.9665596837412684,-1.1102230246251565e-16,0.03344031625873163,0.033440316258731444,0.054821885911829536,0.0213815696530993,1.0,1.0
16.5832,LCP,8.0,0.0,121,0.9416406896566794,-1.1102230246251565e-16,0.05835931034332074,0.9664433759808988,-1.1102230246251565e-16,0.03355662401910128,0.03355662401910146,0.0583593103433199,0.02480268632421928,1.0,1.0
16.586100000000002,LCP,8.0,0.0,121,0.9377198848019854,-2.220446049250313e-16,0.06228011519801484,0.9663133033646149,-1.1102230246251565e-16,0.03368669663538529,0.03368669663538507,0.06228011519801345,0.028593418562629765,1.0,1.0
16.589,LCP,8.0,0.0,121,0.9333786627936358,0.0,0.06662133720636423,0.9661719089587748,-1.1102230246251565e-16,0.033828091041225306,0.03382809104122548,0.06662133720636434,0.032793246165138755,1.0,1.0
16.5919,LCP,8.0,0.0,121,0.92857890211575,2.220446049250313e-16,0.07142109788424983,0.9660219216238063,-1.1102230246251565e-16,0.03397807837619379,0.033978078376193876,0.0714210978842488,0.03744301950805595,1.0,1.0
16.5948,LCP,8.0,0.0,121,0.923281603710711,1.1102230246251565e-16,0.07671839628928886,0.9658663504774483,-1.1102230246251565e-16,0.03413364952255182,0.03413364952255124,0.07671839628928938,0.042584746766737624,1.0,1.0
16.5977,LCP,8.0,0.0,121,0.9174467642837245,-1.1102230246251565e-16,0.08255323571627561,0.9657084421530056,-1.1102230246251565e-16,0.034291557846994544,0.034291557846994294,0.0825532357162739,0.048261677869281316,1.0,1.0
16.6006,LCP,8.0,0.0,121,0.9110326949858221,0.0,0.08896730501417796,0.965551592157579,0.0,0.03444840784242101,0.03444840784242096,0.08896730501417606,0.054518897171757,1.0,1.0
16.6035,LCP,8.0,0.0,121,0.9039945553475901,-1.1102230246251565e-16,0.09600544465241001,0.9653992060926729,0.0,0.03460079390732707,0.034600793907327176,0.09600544465241047,0.061404650745082834,1.0,1.0
16.6064,LCP,8.0,0.0,121,0.8962819080544133,0.0,0.10371809194558669,0.9652545133172001,-1.1102230246251565e-16,0.0347454866828,0.0347454866828003,0.10371809194558848,0.0689726052627864,1.0,1.0
16.6093,LCP,8.0,0.0,121,0.887835188883866,-1.1102230246251565e-16,0.1121648111161341,0.9651203441317935,1.1102230246251565e-16,0.03487965586820644,0.03487965586820641,0.11216481111613269,0.0772851552479277,1.0,1.0
16.6122,LCP,8.0,0.0,121,0.8785811218235121,-1.1102230246251565e-16,0.12141887817648797,0.9649988903083694,0.0,0.03500110969163065,0.03500110969163014,0.12141887817648626,0.08641776848485783,1.0,1.0
16.6151,LCP,8.0,0.0,121,0.8684272721781853,-1.1102230246251565e-16,0.13157272782181484,0.964891475704265,1.1102230246251565e-16,0.035108524295734876,0.035108524295735105,0.13157272782181537,0.09646420352607973,1.0,1.0
16.618000000000002,LCP,8.0,0.0,121,0.8572560966257081,1.1102230246251565e-16,0.1427439033742918,0.9647983665410222,0.0,0.03520163345897772,0.03520163345897747,0.14274390337429108,0.10754226991531432,1.0,1.0
16.6209,LCP,8.0,0.0,121,0.8449190101378926,-1.1102230246251565e-16,0.1550809898621075,0.9647186480447224,-1.1102230246251565e-16,0.03528135195527769,0.03528135195527783,0.15508098986210636,0.11979963790682967,1.0,1.0
16.6238,LCP,8.0,0.0,121,0.8312311746987537,-2.220446049250313e-16,0.16876882530124643,0.9646501852677847,0.0,0.03534981473221534,0.035349814732215074,0.16876882530124593,0.13341901056903135,1.0,1.0
16.6267,LCP,8.0,0.0,121,0.8159680087840374,1.1102230246251565e-16,0.18403199121596253,0.9645896725529794,-1.1102230246251565e-16,0.03541032744702062,0.03541032744702088,0.1840319912159639,0.14862166376894165,1.0,1.0
16.6296,LCP,8.0,0.0,121,0.7988649687681025,-1.1102230246251565e-16,0.20113503123189758,0.9645327612604961,0.0,0.03546723873950382,0.035467238739504074,0.20113503123190132,0.1656677924923935,1.0,1.0
16.6325,LCP,8.0,0.0,121,0.7796231737764722,0.0,0.22037682622352786,0.9644742425968522,0.0,0.035525757403147805,0.03552575740314828,0.2203768262235281,0.18485106882037958,1.0,1.0
16.6354,LCP,8.0,0.0,121,0.757925180701498,-2.220446049250313e-16,0.24207481929850225,0.9644082545077083,-1.1102230246251565e-16,0.03559174549229185,0.03559174549229163,0.2420748192985009,0.20648307380621062,1.0,1.0
16.6383,LCP,8.0,0.0,121,0.7334678641441841,-1.1102230246251565e-16,0.26653213585581603,0.9643284798520191,-1.1102230246251565e-16,0.03567152014798106,0.03567152014798178,0.26653213585581503,0.23086061570783425,1.0,1.0
16.6412,LCP,8.0,0.0,121,0.7060228095400098,0.0,0.29397719045999016,0.964228306833487,0.0,0.03577169316651296,0.035771693166512394,0.29397719045999093,0.25820549729347775,1.0,1.0
16.6441,LCP,8.0,0.0,121,0.6755378311661286,0.0,0.32446216883387136,0.9641009299229044,-1.1102230246251565e-16,0.03589907007709565,0.03589907007709541,0.32446216883387186,0.28856309875677594,1.0,1.0
16.647000000000002,LCP,8.0,0.0,121,0.642292879654238,-1.1102230246251565e-16,0.35770712034576213,0.963939377752681,-1.1102230246251565e-16,0.036060622247319055,0.03606062224731911,0.3577071203457601,0.32164649809844303,1.0,1.0
16.6499,LCP,8.0,0.0,121,0.6071123379456056,0.0,0.3928876620543944,0.9637364615245336,1.1102230246251565e-16,0.036263538475466296,0.0362635384754667,0.39288766205439174,0.3566241235789277,1.0,1.0
16.6528,LCP,8.0,0.0,121,0.5716017016336716,0.0,0.4283982983663283,0.9634846419964949,0.0,0.03651535800350517,0.03651535800350487,0.42839829836632576,0.39188294036282345,1.0,1.0
16.6557,LCP,8.0,0.0,121,0.538310945657513,-1.1102230246251565e-16,0.4616890543424871,0.9631758147174254,-2.220446049250313e-16,0.036824185282574785,0.036824185282575084,0.4616890543425043,0.424864869059912,1.0,1.0
16.6586,LCP,8.0,0.0,121,0.5106476798592358,0.0,0.48935232014076424,0.9628010123112938,-1.1102230246251565e-16,0.03719898768870631,0.03719898768870627,0.4893523201407628,0.45215333245205797,1.0,1.0
16.6615,LCP,8.0,0.0,121,0.4923498766522167,-5.551115123125783e-17,0.5076501233477834,0.9623500204795137,0.0,0.03764997952048636,0.037649979520486314,0.5076501233477825,0.47000014382729705,1.0,1.0
16.6644,LCP,8.0,0.0,121,0.48650211140882965,-5.551115123125783e-17,0.5134978885911704,0.9618109031023627,0.0,0.03818909689763733,0.0381890968976372,0.5134978885911707,0.4753087916935332,1.0,1.0
16.6673,LCP,8.0,0.0,121,0.49444581261155285,0.0,0.5055541873884472,0.9611694352013274,0.0,0.03883056479867262,0.038830564798672924,0.5055541873884498,0.46672362258977423,1.0,1.0
16.6702,LCP,8.0,0.0,121,0.5152009033691012,0.0,0.4847990966308988,0.9604084580179928,-1.1102230246251565e-16,0.03959154198200731,0.03959154198200724,0.48479909663089765,0.44520755464889156,1.0,1.0
16.6731,LCP,8.0,0.0,121,0.5457995439327763,-1.1102230246251565e-16,0.4542004560672238,0.95950721321834,-2.220446049250313e-16,0.04049278678166024,0.04049278678165998,0.4542004560672242,0.41370766928556385,1.0,1.0
16.676000000000002,LCP,8.0,0.0,121,0.5823219319880457,0.0,0.41767806801195434,0.958440814051422,-1.1102230246251565e-16,0.04155918594857813,0.041559185948577985,0.4176780680119536,0.37611888206337635,1.0,1.0
16.6789,LCP,8.0,0.0,121,0.6210112629404878,0.0,0.37898873705951225,0.9571802310474397,-2.220446049250313e-16,0.04281976895256054,0.04281976895256053,0.3789887370595107,0.33616896810695174,1.0,1.0
16.6818,LCP,8.0,0.0,121,0.6589735088018251,-1.1102230246251565e-16,0.34102649119817496,0.9556936210331486,-1.1102230246251565e-16,0.04430637896685157,0.04430637896685142,0.34102649119817524,0.29672011223132355,1.0,1.0
16.6847,LCP,8.0,0.0,121,0.694367433443983,-1.1102230246251565e-16,0.3056325665560171,0.9539506904592523,0.0,0.04604930954074775,0.046049309540748116,0.30563256655601956,0.259583257015269,1.0,1.0
16.6876,LCP,8.0,0.0,121,0.7262602165644108,0.0,0.27373978343558925,0.9519332405399717,-1.1102230246251565e-16,0.048066759460028315,0.04806675946002823,0.2737397834355886,0.22567302397556102,1.0,1.0
16.6905,LCP,8.0,0.0,121,0.754362138366669,0.0,0.245637861633331,0.9496568810145309,1.1102230246251565e-16,0.05034311898546899,0.050343118985469636,0.2456378616333318,0.19529474264786137,1.0,1.0
16.6934,LCP,8.0,0.0,121,0.7787745578004397,0.0,0.22122544219956025,0.9472091603275138,0.0,0.052790839672486205,0.0527908396724857,0.22122544219956092,0.16843460252707454,1.0,1.0
16.6963,LCP,8.0,0.0,121,0.7998019170397674,0.0,0.20019808296023256,0.9448015216676221,0.0,0.05519847833237794,0.055198478332378606,0.2001980829602312,0.14499960462785394,1.0,1.0
16.6992,LCP,8.0,0.0,121,0.8178302866592044,0.0,0.1821697133407956,0.9428050921713343,0.0,0.057194907828665674,0.057194907828664654,0.18216971334079393,0.12497480551213094,1.0,1.0
16.7021,LCP,8.0,0.0,121,0.8332571559608777,1.1102230246251565e-16,0.1667428440391222,0.9416968442514928,0.0,0.05830315574850717,0.05830315574850887,0.1667428440391251,0.10843968829061335,1.0,1.0
16.705000000000002,LCP,8.0,0.0,121,0.8464552581581548,-2.220446049250313e-16,0.15354474184184536,0.9418523367779417,1.1102230246251565e-16,0.05814766322205824,0.058147663222057555,0.1535447418418483,0.0953970786197878,1.0,1.0
16.707900000000002,LCP,8.0,0.0,121,0.8577569110500055,0.0,0.14224308894999452,0.9432823773209699,-1.1102230246251565e-16,0.056717622679030244,0.05671762267903074,0.14224308894999457,0.08552546627096377,1.0,1.0
16.7108,LCP,8.0,0.0,121,0.867449767230419,-1.1102230246251565e-16,0.1325502327695811,0.9455782697893393,-1.1102230246251565e-16,0.05442173021066079,0.0544217302106608,0.13255023276957936,0.07812850255892032,1.0,1.0
16.7137,LCP,8.0,0.0,121,0.8757783706459277,-1.1102230246251565e-16,0.12422162935407247,0.9481541269321799,0.0,0.05184587306782007,0.05184587306781912,0.12422162935407222,0.07237575628625334,1.0,1.0
16.7166,LCP,8.0,0.0,121,0.8829482909029893,-1.1102230246251565e-16,0.11705170909701075,0.9505376172357853,0.0,0.04946238276421472,0.04946238276421531,0.117051709097012,0.06758932633279544,1.0,1.0
16.7195,LCP,8.0,0.0,121,0.8891310843523426,-2.220446049250313e-16,0.11086891564765769,0.9524824625909077,0.0,0.04751753740909221,0.04751753740909235,0.11086891564765856,0.06335137823856535,1.0,1.0
16.7224,LCP,8.0,0.0,121,0.894469200293097,-1.1102230246251565e-16,0.10553079970690314,0.9539246322366991,-1.1102230246251565e-16,0.046075367763301,0.04607536776330049,0.10553079970690107,0.05945543194360265,1.0,1.0
16.7253,LCP,8.0,0.0,121,0.8990804398353824,-1.1102230246251565e-16,0.10091956016461764,0.9548976181982962,1.1102230246251565e-16,0.04510238180170371,0.0451023818017026,0.10091956016462,0.05581717836291505,1.0,1.0
16.7282,LCP,8.0,0.0,121,0.9030618378380024,0.0,0.0969381621619976,0.9554698100870214,-1.1102230246251565e-16,0.044530189912978795,0.04453018991297922,0.09693816216199727,0.052407972249018386,1.0,1.0
16.7311,LCP,8.0,0.0,121,0.9064929705507937,-1.1102230246251565e-16,0.09350702944920641,0.9557120685630329,-1.1102230246251565e-16,0.044287931436967166,0.044287931436967035,0.0935070294492085,0.04921909801223938,1.0,1.0
16.734,LCP,8.0,0.0,121,0.909438749868827,-2.220446049250313e-16,0.09056125013117323,0.9556850889985538,1.1102230246251565e-16,0.04431491100144618,0.04431491100144494,0.09056125013117285,0.046246339129728295,1.0,1.0
16.736900000000002,LCP,8.0,0.0,121,0.9119517824394487,0.0,0.08804821756055121,0.9554365230762647,-1.1102230246251565e-16,0.044563476923735405,0.04456347692373474,0.08804821756055647,0.043484740636816475,1.0,1.0
16.7398,LCP,8.0,0.0,121,0.9140743675387395,-1.1102230246251565e-16,0.08592563246126057,0.955001986280958,-1.1102230246251565e-16,0.044998013719042156,0.04499801371904191,0.08592563246125906,0.04092761874221866,1.0,1.0
16.7427,LCP,8.0,0.0,121,0.9158401934002618,1.1102230246251565e-16,0.08415980659973812,0.9544071814870343,0.0,0.04559281851296572,0.04559281851296635,0.08415980659973742,0.038566988086771774,1.0,1.0
16.7456,LCP,8.0,0.0,121,0.9172757749980082,0.0,0.08272422500199188,0.9536700265915519,0.0,0.04632997340844818,0.04632997340844836,0.08272422500199016,0.036394251593543515,1.0,1.0
16.7485,LCP,8.0,0.0,121,0.9184016618384054,-1.1102230246251565e-16,0.08159833816159466,0.9528024284762625,-1.1102230246251565e-16,0.04719757152373763,0.04719757152373814,0.081598338161594,0.034400766637856524,1.0,1.0
16.7514,LCP,8.0,0.0,121,0.9192334345473554,0.0,0.0807665654526446,0.9518116489848445,0.0,0.04818835101515555,0.048188351015155305,0.08076656545264364,0.032578214437489296,1.0,1.0
16.7543,LCP,8.0,0.0,121,0.9197825044738545,-1.1102230246251565e-16,0.08021749552614561,0.9507013122412444,0.0,0.049298687758755545,0.04929868775875549,0.08021749552614203,0.030918807767390123,1.0,1.0
16.7572,LCP,8.0,0.0,121,0.9200567302080013,1.1102230246251565e-16,0.07994326979199864,0.9494721258182286,0.0,0.050527874181771446,0.05052787418177134,0.07994326979199805,0.029415395610227303,1.0,1.0
16.7601,LCP,8.0,0.0,121,0.9200608670323893,0.0,0.0799391329676107,0.9481223828211702,0.0,0.051877617178829764,0.05187761717882882,0.07993913296761314,0.028061515788781875,1.0,1.0
16.763,LCP,8.0,0.0,121,0.9197968679856247,0.0,0.08020313201437533,0.9466482987702813,0.0,0.05335170122971867,0.05335170122971854,0.0802031320143766,0.026851430784656793,1.0,1.0
16.765900000000002,LCP,8.0,0.0,121,0.9192640569586176,-1.1102230246251565e-16,0.08073594304138253,0.945044223884326,0.0,0.054955776115674086,0.054955776115673254,0.08073594304137884,0.025780166925709273,1.0,1.0
16.7688,LCP,8.0,0.0,121,0.918459194328267,-1.1102230246251565e-16,0.08154080567173315,0.943302760279063,0.0,0.05669723972093699,0.056697239720936064,0.08154080567173173,0.024843565950797085,1.0,1.0
16.7717,LCP,8.0,0.0,121,0.9173764540103465,0.0,0.08262354598965353,0.9414148049961546,-1.1102230246251565e-16,0.05858519500384555,0.05858519500384756,0.0826235459896488,0.02403835098580597,1.0,1.0
16.7746,LCP,8.0,0.0,121,0.9160073279030854,-1.1102230246251565e-16,0.0839926720969147,0.9393695333324413,0.0,0.060630466667558704,0.06063046666755775,0.08399267209691269,0.02336220542935695,1.0,1.0
16.7775,LCP,8.0,0.0,121,0.9143404701179636,-1.1102230246251565e-16,0.08565952988203653,0.9371543321827738,-2.220446049250313e-16,0.06284566781722643,0.06284566781722575,0.08565952988203493,0.022813862064810772,1.0,1.0
16.7804,LCP,8.0,0.0,121,0.9123614897678181,0.0,0.08763851023218198,0.9347546896209735,1.1102230246251565e-16,0.0652453103790264,0.0652453103790271,0.08763851023218261,0.022393199853154883,1.0,1.0
16.7833,LCP,8.0,0.0,121,0.9100526978823058,-1.1102230246251565e-16,0.08994730211769432,0.9321540443957997,-1.1102230246251565e-16,0.0678459556042004,0.06784595560419955,0.08994730211769882,0.02210134651349477,1.0,1.0
16.7862,LCP,8.0,0.0,121,0.9073928115699937,-1.1102230246251565e-16,0.09260718843000636,0.9293335971674699,-2.220446049250313e-16,0.07066640283253028,0.07066640283252969,0.09260718843000863,0.02194078559747667,1.0,1.0
16.7891,LCP,8.0,0.0,121,0.9043566170476971,1.1102230246251565e-16,0.0956433829523028,0.9262720839950248,1.1102230246251565e-16,0.07372791600497514,0.07372791600497523,0.09564338295230253,0.021915466947327572,1.0,1.0
16.792,LCP,8.0,0.0,121,0.9009145927699437,1.1102230246251565e-16,0.09908540723005624,0.9229455117138341,-2.220446049250313e-16,0.07705448828616608,0.07705448828616542,0.09908540723005768,0.022030918943890823,1.0,1.0
16.794900000000002,LCP,8.0,0.0,121,0.8970324948170941,-1.1102230246251565e-16,0.10296750518290604,0.9193268543954927,-1.1102230246251565e-16,0.08067314560450747,0.08067314560450646,0.10296750518290687,0.022294359578399578,1.0,1.0
16.797800000000002,LCP,8.0,0.0,121,0.8926709092860068,-1.1102230246251565e-16,0.10732909071399335,0.9153857101226341,-1.1102230246251565e-16,0.08461428987736594,0.08461428987736666,0.10732909071399546,0.022714800836626692,1.0,1.0
16.8007,LCP,8.0,0.0,121,0.8877847812793316,-1.1102230246251565e-16,0.11221521872066853,0.9110879180117784,0.0,0.08891208198822159,0.08891208198822166,0.11221521872067272,0.02330313673244687,1.0,1.0
16.8036,LCP,8.0,0.0,121,0.8823229381884736,-2.220446049250313e-16,0.11767706181152657,0.9063951370930884,-3.3306690738754696e-16,0.09360486290691193,0.09360486290691288,0.11767706181152716,0.024072198904613692,1.0,1.0
16.8065,LCP,8.0,0.0,121,0.8762276378196562,-1.1102230246251565e-16,0.12377236218034392,0.9012643918231522,-1.1102230246251565e-16,0.09873560817684786,0.09873560817684783,0.12377236218034302,0.025036754003496087,1.0,1.0
16.8094,LCP,8.0,0.0,121,0.869434191717769,-2.220446049250313e-16,0.13056580828223116,0.8956475944600135,-1.1102230246251565e-16,0.10435240553998663,0.10435240553998575,0.130565808282235,0.026213402742245415,1.0,1.0
16.8123,LCP,8.0,0.0,121,0.8618707437842279,0.0,0.13812925621577213,0.8894910633917461,-2.220446049250313e-16,0.11050893660825412,0.11050893660825463,0.1381292562157728,0.0276203196075175,1.0,1.0
16.8152,LCP,8.0,0.0,121,0.853458327843394,-2.220446049250313e-16,0.14654167215660618,0.8827350703499184,-1.1102230246251565e-16,0.11726492965008171,0.11726492965008196,0.146541672156604,0.02927674250652422,1.0,1.0
16.8181,LCP,8.0,0.0,121,0.8441113898185137,0.0,0.15588861018148625,0.8753134703187895,1.1102230246251565e-16,0.12468652968121041,0.1246865296812108,0.15588861018148553,0.031202080500275453,1.0,1.0
16.821,LCP,8.0,0.0,121,0.8337390455444345,0.0,0.16626095445556555,0.8671534984822942,-1.1102230246251565e-16,0.1328465015177059,0.13284650151770652,0.16626095445555739,0.033414452937859024,1.0,1.0
16.823900000000002,LCP,8.0,0.0,121,0.8222474580291674,-1.1102230246251565e-16,0.17775254197083268,0.8581758619276669,-2.220446049250313e-16,0.14182413807233324,0.14182413807233255,0.17775254197083315,0.03592840389850013,1.0,1.0
16.8268,LCP,8.0,0.0,121,0.8095438588464353,-1.1102230246251565e-16,0.19045614115356477,0.8482953136624694,0.0,0.1517046863375307,0.15170468633753,0.19045614115356732,0.03875145481603476,1.0,1.0
16.8297,LCP,8.0,0.0,121,0.7955428998704717,-1.1102230246251565e-16,0.20445710012952842,0.8374219764943569,0.0,0.16257802350564304,0.1625780235056437,0.20445710012952723,0.04187907662388471,1.0,1.0
16.8326,LCP,8.0,0.0,121,0.7801761796898521,0.0,0.21982382031014785,0.8254637871559183,2.220446049250313e-16,0.17453621284408152,0.1745362128440805,0.21982382031014927,0.04528760746606736,1.0,1.0
16.8355,LCP,8.0,0.0,121,0.7634058895550581,-1.1102230246251565e-16,0.23659411044494205,0.8123305562148349,-2.220446049250313e-16,0.18766944378516534,0.18766944378516545,0.23659411044494327,0.0489246666597766,1.0,1.0
16.8384,LCP,8.0,0.0,121,0.7452434634823888,-1.1102230246251565e-16,0.2547565365176113,0.7979402786392317,0.0,0.2020597213607683,0.20205972136076938,0.2547565365176081,0.052696815156841936,1.0,1.0
16.8413,LCP,8.0,0.0,121,0.7257737247235514,0.0,0.2742262752764486,0.7822284599023397,-2.220446049250313e-16,0.21777154009766056,0.21777154009766023,0.2742262752764512,0.05645473517878838,1.0,1.0
16.8442,LCP,8.0,0.0,121,0.7051840518097174,-1.1102230246251565e-16,0.2948159481902827,0.7651612924526501,-1.1102230246251565e-16,0.23483870754735003,0.23483870754734834,0.2948159481902841,0.05997724064293433,1.0,1.0
16.8471,LCP,8.0,0.0,121,0.6837962675608392,-1.1102230246251565e-16,0.31620373243916083,0.7467534332266668,0.0,0.25324656677333324,0.2532465667733332,0.3162037324391611,0.06295716566582765,1.0,1.0
16.85,LCP,8.0,0.0,121,0.6620961254721685,0.0,0.3379038745278316,0.7270907426040996,0.0,0.27290925739590044,0.27290925739590083,0.3379038745278332,0.06499461713193078,1.0,1.0
16.8529,LCP,8.0,0.0,121,0.6407516842815326,-2.220446049250313e-16,0.3592483157184676,0.706357437825425,-1.1102230246251565e-16,0.293642562174575,0.29364256217457574,0.35924831571846816,0.06560575354389186,1.0,1.0
16.855800000000002,LCP,8.0,0.0,121,0.620608606352492,0.0,0.37939139364750796,0.6848654620727956,0.0,0.3151345379272044,0.31513453792720597,0.3793913936475072,0.06425685572030199,1.0,1.0
16.8587,LCP,8.0,0.0,121,0.6026496728507152,1.1102230246251565e-16,0.3973503271492846,0.6630813582395723,1.1102230246251565e-16,0.33691864176042763,0.33691864176042746,0.397350327149284,0.060431685388857126,1.0,1.0
16.8616,LCP,8.0,0.0,121,0.5879104274101473,-1.1102230246251565e-16,0.41208957258985274,0.6416428101109669,0.0,0.3583571898890331,0.35835718988903387,0.41208957258985185,0.05373238270081887,1.0,1.0
16.8645,LCP,8.0,0.0,121,0.5773546275888063,0.0,0.4226453724111937,0.6213542188439722,-1.1102230246251565e-16,0.37864578115602787,0.3786457811560274,0.4226453724111918,0.04399959125516634,1.0,1.0
16.8674,LCP,8.0,0.0,121,0.5717301345564448,1.1102230246251565e-16,0.42826986544355505,0.6031500725877719,1.1102230246251565e-16,0.396849927412228,0.39684992741222774,0.4282698654435549,0.03141993803132731,1.0,1.0
16.8703,LCP,8.0,0.0,121,0.5714407731231133,1.1102230246251565e-16,0.42855922687688663,0.5880188311047277,-1.1102230246251565e-16,0.41198116889527236,0.41198116889527236,0.4285592268768874,0.01657805798161427,1.0,1.0
16.8732,LCP,8.0,0.0,121,0.5764727161795681,-1.1102230246251565e-16,0.42352728382043203,0.5768901082130913,-2.220446049250313e-16,0.4231098917869089,0.4231098917869086,0.42352728382043264,0.0004173920335234227,1.0,1.0
16.8761,LCP,8.0,0.0,121,0.5863996889726525,0.0,0.4136003110273475,0.5705025683192745,0.0,0.4294974316807255,0.4294974316807254,0.41360031102735045,0.015897120653377894,1.0,1.0
16.879,LCP,8.0,0.0,121,0.6004647727419835,-1.1102230246251565e-16,0.3995352272580166,0.5692832840056832,0.0,0.43071671599431677,0.4307167159943172,0.39953522725801716,0.03118148873630061,1.0,1.0
16.8819,LCP,8.0,0.0,121,0.6177113736376026,-1.1102230246251565e-16,0.3822886263623974,0.5732730622262405,-1.1102230246251565e-16,0.4267269377737596,0.42672693777376003,0.3822886263623963,0.04443831141136262,1.0,1.0
16.884800000000002,LCP,8.0,0.0,121,0.6371245620712609,-1.1102230246251565e-16,0.3628754379287392,0.5821213377586741,-1.1102230246251565e-16,0.41787866224132597,0.41787866224132636,0.36287543792873994,0.05500322431258714,1.0,1.0
16.8877,LCP,8.0,0.0,121,0.6577494612178494,1.1102230246251565e-16,0.3422505387821505,0.5951519174396817,-1.1102230246251565e-16,0.40484808256031846,0.4048480825603187,0.3422505387821534,0.06259754377816817,1.0,1.0
16.8906,LCP,8.0,0.0,121,0.6787689870300626,0.0,0.3212310129699374,0.6114780166529828,-1.1102230246251565e-16,0.3885219833470172,0.3885219833470185,0.32123101296993434,0.0672909703770811,1.0,1.0
16.8935,LCP,8.0,0.0,121,0.6995393771521389,0.0,0.3004606228478611,0.6301328524991994,0.0,0.36986714750080063,0.3698671475008013,0.3004606228478604,0.06940652465294017,1.0,1.0
16.8964,LCP,8.0,0.0,121,0.7195923583288597,0.0,0.2804076416711403,0.6501845001807695,0.0,0.34981549981923055,0.3498154998192314,0.2804076416711404,0.06940785814809108,1.0,1.0
16.8993,LCP,8.0,0.0,121,0.7386163675071362,0.0,0.2613836324928637,0.6708162543027099,0.0,0.3291837456972902,0.32918374569728914,0.2613836324928624,0.06780011320442542,1.0,1.0
16.9022,LCP,8.0,0.0,121,0.7564280331583597,-2.220446049250313e-16,0.24357196684164048,0.6913682515435564,0.0,0.30863174845644364,0.30863174845644514,0.24357196684163823,0.06505978161480466,1.0,1.0
16.9051,LCP,8.0,0.0,121,0.772941864356841,-1.1102230246251565e-16,0.22705813564315908,0.7113465254682265,0.0,0.2886534745317735,0.28865347453177354,0.2270581356431602,0.06159533888861446,1.0,1.0
16.908,LCP,8.0,0.0,121,0.788142725843664,-2.220446049250313e-16,0.21185727415633623,0.7304101380569035,0.0,0.2695898619430966,0.26958986194309503,0.21185727415633257,0.0577325877867588,1.0,1.0
16.9109,LCP,8.0,0.0,121,0.8020630944925125,0.0,0.19793690550748758,0.748346858038152,2.220446049250313e-16,0.25165314196184774,0.25165314196184574,0.19793690550748885,0.05371623645435816,1.0,1.0
16.913800000000002,LCP,8.0,0.0,121,0.8147654628358316,-1.1102230246251565e-16,0.18523453716416846,0.7650453323555368,-1.1102230246251565e-16,0.23495466764446327,0.23495466764446474,0.1852345371641668,0.049720130480296276,1.0,1.0
16.9167,LCP,8.0,0.0,121,0.8263294019304985,2.220446049250313e-16,0.17367059806950125,0.7804686878519081,-1.1102230246251565e-16,0.21953131214809193,0.21953131214809127,0.17367059806950055,0.04586071407859002,1.0,1.0
16.9196,LCP,8.0,0.0,121,0.8368424587839917,-1.1102230246251565e-16,0.16315754121600842,0.7946320025430733,-1.1102230246251565e-16,0.20536799745692683,0.20536799745692821,0.16315754121600942,0.04221045624091979,1.0,1.0
16.9225,LCP,8.0,0.0,121,0.8463940197172217,-2.220446049250313e-16,0.1536059802827785,0.8075843973523762,-1.1102230246251565e-16,0.19241560264762392,0.19241560264762256,0.15360598028277805,0.03880962236484406,1.0,1.0
16.9254,LCP,8.0,0.0,121,0.8550713669210236,1.1102230246251565e-16,0.1449286330789763,0.8193955397141024,2.220446049250313e-16,0.18060446028589736,0.1806044602858973,0.14492863307897785,0.035675827206921,1.0,1.0
16.9283,LCP,8.0,0.0,121,0.8629572998246324,0.0,0.13704270017536752,0.8301459115409797,-2.220446049250313e-16,0.16985408845902045,0.16985408845902153,0.13704270017536752,0.032811388283654014,1.0,1.0
16.9312,LCP,8.0,0.0,121,0.8701288384604023,-1.1102230246251565e-16,0.12987116153959782,0.8399200720340119,1.1102230246251565e-16,0.16007992796598805,0.16007992796598833,0.12987116153959782,0.030208766426390504,1.0,1.0
16.9341,LCP,8.0,0.0,121,0.8766566522712129,0.0,0.12334334772878708,0.8488021891851759,-1.1102230246251565e-16,0.15119781081482422,0.15119781081482273,0.1233433477287849,0.027854463086035647,1.0,1.0
16.937,LCP,8.0,0.0,121,0.8826049588565841,-1.1102230246251565e-16,0.11739504114341602,0.8568732264858864,0.0,0.14312677351411363,0.14312677351411474,0.11739504114341578,0.025731732370698715,1.0,1.0
16.9399,LCP,8.0,0.0,121,0.8880317140611689,-2.220446049250313e-16,0.11196828593883136,0.8642092997452879,-1.1102230246251565e-16,0.1357907002547122,0.13579070025471063,0.11196828593883071,0.023822414315879267,1.0,1.0
16.942800000000002,LCP,8.0,0.0,121,0.8929889713410627,0.0,0.1070110286589373,0.8708808371877559,0.0,0.12911916281224406,0.12911916281224534,0.10701102865893598,0.022108134153308034,1.0,1.0
16.945700000000002,LCP,8.0,0.0,121,0.8975233288565863,0.0,0.10247667114341376,0.8769522743779765,0.0,0.12304772562202344,0.12304772562202332,0.10247667114341355,0.02057105447860956,1.0,1.0
16.9486,LCP,8.0,0.0,121,0.9016764111784679,-1.1102230246251565e-16,0.0983235888215322,0.8824820925420624,0.0,0.11751790745793755,0.11751790745793665,0.09832358882153114,0.019194318636404445,1.0,1.0
16.9515,LCP,8.0,0.0,121,0.9054853521175794,-1.1102230246251565e-16,0.09451464788242067,0.887523066786795,0.0,0.1124769332132049,0.11247693321320498,0.09451464788242106,0.01796228533078431,1.0,1.0
16.9544,LCP,8.0,0.0,121,0.9089832584993351,0.0,0.09101674150066487,0.8921226330464169,-1.1102230246251565e-16,0.10787736695358315,0.10787736695358313,0.0910167415006645,0.016860625452918263,1.0,1.0
16.9573,LCP,8.0,0.0,121,0.9121996435836386,-1.1102230246251565e-16,0.08780035641636151,0.8963233128380969,-1.1102230246251565e-16,0.10367668716190331,0.10367668716190426,0.08780035641635937,0.015876330745542747,1.0,1.0
16.9602,LCP,8.0,0.0,121,0.9151608246325087,0.0,0.08483917536749133,0.9001631561267828,1.1102230246251565e-16,0.09983684387321715,0.09983684387321802,0.08483917536749117,0.014997668505726688,1.0,1.0
16.9631,LCP,8.0,0.0,121,0.9178902828280129,0.0,0.08210971717198715,0.9036761772510947,0.0,0.09632382274890529,0.09632382274890632,0.08210971717198727,0.01421410557691917,1.0,1.0
16.966,LCP,8.0,0.0,121,0.9204089860202151,-1.1102230246251565e-16,0.07959101397978492,0.9068927688173691,-1.1102230246251565e-16,0.09310723118263094,0.09310723118263073,0.07959101397978453,0.013516217202845807,1.0,1.0
16.9689,LCP,8.0,0.0,121,0.9227356761188881,-1.1102230246251565e-16,0.07726432388111201,0.909840085140265,0.0,0.09015991485973499,0.09015991485973474,0.07726432388111171,0.012895590978622723,1.0,1.0
16.9718,LCP,8.0,0.0,121,0.9248871236618533,-1.1102230246251565e-16,0.07511287633814676,0.9125423912186739,-2.220446049250313e-16,0.0874576087813263,0.08745760878132686,0.07511287633814483,0.012344732443180101,1.0,1.0
16.974700000000002,LCP,8.0,0.0,121,0.9268783524216405,-1.1102230246251565e-16,0.07312164757835964,0.9150213761225665,-1.1102230246251565e-16,0.08497862387743357,0.08497862387743406,0.07312164757835868,0.011856976299074423,1.0,1.0
16.9776,LCP,8.0,0.0,121,0.9287228370049211,-1.1102230246251565e-16,0.07127716299507898,0.9172964315540335,-1.1102230246251565e-16,0.08270356844596656,0.08270356844596685,0.07127716299507905,0.01142640545088787,1.0,1.0
16.9805,LCP,8.0,0.0,121,0.9304326763550583,0.0,0.0695673236449417,0.9193848975887461,0.0,0.08061510241125391,0.08061510241125154,0.06956732364494136,0.011047778766309843,1.0,1.0
16.9834,LCP,8.0,0.0,121,0.932018745947736,-1.1102230246251565e-16,0.06798125405226405,0.9213022784277961,-1.1102230246251565e-16,0.07869772157220398,0.07869772157220378,0.06798125405226396,0.010716467519939737,1.0,1.0
16.9863,LCP,8.0,0.0,121,0.9334908313099239,-2.220446049250313e-16,0.06650916869007634,0.9230624315253264,0.0,0.07693756847467365,0.0769375684746738,0.06650916869007675,0.010428399784597461,1.0,1.0
16.9892,LCP,8.0,0.0,121,0.9348577453056115,-1.1102230246251565e-16,0.06514225469438861,0.9246777337515208,-1.1102230246251565e-16,0.07532226624847924,0.07532226624847627,0.06514225469438872,0.010180011554087653,1.0,1.0
16.9921,LCP,8.0,0.0,121,0.9361274314198751,-1.1102230246251565e-16,0.063872568580125,0.9261592283061518,-1.1102230246251565e-16,0.07384077169384826,0.07384077169384884,0.06387256858012405,0.009968203113723845,1.0,1.0
16.995,LCP,8.0,0.0,121,0.9373070550356345,-1.1102230246251565e-16,0.06269294496436557,0.9275167559024705,-1.1102230246251565e-16,0.07248324409752956,0.07248324409752993,0.06269294496436548,0.009790299133164357,1.0,1.0
16.9979,LCP,8.0,0.0,121,0.9384030844365017,0.0,0.06159691556349839,0.9287590732981127,0.0,0.07124092670188732,0.07124092670188731,0.06159691556349872,0.00964401113838892,1.0,1.0
17.0008,LCP,8.0,0.0,121,0.9394213629883525,-1.1102230246251565e-16,0.06057863701164758,0.9298939615946329,0.0,0.07010603840536714,0.07010603840536875,0.06057863701164752,0.009527401393721165,1.0,1.0
17.003700000000002,LCP,8.0,0.0,121,0.9403671736762786,0.0,0.0596328263237213,0.9309283259603567,0.0,0.06907167403964327,0.06907167403964286,0.05963282632372248,0.009438847715921558,1.0,1.0
17.0066,LCP,8.0,0.0,121,0.941245296915531,-1.1102230246251565e-16,0.05875470308446901,0.9318682876635926,-1.1102230246251565e-16,0.06813171233640745,0.0681317123364085,0.05875470308446935,0.009377009251939489,1.0,1.0
17.0095,LCP,8.0,0.0,121,0.9420600623434312,0.0,0.057939937656568845,0.9327192686698302,-1.1102230246251565e-16,0.06728073133016992,0.06728073133017089,0.0579399376565692,0.009340793673602042,1.0,1.0
17.0124,LCP,8.0,0.0,121,0.9428153951405523,0.0,0.0571846048594477,0.9334860686402437,-2.220446049250313e-16,0.06651393135975642,0.0665139313597569,0.05718460485944696,0.009329326500309203,1.0,1.0
17.0153,LCP,8.0,0.0,121,0.9435148573314528,0.0,0.05648514266854725,0.9341729340124794,0.0,0.06582706598752065,0.06582706598752117,0.056485142668546526,0.009341923318973919,1.0,1.0
17.0182,LCP,8.0,0.0,121,0.9441616844653036,0.0,0.05583831553469642,0.9347836189139928,0.0,0.06521638108600726,0.06521638108600433,0.05583831553469632,0.009378065551307914,1.0,1.0
17.0211,LCP,8.0,0.0,121,0.9447588180592736,0.0,0.0552411819407263,0.9353214378834559,-1.1102230246251565e-16,0.0646785621165442,0.06467856211654462,0.055241181940725644,0.009437380175818313,1.0,1.0
17.024,LCP,8.0,0.0,121,0.9453089341866787,-1.1102230246251565e-16,0.05469106581332144,0.9357893106659068,0.0,0.0642106893340933,0.06421068933409466,0.05469106581332135,0.009519623520773214,1.0,1.0
17.0269,LCP,8.0,0.0,121,0.9458144685876186,-1.1102230246251565e-16,0.054185531412381485,0.9361897996155808,0.0,0.06381020038441916,0.06381020038442001,0.054185531412381784,0.009624668972038522,1.0,1.0
17.0298,LCP,8.0,0.0,121,0.9462776386660728,-1.1102230246251565e-16,0.05372236133392727,0.936525140434658,-2.220446049250313e-16,0.06347485956534227,0.06347485956534392,0.05372236133392672,0.009752498231416648,1.0,1.0
17.032700000000002,LCP,8.0,0.0,121,0.9467004627067208,-1.1102230246251565e-16,0.05329953729327934,0.9367972670685225,-2.220446049250313e-16,0.06320273293147771,0.0632027329314747,0.0532995372932797,0.009903195638195361,1.0,1.0
17.035600000000002,LCP,8.0,0.0,121,0.9470847765992634,0.0,0.052915223400736566,0.9370078315731212,-1.1102230246251565e-16,0.06299216842687892,0.06299216842688009,0.05291522340073558,0.010076945026143522,1.0,1.0
17.0385,LCP,8.0,0.0,121,0.9474322483004414,0.0,0.05256775169955863,0.9371582196865103,1.1102230246251565e-16,0.06284178031348968,0.06284178031348923,0.0525677516995595,0.010274028613930605,1.0,1.0
17.0414,LCP,8.0,0.0,121,0.9477443902014505,-1.1102230246251565e-16,0.05225560979854957,0.9372495627047743,0.0,0.06275043729522567,0.0627504372952251,0.05225560979854875,0.010494827496675532,1.0,1.0
17.0443,LCP,8.0,0.0,121,0.9480225695056701,-1.1102230246251565e-16,0.05197743049433001,0.9372827461070823,-2.220446049250313e-16,0.06271725389291788,0.06271725389291685,0.051977430494329464,0.01073982339858684,1.0,1.0
17.0472,LCP,8.0,0.0,121,0.9482680166671272,-1.1102230246251565e-16,0.05173198333287284,0.9372584152226168,-1.1102230246251565e-16,0.06274158477738329,0.06274158477738366,0.05173198333287291,0.011009601444510818,1.0,1.0
17.0501,LCP,8.0,0.0,121,0.9484818319005113,1.1102230246251565e-16,0.05151816809948863,0.9371769781007316,-1.1102230246251565e-16,0.06282302189926853,0.06282302189926786,0.05151816809948937,0.011304853799779233,1.0,1.0
17.053,LCP,8.0,0.0,121,0.9486649897560063,0.0,0.051335010243993645,0.9370386056501716,0.0,0.06296139434982842,0.06296139434982902,0.051335010243993257,0.011626384105835372,1.0,1.0
17.0559,LCP,8.0,0.0,121,0.9488183417627041,0.0,0.051181658237295924,0.9368432290620639,-2.220446049250313e-16,0.0631567709379364,0.06315677093793529,0.05118165823729613,0.011975112700639362,1.0,1.0
17.0588,LCP,8.0,0.0,121,0.9489426171857946,0.0,0.05105738281420538,0.9365905345303855,1.1102230246251565e-16,0.06340946546961433,0.06340946546961465,0.05105738281420534,0.012352082655409269,1.0,1.0
17.061700000000002,LCP,8.0,0.0,121,0.9490384220121055,0.0,0.05096157798789449,0.9362799553286036,1.1102230246251565e-16,0.06372004467139628,0.06372004467139797,0.05096157798789422,0.012758466683503479,1.0,1.0
17.0646,LCP,8.0,0.0,121,0.949106236365507,0.0,0.05089376363449302,0.9359106613822842,0.0,0.06408933861771578,0.06408933861771546,0.05089376363449243,0.013195574983222436,1.0,1.0
17.0675,LCP,8.0,0.0,121,0.9491464106393483,0.0,0.05085358936065169,0.9354815465734878,0.0,0.06451845342651223,0.06451845342651241,0.05085358936065184,0.013664864065860725,1.0,1.0
17.0704,LCP,8.0,0.0,121,0.9491591606921338,0.0,0.05084083930786624,0.9349912140943393,0.0,0.06500878590566075,0.06500878590566292,0.050840839307866495,0.014167946597796681,1.0,1.0
17.0733,LCP,8.0,0.0,121,0.9491445624583964,0.0,0.05085543754160363,0.9344379602024824,0.0,0.06556203979751764,0.06556203979751841,0.050855437541602905,0.014706602255914782,1.0,1.0
17.0762,LCP,8.0,0.0,121,0.9491025462596789,-1.1102230246251565e-16,0.05089745374032119,0.9338197566887391,-3.3306690738754696e-16,0.06618024331126122,0.06618024331126053,0.050897453740321265,0.015282789570939342,1.0,1.0
17.0791,LCP,8.0,0.0,121,0.9490328909567869,0.0,0.05096710904321309,0.9331342322338636,0.0,0.06686576776613645,0.06686576776613683,0.050967109043213124,0.015898658722923738,1.0,1.0
17.082,LCP,8.0,0.0,121,0.9489352178776194,0.0,0.05106478212238068,0.9323786526047695,-1.1102230246251565e-16,0.06762134739523065,0.06762134739523061,0.05106478212238082,0.016556565272849932,1.0,1.0
17.0849,LCP,8.0,0.0,121,0.9488089842193954,-2.220446049250313e-16,0.051191015780604754,0.9315498993445058,0.0,0.06845010065549419,0.06845010065549408,0.051191015780604955,0.01725908487488932,1.0,1.0
17.0878,LCP,8.0,0.0,121,0.9486534754023952,0.0,0.05134652459760486,0.9306444462787579,0.0,0.0693555537212421,0.06935555372123979,0.051346524597605844,0.01800902912363493,1.0,1.0
17.090700000000002,LCP,8.0,0.0,121,0.9484677956882768,-1.1102230246251565e-16,0.05153220431172337,0.9296583328345855,-1.1102230246251565e-16,0.07034166716541461,0.0703416671654121,0.05153220431172342,0.01880946285368873,1.0,1.0
17.093600000000002,LCP,8.0,0.0,121,0.948250856300753,0.0,0.051749143699247,0.9285871328763879,0.0,0.0714128671236121,0.07141286712361183,0.05174914369924752,0.019663723424364836,1.0,1.0
17.0965,LCP,8.0,0.0,121,0.9480013603198105,-1.1102230246251565e-16,0.05199863968018954,0.9274259175325994,0.0,0.07257408246740062,0.07257408246740109,0.05199863968019025,0.020575442787211545,1.0,1.0
17.0994,LCP,8.0,0.0,121,0.947717783768955,-2.220446049250313e-16,0.052282216231045196,0.9261692103227237,0.0,0.07383078967727633,0.07383078967727787,0.052282216231044926,0.02154857344623267,1.0,1.0
17.1023,LCP,8.0,0.0,121,0.9473983525863499,0.0,0.052601647413650116,0.9248109328008458,-1.1102230246251565e-16,0.07518906719915427,0.07518906719915405,0.05260164741365028,0.022587419785503937,1.0,1.0
17.1052,LCP,8.0,0.0,121,0.9470410155840697,1.1102230246251565e-16,0.05295898441593018,0.9233443389148344,-1.1102230246251565e-16,0.07665566108516571,0.07665566108516507,0.052958984415930596,0.02369667666923489,1.0,1.0
17.1081,LCP,8.0,0.0,121,0.9466434140979579,0.0,0.05335658590204203,0.9217619363476439,-1.1102230246251565e-16,0.0782380636523562,0.07823806365235873,0.05335658590204209,0.024881477750316704,1.0,1.0
17.111,LCP,8.0,0.0,121,0.9462028498903211,-2.220446049250313e-16,0.05379715010967913,0.9200553932724254,-2.220446049250313e-16,0.07994460672757481,0.07994460672757457,0.05379715010967877,0.026147456617895443,1.0,1.0
17.1139,LCP,8.0,0.0,121,0.9457162540990426,0.0,0.05428374590095741,0.9182154292169762,-2.220446049250313e-16,0.08178457078302398,0.08178457078302499,0.05428374590095729,0.027500824882067586,1.0,1.0
17.1168,LCP,8.0,0.0,121,0.9451801617760325,0.0,0.054819838223967535,0.9162316890850131,0.0,0.08376831091498689,0.08376831091498502,0.0548198382239675,0.028948472691017482,1.0,1.0
17.1197,LCP,8.0,0.0,121,0.9445906989868735,-2.220446049250313e-16,0.05540930101312667,0.9140925997761887,-1.1102230246251565e-16,0.08590740022381144,0.08590740022381099,0.055409301013125384,0.030498099210684325,1.0,1.0
17.122600000000002,LCP,8.0,0.0,121,0.9439435926984656,0.0,0.05605640730153443,0.9117852092112232,-1.1102230246251565e-16,0.08821479078877696,0.08821479078877417,0.0560564073015347,0.03215838348723974,1.0,1.0
17.1255,LCP,8.0,0.0,121,0.9432342178178239,0.0,0.056765782182176046,0.9092950078196125,0.0,0.09070499218038754,0.09070499218038601,0.056765782182175026,0.033939209998209964,1.0,1.0
17.1284,LCP,8.0,0.0,121,0.9424577005902528,0.0,0.057542299409747207,0.9066057326086296,0.0,0.09339426739137037,0.09339426739137198,0.05754229940974633,0.03585196798162477,1.0,1.0
17.1313,LCP,8.0,0.0,121,0.9416091024846192,0.0,0.05839089751538087,0.9036991537674202,0.0,0.0963008462325799,0.09630084623258009,0.05839089751538101,0.03790994871719922,1.0,1.0
17.1342,LCP,8.0,0.0,121,0.9406837122405682,-1.1102230246251565e-16,0.05931628775943186,0.9005548434044696,-1.1102230246251565e-16,0.09944515659553056,0.09944515659553119,0.05931628775943126,0.04012886883609933,1.0,1.0
17.1371,LCP,8.0,0.0,121,0.9396774732247295,-1.1102230246251565e-16,0.06032252677527065,0.8971499255705984,-1.1102230246251565e-16,0.10285007442940175,0.102850074429404,0.060322526775269995,0.04252754765413335,1.0,1.0
17.14,LCP,8.0,0.0,121,0.9385875643201258,1.1102230246251565e-16,0.0614124356798741,0.8934588063522302,0.0,0.10654119364776983,0.10654119364776735,0.06141243567987341,0.04512875796789324,1.0,1.0
17.1429,LCP,8.0,0.0,121,0.9374131294798639,0.0,0.06258687052013612,0.8894528827265978,-1.1102230246251565e-16,0.11054711727340229,0.11054711727339903,0.06258687052013652,0.04796024675326291,1.0,1.0
17.1458,LCP,8.0,0.0,121,0.9361561080696159,-1.1102230246251565e-16,0.06384389193038421,0.8851002292492204,-1.1102230246251565e-16,0.11489977075077974,0.11489977075078103,0.06384389193038356,0.05105587882039682,1.0,1.0
17.1487,LCP,8.0,0.0,121,0.9348220533357774,1.1102230246251565e-16,0.0651779466642225,0.8803652626638319,-1.1102230246251565e-16,0.11963473733616822,0.11963473733617254,0.06517794666422316,0.05445679067195004,1.0,1.0
17.151600000000002,LCP,8.0,0.0,121,0.933420748293349,0.0,0.06657925170665104,0.8752083863247628,0.0,0.12479161367523718,0.12479161367523785,0.06657925170665144,0.05821236196858681,1.0,1.0
17.1545,LCP,8.0,0.0,121,0.9319663630200498,-1.1102230246251565e-16,0.06803363697995032,0.8695856190248401,0.0,0.13041438097515987,0.13041438097516156,0.0680336369799503,0.062380743995211235,1.0,1.0
17.1574,LCP,8.0,0.0,121,0.9304768893077293,1.1102230246251565e-16,0.06952311069227057,0.8634482165954945,-1.1102230246251565e-16,0.13655178340450552,0.1365517834045048,0.06952311069227177,0.06702867271223423,1.0,1.0
17.1603,LCP,8.0,0.0,121,0.9289726864111016,0.0,0.07102731358889838,0.8567422997631038,0.0,0.1432577002368962,0.1432577002368938,0.07102731358889834,0.07223038664799541,1.0,1.0
17.1632,LCP,8.0,0.0,121,0.9274741935990333,0.0,0.07252580640096677,0.8494085087010645,-1.1102230246251565e-16,0.15059149129893556,0.15059149129893767,0.07252580640096634,0.0780656848979709,1.0,1.0
17.1661,LCP,8.0,0.0,121,0.9259991608764868,-1.1102230246251565e-16,0.07400083912351325,0.8413817143769117,-1.1102230246251565e-16,0.1586182856230885,0.15861828562308464,0.0740008391235132,0.08461744649957138,1.0,1.0
17.169,LCP,8.0,0.0,121,0.9245599935726659,0.0,0.07544000642733409,0.8325908305868287,0.0,0.16740916941317127,0.16740916941317088,0.07544000642733349,0.0919691629858368,1.0,1.0
17.1719,LCP,8.0,0.0,121,0.9231618575092233,-1.1102230246251565e-16,0.07683814249077682,0.8229587907494329,-1.1102230246251565e-16,0.17704120925056724,0.17704120925056857,0.07683814249077811,0.10020306675979175,1.0,1.0
17.1748,LCP,8.0,0.0,121,0.9218019886739829,0.0,0.07819801132601709,0.8124027833814884,0.0,0.18759721661851156,0.1875972166185104,0.07819801132601648,0.1093992052924933,1.0,1.0
17.1777,LCP,8.0,0.0,121,0.9204702752753063,-1.1102230246251565e-16,0.07952972472469375,0.8008348842047002,-2.220446049250313e-16,0.19916511579530002,0.1991651157952956,0.0795297247246945,0.11963539107060187,1.0,1.0
17.180600000000002,LCP,8.0,0.0,121,0.9191508090928935,0.0,0.08084919090710657,0.7881632864243044,0.0,0.2118367135756956,0.2118367135756927,0.0808491909071063,0.13098752266858613,1.0,1.0
17.183500000000002,LCP,8.0,0.0,121,0.9178238963982185,-1.1102230246251565e-16,0.08217610360178157,0.7742944193046287,-1.1102230246251565e-16,0.2257055806953714,0.22570558069537297,0.08217610360178197,0.1435294770935914,1.0,1.0
17.1864,LCP,8.0,0.0,121,0.9164680249184947,0.0,0.08353197508150534,0.7591363618615384,0.0,0.24086363813846157,0.24086363813846332,0.08353197508150513,0.15733166305695798,1.0,1.0
17.1893,LCP,8.0,0.0,121,0.9150614398206052,1.1102230246251565e-16,0.08493856017939475,0.7426041001326678,-1.1102230246251565e-16,0.25739589986733236,0.2573958998673341,0.08493856017939484,0.17245733968793933,1.0,1.0
17.1922,LCP,8.0,0.0,121,0.9135831822522151,-1.1102230246251565e-16,0.08641681774778501,0.7246273268248681,1.1102230246251565e-16,0.27537267317513187,0.2753726731751344,0.08641681774778513,0.1889558554273494,1.0,1.0
17.1951,LCP,8.0,0.0,121,0.9120136061103064,-2.220446049250313e-16,0.08798639388969384,0.7051616022712643,-1.1102230246251565e-16,0.29483839772873577,0.294838397728734,0.08798639388969365,0.20685200383904015,1.0,1.0
17.198,LCP,8.0,0.0,121,0.9103344799405144,0.0,0.08966552005948557,0.684203711469211,0.0,0.31579628853078895,0.3157962885307914,0.08966552005948522,0.2261307684713058,1.0,1.0
17.2009,LCP,8.0,0.0,121,0.9085288082338104,0.0,0.09147119176618958,0.6618118412878647,-1.1102230246251565e-16,0.3381881587121353,0.3381881587121329,0.09147119176618954,0.24671696694594336,1.0,1.0
17.2038,LCP,8.0,0.0,121,0.9065804935926886,-1.1102230246251565e-16,0.09341950640731154,0.6381305889602747,1.1102230246251565e-16,0.3618694110397252,0.36186941103972387,0.09341950640731182,0.2684499046324123,1.0,1.0
17.2067,LCP,8.0,0.0,121,0.9044739313784206,1.1102230246251565e-16,0.09552606862157936,0.6134195871990452,-1.1102230246251565e-16,0.3865804128009549,0.3865804128009534,0.09552606862158056,0.29105434417937404,1.0,1.0
17.209600000000002,LCP,8.0,0.0,121,0.9021935968594736,0.0,0.09780640314052633,0.5880825223432868,0.0,0.4119174776567132,0.41191747765671594,0.09780640314052595,0.3141110745161896,1.0,1.0
17.212500000000002,LCP,8.0,0.0,121,0.899723658957269,0.0,0.100276341042731,0.5626905663567624,-1.1102230246251565e-16,0.4373094336432377,0.43730943364323743,0.1002763410427314,0.3370330926005064,1.0,1.0
17.2154,LCP,8.0,0.0,121,0.8970476364963109,-2.220446049250313e-16,0.10295236350368933,0.5379912520540084,0.0,0.46200874794599156,0.46200874794599434,0.10295236350369151,0.35905638444230503,1.0,1.0
17.2183,LCP,8.0,0.0,121,0.8941481017892889,-1.1102230246251565e-16,0.10585189821071117,0.5148918510872377,-1.1102230246251565e-16,0.4851081489127624,0.485108148912761,0.10585189821070926,0.3792562507020498,1.0,1.0
17.2212,LCP,8.0,0.0,121,0.8910064309003309,0.0,0.10899356909966901,0.4944073649444178,-1.6653345369377348e-16,0.5055926350555824,0.5055926350555834,0.10899356909966672,0.3965990659559144,1.0,1.0
17.2241,LCP,8.0,0.0,121,0.8876025985263367,0.0,0.11239740147366324,0.47756934249393374,5.551115123125783e-17,0.5224306575060662,0.5224306575060664,0.11239740147366445,0.4100332560324032,1.0,1.0
17.227,LCP,8.0,0.0,121,0.883915016974409,-1.1102230246251565e-16,0.1160849830255911,0.46530334651137406,0.0,0.5346966534886259,0.534696653488624,0.11608498302559102,0.41861167046303294,1.0,1.0
17.2299,LCP,8.0,0.0,121,0.8799204224717644,-1.1102230246251565e-16,0.12007957752823567,0.45829705791996567,-1.1102230246251565e-16,0.5417029420800344,0.541702942080036,0.12007957752823499,0.42162336455180033,1.0,1.0
17.2328,LCP,8.0,0.0,121,0.8755938176764964,0.0,0.12440618232350366,0.4568911724362365,-1.6653345369377348e-16,0.5431088275637637,0.5431088275637671,0.12440618232350505,0.41870264524026346,1.0,1.0
17.2357,LCP,8.0,0.0,121,0.8709084866855239,-1.1102230246251565e-16,0.12909151331447624,0.4610243029006028,0.0,0.5389756970993972,0.5389756970993981,0.12909151331447585,0.40988418378492186,1.0,1.0
17.2386,LCP,8.0,0.0,121,0.8658361081679307,-1.1102230246251565e-16,0.13416389183206942,0.4702486928306501,0.0,0.5297513071693499,0.5297513071693507,0.13416389183206778,0.39558741533728126,1.0,1.0
17.241500000000002,LCP,8.0,0.0,121,0.8603470035838215,-1.1102230246251565e-16,0.13965299641617862,0.483811244493457,0.0,0.516188755506543,0.5161887555065415,0.13965299641617984,0.3765357590903629,1.0,1.0
17.2444,LCP,8.0,0.0,121,0.8544105706353532,-1.1102230246251565e-16,0.14558942936464686,0.5007748988806103,0.0,0.49922510111938967,0.4992251011193898,0.14558942936464758,0.3536356717547429,1.0,1.0
17.2473,LCP,8.0,0.0,121,0.8479959662893024,-1.1102230246251565e-16,0.15200403371069768,0.5201475172679291,0.0,0.479852482732071,0.47985248273207076,0.1520040337106995,0.3278484490213731,1.0,1.0
17.2502,LCP,8.0,0.0,121,0.8410731167097658,-2.220446049250313e-16,0.15892688329023436,0.5409904914488891,0.0,0.4590095085511109,0.4590095085511091,0.15892688329023563,0.30008262526087476,1.0,1.0
17.2531,LCP,8.0,0.0,121,0.8336141387747199,-1.1102230246251565e-16,0.1663858612252802,0.5624920075014097,0.0,0.4375079924985903,0.43750799249859357,0.1663858612252805,0.27112213127331336,1.0,1.0
17.256,LCP,8.0,0.0,121,0.8255952517522158,-2.220446049250313e-16,0.17440474824778446,0.5840029898092296,0.0,0.41599701019077034,0.4159970101907701,0.17440474824778548,0.24159226194298566,1.0,1.0
17.2589,LCP,8.0,0.0,121,0.8169992263997664,0.0,0.18300077360023362,0.6050425342854406,1.1102230246251565e-16,0.39495746571455925,0.3949574657145583,0.18300077360023267,0.2119566921143247,1.0,1.0
17.2618,LCP,8.0,0.0,121,0.8078183469694893,0.0,0.1921816530305107,0.6252830758039417,-1.1102230246251565e-16,0.3747169241960584,0.3747169241960637,0.19218165303051207,0.18253527116555301,1.0,1.0
17.2647,LCP,8.0,0.0,121,0.7980577339246702,0.0,0.20194226607532983,0.644525028865407,-1.1102230246251565e-16,0.35547497113459314,0.3554749711345957,0.2019422660753281,0.15353270505926586,1.0,1.0
17.2676,LCP,8.0,0.0,121,0.7877386838720218,1.1102230246251565e-16,0.2122613161279781,0.6626682346371343,1.1102230246251565e-16,0.33733176536286563,0.33733176536286685,0.2122613161279804,0.12507044923488875,1.0,1.0
17.270500000000002,LCP,8.0,0.0,121,0.7769014414228796,1.1102230246251565e-16,0.22309855857712024,0.6796848145821249,1.1102230246251565e-16,0.32031518541787496,0.320315185417877,0.22309855857712094,0.09721662684075677,1.0,1.0
17.273400000000002,LCP,8.0,0.0,121,0.7656065752590466,-2.220446049250313e-16,0.23439342474095357,0.6955957878969988,-1.1102230246251565e-16,0.3044042121030012,0.30440421210300234,0.23439342474095473,0.07001078736204877,1.0,1.0
17.2763,LCP,8.0,0.0,121,0.7539339837376604,1.1102230246251565e-16,0.24606601626233945,0.710452286745787,-1.1102230246251565e-16,0.28954771325421313,0.28954771325420753,0.24606601626233637,0.043481696991868074,1.0,1.0
17.2792,LCP,8.0,0.0,121,0.7419786344734893,2.220446049250313e-16,0.2580213655265105,0.7243213165458744,0.0,0.27567868345412555,0.2756786834541233,0.2580213655265084,0.01765731792761277,1.0,1.0
17.2821,LCP,8.0,0.0,121,0.7298425647874236,-1.1102230246251565e-16,0.2701574352125765,0.7372755711882903,0.0,0.26272442881170965,0.2627244288117103,0.2701574352125767,0.007433006400866193,1.0,1.0
17.285,LCP,8.0,0.0,121,0.7176234599228899,-1.1102230246251565e-16,0.2823765400771102,0.7493866463810359,-1.1102230246251565e-16,0.2506133536189642,0.2506133536189636,0.28237654007711144,0.03176318645814663,1.0,1.0
17.2879,LCP,8.0,0.0,121,0.7054011397238793,-1.1102230246251565e-16,0.2945988602761208,0.7607209692627392,1.1102230246251565e-16,0.23927903073726067,0.239279030737259,0.29459886027612364,0.0553198295388618,1.0,1.0
17.2908,LCP,8.0,0.0,121,0.693224205828413,0.0,0.3067757941715869,0.7713378018213815,0.0,0.22866219817861858,0.22866219817861777,0.30677579417158773,0.07811359599296913,1.0,1.0
17.2937,LCP,8.0,0.0,121,0.6810995542319342,0.0,0.3189004457680658,0.7812887412003433,-1.1102230246251565e-16,0.21871125879965678,0.21871125879965364,0.31890044576806803,0.10018918696841217,1.0,1.0
17.2966,LCP,8.0,0.0,121,0.6689872042111713,0.0,0.33101279578882875,0.7906182164700966,-2.220446049250313e-16,0.20938178352990364,0.20938178352990464,0.3310127957888305,0.12163101225892411,1.0,1.0
17.299500000000002,LCP,8.0,0.0,121,0.6568019956807174,0.0,0.34319800431928255,0.7993645641456816,-1.1102230246251565e-16,0.20063543585431853,0.2006354358543189,0.34319800431928355,0.14256256846496365,1.0,1.0
17.3024,LCP,8.0,0.0,121,0.644422522425671,0.0,0.355577477574329,0.8075613511453694,-2.220446049250313e-16,0.19243864885463074,0.1924386488546322,0.355577477574329,0.16313882871969682,1.0,1.0
17.3053,LCP,8.0,0.0,121,0.6317066698168072,0.0,0.3682933301831928,0.8152387005444468,0.0,0.18476129945555317,0.18476129945555192,0.3682933301831983,0.1835320307276409,1.0,1.0
17.3082,LCP,8.0,0.0,121,0.6185126459020697,-1.1102230246251565e-16,0.3814873540979304,0.8224244574579844,0.0,0.17757554254201557,0.17757554254201657,0.38148735409793066,0.2039118115559138,1.0,1.0
17.3111,LCP,8.0,0.0,121,0.6047244697085695,1.1102230246251565e-16,0.3952755302914304,0.8291451046475877,-1.1102230246251565e-16,0.17085489535241236,0.17085489535241483,0.3952755302914337,0.2244206349390156,1.0,1.0
17.314,LCP,8.0,0.0,121,0.5902812468987598,-1.1102230246251565e-16,0.40971875310124023,0.8354263962703492,0.0,0.16457360372965082,0.1645736037296497,0.4097187531012378,0.24514514937159054,1.0,1.0
17.3169,LCP,8.0,0.0,121,0.575209766182511,0.0,0.42479023381748904,0.8412937218892486,-2.220446049250313e-16,0.15870627811075166,0.15870627811075141,0.4247902338174979,0.2660839557067376,1.0,1.0
17.3198,LCP,8.0,0.0,121,0.5596594722626427,0.0,0.4403405277373574,0.8467722418572662,0.0,0.15322775814273384,0.15322775814273487,0.4403405277373615,0.2871127695946225,1.0,1.0
17.3227,LCP,8.0,0.0,121,0.5439372491144733,0.0,0.4560627508855267,0.8518868513015678,0.0,0.14811314869843215,0.14811314869843134,0.45606275088553044,0.3079496021870954,1.0,1.0
17.3256,LCP,8.0,0.0,121,0.5285364422859516,-1.1102230246251565e-16,0.47146355771404846,0.8566620356193937,-2.220446049250313e-16,0.14333796438060653,0.1433379643806069,0.47146355771405213,0.3281255933334416,1.0,1.0
17.328500000000002,LCP,8.0,0.0,121,0.5141504768157773,0.0,0.4858495231842227,0.8611216780989008,-2.220446049250313e-16,0.13887832190109933,0.13887832190109964,0.4858495231842294,0.3469712012831231,1.0,1.0
17.331400000000002,LCP,8.0,0.0,121,0.5016576646143343,0.0,0.4983423353856658,0.8652888720202783,-1.1102230246251565e-16,0.13471112797972182,0.1347111279797221,0.49834233538566686,0.3636312074059437,1.0,1.0
17.3343,LCP,8.0,0.0,121,0.4920631572488016,-5.551115123125783e-17,0.5079368427511984,0.8691857770033876,-1.1102230246251565e-16,0.13081422299661255,0.13081422299661913,0.5079368427512001,0.3771226197545793,1.0,1.0
17.3372,LCP,8.0,0.0,121,0.4863902145177988,5.551115123125783e-17,0.5136097854822012,0.8728335436936734,1.1102230246251565e-16,0.1271664563063265,0.12716645630632362,0.5136097854821969,0.38644332917587754,1.0,1.0
17.3401,LCP,8.0,0.0,121,0.48552832598048035,0.0,0.5144716740195197,0.8762523131845565,0.0,0.12374768681544344,0.12374768681544475,0.5144716740195199,0.3907239872040749,1.0,1.0
17.343,LCP,8.0,0.0,121,0.49006730214137667,5.551115123125783e-17,0.5099326978586233,0.879461278756767,-2.220446049250313e-16,0.12053872124323321,0.12053872124323668,0.5099326978586232,0.3893939766153866,1.0,1.0
17.3459,LCP,8.0,0.0,121,0.5001639307581817,-1.1102230246251565e-16,0.49983606924181845,0.8824787786099761,-1.1102230246251565e-16,0.117521221390024,0.11752122139002846,0.4998360692418202,0.38231484785179,1.0,1.0
17.3488,LCP,8.0,0.0,121,0.5154876917779803,0.0,0.48451230822201974,0.8853223710039406,-1.1102230246251565e-16,0.11467762899605947,0.1146776289960564,0.4845123082220164,0.36983467922596336,1.0,1.0
17.3517,LCP,8.0,0.0,121,0.5352683843472356,0.0,0.46473161565276444,0.8880088311992969,0.0,0.11199116880070313,0.11199116880070309,0.46473161565276266,0.35274044685206135,1.0,1.0
17.3546,LCP,8.0,0.0,121,0.5584311528654637,-1.1102230246251565e-16,0.44156884713453637,0.8905540093273596,-1.1102230246251565e-16,0.10944599067264048,0.10944599067263938,0.4415688471345332,0.332122856461897,1.0,1.0
17.3575,LCP,8.0,0.0,121,0.5837740448673436,-2.220446049250313e-16,0.4162259551326566,0.8929725089368968,0.0,0.10702749106310312,0.10702749106310429,0.4162259551326531,0.3091984640695523,1.0,1.0
17.360400000000002,LCP,8.0,0.0,121,0.6101357913922966,1.1102230246251565e-16,0.3898642086077034,0.8952771948987857,-2.220446049250313e-16,0.10472280510121453,0.1047228051012157,0.3898642086076996,0.28514140350648765,1.0,1.0
17.363300000000002,LCP,8.0,0.0,121,0.6365166682386078,-1.1102230246251565e-16,0.3634833317613924,0.8974786133547397,-2.220446049250313e-16,0.10252138664526053,0.10252138664526582,0.3634833317613752,0.2609619451161266,1.0,1.0
17.3662,LCP,8.0,0.0,121,0.6621399572309831,-1.1102230246251565e-16,0.33786004276901704,0.8995844821231462,0.0,0.10041551787685382,0.10041551787685163,0.3378600427690198,0.23744452489216542,1.0,1.0
17.3691,LCP,8.0,0.0,121,0.686461819689941,0.0,0.31353818031005903,0.9015994452979558,-1.1102230246251565e-16,0.0984005547020444,0.09840055470204391,0.31353818031006114,0.21513762560801514,1.0,1.0
17.372,LCP,8.0,0.0,121,0.7091470455315545,1.1102230246251565e-16,0.2908529544684454,0.9035252417901469,-2.220446049250313e-16,0.09647475820985327,0.09647475820985195,0.2908529544684426,0.19437819625859343,1.0,1.0
17.3749,LCP,8.0,0.0,121,0.7300284406146853,-1.1102230246251565e-16,0.2699715593853148,0.9053613130311444,0.0,0.0946386869688556,0.09463868696885537,0.26997155938531453,0.17533287241645945,1.0,1.0
17.3778,LCP,8.0,0.0,121,0.7490630274959875,0.0,0.25093697250401253,0.9071057225087593,-1.1102230246251565e-16,0.09289427749124082,0.09289427749124209,0.2509369725040119,0.15804269501277046,1.0,1.0
17.3807,LCP,8.0,0.0,121,0.7662926884103135,0.0,0.23370731158968647,0.9087561577779043,0.0,0.09124384222209574,0.09124384222209492,0.2337073115896857,0.14246346936759155,1.0,1.0
17.3836,LCP,8.0,0.0,121,0.7818124491044214,0.0,0.21818755089557867,0.9103107834948768,-2.220446049250313e-16,0.08968921650512336,0.08968921650512349,0.2181875508955842,0.1284983343904552,1.0,1.0
17.3865,LCP,8.0,0.0,121,0.7957468195201314,0.0,0.20425318047986865,0.9117687992780744,-1.1102230246251565e-16,0.08823120072192565,0.08823120072192622,0.20425318047986876,0.11602197975794243,1.0,1.0
17.389400000000002,LCP,8.0,0.0,121,0.808233212804158,0.0,0.19176678719584195,0.9131306718739935,0.0,0.08686932812600648,0.0868693281260048,0.19176678719584622,0.10489745906983715,1.0,1.0
17.3923,LCP,8.0,0.0,121,0.8194109801321208,1.1102230246251565e-16,0.18058901986787915,0.9143981010943008,-1.1102230246251565e-16,0.08560189890569936,0.08560189890569678,0.1805890198678779,0.09498712096218237,1.0,1.0
17.3952,LCP,8.0,0.0,121,0.8294146079519146,-1.1102230246251565e-16,0.17058539204808548,0.9155738187670672,-1.1102230246251565e-16,0.0844261812329329,0.08442618123293164,0.1705853920480861,0.08615921081515385,1.0,1.0
17.3981,LCP,8.0,0.0,121,0.8383698459900035,-2.220446049250313e-16,0.1616301540099967,0.916661316379607,0.0,0.08333868362039298,0.08333868362039201,0.16163015400999897,0.07829147038960468,1.0,1.0
17.401,LCP,8.0,0.0,121,0.8463918106661668,-1.1102230246251565e-16,0.15360818933383336,0.917664570877577,-1.1102230246251565e-16,0.08233542912242311,0.08233542912242275,0.15360818933383366,0.0712727602114106,1.0,1.0
17.4039,LCP,8.0,0.0,121,0.8535843644343927,-1.1102230246251565e-16,0.14641563556560747,0.9185878078376554,-2.220446049250313e-16,0.08141219216234483,0.081412192162345,0.14641563556560744,0.06500344340326246,1.0,1.0
17.4068,LCP,8.0,0.0,121,0.8600402799839442,-1.1102230246251565e-16,0.13995972001605592,0.9194353171572476,0.0,0.08056468284275237,0.08056468284275312,0.13995972001605703,0.0593950371733028,1.0,1.0
17.4097,LCP,8.0,0.0,121,0.865841856023721,0.0,0.13415814397627898,0.9202113212639706,-1.1102230246251565e-16,0.0797886787360295,0.07978867873603092,0.13415814397628328,0.05436946524024806,1.0,1.0
17.4126,LCP,8.0,0.0,121,0.8710617653032677,-2.220446049250313e-16,0.1289382346967325,0.9209198883377107,-1.1102230246251565e-16,0.07908011166228947,0.07908011166228963,0.1289382346967309,0.049858123034442856,1.0,1.0
17.4155,LCP,8.0,0.0,121,0.8757639950546239,0.0,0.12423600494537607,0.9215648806175983,-1.1102230246251565e-16,0.07843511938240183,0.07843511938240286,0.1242360049453755,0.04580088556297321,1.0,1.0
17.418400000000002,LCP,8.0,0.0,121,0.8800047941225042,-1.1102230246251565e-16,0.11999520587749586,0.9221499282388704,1.1102230246251565e-16,0.07785007176112946,0.07785007176113028,0.11999520587749456,0.042145134116365585,1.0,1.0
17.421300000000002,LCP,8.0,0.0,121,0.8838335770165269,-2.220446049250313e-16,0.11616642298347334,0.9226784206211054,1.1102230246251565e-16,0.07732157937889454,0.07732157937889504,0.11616642298347081,0.038844843604578294,1.0,1.0
17.4242,LCP,8.0,0.0,121,0.8872937585113649,-1.1102230246251565e-16,0.11270624148863517,0.9231535092912531,-1.1102230246251565e-16,0.07684649070874708,0.07684649070874632,0.112706241488635,0.03585975077988886,1.0,1.0
17.4271,LCP,8.0,0.0,121,0.8904235072618436,1.1102230246251565e-16,0.10957649273815628,0.9235781177227118,-1.1102230246251565e-16,0.0764218822772883,0.07642188227728947,0.10957649273815588,0.03315461046086682,1.0,1.0
17.43,LCP,8.0,0.0,121,0.8932564160097793,-1.1102230246251565e-16,0.10674358399022073,0.9239549551390898,0.0,0.07604504486091027,0.07604504486091107,0.10674358399022048,0.030698539129309657,1.0,1.0
17.4329,LCP,8.0,0.0,121,0.8958220912948436,0.0,0.10417790870515642,0.92428653224753,-1.1102230246251565e-16,0.07571346775247013,0.07571346775247016,0.10417790870515664,0.028464440952686257,1.0,1.0
17.4358,LCP,8.0,0.0,121,0.8981466684557106,-1.1102230246251565e-16,0.10185333154428955,0.9245751775737809,-1.1102230246251565e-16,0.07542482242621922,0.07542482242621953,0.10185333154428902,0.026428509118070015,1.0,1.0
17.4387,LCP,8.0,0.0,121,0.9002532590214678,2.220446049250313e-16,0.099746740978532,0.9248230535347255,-1.1102230246251565e-16,0.07517694646527458,0.07517694646527466,0.09974674097853353,0.024569794513257345,1.0,1.0
17.4416,LCP,8.0,0.0,121,0.9021623379394694,-1.1102230246251565e-16,0.0978376620605307,0.9250321716692862,0.0,0.07496782833071375,0.07496782833071453,0.09783766206053374,0.022869833729816172,1.0,1.0
17.4445,LCP,8.0,0.0,121,0.9038920778590681,-1.1102230246251565e-16,0.09610792214093201,0.9252044066103438,-2.220446049250313e-16,0.07479559338965648,0.07479559338965674,0.09610792214093071,0.02131232875127527,1.0,1.0
17.447400000000002,LCP,8.0,0.0,121,0.9054586371587956,0.0,0.09454136284120444,0.9253415084688343,-1.1102230246251565e-16,0.07465849153116573,0.07465849153116469,0.09454136284120583,0.019882871310039754,1.0,1.0
17.4503,LCP,8.0,0.0,121,0.9068764077415737,-1.1102230246251565e-16,0.09312359225842633,0.9254451133524809,-2.220446049250313e-16,0.07455488664751926,0.0745548866475209,0.09312359225842894,0.018568705610905428,1.0,1.0
17.453200000000002,LCP,8.0,0.0,121,0.908158227949736,-2.220446049250313e-16,0.09184177205026421,0.9255167517891081,-2.220446049250313e-16,0.0744832482108922,0.07448324821089317,0.09184177205026561,0.017358523839371046,1.0,1.0
17.4561,LCP,8.0,0.0,121,0.909315565339716,0.0,0.09068443466028397,0.9255578548902991,0.0,0.07444214510970093,0.07444214510970097,0.09068443466028285,0.016242289550583003,1.0,1.0
17.459,LCP,8.0,0.0,121,0.9103586735474671,0.0,0.08964132645253287,0.925569758192385,-2.220446049250313e-16,0.07443024180761522,0.07443024180761436,0.08964132645253253,0.015211084644918507,1.0,1.0
17.4619,LCP,8.0,0.0,121,0.9112967270755454,0.0,0.0887032729244546,0.925553703256487,-2.220446049250313e-16,0.07444629674351318,0.0744462967435134,0.08870327292445548,0.014256976180941197,1.0,1.0
17.4648,LCP,8.0,0.0,121,0.9121379375230865,-1.1102230246251565e-16,0.0878620624769136,0.9255108372933355,-1.1102230246251565e-16,0.0744891627066646,0.07448916270666481,0.08786206247691238,0.013372899770248789,1.0,1.0
17.4677,LCP,8.0,0.0,121,0.9128896545168119,0.0,0.08711034548318809,0.925442211285998,0.0,0.07455778871400202,0.0745577887140028,0.08711034548318956,0.012552556769185291,1.0,1.0
17.4706,LCP,8.0,0.0,121,0.9135584543348289,1.1102230246251565e-16,0.08644154566517107,0.9253487772854145,-1.1102230246251565e-16,0.07465122271458557,0.0746512227145851,0.08644154566517126,0.011790322950585963,1.0,1.0
17.4735,LCP,8.0,0.0,121,0.914150218887984,-2.220446049250313e-16,0.08584978111201622,0.9252313857083532,-1.1102230246251565e-16,0.0747686142916469,0.07476861429164612,0.08584978111201387,0.011081166820370095,1.0,1.0
17.4764,LCP,8.0,0.0,121,0.9146702072999571,-1.1102230246251565e-16,0.08532979270004305,0.9250907835340254,0.0,0.07490921646597462,0.07490921646597555,0.08532979270004307,0.010420576234067502,1.0,1.0
17.479300000000002,LCP,8.0,0.0,121,0.9151231217941427,-2.220446049250313e-16,0.08487687820585749,0.9249276142373619,-1.1102230246251565e-16,0.07507238576263815,0.07507238576263854,0.08487687820585607,0.009804492443218946,1.0,1.0
17.4822,LCP,8.0,0.0,121,0.9155131689776852,-1.1102230246251565e-16,0.08448683102231494,0.9247424201000425,0.0,0.07525757989995746,0.07525757989995843,0.084486831022314,0.009229251122356508,1.0,1.0
17.4851,LCP,8.0,0.0,121,0.9158441169691491,-2.220446049250313e-16,0.0841558830308511,0.9245356472183515,2.220446049250313e-16,0.07546435278164833,0.07546435278164842,0.08415588303085163,0.008691530249202675,1.0,1.0
17.488,LCP,8.0,0.0,121,0.9161193482274026,-1.1102230246251565e-16,0.08388065177259749,0.9243076531249745,0.0,0.07569234687502552,0.07569234687502487,0.08388065177259625,0.00818830489757262,1.0,1.0
17.4909,LCP,8.0,0.0,121,0.916341907491803,0.0,0.08365809250819699,0.9240587165276795,-1.1102230246251565e-16,0.0759412834723207,0.07594128347232042,0.08365809250819702,0.007716809035876571,1.0,1.0
17.4938,LCP,8.0,0.0,121,0.9165145440032693,-1.1102230246251565e-16,0.08348545599673085,0.9237890483157918,-1.1102230246251565e-16,0.07621095168420837,0.0762109516842097,0.08348545599673211,0.007274504312521149,1.0,1.0
17.4967,LCP,8.0,0.0,121,0.9166397471750913,1.1102230246251565e-16,0.08336025282490853,0.9234988027591513,-1.1102230246251565e-16,0.07650119724084876,0.0765011972408505,0.08336025282490785,0.006859055584058027,1.0,1.0
17.4996,LCP,8.0,0.0,121,0.9167197751102498,0.0,0.08328022488975023,0.9231880877592739,-1.1102230246251565e-16,0.07681191224072631,0.07681191224072553,0.0832802248897498,0.006468312649024699,1.0,1.0
17.5025,LCP,8.0,0.0,121,0.9167566757695513,-2.220446049250313e-16,0.08324332423044895,0.9228569731124528,-1.1102230246251565e-16,0.07714302688754723,0.07714302688754723,0.08324332423044749,0.0061002973429017116,1.0,1.0
17.5054,LCP,8.0,0.0,121,0.9167523011055818,0.0,0.08324769889441819,0.9225054959811408,-1.1102230246251565e-16,0.07749450401885928,0.07749450401885838,0.0832476988944179,0.005753194875559808,1.0,1.0
17.508300000000002,LCP,8.0,0.0,121,0.9167083150060313,-1.1102230246251565e-16,0.08329168499396877,0.9221336630971648,-1.1102230246251565e-16,0.0778663369028353,0.07786633690283537,0.08329168499396807,0.005425348091133403,1.0,1.0
17.511200000000002,LCP,8.0,0.0,121,0.9166261963507416,-1.1102230246251565e-16,0.08337380364925852,0.921741449583456,0.0,0.07825855041654393,0.07825855041654471,0.08337380364925745,0.005115253232713807,1.0,1.0
17.5141,LCP,8.0,0.0,121,0.9165072388151363,0.0,0.08349276118486376,0.9213287946329856,1.1102230246251565e-16,0.07867120536701433,0.07867120536701498,0.08349276118486265,0.00482155581784878,1.0,1.0
17.517,LCP,8.0,0.0,121,0.9163525492018789,0.0,0.08364745079812107,0.9208955945880346,-2.220446049250313e-16,0.07910440541196559,0.07910440541196566,0.0836474507981208,0.004543045386155409,1.0,1.0
17.5199,LCP,8.0,0.0,121,0.9161630460362157,-1.1102230246251565e-16,0.08383695396378449,0.9204416941971892,-1.1102230246251565e-16,0.0795583058028109,0.07955830580281054,0.0838369539637848,0.004278648160973952,1.0,1.0
17.5228,LCP,8.0,0.0,121,0.9159394599275967,-2.220446049250313e-16,0.08406054007240345,0.9199668769782305,0.0,0.08003312302176943,0.08003312302176994,0.08406054007240163,0.004027417050633503,1.0,1.0
17.5257,LCP,8.0,0.0,121,0.9156823368136231,-1.1102230246251565e-16,0.08431766318637703,0.9194708556757532,0.0,0.08052914432424682,0.08052914432424808,0.08431766318637628,0.0037885188621289423,1.0,1.0
17.5286,LCP,8.0,0.0,121,0.9153920447124941,-2.220446049250313e-16,0.08460795528750611,0.9189532637652809,0.0,0.08104673623471918,0.08104673623472076,0.0846079552875059,0.00356121905278535,1.0,1.0
17.5315,LCP,8.0,0.0,121,0.9150687840782346,0.0,0.08493121592176542,0.9184136488203213,1.1102230246251565e-16,0.08158635117967863,0.0815863511796783,0.08493121592176835,0.003344864742087117,1.0,1.0
17.5344,LCP,8.0,0.0,121,0.9147126013422682,0.0,0.08528739865773183,0.9178514683278371,0.0,0.08214853167216288,0.08214853167216246,0.08528739865773202,0.0031388669855693663,1.0,1.0
17.537300000000002,LCP,8.0,0.0,121,0.9143234047946738,-2.220446049250313e-16,0.08567659520532642,0.9172660882311131,1.1102230246251565e-16,0.08273391176888684,0.08273391176888813,0.08567659520532561,0.0029426834364382898,1.0,1.0
17.5402,LCP,8.0,0.0,121,0.9139009816541311,0.0,0.08609901834586885,0.9166567841301148,-1.1102230246251565e-16,0.08334321586988534,0.08334321586988568,0.08609901834586982,0.002755802475983171,1.0,1.0
17.5431,LCP,8.0,0.0,121,0.9134450150260616,0.0,0.08655498497393845,0.9160227447278204,-1.1102230246251565e-16,0.08397725527217968,0.08397725527217927,0.08655498497393768,0.0025777297017591794,1.0,1.0
17.546,LCP,8.0,0.0,121,0.912955099456837,2.220446049250313e-16,0.08704490054316283,0.9153630768267442,-1.1102230246251565e-16,0.08463692317325584,0.08463692317325594,0.08704490054316574,0.0024079773699068885,1.0,1.0
17.5489,LCP,8.0,0.0,121,0.912430753940759,0.0,0.08756924605924095,0.9146768109968806,-1.1102230246251565e-16,0.08532318900311954,0.08532318900311968,0.08756924605923969,0.00224605705612127,1.0,1.0
17.5518,LCP,8.0,0.0,121,0.9118714314907893,-2.220446049250313e-16,0.08812856850921091,0.9139629069771171,0.0,0.08603709302288293,0.08603709302288305,0.08812856850921205,0.0020914754863278623,1.0,1.0
17.5547,LCP,8.0,0.0,121,0.9112765246993138,-1.1102230246251565e-16,0.08872347530068637,0.9132202579351486,0.0,0.08677974206485144,0.08677974206485015,0.08872347530068579,0.0019437332358362286,1.0,1.0
17.5576,LCP,8.0,0.0,121,0.9106453670504444,-1.1102230246251565e-16,0.08935463294955569,0.9124476928727836,-1.1102230246251565e-16,0.08755230712721655,0.08755230712721543,0.08935463294955695,0.0018023258223402588,1.0,1.0
17.5605,LCP,8.0,0.0,121,0.9099772300673707,0.0,0.0900227699326292,0.911643976688109,-2.220446049250313e-16,0.08835602331189113,0.08835602331189184,0.09002276993263054,0.001666746620737361,1.0,1.0
17.5634,LCP,8.0,0.0,121,0.9092713166654225,-1.1102230246251565e-16,0.09072868333457765,0.9108078076524257,0.0,0.08919219234757426,0.08919219234757439,0.09072868333457931,0.0015364909870032584,1.0,1.0
17.566300000000002,LCP,8.0,0.0,121,0.9085267513232458,-1.1102230246251565e-16,0.0914732486767543,0.9099378122950834,0.0,0.09006218770491657,0.09006218770491672,0.09147324867675517,0.0014110609718375744,1.0,1.0
17.569200000000002,LCP,8.0,0.0,121,0.9077425678741349,0.0,0.09225743212586515,0.9090325378895339,-1.1102230246251565e-16,0.09096746211046627,0.09096746211046595,0.09225743212586546,0.0012899700153991972,1.0,1.0
17.5721,LCP,8.0,0.0,121,0.906917695850538,0.0,0.09308230414946195,0.9080904428855574,-1.1102230246251565e-16,0.09190955711444267,0.09190955711444303,0.09308230414946285,0.00117274703501892,1.0,1.0
17.575,LCP,8.0,0.0,121,0.9060509463799319,-1.1102230246251565e-16,0.0939490536200682,0.9071098857350686,-2.220446049250313e-16,0.0928901142649316,0.09289011426493055,0.09394905362006842,0.0010589393551376503,1.0,1.0
17.5779,LCP,8.0,0.0,121,0.9051409986194839,-1.1102230246251565e-16,0.09485900138051617,0.9060891126130468,-1.1102230246251565e-16,0.09391088738695332,0.09391088738695387,0.09485900138051515,0.0009481139935623023,1.0,1.0
17.5808,LCP,8.0,0.0,121,0.9041863876261267,0.0,0.09581361237387337,0.9050262445489549,1.1102230246251565e-16,0.09497375545104499,0.09497375545104536,0.09581361237387358,0.0008398569228280084,1.0,1.0
17.5837,LCP,8.0,0.0,121,0.9031854943922286,0.0,0.09681450560777144,0.9039192644633192,1.1102230246251565e-16,0.09608073553668074,0.09608073553667987,0.09681450560777118,0.0007337700710915718,1.0,1.0
17.5866,LCP,8.0,0.0,121,0.9021365385532567,-2.220446049250313e-16,0.09786346144674346,0.9027660045552115,0.0,0.09723399544478849,0.09723399544478717,0.09786346144674338,0.0006294660019562914,1.0,1.0
17.5895,LCP,8.0,0.0,121,0.9010375740248692,-1.1102230246251565e-16,0.0989624259751309,0.9015641344146179,-2.220446049250313e-16,0.09843586558538225,0.09843586558538334,0.09896242597513225,0.0005265603897475629,1.0,1.0
17.5924,LCP,8.0,0.0,121,0.8998864875935844,-1.1102230246251565e-16,0.10011351240641572,0.9003111501459982,0.0,0.09968884985400178,0.09968884985400067,0.10011351240641529,0.00042466255241505046,1.0,1.0
17.5953,LCP,8.0,0.0,121,0.8986810003089802,0.0,0.10131899969101978,0.899004364694654,0.0,0.10099563530534605,0.1009956353053466,0.10131899969101722,0.0003233643856731805,1.0,1.0
17.598200000000002,LCP,8.0,0.0,121,0.8974186714389423,-2.220446049250313e-16,0.10258132856105791,0.8976408994782736,0.0,0.10235910052172639,0.10235910052172585,0.10258132856105667,0.00022222803933205637,1.0,1.0
17.601100000000002,LCP,8.0,0.0,121,0.896096904770882,-1.1102230246251565e-16,0.10390309522911811,0.896217677358588,0.0,0.10378232264141199,0.10378232264141353,0.10390309522911742,0.00012077258770458454,1.0,1.0
17.604,LCP,8.0,0.0,121,0.8947129571696205,0.0,0.10528704283037947,0.8947314169558838,-1.1102230246251565e-16,0.10526858304411638,0.10526858304411321,0.10528704283038078,1.8459786266258882e-05,1.0,1.0
17.6069,LCP,8.0,0.0,121,0.8932639495224726,0.0,0.10673605047752743,0.8931786283269743,0.0,0.10682137167302579,0.1068213716730256,0.10673605047752928,8.532119549817252e-05,1.0,1.0
17.6098,LCP,8.0,0.0,121,0.8917468804878059,-1.1102230246251565e-16,0.10825311951219423,0.8915556100992911,0.0,0.10844438990070895,0.10844438990070963,0.10825311951219495,0.00019127038851540767,1.0,1.0
17.6127,LCP,8.0,0.0,121,0.8901586437870489,-1.1102230246251565e-16,0.10984135621295124,0.8898584482787385,0.0,0.11014155172126151,0.11014155172126101,0.10984135621295178,0.0003001955083097724,1.0,1.0
17.6156,LCP,8.0,0.0,121,0.8884960501188686,1.1102230246251565e-16,0.11150394988113137,0.8880830171205275,0.0,0.11191698287947248,0.11191698287947317,0.11150394988113246,0.00041303299834180573,1.0,1.0
17.6185,LCP,8.0,0.0,121,0.8867558551079385,-1.1102230246251565e-16,0.11324414489206153,0.8862249826546138,0.0,0.1137750173453862,0.1137750173453866,0.11324414489206089,0.0005308724533250736,1.0,1.0
17.6214,LCP,8.0,0.0,121,0.884934795021445,-2.220446049250313e-16,0.11506520497855517,0.8842798096808533,-1.1102230246251565e-16,0.11572019031914686,0.11572019031914679,0.11506520497855725,0.0006549853405916212,1.0,1.0
17.6243,LCP,8.0,0.0,121,0.8830296322846143,-3.3306690738754696e-16,0.11697036771538608,0.8822427732750342,0.0,0.11775722672496576,0.11775722672496709,0.11697036771538595,0.0007868590095810174,1.0,1.0
17.627200000000002,LCP,8.0,0.0,121,0.8810372130990731,-1.1102230246251565e-16,0.11896278690092699,0.8801089760671525,0.0,0.11989102393284742,0.11989102393284642,0.11896278690092772,0.0009282370319194377,1.0,1.0
17.6301,LCP,8.0,0.0,121,0.8789545397015599,-2.220446049250313e-16,0.12104546029844034,0.8778733727486883,0.0,0.12212662725131168,0.1221266272513126,0.12104546029843943,0.0010811669528722617,1.0,1.0
17.633,LCP,8.0,0.0,121,0.8767788599789771,0.0,0.12322114002102293,0.8755308034224346,0.0,0.12446919657756543,0.12446919657756439,0.12322114002102212,0.001248056556541463,1.0,1.0
17.6359,LCP,8.0,0.0,121,0.8745077772444174,-2.220446049250313e-16,0.1254922227555828,0.8730760374988613,-1.1102230246251565e-16,0.12692396250113877,0.12692396250114005,0.12549222275558136,0.0014317397455572423,1.0,1.0
17.6388,LCP,8.0,0.0,121,0.8721393829298589,0.0,0.12786061707014112,0.8705038298315597,-1.1102230246251565e-16,0.12949617016844042,0.1294961701684405,0.12786061707013996,0.0016355530982993804,1.0,1.0
17.6417,LCP,8.0,0.0,121,0.8696724146960799,0.0,0.13032758530392013,0.8678089906229571,-1.1102230246251565e-16,0.13219100937704298,0.13219100937704187,0.1303275853039188,0.0018634240731217333,1.0,1.0
17.6446,LCP,8.0,0.0,121,0.8671064419068538,1.1102230246251565e-16,0.13289355809314612,0.8649864702487876,0.0,0.1350135297512124,0.1350135297512116,0.13289355809314546,0.0021199716580654615,1.0,1.0
17.6475,LCP,8.0,0.0,121,0.8644420794540019,0.0,0.1355579205459981,0.8620314594648715,0.0,0.13796854053512847,0.1379685405351273,0.13555792054599886,0.002410619989129198,1.0,1.0
17.6504,LCP,8.0,0.0,121,0.8616812294186533,-1.1102230246251565e-16,0.13831877058134676,0.8589395043589695,-1.1102230246251565e-16,0.14106049564103057,0.14106049564102888,0.13831877058134692,0.0027417250596821208,1.0,1.0
17.6533,LCP,8.0,0.0,121,0.8588273478779547,-1.1102230246251565e-16,0.14117265212204544,0.8557066337730939,1.1102230246251565e-16,0.14429336622690603,0.14429336622690533,0.14117265212204652,0.003120714104859895,1.0,1.0
17.656200000000002,LCP,8.0,0.0,121,0.8558857311843945,1.1102230246251565e-16,0.14411426881560546,0.8523294945994584,0.0,0.14767050540054166,0.14767050540054288,0.14411426881560468,0.0035562365849374222,1.0,1.0
17.659100000000002,LCP,8.0,0.0,121,0.8528638121733896,0.0,0.14713618782661045,0.848805487205429,-1.1102230246251565e-16,0.15119451279457113,0.15119451279457283,0.1471361878266095,0.004058324967962379,1.0,1.0
17.662,LCP,8.0,0.0,121,0.8497714519913993,-2.220446049250313e-16,0.15022854800860092,0.8451328891347045,-1.1102230246251565e-16,0.1548671108652956,0.15486711086529617,0.15022854800860155,0.004638562856695255,1.0,1.0
17.6649,LCP,8.0,0.0,121,0.8466212077289111,1.1102230246251565e-16,0.15337879227108878,0.84131095008336,1.1102230246251565e-16,0.15868904991663993,0.15868904991664223,0.15337879227109025,0.005310257645553457,1.0,1.0
17.6678,LCP,8.0,0.0,121,0.8434285501542058,-1.1102230246251565e-16,0.15657144984579427,0.8373399349724533,0.0,0.16266006502754674,0.162660065027545,0.15657144984579588,0.006088615181750717,1.0,1.0
17.6707,LCP,8.0,0.0,121,0.8402120002224096,-1.1102230246251565e-16,0.15978799977759048,0.833221084893995,1.1102230246251565e-16,0.16677891510600484,0.1667789151060031,0.15978799977759248,0.006990915328412617,1.0,1.0
17.6736,LCP,8.0,0.0,121,0.836993148658188,0.0,0.163006851341812,0.8289564581602564,-1.1102230246251565e-16,0.17104354183974366,0.17104354183974343,0.1630068513418132,0.008036690497931431,1.0,1.0
17.6765,LCP,8.0,0.0,121,0.8337965210734688,0.0,0.16620347892653117,0.8245486062533083,1.1102230246251565e-16,0.17545139374669164,0.17545139374668864,0.1662034789265307,0.009247914820157466,1.0,1.0
17.6794,LCP,8.0,0.0,121,0.8306492532842558,2.220446049250313e-16,0.16935074671574404,0.8200000330069146,0.0,0.17999996699308535,0.17999996699308618,0.16935074671574385,0.010649220277342136,1.0,1.0
17.6823,LCP,8.0,0.0,121,0.8275805492009459,-1.1102230246251565e-16,0.17241945079905413,0.8153123808793937,-2.220446049250313e-16,0.1846876191206065,0.1846876191206082,0.1724194507990514,0.012268168321554057,1.0,1.0
17.685200000000002,LCP,8.0,0.0,121,0.8246209079376206,2.220446049250313e-16,0.17537909206237925,0.8104852866856103,0.0,0.1895147133143898,0.18951471331439051,0.1753790920623792,0.01413562125201126,1.0,1.0
17.6881,LCP,8.0,0.0,121,0.8218011277743943,1.1102230246251565e-16,0.17819887222560563,0.8055148512880587,-1.1102230246251565e-16,0.19448514871194147,0.1944851487119398,0.1781988722256048,0.016286276486334184,1.0,1.0
17.691000000000003,LCP,8.0,0.0,121,0.8191511210933504,0.0,0.1808488789066496,0.8003916733534471,-1.1102230246251565e-16,0.199608326646553,0.1996083266465509,0.18084887890665186,0.01875944773990129,1.0,1.0
17.6939,LCP,8.0,0.0,121,0.8166986034993664,-1.1102230246251565e-16,0.1833013965006337,0.7950984049552934,1.1102230246251565e-16,0.2049015950447065,0.2049015950447041,0.1833013965006307,0.021600198544070387,1.0,1.0
17.6968,LCP,8.0,0.0,121,0.814467747550176,0.0,0.18553225244982394,0.7896067935199312,0.0,0.21039320648006876,0.21039320648006998,0.1855322524498223,0.024860954030246046,1.0,1.0
17.6997,LCP,8.0,0.0,121,0.8124779114003209,-2.220446049250313e-16,0.18752208859967928,0.783874175719006,-1.1102230246251565e-16,0.21612582428099417,0.2161258242809897,0.1875220885996802,0.028603735681310416,1.0,1.0
17.7026,LCP,8.0,0.0,121,0.8107425599379074,0.0,0.18925744006209258,0.777839378653623,1.1102230246251565e-16,0.22216062134637693,0.22216062134637982,0.1892574400620924,0.032903181284287236,1.0,1.0
17.7055,LCP,8.0,0.0,121,0.8092684870113047,-1.1102230246251565e-16,0.19073151298869537,0.7714179565297441,-1.1102230246251565e-16,0.228582043470256,0.2285820434702574,0.1907315129886988,0.037850530481562034,1.0,1.0
17.7084,LCP,8.0,0.0,121,0.8080554214122403,1.1102230246251565e-16,0.19194457858775965,0.7644966440444007,-2.220446049250313e-16,0.23550335595559954,0.2355033559556002,0.19194457858775976,0.04355877736784056,1.0,1.0
17.7113,LCP,8.0,0.0,121,0.807096059314715,0.0,0.192903940685285,0.7569268440736927,0.0,0.24307315592630735,0.2430731559263025,0.19290394068528594,0.0501692152410175,1.0,1.0
17.7142,LCP,8.0,0.0,121,0.8063765180740157,2.220446049250313e-16,0.19362348192598414,0.7485169021959464,0.0,0.2514830978040537,0.25148309780404704,0.19362348192598564,0.0578596158780629,1.0,1.0
17.717100000000002,LCP,8.0,0.0,121,0.8058771588072835,0.0,0.19412284119271647,0.7390228915218124,2.220446049250313e-16,0.2609771084781874,0.2609771084781881,0.19412284119271686,0.06685426728547164,1.0,1.0
17.72,LCP,8.0,0.0,121,0.8055736861059881,-1.1102230246251565e-16,0.19442631389401197,0.7281377174643446,0.0,0.27186228253565536,0.27186228253566236,0.19442631389400872,0.0774359686416504,1.0,1.0
17.7229,LCP,8.0,0.0,121,0.8054384086852917,-1.1102230246251565e-16,0.1945615913147084,0.7154787131801394,-2.220446049250313e-16,0.2845212868198607,0.2845212868198616,0.1945615913147058,0.0899596955051532,1.0,1.0
17.7258,LCP,8.0,0.0,121,0.8054415375908835,-1.1102230246251565e-16,0.1945584624091165,0.7005748467685387,0.0,0.2994251532314614,0.29942515323145863,0.1945584624091191,0.10486669082234212,1.0,1.0
17.7287,LCP,8.0,0.0,121,0.805552408035725,-2.220446049250313e-16,0.19444759196427513,0.6828568026918074,0.0,0.31714319730819257,0.3171431973082009,0.19444759196427303,0.12269560534392576,1.0,1.0
17.7316,LCP,8.0,0.0,121,0.8057405334294654,-1.1102230246251565e-16,0.1942594665705347,0.661657625400423,1.1102230246251565e-16,0.33834237459957683,0.3383423745995785,0.1942594665705382,0.1440829080290438,1.0,1.0
17.7345,LCP,8.0,0.0,121,0.8059764304569537,-1.1102230246251565e-16,0.19402356954304645,0.6362401085162016,0.0,0.3637598914837984,0.36375989148379706,0.1940235695430439,0.1697363219407506,1.0,1.0
17.7374,LCP,8.0,0.0,121,0.8062321866554975,0.0,0.19376781334450258,0.6058819355403496,0.0,0.39411806445965036,0.3941180644596515,0.19376781334450285,0.2003502511151489,1.0,1.0
17.7403,LCP,8.0,0.0,121,0.8064817720776387,0.0,0.19351822792236126,0.570071363199979,2.220446049250313e-16,0.4299286368000208,0.42992863680002086,0.1935182279223615,0.2364104088776596,1.0,1.0
17.7432,LCP,8.0,0.0,121,0.8067011209031625,0.0,0.19329887909683754,0.5288863792918812,0.0,0.47111362070811885,0.4711136207081148,0.19329887909683793,0.2778147416112773,1.0,1.0
17.746100000000002,LCP,8.0,0.0,121,0.8068680253529679,0.0,0.1931319746470322,0.4836125210938349,-1.1102230246251565e-16,0.5163874789061652,0.5163874789061668,0.19313197464703438,0.3232555042591346,1.0,1.0
17.749000000000002,LCP,8.0,0.0,121,0.8069618923913828,0.0,0.19303810760861712,0.4375127449194257,0.0,0.5624872550805743,0.5624872550805717,0.19303810760861875,0.3694491474719546,1.0,1.0
17.7519,LCP,8.0,0.0,121,0.8069634140311976,0.0,0.19303658596880238,0.3963011836285972,5.551115123125783e-17,0.6036988163714028,0.6036988163714099,0.1930365859688045,0.4106622304026075,1.0,1.0
17.7548,LCP,8.0,0.0,121,0.8068541959634745,0.0,0.1931458040365255,0.36744024274094866,-1.1102230246251565e-16,0.6325597572590514,0.6325597572590537,0.19314580403652457,0.4394139532225282,1.0,1.0
17.7577,LCP,8.0,0.0,121,0.8066163786828695,0.0,0.19338362131713055,0.3576269337976924,1.1102230246251565e-16,0.6423730662023075,0.6423730662023076,0.19338362131713238,0.44898944488517706,1.0,1.0
17.7606,LCP,8.0,0.0,121,0.8062322724797417,-1.1102230246251565e-16,0.1937677275202584,0.3694730448420619,0.0,0.6305269551579381,0.6305269551579346,0.19376772752025792,0.43675922763767616,1.0,1.0
17.7635,LCP,8.0,0.0,121,0.8056840147746975,-1.1102230246251565e-16,0.19431598522530258,0.4000094910741921,-5.551115123125783e-17,0.599990508925808,0.5999905089258072,0.1943159852253024,0.4056745237005046,1.0,1.0
17.7664,LCP,8.0,0.0,121,0.8049532470213872,0.0,0.19504675297861285,0.44243465748479904,-1.1102230246251565e-16,0.5575653425152011,0.5575653425152042,0.1950467529786121,0.36251858953659133,1.0,1.0
17.7693,LCP,8.0,0.0,121,0.8040207999260627,1.1102230246251565e-16,0.19597920007393724,0.489428453063915,0.0,0.510571546936085,0.5105715469360844,0.19597920007393763,0.3145923468621472,1.0,1.0
17.7722,LCP,8.0,0.0,121,0.8028663704132663,-1.1102230246251565e-16,0.1971336295867338,0.535489837352743,0.0,0.464510162647257,0.4645101626472593,0.19713362958673503,0.2673765330605255,1.0,1.0
17.775100000000002,LCP,8.0,0.0,121,0.8014681713454759,0.0,0.19853182865452412,0.5775036963311895,0.0,0.42249630366881047,0.4224963036688119,0.19853182865452249,0.2239644750142878,1.0,1.0
17.778,LCP,8.0,0.0,121,0.7998025347635286,0.0,0.20019746523647142,0.6142355922500673,2.220446049250313e-16,0.38576440774993254,0.3857644077499325,0.20019746523647217,0.18556694251346106,1.0,1.0
17.7809,LCP,8.0,0.0,121,0.7978434504262266,0.0,0.2021565495737734,0.6455881913868788,0.0,0.35441180861312116,0.3544118086131189,0.20215654957377216,0.15225525903934548,1.0,1.0
17.7838,LCP,8.0,0.0,121,0.7955620228039637,0.0,0.20443797719603626,0.6720183826185806,0.0,0.32798161738141934,0.32798161738141984,0.20443797719603304,0.12354364018538358,1.0,1.0
17.7867,LCP,8.0,0.0,121,0.7929258307221907,1.1102230246251565e-16,0.2070741692778092,0.6941824712467035,0.0,0.30581752875329654,0.3058175287532942,0.20707416927780817,0.09874335947548502,1.0,1.0
17.7896,LCP,8.0,0.0,121,0.7898981741495059,0.0,0.21010182585049406,0.7127533098101024,2.220446049250313e-16,0.2872466901898974,0.28724669018990073,0.2101018258504934,0.07714486433940668,1.0,1.0
17.7925,LCP,8.0,0.0,121,0.7864371920885602,0.0,0.21356280791143983,0.7283405771405673,-1.1102230246251565e-16,0.2716594228594328,0.2716594228594336,0.2135628079114406,0.058096614947993785,1.0,1.0
17.7954,LCP,8.0,0.0,121,0.782494834408548,0.0,0.21750516559145205,0.7414651236653991,0.0,0.25853487633460087,0.258534876334602,0.21750516559145494,0.04102971074314993,1.0,1.0
17.7983,LCP,8.0,0.0,121,0.7780156693697041,0.0,0.22198433063029588,0.7525585894820146,0.0,0.24744141051798543,0.24744141051798527,0.22198433063029477,0.025457079887689388,1.0,1.0
17.8012,LCP,8.0,0.0,121,0.7729355086278451,-2.220446049250313e-16,0.22706449137215506,0.7619731655604294,-2.220446049250313e-16,0.2380268344395709,0.23802683443957126,0.2270644913721569,0.010962343067416197,1.0,1.0
17.804100000000002,LCP,8.0,0.0,121,0.7671798344275385,-1.1102230246251565e-16,0.23282016557246163,0.7699941944726103,-2.220446049250313e-16,0.23000580552738986,0.23000580552739225,0.23282016557246063,0.0028143600450693806,1.0,1.0
17.807000000000002,LCP,8.0,0.0,121,0.7606620222766202,0.0,0.23933797772337984,0.7768524055973991,0.0,0.22314759440260096,0.22314759440260232,0.23933797772338208,0.01619038332077752,1.0,1.0
17.8099,LCP,8.0,0.0,121,0.7532813710321988,0.0,0.24671862896780122,0.7827345910466966,-1.1102230246251565e-16,0.21726540895330346,0.21726540895330568,0.24671862896780347,0.029453220014495546,1.0,1.0
17.8128,LCP,8.0,0.0,121,0.7449209879186758,0.0,0.25507901208132416,0.7877924527828901,0.0,0.21220754721710994,0.21220754721710888,0.255079012081324,0.04287146486421528,1.0,1.0
17.8157,LCP,8.0,0.0,121,0.7354456393581947,0.0,0.2645543606418053,0.7921497374182264,1.1102230246251565e-16,0.2078502625817735,0.2078502625817751,0.26455436064180665,0.05670409806003021,1.0,1.0
17.8186,LCP,8.0,0.0,121,0.7246997862534131,1.1102230246251565e-16,0.2753002137465868,0.7959079071797756,0.0,0.20409209282022442,0.20409209282022453,0.27530021374658803,0.07120812092636228,1.0,1.0
17.8215,LCP,8.0,0.0,121,0.7125061994878005,1.1102230246251565e-16,0.2874938005121994,0.7991506148359435,0.0,0.20084938516405648,0.2008493851640552,0.28749380051220164,0.08664441534814421,1.0,1.0
17.8244,LCP,8.0,0.0,121,0.6986658337105545,0.0,0.30133416628944554,0.8019472248795976,0.0,0.19805277512040242,0.1980527751204017,0.3013341662894456,0.10328139116904383,1.0,1.0
17.8273,LCP,8.0,0.0,121,0.6829600726124653,-1.1102230246251565e-16,0.3170399273875348,0.8043555841652461,0.0,0.19564441583475392,0.19564441583475362,0.31703992738753545,0.12139551155278117,1.0,1.0
17.8302,LCP,8.0,0.0,121,0.6651571017571671,1.1102230246251565e-16,0.33484289824283275,0.806424205904363,0.0,0.193575794095637,0.19357579409563713,0.33484289824283553,0.14126710414719562,1.0,1.0
17.8331,LCP,8.0,0.0,121,0.6450250579796848,1.1102230246251565e-16,0.3549749420203151,0.8081939964746492,0.0,0.1918060035253508,0.19180600352535213,0.35497494202031465,0.16316893849496297,1.0,1.0
17.836000000000002,LCP,8.0,0.0,121,0.622355724275327,0.0,0.377644275724673,0.8096996261506962,0.0,0.19030037384930373,0.19030037384930176,0.3776442757246762,0.18734390187537125,1.0,1.0
17.838900000000002,LCP,8.0,0.0,121,0.597003680396889,0.0,0.40299631960311105,0.8109706223012598,1.1102230246251565e-16,0.18902937769874004,0.18902937769873973,0.4029963196031112,0.21396694190437132,1.0,1.0
17.8418,LCP,8.0,0.0,121,0.5689463765650338,0.0,0.4310536234349663,0.8120322459782356,0.0,0.18796775402176435,0.1879677540217668,0.4310536234349669,0.24308586941319948,1.0,1.0
17.8447,LCP,8.0,0.0,121,0.5383692462723905,1.1102230246251565e-16,0.4616307537276095,0.8129061991894775,1.1102230246251565e-16,0.18709380081052243,0.18709380081052265,0.46163075372760487,0.2745369529170868,1.0,1.0
17.8476,LCP,8.0,0.0,121,0.5057744056774143,1.1102230246251565e-16,0.4942255943225856,0.8136111996503841,0.0,0.18638880034961597,0.18638880034961355,0.4942255943225827,0.30783679397297203,1.0,1.0
17.8505,LCP,8.0,0.0,121,0.4720987527396132,0.0,0.5279012472603868,0.8141634517221468,1.1102230246251565e-16,0.18583654827785315,0.18583654827785268,0.5279012472603869,0.3420646989825341,1.0,1.0
17.8534,LCP,8.0,0.0,121,0.4388058889357459,0.0,0.5611941110642541,0.8145770359930926,-1.1102230246251565e-16,0.18542296400690753,0.18542296400690841,0.5611941110642572,0.3757711470573457,1.0,1.0
17.8563,LCP,8.0,0.0,121,0.40789118978953764,1.1102230246251565e-16,0.5921088102104622,0.8148642350903144,-1.1102230246251565e-16,0.18513576490968578,0.18513576490968509,0.5921088102104621,0.40697304530077716,1.0,1.0
17.8592,LCP,8.0,0.0,121,0.3817280954806961,0.0,0.6182719045193039,0.8150358094757504,-1.1102230246251565e-16,0.1849641905242497,0.1849641905242484,0.6182719045193011,0.4333077139950555,1.0,1.0
17.8621,LCP,8.0,0.0,121,0.36271480970840037,5.551115123125783e-17,0.6372851902915996,0.8151012339274404,0.0,0.18489876607255967,0.18489876607255906,0.6372851902915986,0.4523864242190405,1.0,1.0
17.865000000000002,LCP,8.0,0.0,121,0.3527707579286223,-5.551115123125783e-17,0.6472292420713778,0.8150689029522766,0.0,0.18493109704772337,0.18493109704772406,0.6472292420713783,0.46229814502365374,1.0,1.0
17.8679,LCP,8.0,0.0,121,0.35284741602698777,-1.1102230246251565e-16,0.6471525839730123,0.8149463113956581,-1.1102230246251565e-16,0.185053688604342,0.18505368860434063,0.6471525839730131,0.4620988953686717,1.0,1.0
17.8708,LCP,8.0,0.0,121,0.36266811380460157,-5.551115123125783e-17,0.6373318861953985,0.8147402149208214,-1.1102230246251565e-16,0.1852597850791787,0.1852597850791784,0.6373318861953985,0.4520721011162201,1.0,1.0
17.8737,LCP,8.0,0.0,121,0.38082447838456324,0.0,0.6191755216154368,0.8144567737627288,1.1102230246251565e-16,0.18554322623727104,0.18554322623727212,0.619175521615437,0.4336322953781646,1.0,1.0
17.8766,LCP,8.0,0.0,121,0.4051762741505607,0.0,0.5948237258494393,0.8141016821547586,0.0,0.1858983178452413,0.18589831784524324,0.5948237258494401,0.4089254080041961,1.0,1.0
17.8795,LCP,8.0,0.0,121,0.43336279872021294,-5.551115123125783e-17,0.5666372012797871,0.813680285017083,-1.1102230246251565e-16,0.18631971498291708,0.186319714982917,0.5666372012797887,0.3803174862968701,1.0,1.0
17.8824,LCP,8.0,0.0,121,0.46322950443078803,1.1102230246251565e-16,0.5367704955692119,0.8131976828121433,0.0,0.18680231718785667,0.18680231718785759,0.5367704955692105,0.3499681783813543,1.0,1.0
17.8853,LCP,8.0,0.0,121,0.4930707931676937,-1.6653345369377348e-16,0.5069292068323065,0.8126588248435911,0.0,0.1873411751564089,0.18734117515641016,0.5069292068323072,0.31958803167589633,1.0,1.0
17.8882,LCP,8.0,0.0,121,0.5216953764528771,0.0,0.4783046235471229,0.8120685906486336,0.0,0.1879314093513664,0.18793140935136712,0.478304623547124,0.2903732141957558,1.0,1.0
17.8911,LCP,8.0,0.0,121,0.5483754276670005,0.0,0.4516245723329995,0.8114318584834481,-1.1102230246251565e-16,0.18856814151655196,0.1885681415165516,0.45162457233299996,0.2630564308164479,1.0,1.0
17.894000000000002,LCP,8.0,0.0,121,0.5727448307250869,-1.1102230246251565e-16,0.42725516927491325,0.8107535592456103,0.0,0.18924644075438973,0.1892464407543886,0.4272551692749127,0.23800872852052465,1.0,1.0
17.896900000000002,LCP,8.0,0.0,121,0.5946914765513993,0.0,0.40530852344860074,0.8100387135836183,0.0,0.18996128641638163,0.18996128641638102,0.4053085234485998,0.21534723703221972,1.0,1.0
17.8998,LCP,8.0,0.0,121,0.6142658792491986,0.0,0.38573412075080143,0.8092924495263238,2.220446049250313e-16,0.190707550473676,0.19070755047367532,0.3857341207508013,0.1950265702771261,1.0,1.0
17.9027,LCP,8.0,0.0,121,0.6316126713109014,0.0,0.3683873286890987,0.8085199978743307,0.0,0.19148000212566932,0.1914800021256698,0.3683873286890986,0.1769073265634289,1.0,1.0
17.9056,LCP,8.0,0.0,121,0.64692342691904,0.0,0.35307657308095997,0.8077266629900519,-1.1102230246251565e-16,0.1922733370099482,0.19227333700994872,0.3530765730809595,0.16080323607101124,1.0,1.0
17.9085,LCP,8.0,0.0,121,0.6604063138702868,0.0,0.3395936861297132,0.8069177676334733,-2.220446049250313e-16,0.19308223236652686,0.1930822323665268,0.3395936861297141,0.1465114537631864,1.0,1.0
17.9114,LCP,8.0,0.0,121,0.672267812185658,0.0,0.32773218781434205,0.806098572171108,-1.1102230246251565e-16,0.19390142782889205,0.193901427828893,0.3277321878143421,0.13383075998544905,1.0,1.0
17.9143,LCP,8.0,0.0,121,0.6827025394008561,0.0,0.3172974605991439,0.8052741707713726,0.0,0.19472582922862738,0.1947258292286273,0.3172974605991448,0.12257163137051658,1.0,1.0
17.9172,LCP,8.0,0.0,121,0.6918882513304985,1.1102230246251565e-16,0.3081117486695014,0.8044493698742738,0.0,0.19555063012572618,0.19555063012572602,0.308111748669503,0.1125611185437754,1.0,1.0
17.9201,LCP,8.0,0.0,121,0.6999839969619983,0.0,0.30001600303800163,0.8036285569202681,0.0,0.19637144307973184,0.19637144307973256,0.3000160030380023,0.10364455995826907,1.0,1.0
17.923000000000002,LCP,8.0,0.0,121,0.7071301014158227,0.0,0.29286989858417734,0.8028155695667476,0.0,0.19718443043325246,0.19718443043325157,0.29286989858417783,0.09568546815092577,1.0,1.0
17.9259,LCP,8.0,0.0,121,0.7134491412736432,0.0,0.2865508587263568,0.8020135769127654,0.0,0.19798642308723455,0.19798642308723471,0.2865508587263594,0.08856443563912211,1.0,1.0
17.928800000000003,LCP,8.0,0.0,121,0.719047404689066,-3.3306690738754696e-16,0.2809525953109343,0.8012249841894434,-1.1102230246251565e-16,0.19877501581055665,0.19877501581055704,0.2809525953109346,0.08217757950037727,1.0,1.0
17.9317,LCP,8.0,0.0,121,0.7240165395385547,0.0,0.27598346046144534,0.8004513707620586,0.0,0.19954862923794142,0.19954862923794048,0.2759834604614458,0.07643483122350486,1.0,1.0
17.9346,LCP,8.0,0.0,121,0.7284352235345015,0.0,0.2715647764654985,0.7996934682310095,-2.220446049250313e-16,0.20030653176899066,0.20030653176899058,0.2715647764654975,0.0712582446965079,1.0,1.0
17.9375,LCP,8.0,0.0,121,0.7323707681858576,0.0,0.26762923181414244,0.7989511813136793,-1.1102230246251565e-16,0.2010488186863208,0.20104881868632105,0.26762923181414217,0.0665804131278214,1.0,1.0
17.9404,LCP,8.0,0.0,121,0.7358806131190629,-1.1102230246251565e-16,0.26411938688093717,0.7982236496762485,0.0,0.20177635032375155,0.20177635032375016,0.264119386880938,0.06234303655718701,1.0,1.0
17.9433,LCP,8.0,0.0,121,0.7390136916392045,0.0,0.26098630836079545,0.797509344690716,-1.1102230246251565e-16,0.2024906553092841,0.2024906553092847,0.26098630836079467,0.05849565305151075,1.0,1.0
17.9462,LCP,8.0,0.0,121,0.7418116611388612,-2.220446049250313e-16,0.25818833886113896,0.7968061918765397,0.0,0.2031938081234603,0.2031938081234606,0.2581883388611395,0.05499453073767835,1.0,1.0
17.9491,LCP,8.0,0.0,121,0.7443099984683793,1.1102230246251565e-16,0.25569000153162064,0.7961117079854934,1.1102230246251565e-16,0.2038882920145065,0.2038882920145049,0.2556900015316207,0.05180170951711574,1.0,1.0
17.952,LCP,8.0,0.0,121,0.7465389638863433,0.0,0.2534610361136566,0.7954231414417068,0.0,0.20457685855829325,0.20457685855829383,0.25346103611365706,0.048884177555362784,1.0,1.0
17.954900000000002,LCP,8.0,0.0,121,0.7485244394402584,0.0,0.25147556055974163,0.7947376059976189,-1.1102230246251565e-16,0.2052623940023812,0.20526239400237847,0.25147556055974274,0.046213166557363156,1.0,1.0
17.9578,LCP,8.0,0.0,121,0.7502886493628201,1.1102230246251565e-16,0.24971135063717975,0.7940521996280403,0.0,0.20594780037195973,0.20594780037195967,0.24971135063718092,0.04376355026522008,1.0,1.0
17.9607,LCP,8.0,0.0,121,0.7518507715386124,1.1102230246251565e-16,0.24814922846138757,0.7933641033680772,-1.1102230246251565e-16,0.20663589663192294,0.20663589663192325,0.24814922846138765,0.04151333182946432,1.0,1.0
17.9636,LCP,8.0,0.0,121,0.7532274502638627,-2.220446049250313e-16,0.24677254973613744,0.7926706575287878,0.0,0.20732934247121218,0.2073293424712121,0.2467725497361378,0.03944320726492534,1.0,1.0
17.9665,LCP,8.0,0.0,121,0.7544332212938969,-1.1102230246251565e-16,0.2455667787061032,0.7919694151196608,-2.220446049250313e-16,0.20803058488033946,0.20803058488033835,0.24556677870610216,0.03753619382576484,1.0,1.0
17.9694,LCP,8.0,0.0,121,0.755480860470101,0.0,0.24451913952989904,0.7912581741420974,0.0,0.20874182585790252,0.20874182585790294,0.24451913952989907,0.0357773136719961,1.0,1.0
17.9723,LCP,8.0,0.0,121,0.7563816670407195,0.0,0.24361833295928043,0.7905349916135909,0.0,0.2094650083864091,0.2094650083864097,0.24361833295928081,0.034153324572870736,1.0,1.0
17.9752,LCP,8.0,0.0,121,0.7571456922014228,0.0,0.2428543077985772,0.7897981827792879,0.0,0.21020181722071207,0.210201817220713,0.2428543077985772,0.03265249057786421,1.0,1.0
17.9781,LCP,8.0,0.0,121,0.7577819224875566,0.0,0.24221807751244337,0.7890463090822808,1.1102230246251565e-16,0.21095369091771907,0.2109536909177201,0.242218077512443,0.031264386594723276,1.0,1.0
17.981,LCP,8.0,0.0,121,0.7582984265717443,0.0,0.24170157342825574,0.7882781582411964,0.0,0.21172184175880357,0.21172184175880362,0.24170157342825543,0.029979731669452114,1.0,1.0
17.983900000000002,LCP,8.0,0.0,121,0.7587024728722703,-1.1102230246251565e-16,0.2412975271277298,0.7874927193650088,-1.1102230246251565e-16,0.21250728063499136,0.21250728063499133,0.2412975271277299,0.02879024649273848,1.0,1.0
17.986800000000002,LCP,8.0,0.0,121,0.7590006242483252,-1.1102230246251565e-16,0.24099937575167496,0.7866891555346904,0.0,0.21331084446530954,0.21331084446530893,0.2409993757516745,0.02768853128636603,1.0,1.0
17.9897,LCP,8.0,0.0,121,0.7591988150137061,0.0,0.24080118498629385,0.7858667757816836,0.0,0.2141332242183164,0.21413322421831688,0.24080118498629327,0.026667960767976978,1.0,1.0
17.9926,LCP,8.0,0.0,121,0.7593024145763332,-1.1102230246251565e-16,0.24069758542366695,0.7850250079426142,1.1102230246251565e-16,0.2149749920573857,0.2149749920573861,0.24069758542366684,0.025722593366280855,1.0,1.0
17.9955,LCP,8.0,0.0,121,0.7593162812248635,0.0,0.24068371877513653,0.7841633734930046,0.0,0.2158366265069954,0.2158366265069953,0.24068371877513633,0.02484709226814122,1.0,1.0
17.9984,LCP,8.0,0.0,121,0.7592448089353354,-1.1102230246251565e-16,0.2407551910646647,0.7832814651651925,0.0,0.21671853483480746,0.21671853483480763,0.24075519106466542,0.024036656229857067,1.0,1.0
18.0013,LCP,8.0,0.0,121,0.7590919695523646,0.0,0.24090803044763545,0.7823789279344739,0.0,0.21762107206552608,0.21762107206552664,0.24090803044763673,0.023286958382108813,1.0,1.0
18.0042,LCP,8.0,0.0,121,0.7588613522979886,1.1102230246251565e-16,0.24113864770201132,0.7814554438034613,1.1102230246251565e-16,0.21854455619653856,0.2185445561965382,0.24113864770201146,0.02259409150547312,1.0,1.0
18.0071,LCP,8.0,0.0,121,0.7585562022585453,0.0,0.2414437977414547,0.7805107207173594,1.1102230246251565e-16,0.21948927928264053,0.21948927928264075,0.24144379774145527,0.021954518458813937,1.0,1.0
18.01,LCP,8.0,0.0,121,0.7581794592830358,0.0,0.24182054071696424,0.7795444858932521,0.0,0.22045551410674796,0.2204555141067475,0.24182054071696427,0.021365026610216747,1.0,1.0
18.012900000000002,LCP,8.0,0.0,121,0.7577337985767777,-1.1102230246251565e-16,0.2422662014232224,0.7785564838348082,2.220446049250313e-16,0.2214435161651916,0.221443516165192,0.24226620142322233,0.020822685258030382,1.0,1.0
18.0158,LCP,8.0,0.0,121,0.7572216741750953,0.0,0.24277832582490466,0.7775464793211243,-1.1102230246251565e-16,0.22245352067887575,0.22245352067887542,0.24277832582490372,0.020324805146029246,1.0,1.0
18.0187,LCP,8.0,0.0,121,0.7566453664175746,-1.1102230246251565e-16,0.24335463358242548,0.776514265697243,-1.1102230246251565e-16,0.22348573430275706,0.22348573430275678,0.24335463358242568,0.0198688992796687,1.0,1.0
18.0216,LCP,8.0,0.0,121,0.7560070344921429,0.0,0.24399296550785707,0.7754596788434617,0.0,0.22454032115653833,0.2245403211565387,0.24399296550785599,0.019452644351318354,1.0,1.0
18.0245,LCP,8.0,0.0,121,0.7553087750575846,1.1102230246251565e-16,0.24469122494241524,0.7743826172510112,0.0,0.22561738274898882,0.2256173827489889,0.244691224942415,0.019073842193426338,1.0,1.0
18.0274,LCP,8.0,0.0,121,0.7545526878546454,0.0,0.24544731214535467,0.7732830686687961,0.0,0.2267169313312039,0.22671693133120374,0.24544731214535354,0.018730380814150932,1.0,1.0
18.0303,LCP,8.0,0.0,121,0.7537409490478908,-1.1102230246251565e-16,0.2462590509521093,0.7721611437943939,-1.1102230246251565e-16,0.22783885620560623,0.22783885620560637,0.24625905095210887,0.018420194746502916,1.0,1.0
18.0332,LCP,8.0,0.0,121,0.7528758927629617,-1.1102230246251565e-16,0.24712410723703837,0.7710171174417897,-1.1102230246251565e-16,0.2289828825582104,0.2289828825582103,0.24712410723703793,0.01814122467882806,1.0,1.0
18.0361,LCP,8.0,0.0,121,0.751960100856244,1.1102230246251565e-16,0.24803989914375588,0.7698514775054188,-1.1102230246251565e-16,0.2301485224945813,0.23014852249458204,0.24803989914375574,0.01789137664917384,1.0,1.0
18.039,LCP,8.0,0.0,121,0.7509965003305421,0.0,0.24900349966945792,0.7686649818276583,0.0,0.23133501817234164,0.23133501817234317,0.24900349966945737,0.017668481497114752,1.0,1.0
18.041900000000002,LCP,8.0,0.0,121,0.7499884669526216,-2.220446049250313e-16,0.2500115330473786,0.7674587227364804,-2.220446049250313e-16,0.23254127726351975,0.23254127726351978,0.2500115330473785,0.01747025578385883,1.0,1.0
18.044800000000002,LCP,8.0,0.0,121,0.748939932503766,0.0,0.25106006749623394,0.7662341985204135,-1.1102230246251565e-16,0.23376580147958656,0.23376580147958628,0.2510600674962339,0.017294266016647658,1.0,1.0
18.0477,LCP,8.0,0.0,121,0.7478554917007956,0.0,0.25214450829920443,0.7649933904257719,-1.1102230246251565e-16,0.2350066095742283,0.23500660957422861,0.2521445082992043,0.017137898724975814,1.0,1.0
18.0506,LCP,8.0,0.0,121,0.7467405031916694,1.1102230246251565e-16,0.2532594968083305,0.7637388428788903,0.0,0.23626115712110976,0.23626115712110984,0.25325949680833176,0.016998339687220643,1.0,1.0
18.0535,LCP,8.0,0.0,121,0.7456011772502941,-1.1102230246251565e-16,0.254398822749706,0.7624737435591882,0.0,0.2375262564408118,0.23752625644081213,0.25439882274970665,0.01687256630889386,1.0,1.0
18.0564,LCP,8.0,0.0,121,0.7444446410336989,0.0,0.2555553589663011,0.7612019987085041,0.0,0.2387980012914959,0.23879800129149575,0.2555553589663008,0.01675735767480535,1.0,1.0
18.0593,LCP,8.0,0.0,121,0.7432789707799983,0.0,0.2567210292200018,0.7599282977360631,-1.1102230246251565e-16,0.240071702263937,0.2400717022639367,0.2567210292200018,0.01664932695606508,1.0,1.0
18.0622,LCP,8.0,0.0,121,0.7421131794583709,-1.1102230246251565e-16,0.25788682054162926,0.7586581598922848,0.0,0.24134184010771514,0.24134184010771478,0.25788682054162915,0.016544980433914475,1.0,1.0
18.0651,LCP,8.0,0.0,121,0.7409571485469295,-1.1102230246251565e-16,0.2590428514530706,0.7573979547288443,-2.220446049250313e-16,0.24260204527115586,0.24260204527115659,0.2590428514530703,0.016440806181914014,1.0,1.0
18.068,LCP,8.0,0.0,121,0.7398214942302996,0.0,0.2601785057697003,0.7561548874797542,-1.1102230246251565e-16,0.24384511252024588,0.24384511252024613,0.2601785057697001,0.01633339324945418,1.0,1.0
18.0709,LCP,8.0,0.0,121,0.7387173617217272,0.0,0.2612826382782728,0.7549369406725146,0.0,0.24506305932748537,0.2450630593274853,0.26128263827827286,0.016219578950787517,1.0,1.0
18.073800000000002,LCP,8.0,0.0,121,0.737656146776194,0.0,0.262343853223806,0.7537527644952666,-1.1102230246251565e-16,0.2462472355047335,0.24624723550473362,0.26234385322380643,0.016096617719072365,1.0,1.0
18.076700000000002,LCP,8.0,0.0,121,0.7366491506016711,0.0,0.26335084939832887,0.7526115109345486,0.0,0.24738848906545147,0.2473884890654513,0.26335084939832887,0.015962360332877568,1.0,1.0
18.0796,LCP,8.0,0.0,121,0.7357071827169648,1.1102230246251565e-16,0.2642928172830351,0.7515226105626682,0.0,0.24847738943733183,0.2484773894373321,0.2642928172830353,0.015815427845703,1.0,1.0
18.0825,LCP,8.0,0.0,121,0.7348401348310418,0.0,0.2651598651689582,0.7504954959934906,0.0,0.24950450400650934,0.24950450400650942,0.26515986516895795,0.015655361162448755,1.0,1.0
18.0854,LCP,8.0,0.0,121,0.7340565561767529,0.0,0.2659434438232471,0.7495392820773903,0.0,0.2504607179226097,0.2504607179226101,0.26594344382324675,0.015482725900636984,1.0,1.0
18.0883,LCP,8.0,0.0,121,0.7333632654445463,-1.1102230246251565e-16,0.2666367345554538,0.7486624192242579,0.0,0.25133758077574203,0.2513375807757421,0.2666367345554535,0.015299153779711694,1.0,1.0
18.0912,LCP,8.0,0.0,121,0.7327650352466322,-1.1102230246251565e-16,0.26723496475336794,0.7478723419377286,1.1102230246251565e-16,0.2521276580622714,0.25212765806227183,0.2672349647533678,0.015107306691096112,1.0,1.0
18.0941,LCP,8.0,0.0,121,0.73226438115957,0.0,0.26773561884042996,0.7471751386985843,0.0,0.2528248613014157,0.2528248613014157,0.2677356188404298,0.014910757539014274,1.0,1.0
18.097,LCP,8.0,0.0,121,0.7318614789001998,0.0,0.26813852109980024,0.7465752707857722,0.0,0.25342472921422776,0.2534247292142276,0.26813852109980024,0.014713791885572647,1.0,1.0
18.0999,LCP,8.0,0.0,121,0.7315542210527898,-1.1102230246251565e-16,0.2684457789472103,0.746075365787551,0.0,0.253924634212449,0.253924634212449,0.2684457789472104,0.014521144734761293,1.0,1.0
18.102800000000002,LCP,8.0,0.0,121,0.7313384107019965,0.0,0.2686615892980036,0.7456761062298037,-1.1102230246251565e-16,0.2543238937701963,0.2543238937701961,0.2686615892980043,0.014337695527807504,1.0,1.0
18.1057,LCP,8.0,0.0,121,0.7312080754851831,-1.1102230246251565e-16,0.26879192451481704,0.7453762253551117,1.1102230246251565e-16,0.25462377464488817,0.2546237746448883,0.26879192451481726,0.014168149869928759,1.0,1.0
18.1086,LCP,8.0,0.0,121,0.731155874053094,1.1102230246251565e-16,0.2688441259469059,0.7451726116571447,0.0,0.2548273883428554,0.2548273883428557,0.2688441259469066,0.0140167376040502,1.0,1.0
18.1115,LCP,8.0,0.0,121,0.7311735593283246,-2.220446049250313e-16,0.26882644067167555,0.7450605128089938,0.0,0.2549394871910062,0.2549394871910063,0.2688264406716753,0.013886953480669262,1.0,1.0
18.1144,LCP,8.0,0.0,121,0.7312524600694981,0.0,0.26874753993050193,0.7450338197771098,-1.1102230246251565e-16,0.2549661802228903,0.2549661802228901,0.2687475399305021,0.013781359707611851,1.0,1.0
18.1173,LCP,8.0,0.0,121,0.7313839439970526,0.0,0.2686160560029474,0.7450854046665468,0.0,0.2549145953334532,0.2549145953334532,0.26861605600294736,0.013701460669494236,1.0,1.0
18.1202,LCP,8.0,0.0,121,0.731559831256833,0.0,0.26844016874316706,0.7452074821741228,-2.220446049250313e-16,0.25479251782587736,0.2547925178258775,0.2684401687431669,0.013647650917289589,1.0,1.0
18.1231,LCP,8.0,0.0,121,0.731772734974782,0.0,0.268227265025218,0.7453919647436982,-1.1102230246251565e-16,0.25460803525630193,0.25460803525630193,0.26822726502521815,0.013619229768916052,1.0,1.0
18.126,LCP,8.0,0.0,121,0.7320163146510901,0.0,0.26798368534891,0.7456307852472104,0.0,0.25436921475278956,0.2543692147527896,0.2679836853489098,0.013614470596120365,1.0,1.0
18.1289,LCP,8.0,0.0,121,0.7322854368937206,0.0,0.2677145631062794,0.7459161673615614,-1.1102230246251565e-16,0.25408383263843876,0.25408383263843837,0.26771456310627945,0.013630730467841023,1.0,1.0
18.131800000000002,LCP,8.0,0.0,121,0.7325762455934388,0.0,0.26742375440656124,0.7462408315971574,0.0,0.2537591684028427,0.2537591684028424,0.26742375440656124,0.013664586003718837,1.0,1.0
18.134700000000002,LCP,8.0,0.0,121,0.7328861495917067,0.0,0.2671138504082932,0.7465981329576831,-1.1102230246251565e-16,0.25340186704231704,0.25340186704231704,0.2671138504082931,0.013711983365976177,1.0,1.0
18.1376,LCP,8.0,0.0,121,0.7332137400301968,0.0,0.26678625996980315,0.746982133440283,0.0,0.25301786655971703,0.2530178665597171,0.2667862599698031,0.013768393410086066,1.0,1.0
18.1405,LCP,8.0,0.0,121,0.7335586519716194,-1.1102230246251565e-16,0.2664413480283807,0.7473876182686128,0.0,0.2526123817313873,0.25261238173138756,0.26644134802838065,0.01382896629699315,1.0,1.0
18.1434,LCP,8.0,0.0,121,0.7339213857511288,0.0,0.26607861424887125,0.7478100684529287,0.0,0.2521899315470713,0.2521899315470712,0.26607861424887125,0.013888682701800048,1.0,1.0
18.1463,LCP,8.0,0.0,121,0.7343031031258757,0.0,0.26569689687412434,0.7482456038599337,0.0,0.25175439614006634,0.25175439614006634,0.26569689687412423,0.013942500734058005,1.0,1.0
18.1492,LCP,8.0,0.0,121,0.7347054119484271,1.1102230246251565e-16,0.2652945880515728,0.7486909105872375,0.0,0.2513090894127626,0.2513090894127626,0.26529458805157274,0.013985498638810212,1.0,1.0
18.1521,LCP,8.0,0.0,121,0.735130151152833,0.0,0.2648698488471671,0.7491431644371591,0.0,0.25085683556284094,0.2508568355628406,0.26486984884716724,0.01401301328432647,1.0,1.0
18.155,LCP,8.0,0.0,121,0.7355791856927001,0.0,0.26442081430729997,0.7495999592014797,1.1102230246251565e-16,0.2504000407985202,0.25040004079852,0.2644208143072999,0.014020773508779949,1.0,1.0
18.1579,LCP,8.0,0.0,121,0.7360542190726074,-2.220446049250313e-16,0.26394578092739285,0.7500592449245811,-2.220446049250313e-16,0.24994075507541907,0.2499407550754191,0.2639457809273926,0.014005025851973746,1.0,1.0
18.160800000000002,LCP,8.0,0.0,121,0.7365566295191592,0.0,0.2634433704808408,0.7505192779150627,2.220446049250313e-16,0.24948072208493713,0.2494807220849371,0.26344337048084077,0.01396264839590372,1.0,1.0
18.1637,LCP,8.0,0.0,121,0.737087334713654,0.0,0.26291266528634605,0.7509785815290968,-1.1102230246251565e-16,0.24902141847090328,0.24902141847090337,0.26291266528634655,0.013891246815442682,1.0,1.0
18.166600000000003,LCP,8.0,0.0,121,0.7376466891928921,0.0,0.2623533108071079,0.7514359149604815,0.0,0.24856408503951852,0.24856408503951852,0.2623533108071078,0.01378922576758937,1.0,1.0
18.1695,LCP,8.0,0.0,121,0.7382344176925308,0.0,0.26176558230746916,0.7518902465305428,-1.1102230246251565e-16,0.2481097534694573,0.2481097534694573,0.2617655823074692,0.013655828838011863,1.0,1.0
18.1724,LCP,8.0,0.0,121,0.7388495864940918,0.0,0.2611504135059081,0.7523407281529016,-1.1102230246251565e-16,0.24765927184709852,0.24765927184709866,0.26115041350590806,0.013491141658809463,1.0,1.0
18.1753,LCP,8.0,0.0,121,0.7394906130063134,0.0,0.26050938699368664,0.7527866684833877,1.1102230246251565e-16,0.24721333151661218,0.2472133315166121,0.2605093869936867,0.013296055477074548,1.0,1.0
18.1782,LCP,8.0,0.0,121,0.7401553113837882,0.0,0.2598446886162118,0.7532275034223916,0.0,0.2467724965776084,0.2467724965776081,0.25984468861621196,0.013072192038603686,1.0,1.0
18.1811,LCP,8.0,0.0,121,0.7408409692583553,0.0,0.25915903074164476,0.7536627638005983,0.0,0.24633723619940173,0.24633723619940148,0.25915903074164476,0.012821794542243276,1.0,1.0
18.184,LCP,8.0,0.0,121,0.7415444481217046,-2.220446049250313e-16,0.25845555187829555,0.7540920410131458,-2.220446049250313e-16,0.2459079589868544,0.2459079589868545,0.25845555187829555,0.012547592891441056,1.0,1.0
18.1869,LCP,8.0,0.0,121,0.7422622980742102,0.0,0.2577377019257898,0.7545149519466505,0.0,0.24548504805334947,0.24548504805334972,0.25773770192578993,0.012252653872440095,1.0,1.0
18.1898,LCP,8.0,0.0,121,0.7429908769247118,0.0,0.25700912307528817,0.754931104746779,1.1102230246251565e-16,0.24506889525322084,0.24506889525322073,0.2570091230752884,0.01194022782206744,1.0,1.0
18.192700000000002,LCP,8.0,0.0,121,0.7437264641252721,0.0,0.2562735358747279,0.7553400668700161,0.0,0.2446599331299839,0.24465993312998394,0.25627353587472795,0.011613602744743962,1.0,1.0
18.1956,LCP,8.0,0.0,121,0.7444653616215637,-1.1102230246251565e-16,0.2555346383784364,0.7557413365654808,0.0,0.24425866343451916,0.24425866343451919,0.2555346383784364,0.011275974943917189,1.0,1.0
18.1985,LCP,8.0,0.0,121,0.7452039760644438,0.0,0.25479602393555617,0.7561343185693723,0.0,0.2438656814306277,0.24386568143062784,0.2547960239355562,0.010930342504928331,1.0,1.0
18.2014,LCP,8.0,0.0,121,0.7459388795421,-2.220446049250313e-16,0.25406112045790014,0.7565183044742423,1.1102230246251565e-16,0.24348169552575757,0.24348169552575752,0.25406112045790014,0.010579424932142617,1.0,1.0
18.2043,LCP,8.0,0.0,121,0.7466668486465186,-1.1102230246251565e-16,0.25333315135348156,0.7568924580231042,0.0,0.2431075419768957,0.24310754197689552,0.25333315135348156,0.010225609376586037,1.0,1.0
18.2072,LCP,8.0,0.0,121,0.7473848839593373,0.0,0.2526151160406626,0.7572558054928156,0.0,0.24274419450718449,0.24274419450718449,0.2526151160406625,0.009870921533478128,1.0,1.0
18.2101,LCP,8.0,0.0,121,0.7480902137125802,0.0,0.25190978628741983,0.7576072313406814,0.0,0.24239276865931855,0.24239276865931847,0.2519097862874198,0.009517017628101365,1.0,1.0
18.213,LCP,8.0,0.0,121,0.7487802863426629,0.0,0.2512197136573371,0.7579454793340661,1.1102230246251565e-16,0.24205452066593378,0.24205452066593355,0.2512197136573371,0.009165192991403531,1.0,1.0
18.2159,LCP,8.0,0.0,121,0.749452756897487,-1.1102230246251565e-16,0.2505472431025131,0.7582691593948561,0.0,0.2417308406051439,0.24173084060514385,0.2505472431025131,0.00881640249736923,1.0,1.0
18.2188,LCP,8.0,0.0,121,0.7501054718430358,1.1102230246251565e-16,0.24989452815696414,0.7585767603168581,-1.1102230246251565e-16,0.24142323968314203,0.24142323968314225,0.2498945281569643,0.008471288473821892,1.0,1.0
18.221700000000002,LCP,8.0,0.0,121,0.7507364558849028,0.0,0.24926354411509727,0.7588666683359724,0.0,0.24113333166402762,0.24113333166402756,0.24926354411509724,0.008130212451069707,1.0,1.0
18.224600000000002,LCP,8.0,0.0,121,0.7513439031545084,0.0,0.24865609684549156,0.7591371912694453,0.0,0.24086280873055468,0.24086280873055468,0.24865609684549178,0.007793288114936875,1.0,1.0
18.2275,LCP,8.0,0.0,121,0.7519261737247711,0.0,0.2480738262752289,0.7593865876468513,0.0,0.24061341235314876,0.24061341235314881,0.24807382627522867,0.007460413922080078,1.0,1.0
18.2304,LCP,8.0,0.0,121,0.7524817951216111,0.0,0.24751820487838894,0.7596130999976649,0.0,0.24038690000233515,0.24038690000233498,0.24751820487838896,0.007131304876053957,1.0,1.0
18.2333,LCP,8.0,0.0,121,0.7530094674535042,0.0,0.24699053254649583,0.7598149912940722,-1.1102230246251565e-16,0.24018500870592796,0.24018500870592796,0.24699053254649583,0.006805523840567873,1.0,1.0
18.2362,LCP,8.0,0.0,121,0.7535080701039032,1.1102230246251565e-16,0.2464919298960967,0.759990583504687,-1.1102230246251565e-16,0.24000941649531313,0.240009416495313,0.2464919298960966,0.006482513400783707,1.0,1.0
18.2391,LCP,8.0,0.0,121,0.7539766676604591,0.0,0.24602333233954093,0.7601382972851358,2.220446049250313e-16,0.239861702714864,0.2398617027148638,0.2460233323395411,0.006161629624677145,1.0,1.0
18.242,LCP,8.0,0.0,121,0.7544145128772499,0.0,0.24558548712275005,0.7602566919748274,0.0,0.23974330802517263,0.23974330802517257,0.24558548712275,0.005842179097577477,1.0,1.0
18.2449,LCP,8.0,0.0,121,0.754821044928695,0.0,0.24517895507130502,0.7603445052258934,0.0,0.23965549477410664,0.23965549477410655,0.245178955071305,0.005523460297198468,1.0,1.0
18.2478,LCP,8.0,0.0,121,0.7551958819403488,0.0,0.24480411805965113,0.7604006916958892,1.1102230246251565e-16,0.2395993083041107,0.23959930830411053,0.24480411805965102,0.005204809755540607,1.0,1.0
18.250700000000002,LCP,8.0,0.0,121,0.7555388076886332,-1.1102230246251565e-16,0.24446119231136682,0.7604244602449273,0.0,0.23957553975507268,0.23957553975507273,0.2444611923113665,0.0048856525562940845,1.0,1.0
18.2536,LCP,8.0,0.0,121,0.755849753348022,0.0,0.24415024665197801,0.7604153089709464,-2.220446049250313e-16,0.23958469102905378,0.23958469102905378,0.24415024665197807,0.004565555622924239,1.0,1.0
18.2565,LCP,8.0,0.0,121,0.7561287761110749,0.0,0.2438712238889251,0.7603730572081767,0.0,0.23962694279182328,0.23962694279182323,0.24387122388892502,0.004244281097101871,1.0,1.0
18.2594,LCP,8.0,0.0,121,0.756376037264109,0.0,0.24362396273589104,0.7602978733464383,0.0,0.2397021266535617,0.23970212665356172,0.243623962735891,0.003921836082329322,1.0,1.0
18.2623,LCP,8.0,0.0,121,0.7565917827107888,-1.1102230246251565e-16,0.24340821728921133,0.7601902970705241,-1.1102230246251565e-16,0.23980970292947598,0.23980970292947554,0.24340821728921128,0.003598514359735794,1.0,1.0
18.2652,LCP,8.0,0.0,121,0.7567763288506999,0.0,0.24322367114930016,0.7600512544378397,0.0,0.23994874556216023,0.2399487455621604,0.24322367114930007,0.0032749255871397653,1.0,1.0
18.2681,LCP,8.0,0.0,121,0.7569300560689391,0.0,0.24306994393106082,0.7598820641730971,-1.1102230246251565e-16,0.24011793582690302,0.24011793582690294,0.24306994393106085,0.0029520081041578827,1.0,1.0
18.271,LCP,8.0,0.0,121,0.7570534109170566,-1.1102230246251565e-16,0.2429465890829435,0.7596844336954047,0.0,0.24031556630459527,0.24031556630459525,0.24294658908294323,0.0026310227783482576,1.0,1.0
18.2739,LCP,8.0,0.0,121,0.7571469165458188,0.0,0.2428530834541812,0.7594604437041517,1.1102230246251565e-16,0.24053955629584822,0.24053955629584817,0.24285308345418125,0.002313527158333023,1.0,1.0
18.2768,LCP,8.0,0.0,121,0.7572111893881278,0.0,0.24278881061187216,0.7592125206030801,-1.1102230246251565e-16,0.24078747939692008,0.24078747939692013,0.2427888106118723,0.0020013312149520235,1.0,1.0
18.279700000000002,LCP,8.0,0.0,121,0.7572469588288264,0.0,0.2427530411711736,0.7589433965737362,1.1102230246251565e-16,0.24105660342626364,0.2410566034262636,0.2427530411711734,0.0016964377449100176,1.0,1.0
18.282600000000002,LCP,8.0,0.0,121,0.757255085942006,1.1102230246251565e-16,0.24274491405799392,0.7586560576656682,0.0,0.24134394233433176,0.24134394233433196,0.2427449140579938,0.0014009717236619645,1.0,1.0
18.2855,LCP,8.0,0.0,121,0.7572365774906998,-1.1102230246251565e-16,0.24276342250930025,0.7583536808160802,-2.220446049250313e-16,0.24164631918392002,0.24164631918392027,0.2427634225093003,0.0011171033253799811,1.0,1.0
18.2884,LCP,8.0,0.0,121,0.7571925922576995,-1.1102230246251565e-16,0.2428074077423006,0.7580395612606059,1.1102230246251565e-16,0.24196043873939402,0.24196043873939357,0.2428074077423007,0.0008469690029070387,1.0,1.0
18.2913,LCP,8.0,0.0,121,0.7571244382232136,-1.1102230246251565e-16,0.24287556177678649,0.7577170324008473,-1.1102230246251565e-16,0.24228296759915277,0.24228296759915277,0.24287556177678613,0.0005925941776337151,1.0,1.0
18.2942,LCP,8.0,0.0,121,0.7570335608296797,0.0,0.2429664391703203,0.7573893809243316,0.0,0.24261061907566836,0.24261061907566958,0.2429664391703203,0.00035582009465071063,1.0,1.0
18.2971,LCP,8.0,0.0,121,0.7569215242442466,0.0,0.24307847575575334,0.7570597608618703,1.1102230246251565e-16,0.2429402391381296,0.24294023913812987,0.24307847575575342,0.00013823661762346617,1.0,1.0
18.3,LCP,8.0,0.0,121,0.7567899888715873,-1.1102230246251565e-16,0.24321001112841273,0.7567311112801459,-1.1102230246251565e-16,0.24326888871985416,0.24326888871985375,0.24321001112841298,5.8877591441020005e-05,1.0,1.0
