wavelength_um,wavelength_nm,theta_plus_deg,theta_minus_deg,phi_deg,harmonics,R_plus,T_plus,A_plus,R_minus,T_minus,A_minus,emissivity_same_channel,emissivity_reverse_channel,eta,conservation_plus,conservation_minus
16.4000000000,16400.0000000000,5.0000000000,-5.0000000000,0.0000000000,169.0000000000,0.9555733355,0.0000000000,0.0444266645,0.9678630748,0.0000000000,0.0321369252,0.0321369252,0.0444266645,0.0122897393,1.0000000000,1.0000000000
16.4012000000,16401.2000000000,5.0000000000,-5.0000000000,0.0000000000,169.0000000000,0.9550748087,0.0000000000,0.0449251913,0.9678990034,0.0000000000,0.0321009966,0.0321009966,0.0449251913,0.0128241948,1.0000000000,1.0000000000
16.4024000000,16402.4000000000,5.0000000000,-5.0000000000,0.0000000000,169.0000000000,0.9545281459,0.0000000000,0.0454718541,0.9679347224,0.0000000000,0.0320652776,0.0320652776,0.0454718541,0.0134065765,1.0000000000,1.0000000000
16.4036000000,16403.6000000000,5.0000000000,-5.0000000000,0.0000000000,169.0000000000,0.9539278208,0.0000000000,0.0460721792,0.9679702317,0.0000000000,0.0320297683,0.0320297683,0.0460721792,0.0140424110,1.0000000000,1.0000000000
16.4048000000,16404.8000000000,5.0000000000,-5.0000000000,0.0000000000,169.0000000000,0.9532675684,0.0000000000,0.0467324316,0.9680055312,0.0000000000,0.0319944688,0.0319944688,0.0467324316,0.0147379627,1.0000000000,1.0000000000
16.4060000000,16406.0000000000,5.0000000000,-5.0000000000,0.0000000000,169.0000000000,0.9525402861,0.0000000000,0.0474597139,0.9680406206,0.0000000000,0.0319593794,0.0319593794,0.0474597139,0.0155003345,1.0000000000,1.0000000000
16.4072000000,16407.2000000000,5.0000000000,-5.0000000000,0.0000000000,169.0000000000,0.9517379244,0.0000000000,0.0482620756,0.9680754998,0.0000000000,0.0319245002,0.0319245002,0.0482620756,0.0163375754,1.0000000000,1.0000000000
16.4084000000,16408.4000000000,5.0000000000,-5.0000000000,0.0000000000,169.0000000000,0.9508513719,0.0000000000,0.0491486281,0.9681101685,0.0000000000,0.0318898315,0.0318898315,0.0491486281,0.0172587966,1.0000000000,1.0000000000
16.4096000000,16409.6000000000,5.0000000000,-5.0000000000,0.0000000000,169.0000000000,0.9498703392,0.0000000000,0.0501296608,0.9681446266,0.0000000000,0.0318553734,0.0318553734,0.0501296608,0.0182742874,1.0000000000,1.0000000000
16.4108000000,16410.8000000000,5.0000000000,-5.0000000000,0.0000000000,169.0000000000,0.9487832485,0.0000000000,0.0512167515,0.9681788737,0.0000000000,0.0318211263,0.0318211263,0.0512167515,0.0193956253,1.0000000000,1.0000000000
16.4120000000,16412.0000000000,5.0000000000,-5.0000000000,0.0000000000,169.0000000000,0.9475771460,0.0000000000,0.0524228540,0.9682129097,0.0000000000,0.0317870903,0.0317870903,0.0524228540,0.0206357637,1.0000000000,1.0000000000
16.4132000000,16413.2000000000,5.0000000000,-5.0000000000,0.0000000000,169.0000000000,0.9462376582,0.0000000000,0.0537623418,0.9682467342,0.0000000000,0.0317532658,0.0317532658,0.0537623418,0.0220090760,1.0000000000,1.0000000000
16.4144000000,16414.4000000000,5.0000000000,-5.0000000000,0.0000000000,169.0000000000,0.9447490287,0.0000000000,0.0552509713,0.9682803469,0.0000000000,0.0317196531,0.0317196531,0.0552509713,0.0235313182,1.0000000000,1.0000000000
16.4156000000,16415.6000000000,5.0000000000,-5.0000000000,0.0000000000,169.0000000000,0.9430942915,0.0000000000,0.0569057085,0.9683137476,0.0000000000,0.0316862524,0.0316862524,0.0569057085,0.0252194561,1.0000000000,1.0000000000
16.4168000000,16416.8000000000,5.0000000000,-5.0000000000,0.0000000000,169.0000000000,0.9412556593,0.0000000000,0.0587443407,0.9683469359,0.0000000000,0.0316530641,0.0316530641,0.0587443407,0.0270912766,1.0000000000,1.0000000000
16.4180000000,16418.0000000000,5.0000000000,-5.0000000000,0.0000000000,169.0000000000,0.9392152452,0.0000000000,0.0607847548,0.9683799115,0.0000000000,0.0316200885,0.0316200885,0.0607847548,0.0291646663,1.0000000000,1.0000000000
16.4192000000,16419.2000000000,5.0000000000,-5.0000000000,0.0000000000,169.0000000000,0.9369562753,0.0000000000,0.0630437247,0.9684126740,0.0000000000,0.0315873260,0.0315873260,0.0630437247,0.0314563988,1.0000000000,1.0000000000
16.4204000000,16420.4000000000,5.0000000000,-5.0000000000,0.0000000000,169.0000000000,0.9344650009,0.0000000000,0.0655349991,0.9684452231,0.0000000000,0.0315547769,0.0315547769,0.0655349991,0.0339802222,1.0000000000,1.0000000000
16.4216000000,16421.6000000000,5.0000000000,-5.0000000000,0.0000000000,169.0000000000,0.9317335599,0.0000000000,0.0682664401,0.9684775583,0.0000000000,0.0315224417,0.0315224417,0.0682664401,0.0367439984,1.0000000000,1.0000000000
16.4228000000,16422.8000000000,5.0000000000,-5.0000000000,0.0000000000,169.0000000000,0.9287640432,0.0000000000,0.0712359568,0.9685096793,0.0000000000,0.0314903207,0.0314903207,0.0712359568,0.0397456361,1.0000000000,1.0000000000
16.4240000000,16424.0000000000,5.0000000000,-5.0000000000,0.0000000000,169.0000000000,0.9255739436,0.0000000000,0.0744260564,0.9685415857,0.0000000000,0.0314584143,0.0314584143,0.0744260564,0.0429676421,1.0000000000,1.0000000000
16.4252000000,16425.2000000000,5.0000000000,-5.0000000000,0.0000000000,169.0000000000,0.9222029219,0.0000000000,0.0777970781,0.9685732771,0.0000000000,0.0314267229,0.0314267229,0.0777970781,0.0463703552,1.0000000000,1.0000000000
16.4264000000,16426.4000000000,5.0000000000,-5.0000000000,0.0000000000,169.0000000000,0.9187203090,0.0000000000,0.0812796910,0.9686047530,0.0000000000,0.0313952470,0.0313952470,0.0812796910,0.0498844439,1.0000000000,1.0000000000
16.4276000000,16427.6000000000,5.0000000000,-5.0000000000,0.0000000000,169.0000000000,0.9152319128,0.0000000000,0.0847680872,0.9686360129,0.0000000000,0.0313639871,0.0313639871,0.0847680872,0.0534041001,1.0000000000,1.0000000000
16.4288000000,16428.8000000000,5.0000000000,-5.0000000000,0.0000000000,169.0000000000,0.9118835745,0.0000000000,0.0881164255,0.9686670565,0.0000000000,0.0313329435,0.0313329435,0.0881164255,0.0567834820,1.0000000000,1.0000000000
16.4300000000,16430.0000000000,5.0000000000,-5.0000000000,0.0000000000,169.0000000000,0.9088579408,0.0000000000,0.0911420592,0.9686978833,0.0000000000,0.0313021167,0.0313021167,0.0911420592,0.0598399425,1.0000000000,1.0000000000
16.4312000000,16431.2000000000,5.0000000000,-5.0000000000,0.0000000000,169.0000000000,0.9063609224,0.0000000000,0.0936390776,0.9687284928,0.0000000000,0.0312715072,0.0312715072,0.0936390776,0.0623675703,1.0000000000,1.0000000000
16.4324000000,16432.4000000000,5.0000000000,-5.0000000000,0.0000000000,169.0000000000,0.9045963741,0.0000000000,0.0954036259,0.9687588844,0.0000000000,0.0312411156,0.0312411156,0.0954036259,0.0641625103,1.0000000000,1.0000000000
16.4336000000,16433.6000000000,5.0000000000,-5.0000000000,0.0000000000,169.0000000000,0.9037320459,0.0000000000,0.0962679541,0.9687890577,0.0000000000,0.0312109423,0.0312109423,0.0962679541,0.0650570118,1.0000000000,1.0000000000
16.4348000000,16434.8000000000,5.0000000000,-5.0000000000,0.0000000000,169.0000000000,0.9038653737,0.0000000000,0.0961346263,0.9688190122,0.0000000000,0.0311809878,0.0311809878,0.0961346263,0.0649536385,1.0000000000,1.0000000000
16.4360000000,16436.0000000000,5.0000000000,-5.0000000000,0.0000000000,169.0000000000,0.9050007622,0.0000000000,0.0949992378,0.9688487474,0.0000000000,0.0311512526,0.0311512526,0.0949992378,0.0638479851,1.0000000000,1.0000000000
16.4372000000,16437.2000000000,5.0000000000,-5.0000000000,0.0000000000,169.0000000000,0.9070474277,0.0000000000,0.0929525723,0.9688782626,0.0000000000,0.0311217374,0.0311217374,0.0929525723,0.0618308349,1.0000000000,1.0000000000
16.4384000000,16438.4000000000,5.0000000000,-5.0000000000,0.0000000000,169.0000000000,0.9098389190,0.0000000000,0.0901610810,0.9689075574,0.0000000000,0.0310924426,0.0310924426,0.0901610810,0.0590686384,1.0000000000,1.0000000000
16.4396000000,16439.6000000000,5.0000000000,-5.0000000000,0.0000000000,169.0000000000,0.9131667073,0.0000000000,0.0868332927,0.9689366312,0.0000000000,0.0310633688,0.0310633688,0.0868332927,0.0557699239,1.0000000000,1.0000000000
16.4408000000,16440.8000000000,5.0000000000,-5.0000000000,0.0000000000,169.0000000000,0.9168160162,0.0000000000,0.0831839838,0.9689654834,0.0000000000,0.0310345166,0.0310345166,0.0831839838,0.0521494672,1.0000000000,1.0000000000
16.4420000000,16442.0000000000,5.0000000000,-5.0000000000,0.0000000000,169.0000000000,0.9205939956,0.0000000000,0.0794060044,0.9689941135,0.0000000000,0.0310058865,0.0310058865,0.0794060044,0.0484001178,1.0000000000,1.0000000000
16.4432000000,16443.2000000000,5.0000000000,-5.0000000000,0.0000000000,169.0000000000,0.9243457913,0.0000000000,0.0756542087,0.9690225207,0.0000000000,0.0309774793,0.0309774793,0.0756542087,0.0446767294,1.0000000000,1.0000000000
16.4444000000,16444.4000000000,5.0000000000,-5.0000000000,0.0000000000,169.0000000000,0.9279592405,0.0000000000,0.0720407595,0.9690507046,0.0000000000,0.0309492954,0.0309492954,0.0720407595,0.0410914642,1.0000000000,1.0000000000
16.4456000000,16445.6000000000,5.0000000000,-5.0000000000,0.0000000000,169.0000000000,0.9313616923,0.0000000000,0.0686383077,0.9690786645,0.0000000000,0.0309213355,0.0309213355,0.0686383077,0.0377169722,1.0000000000,1.0000000000
16.4468000000,16446.8000000000,5.0000000000,-5.0000000000,0.0000000000,169.0000000000,0.9345128387,0.0000000000,0.0654871613,0.9691063997,0.0000000000,0.0308936003,0.0308936003,0.0654871613,0.0345935610,1.0000000000,1.0000000000
16.4480000000,16448.0000000000,5.0000000000,-5.0000000000,0.0000000000,169.0000000000,0.9373965165,0.0000000000,0.0626034835,0.9691339096,0.0000000000,0.0308660904,0.0308660904,0.0626034835,0.0317373931,1.0000000000,1.0000000000
16.4492000000,16449.2000000000,5.0000000000,-5.0000000000,0.0000000000,169.0000000000,0.9400132092,0.0000000000,0.0599867908,0.9691611935,0.0000000000,0.0308388065,0.0308388065,0.0599867908,0.0291479843,1.0000000000,1.0000000000
16.4504000000,16450.4000000000,5.0000000000,-5.0000000000,0.0000000000,169.0000000000,0.9423739825,0.0000000000,0.0576260175,0.9691882507,0.0000000000,0.0308117493,0.0308117493,0.0576260175,0.0268142682,1.0000000000,1.0000000000
16.4516000000,16451.6000000000,5.0000000000,-5.0000000000,0.0000000000,169.0000000000,0.9444959709,0.0000000000,0.0555040291,0.9692150805,0.0000000000,0.0307849195,0.0307849195,0.0555040291,0.0247191096,1.0000000000,1.0000000000
16.4528000000,16452.8000000000,5.0000000000,-5.0000000000,0.0000000000,169.0000000000,0.9463992259,0.0000000000,0.0536007741,0.9692416822,0.0000000000,0.0307583178,0.0307583178,0.0536007741,0.0228424563,1.0000000000,1.0000000000
16.4540000000,16454.0000000000,5.0000000000,-5.0000000000,0.0000000000,169.0000000000,0.9481046395,0.0000000000,0.0518953605,0.9692680551,0.0000000000,0.0307319449,0.0307319449,0.0518953605,0.0211634156,1.0000000000,1.0000000000
16.4552000000,16455.2000000000,5.0000000000,-5.0000000000,0.0000000000,169.0000000000,0.9496326539,0.0000000000,0.0503673461,0.9692941983,0.0000000000,0.0307058017,0.0307058017,0.0503673461,0.0196615443,1.0000000000,1.0000000000
16.4564000000,16456.4000000000,5.0000000000,-5.0000000000,0.0000000000,169.0000000000,0.9510025213,0.0000000000,0.0489974787,0.9693201110,0.0000000000,0.0306798890,0.0306798890,0.0489974787,0.0183175897,1.0000000000,1.0000000000
16.4576000000,16457.6000000000,5.0000000000,-5.0000000000,0.0000000000,169.0000000000,0.9522319284,0.0000000000,0.0477680716,0.9693457926,0.0000000000,0.0306542074,0.0306542074,0.0477680716,0.0171138642,1.0000000000,1.0000000000
16.4588000000,16458.8000000000,5.0000000000,-5.0000000000,0.0000000000,169.0000000000,0.9533368556,0.0000000000,0.0466631444,0.9693712421,0.0000000000,0.0306287579,0.0306287579,0.0466631444,0.0160343865,1.0000000000,1.0000000000
16.4600000000,16460.0000000000,5.0000000000,-5.0000000000,0.0000000000,169.0000000000,0.9543315788,0.0000000000,0.0456684212,0.9693964586,0.0000000000,0.0306035414,0.0306035414,0.0456684212,0.0150648798,1.0000000000,1.0000000000
16.4612000000,16461.2000000000,5.0000000000,-5.0000000000,0.0000000000,169.0000000000,0.9552287537,0.0000000000,0.0447712463,0.9694214414,0.0000000000,0.0305785586,0.0305785586,0.0447712463,0.0141926877,1.0000000000,1.0000000000
16.4624000000,16462.4000000000,5.0000000000,-5.0000000000,0.0000000000,169.0000000000,0.9560395412,0.0000000000,0.0439604588,0.9694461894,0.0000000000,0.0305538106,0.0305538106,0.0439604588,0.0134066482,1.0000000000,1.0000000000
16.4636000000,16463.6000000000,5.0000000000,-5.0000000000,0.0000000000,169.0000000000,0.9567737522,0.0000000000,0.0432262478,0.9694707018,0.0000000000,0.0305292982,0.0305292982,0.0432262478,0.0126969495,1.0000000000,1.0000000000
16.4648000000,16464.8000000000,5.0000000000,-5.0000000000,0.0000000000,169.0000000000,0.9574399937,0.0000000000,0.0425600063,0.9694949775,0.0000000000,0.0305050225,0.0305050225,0.0425600063,0.0120549838,1.0000000000,1.0000000000
16.4660000000,16466.0000000000,5.0000000000,-5.0000000000,0.0000000000,169.0000000000,0.9580458094,0.0000000000,0.0419541906,0.9695190156,0.0000000000,0.0304809844,0.0304809844,0.0419541906,0.0114732062,1.0000000000,1.0000000000
16.4672000000,16467.2000000000,5.0000000000,-5.0000000000,0.0000000000,169.0000000000,0.9585978095,0.0000000000,0.0414021905,0.9695428150,0.0000000000,0.0304571850,0.0304571850,0.0414021905,0.0109450055,1.0000000000,1.0000000000
16.4684000000,16468.4000000000,5.0000000000,-5.0000000000,0.0000000000,169.0000000000,0.9591017891,0.0000000000,0.0408982109,0.9695663747,0.0000000000,0.0304336253,0.0304336253,0.0408982109,0.0104645856,1.0000000000,1.0000000000
16.4696000000,16469.6000000000,5.0000000000,-5.0000000000,0.0000000000,169.0000000000,0.9595628318,0.0000000000,0.0404371682,0.9695896935,0.0000000000,0.0304103065,0.0304103065,0.0404371682,0.0100268618,1.0000000000,1.0000000000
16.4708000000,16470.8000000000,5.0000000000,-5.0000000000,0.0000000000,169.0000000000,0.9599854027,0.0000000000,0.0400145973,0.9696127704,0.0000000000,0.0303872296,0.0303872296,0.0400145973,0.0096273677,1.0000000000,1.0000000000
16.4720000000,16472.0000000000,5.0000000000,-5.0000000000,0.0000000000,169.0000000000,0.9603734288,0.0000000000,0.0396265712,0.9696356041,0.0000000000,0.0303643959,0.0303643959,0.0396265712,0.0092621753,1.0000000000,1.0000000000
16.4732000000,16473.2000000000,5.0000000000,-5.0000000000,0.0000000000,169.0000000000,0.9607303690,0.0000000000,0.0392696310,0.9696581935,0.0000000000,0.0303418065,0.0303418065,0.0392696310,0.0089278245,1.0000000000,1.0000000000
16.4744000000,16474.4000000000,5.0000000000,-5.0000000000,0.0000000000,169.0000000000,0.9610592750,0.0000000000,0.0389407250,0.9696805372,0.0000000000,0.0303194628,0.0303194628,0.0389407250,0.0086212622,1.0000000000,1.0000000000
16.4756000000,16475.6000000000,5.0000000000,-5.0000000000,0.0000000000,169.0000000000,0.9613628441,0.0000000000,0.0386371559,0.9697026341,0.0000000000,0.0302973659,0.0302973659,0.0386371559,0.0083397900,1.0000000000,1.0000000000
16.4768000000,16476.8000000000,5.0000000000,-5.0000000000,0.0000000000,169.0000000000,0.9616434641,0.0000000000,0.0383565359,0.9697244827,0.0000000000,0.0302755173,0.0302755173,0.0383565359,0.0080810185,1.0000000000,1.0000000000
16.4780000000,16478.0000000000,5.0000000000,-5.0000000000,0.0000000000,169.0000000000,0.9619032535,0.0000000000,0.0380967465,0.9697460816,0.0000000000,0.0302539184,0.0302539184,0.0380967465,0.0078428281,1.0000000000,1.0000000000
16.4792000000,16479.2000000000,5.0000000000,-5.0000000000,0.0000000000,169.0000000000,0.9621440946,0.0000000000,0.0378559054,0.9697674296,0.0000000000,0.0302325704,0.0302325704,0.0378559054,0.0076233350,1.0000000000,1.0000000000
16.4804000000,16480.4000000000,5.0000000000,-5.0000000000,0.0000000000,169.0000000000,0.9623676633,0.0000000000,0.0376323367,0.9697885251,0.0000000000,0.0302114749,0.0302114749,0.0376323367,0.0074208618,1.0000000000,1.0000000000
16.4816000000,16481.6000000000,5.0000000000,-5.0000000000,0.0000000000,169.0000000000,0.9625754542,0.0000000000,0.0374245458,0.9698093666,0.0000000000,0.0301906334,0.0301906334,0.0374245458,0.0072339123,1.0000000000,1.0000000000
16.4828000000,16482.8000000000,5.0000000000,-5.0000000000,0.0000000000,169.0000000000,0.9627688032,0.0000000000,0.0372311968,0.9698299525,0.0000000000,0.0301700475,0.0301700475,0.0372311968,0.0070611494,1.0000000000,1.0000000000
16.4840000000,16484.0000000000,5.0000000000,-5.0000000000,0.0000000000,169.0000000000,0.9629489055,0.0000000000,0.0370510945,0.9698502814,0.0000000000,0.0301497186,0.0301497186,0.0370510945,0.0069013759,1.0000000000,1.0000000000
16.4852000000,16485.2000000000,5.0000000000,-5.0000000000,0.0000000000,169.0000000000,0.9631168333,0.0000000000,0.0368831667,0.9698703515,0.0000000000,0.0301296485,0.0301296485,0.0368831667,0.0067535182,1.0000000000,1.0000000000
16.4864000000,16486.4000000000,5.0000000000,-5.0000000000,0.0000000000,169.0000000000,0.9632735494,0.0000000000,0.0367264506,0.9698901612,0.0000000000,0.0301098388,0.0301098388,0.0367264506,0.0066166118,1.0000000000,1.0000000000
16.4876000000,16487.6000000000,5.0000000000,-5.0000000000,0.0000000000,169.0000000000,0.9634199200,0.0000000000,0.0365800800,0.9699097088,0.0000000000,0.0300902912,0.0300902912,0.0365800800,0.0064897888,1.0000000000,1.0000000000
16.4888000000,16488.8000000000,5.0000000000,-5.0000000000,0.0000000000,169.0000000000,0.9635567257,0.0000000000,0.0364432743,0.9699289925,0.0000000000,0.0300710075,0.0300710075,0.0364432743,0.0063722668,1.0000000000,1.0000000000
16.4900000000,16490.0000000000,5.0000000000,-5.0000000000,0.0000000000,169.0000000000,0.9636846710,0.0000000000,0.0363153290,0.9699480105,0.0000000000,0.0300519895,0.0300519895,0.0363153290,0.0062633394,1.0000000000,1.0000000000
16.4912000000,16491.2000000000,5.0000000000,-5.0000000000,0.0000000000,169.0000000000,0.9638043928,0.0000000000,0.0361956072,0.9699667609,0.0000000000,0.0300332391,0.0300332391,0.0361956072,0.0061623681,1.0000000000,1.0000000000
16.4924000000,16492.4000000000,5.0000000000,-5.0000000000,0.0000000000,169.0000000000,0.9639164674,0.0000000000,0.0360835326,0.9699852420,0.0000000000,0.0300147580,0.0300147580,0.0360835326,0.0060687745,1.0000000000,1.0000000000
16.4936000000,16493.6000000000,5.0000000000,-5.0000000000,0.0000000000,169.0000000000,0.9640214174,0.0000000000,0.0359785826,0.9700034516,0.0000000000,0.0299965484,0.0299965484,0.0359785826,0.0059820342,1.0000000000,1.0000000000
16.4948000000,16494.8000000000,5.0000000000,-5.0000000000,0.0000000000,169.0000000000,0.9641197169,0.0000000000,0.0358802831,0.9700213879,0.0000000000,0.0299786121,0.0299786121,0.0358802831,0.0059016711,1.0000000000,1.0000000000
16.4960000000,16496.0000000000,5.0000000000,-5.0000000000,0.0000000000,169.0000000000,0.9642117969,0.0000000000,0.0357882031,0.9700390489,0.0000000000,0.0299609511,0.0299609511,0.0357882031,0.0058272521,1.0000000000,1.0000000000
16.4972000000,16497.2000000000,5.0000000000,-5.0000000000,0.0000000000,169.0000000000,0.9642980495,0.0000000000,0.0357019505,0.9700564325,0.0000000000,0.0299435675,0.0299435675,0.0357019505,0.0057583830,1.0000000000,1.0000000000
16.4984000000,16498.4000000000,5.0000000000,-5.0000000000,0.0000000000,169.0000000000,0.9643788321,0.0000000000,0.0356211679,0.9700735365,0.0000000000,0.0299264635,0.0299264635,0.0356211679,0.0056947044,1.0000000000,1.0000000000
16.4996000000,16499.6000000000,5.0000000000,-5.0000000000,0.0000000000,169.0000000000,0.9644544703,0.0000000000,0.0355455297,0.9700903589,0.0000000000,0.0299096411,0.0299096411,0.0355455297,0.0056358886,1.0000000000,1.0000000000
16.5008000000,16500.8000000000,5.0000000000,-5.0000000000,0.0000000000,169.0000000000,0.9645252615,0.0000000000,0.0354747385,0.9701068975,0.0000000000,0.0298931025,0.0298931025,0.0354747385,0.0055816360,1.0000000000,1.0000000000
16.5020000000,16502.0000000000,5.0000000000,-5.0000000000,0.0000000000,169.0000000000,0.9645914774,0.0000000000,0.0354085226,0.9701231500,0.0000000000,0.0298768500,0.0298768500,0.0354085226,0.0055316726,1.0000000000,1.0000000000
16.5032000000,16503.2000000000,5.0000000000,-5.0000000000,0.0000000000,169.0000000000,0.9646533665,0.0000000000,0.0353466335,0.9701391142,0.0000000000,0.0298608858,0.0298608858,0.0353466335,0.0054857476,1.0000000000,1.0000000000
16.5044000000,16504.4000000000,5.0000000000,-5.0000000000,0.0000000000,169.0000000000,0.9647111563,0.0000000000,0.0352888437,0.9701547878,0.0000000000,0.0298452122,0.0298452122,0.0352888437,0.0054436315,1.0000000000,1.0000000000
16.5056000000,16505.6000000000,5.0000000000,-5.0000000000,0.0000000000,169.0000000000,0.9647650549,0.0000000000,0.0352349451,0.9701701684,0.0000000000,0.0298298316,0.0298298316,0.0352349451,0.0054051135,1.0000000000,1.0000000000
16.5068000000,16506.8000000000,5.0000000000,-5.0000000000,0.0000000000,169.0000000000,0.9648152533,0.0000000000,0.0351847467,0.9701852536,0.0000000000,0.0298147464,0.0298147464,0.0351847467,0.0053700003,1.0000000000,1.0000000000
16.5080000000,16508.0000000000,5.0000000000,-5.0000000000,0.0000000000,169.0000000000,0.9648619266,0.0000000000,0.0351380734,0.9702000411,0.0000000000,0.0297999589,0.0297999589,0.0351380734,0.0053381146,1.0000000000,1.0000000000
16.5092000000,16509.2000000000,5.0000000000,-5.0000000000,0.0000000000,169.0000000000,0.9649052352,0.0000000000,0.0350947648,0.9702145284,0.0000000000,0.0297854716,0.0297854716,0.0350947648,0.0053092932,1.0000000000,1.0000000000
16.5104000000,16510.4000000000,5.0000000000,-5.0000000000,0.0000000000,169.0000000000,0.9649453266,0.0000000000,0.0350546734,0.9702287130,0.0000000000,0.0297712870,0.0297712870,0.0350546734,0.0052833863,1.0000000000,1.0000000000
16.5116000000,16511.6000000000,5.0000000000,-5.0000000000,0.0000000000,169.0000000000,0.9649823361,0.0000000000,0.0350176639,0.9702425923,0.0000000000,0.0297574077,0.0297574077,0.0350176639,0.0052602562,1.0000000000,1.0000000000
16.5128000000,16512.8000000000,5.0000000000,-5.0000000000,0.0000000000,169.0000000000,0.9650163879,0.0000000000,0.0349836121,0.9702561637,0.0000000000,0.0297438363,0.0297438363,0.0349836121,0.0052397759,1.0000000000,1.0000000000
16.5140000000,16514.0000000000,5.0000000000,-5.0000000000,0.0000000000,169.0000000000,0.9650475959,0.0000000000,0.0349524041,0.9702694247,0.0000000000,0.0297305753,0.0297305753,0.0349524041,0.0052218288,1.0000000000,1.0000000000
16.5152000000,16515.2000000000,5.0000000000,-5.0000000000,0.0000000000,169.0000000000,0.9650760648,0.0000000000,0.0349239352,0.9702823725,0.0000000000,0.0297176275,0.0297176275,0.0349239352,0.0052063077,1.0000000000,1.0000000000
16.5164000000,16516.4000000000,5.0000000000,-5.0000000000,0.0000000000,169.0000000000,0.9651018908,0.0000000000,0.0348981092,0.9702950045,0.0000000000,0.0297049955,0.0297049955,0.0348981092,0.0051931137,1.0000000000,1.0000000000
16.5176000000,16517.6000000000,5.0000000000,-5.0000000000,0.0000000000,169.0000000000,0.9651251619,0.0000000000,0.0348748381,0.9703073180,0.0000000000,0.0296926820,0.0296926820,0.0348748381,0.0051821560,1.0000000000,1.0000000000
16.5188000000,16518.8000000000,5.0000000000,-5.0000000000,0.0000000000,169.0000000000,0.9651459590,0.0000000000,0.0348540410,0.9703193100,0.0000000000,0.0296806900,0.0296806900,0.0348540410,0.0051733511,1.0000000000,1.0000000000
16.5200000000,16520.0000000000,5.0000000000,-5.0000000000,0.0000000000,169.0000000000,0.9651643559,0.0000000000,0.0348356441,0.9703309779,0.0000000000,0.0296690221,0.0296690221,0.0348356441,0.0051666220,1.0000000000,1.0000000000
16.5212000000,16521.2000000000,5.0000000000,-5.0000000000,0.0000000000,169.0000000000,0.9651804205,0.0000000000,0.0348195795,0.9703423187,0.0000000000,0.0296576813,0.0296576813,0.0348195795,0.0051618982,1.0000000000,1.0000000000
16.5224000000,16522.4000000000,5.0000000000,-5.0000000000,0.0000000000,169.0000000000,0.9651942147,0.0000000000,0.0348057853,0.9703533296,0.0000000000,0.0296466704,0.0296466704,0.0348057853,0.0051591149,1.0000000000,1.0000000000
16.5236000000,16523.6000000000,5.0000000000,-5.0000000000,0.0000000000,169.0000000000,0.9652057949,0.0000000000,0.0347942051,0.9703640075,0.0000000000,0.0296359925,0.0296359925,0.0347942051,0.0051582126,1.0000000000,1.0000000000
16.5248000000,16524.8000000000,5.0000000000,-5.0000000000,0.0000000000,169.0000000000,0.9652152124,0.0000000000,0.0347847876,0.9703743494,0.0000000000,0.0296256506,0.0296256506,0.0347847876,0.0051591370,1.0000000000,1.0000000000
16.5260000000,16526.0000000000,5.0000000000,-5.0000000000,0.0000000000,169.0000000000,0.9652225141,0.0000000000,0.0347774859,0.9703843524,0.0000000000,0.0296156476,0.0296156476,0.0347774859,0.0051618383,1.0000000000,1.0000000000
16.5272000000,16527.2000000000,5.0000000000,-5.0000000000,0.0000000000,169.0000000000,0.9652277422,0.0000000000,0.0347722578,0.9703940132,0.0000000000,0.0296059868,0.0296059868,0.0347722578,0.0051662710,1.0000000000,1.0000000000
16.5284000000,16528.4000000000,5.0000000000,-5.0000000000,0.0000000000,169.0000000000,0.9652309348,0.0000000000,0.0347690652,0.9704033288,0.0000000000,0.0295966712,0.0295966712,0.0347690652,0.0051723939,1.0000000000,1.0000000000
16.5296000000,16529.6000000000,5.0000000000,-5.0000000000,0.0000000000,169.0000000000,0.9652321264,0.0000000000,0.0347678736,0.9704122959,0.0000000000,0.0295877041,0.0295877041,0.0347678736,0.0051801695,1.0000000000,1.0000000000
16.5308000000,16530.8000000000,5.0000000000,-5.0000000000,0.0000000000,169.0000000000,0.9652313476,0.0000000000,0.0347686524,0.9704209114,0.0000000000,0.0295790886,0.0295790886,0.0347686524,0.0051895638,1.0000000000,1.0000000000
16.5320000000,16532.0000000000,5.0000000000,-5.0000000000,0.0000000000,169.0000000000,0.9652286256,0.0000000000,0.0347713744,0.9704291718,0.0000000000,0.0295708282,0.0295708282,0.0347713744,0.0052005462,1.0000000000,1.0000000000
16.5332000000,16533.2000000000,5.0000000000,-5.0000000000,0.0000000000,169.0000000000,0.9652239845,0.0000000000,0.0347760155,0.9704370739,0.0000000000,0.0295629261,0.0295629261,0.0347760155,0.0052130894,1.0000000000,1.0000000000
16.5344000000,16534.4000000000,5.0000000000,-5.0000000000,0.0000000000,169.0000000000,0.9652174453,0.0000000000,0.0347825547,0.9704446142,0.0000000000,0.0295553858,0.0295553858,0.0347825547,0.0052271690,1.0000000000,1.0000000000
16.5356000000,16535.6000000000,5.0000000000,-5.0000000000,0.0000000000,169.0000000000,0.9652090260,0.0000000000,0.0347909740,0.9704517893,0.0000000000,0.0295482107,0.0295482107,0.0347909740,0.0052427633,1.0000000000,1.0000000000
16.5368000000,16536.8000000000,5.0000000000,-5.0000000000,0.0000000000,169.0000000000,0.9651987421,0.0000000000,0.0348012579,0.9704585956,0.0000000000,0.0295414044,0.0295414044,0.0348012579,0.0052598536,1.0000000000,1.0000000000
16.5380000000,16538.0000000000,5.0000000000,-5.0000000000,0.0000000000,169.0000000000,0.9651866062,0.0000000000,0.0348133938,0.9704650297,0.0000000000,0.0295349703,0.0295349703,0.0348133938,0.0052784235,1.0000000000,1.0000000000
16.5392000000,16539.2000000000,5.0000000000,-5.0000000000,0.0000000000,169.0000000000,0.9651726286,0.0000000000,0.0348273714,0.9704710877,0.0000000000,0.0295289123,0.0295289123,0.0348273714,0.0052984591,1.0000000000,1.0000000000
16.5404000000,16540.4000000000,5.0000000000,-5.0000000000,0.0000000000,169.0000000000,0.9651568172,0.0000000000,0.0348431828,0.9704767661,0.0000000000,0.0295232339,0.0295232339,0.0348431828,0.0053199488,1.0000000000,1.0000000000
16.5416000000,16541.6000000000,5.0000000000,-5.0000000000,0.0000000000,169.0000000000,0.9651391776,0.0000000000,0.0348608224,0.9704820610,0.0000000000,0.0295179390,0.0295179390,0.0348608224,0.0053428834,1.0000000000,1.0000000000
16.5428000000,16542.8000000000,5.0000000000,-5.0000000000,0.0000000000,169.0000000000,0.9651197132,0.0000000000,0.0348802868,0.9704869687,0.0000000000,0.0295130313,0.0295130313,0.0348802868,0.0053672555,1.0000000000,1.0000000000
16.5440000000,16544.0000000000,5.0000000000,-5.0000000000,0.0000000000,169.0000000000,0.9650984252,0.0000000000,0.0349015748,0.9704914852,0.0000000000,0.0295085148,0.0295085148,0.0349015748,0.0053930600,1.0000000000,1.0000000000
16.5452000000,16545.2000000000,5.0000000000,-5.0000000000,0.0000000000,169.0000000000,0.9650753129,0.0000000000,0.0349246871,0.9704956066,0.0000000000,0.0295043934,0.0295043934,0.0349246871,0.0054202937,1.0000000000,1.0000000000
16.5464000000,16546.4000000000,5.0000000000,-5.0000000000,0.0000000000,169.0000000000,0.9650503736,0.0000000000,0.0349496264,0.9704993289,0.0000000000,0.0295006711,0.0295006711,0.0349496264,0.0054489554,1.0000000000,1.0000000000
16.5476000000,16547.6000000000,5.0000000000,-5.0000000000,0.0000000000,169.0000000000,0.9650236026,0.0000000000,0.0349763974,0.9705026480,0.0000000000,0.0294973520,0.0294973520,0.0349763974,0.0054790454,1.0000000000,1.0000000000
16.5488000000,16548.8000000000,5.0000000000,-5.0000000000,0.0000000000,169.0000000000,0.9649949934,0.0000000000,0.0350050066,0.9705055596,0.0000000000,0.0294944404,0.0294944404,0.0350050066,0.0055105662,1.0000000000,1.0000000000
16.5500000000,16550.0000000000,5.0000000000,-5.0000000000,0.0000000000,169.0000000000,0.9649645377,0.0000000000,0.0350354623,0.9705080596,0.0000000000,0.0294919404,0.0294919404,0.0350354623,0.0055435219,1.0000000000,1.0000000000
16.5512000000,16551.2000000000,5.0000000000,-5.0000000000,0.0000000000,169.0000000000,0.9649322253,0.0000000000,0.0350677747,0.9705101436,0.0000000000,0.0294898564,0.0294898564,0.0350677747,0.0055779183,1.0000000000,1.0000000000
16.5524000000,16552.4000000000,5.0000000000,-5.0000000000,0.0000000000,169.0000000000,0.9648980445,0.0000000000,0.0351019555,0.9705118073,0.0000000000,0.0294881927,0.0294881927,0.0351019555,0.0056137628,1.0000000000,1.0000000000
16.5536000000,16553.6000000000,5.0000000000,-5.0000000000,0.0000000000,169.0000000000,0.9648619817,0.0000000000,0.0351380183,0.9705130461,0.0000000000,0.0294869539,0.0294869539,0.0351380183,0.0056510645,1.0000000000,1.0000000000
16.5548000000,16554.8000000000,5.0000000000,-5.0000000000,0.0000000000,169.0000000000,0.9648240215,0.0000000000,0.0351759785,0.9705138556,0.0000000000,0.0294861444,0.0294861444,0.0351759785,0.0056898340,1.0000000000,1.0000000000
16.5560000000,16556.0000000000,5.0000000000,-5.0000000000,0.0000000000,169.0000000000,0.9647841471,0.0000000000,0.0352158529,0.9705142310,0.0000000000,0.0294857690,0.0294857690,0.0352158529,0.0057300839,1.0000000000,1.0000000000
16.5572000000,16557.2000000000,5.0000000000,-5.0000000000,0.0000000000,169.0000000000,0.9647423399,0.0000000000,0.0352576601,0.9705141676,0.0000000000,0.0294858324,0.0294858324,0.0352576601,0.0057718277,1.0000000000,1.0000000000
16.5584000000,16558.4000000000,5.0000000000,-5.0000000000,0.0000000000,169.0000000000,0.9646985796,0.0000000000,0.0353014204,0.9705136607,0.0000000000,0.0294863393,0.0294863393,0.0353014204,0.0058150811,1.0000000000,1.0000000000
16.5596000000,16559.6000000000,5.0000000000,-5.0000000000,0.0000000000,169.0000000000,0.9646528443,0.0000000000,0.0353471557,0.9705127053,0.0000000000,0.0294872947,0.0294872947,0.0353471557,0.0058598610,1.0000000000,1.0000000000
16.5608000000,16560.8000000000,5.0000000000,-5.0000000000,0.0000000000,169.0000000000,0.9646051106,0.0000000000,0.0353948894,0.9705112965,0.0000000000,0.0294887035,0.0294887035,0.0353948894,0.0059061859,1.0000000000,1.0000000000
16.5620000000,16562.0000000000,5.0000000000,-5.0000000000,0.0000000000,169.0000000000,0.9645553533,0.0000000000,0.0354446467,0.9705094291,0.0000000000,0.0294905709,0.0294905709,0.0354446467,0.0059540759,1.0000000000,1.0000000000
16.5632000000,16563.2000000000,5.0000000000,-5.0000000000,0.0000000000,169.0000000000,0.9645035455,0.0000000000,0.0354964545,0.9705070981,0.0000000000,0.0294929019,0.0294929019,0.0354964545,0.0060035526,1.0000000000,1.0000000000
16.5644000000,16564.4000000000,5.0000000000,-5.0000000000,0.0000000000,169.0000000000,0.9644496589,0.0000000000,0.0355503411,0.9705042980,0.0000000000,0.0294957020,0.0294957020,0.0355503411,0.0060546391,1.0000000000,1.0000000000
16.5656000000,16565.6000000000,5.0000000000,-5.0000000000,0.0000000000,169.0000000000,0.9643936633,0.0000000000,0.0356063367,0.9705010236,0.0000000000,0.0294989764,0.0294989764,0.0356063367,0.0061073603,1.0000000000,1.0000000000
16.5668000000,16566.8000000000,5.0000000000,-5.0000000000,0.0000000000,169.0000000000,0.9643355270,0.0000000000,0.0356644730,0.9704972694,0.0000000000,0.0295027306,0.0295027306,0.0356644730,0.0061617423,1.0000000000,1.0000000000
16.5680000000,16568.0000000000,5.0000000000,-5.0000000000,0.0000000000,169.0000000000,0.9642752165,0.0000000000,0.0357247835,0.9704930297,0.0000000000,0.0295069703,0.0295069703,0.0357247835,0.0062178132,1.0000000000,1.0000000000
16.5692000000,16569.2000000000,5.0000000000,-5.0000000000,0.0000000000,169.0000000000,0.9642126967,0.0000000000,0.0357873033,0.9704882990,0.0000000000,0.0295117010,0.0295117010,0.0357873033,0.0062756024,1.0000000000,1.0000000000
16.5704000000,16570.4000000000,5.0000000000,-5.0000000000,0.0000000000,169.0000000000,0.9641479304,0.0000000000,0.0358520696,0.9704830714,0.0000000000,0.0295169286,0.0295169286,0.0358520696,0.0063351410,1.0000000000,1.0000000000
16.5716000000,16571.6000000000,5.0000000000,-5.0000000000,0.0000000000,169.0000000000,0.9640808792,0.0000000000,0.0359191208,0.9704773411,0.0000000000,0.0295226589,0.0295226589,0.0359191208,0.0063964618,1.0000000000,1.0000000000
16.5728000000,16572.8000000000,5.0000000000,-5.0000000000,0.0000000000,169.0000000000,0.9640115025,0.0000000000,0.0359884975,0.9704711019,0.0000000000,0.0295288981,0.0295288981,0.0359884975,0.0064595994,1.0000000000,1.0000000000
16.5740000000,16574.0000000000,5.0000000000,-5.0000000000,0.0000000000,169.0000000000,0.9639397580,0.0000000000,0.0360602420,0.9704643478,0.0000000000,0.0295356522,0.0295356522,0.0360602420,0.0065245899,1.0000000000,1.0000000000
16.5752000000,16575.2000000000,5.0000000000,-5.0000000000,0.0000000000,169.0000000000,0.9638656014,0.0000000000,0.0361343986,0.9704570726,0.0000000000,0.0295429274,0.0295429274,0.0361343986,0.0065914712,1.0000000000,1.0000000000
16.5764000000,16576.4000000000,5.0000000000,-5.0000000000,0.0000000000,169.0000000000,0.9637889867,0.0000000000,0.0362110133,0.9704492698,0.0000000000,0.0295507302,0.0295507302,0.0362110133,0.0066602831,1.0000000000,1.0000000000
16.5776000000,16577.6000000000,5.0000000000,-5.0000000000,0.0000000000,169.0000000000,0.9637098658,0.0000000000,0.0362901342,0.9704409330,0.0000000000,0.0295590670,0.0295590670,0.0362901342,0.0067310672,1.0000000000,1.0000000000
16.5788000000,16578.8000000000,5.0000000000,-5.0000000000,0.0000000000,169.0000000000,0.9636281886,0.0000000000,0.0363718114,0.9704320555,0.0000000000,0.0295679445,0.0295679445,0.0363718114,0.0068038668,1.0000000000,1.0000000000
16.5800000000,16580.0000000000,5.0000000000,-5.0000000000,0.0000000000,169.0000000000,0.9635439030,0.0000000000,0.0364560970,0.9704226306,0.0000000000,0.0295773694,0.0295773694,0.0364560970,0.0068787275,1.0000000000,1.0000000000
16.5812000000,16581.2000000000,5.0000000000,-5.0000000000,0.0000000000,169.0000000000,0.9634569548,0.0000000000,0.0365430452,0.9704126514,0.0000000000,0.0295873486,0.0295873486,0.0365430452,0.0069556966,1.0000000000,1.0000000000
16.5824000000,16582.4000000000,5.0000000000,-5.0000000000,0.0000000000,169.0000000000,0.9633672875,0.0000000000,0.0366327125,0.9704021109,0.0000000000,0.0295978891,0.0295978891,0.0366327125,0.0070348234,1.0000000000,1.0000000000
16.5836000000,16583.6000000000,5.0000000000,-5.0000000000,0.0000000000,169.0000000000,0.9632748424,0.0000000000,0.0367251576,0.9703910019,0.0000000000,0.0296089981,0.0296089981,0.0367251576,0.0071161595,1.0000000000,1.0000000000
16.5848000000,16584.8000000000,5.0000000000,-5.0000000000,0.0000000000,169.0000000000,0.9631795586,0.0000000000,0.0368204414,0.9703793171,0.0000000000,0.0296206829,0.0296206829,0.0368204414,0.0071997585,1.0000000000,1.0000000000
16.5860000000,16586.0000000000,5.0000000000,-5.0000000000,0.0000000000,169.0000000000,0.9630813728,0.0000000000,0.0369186272,0.9703670492,0.0000000000,0.0296329508,0.0296329508,0.0369186272,0.0072856763,1.0000000000,1.0000000000
16.5872000000,16587.2000000000,5.0000000000,-5.0000000000,0.0000000000,169.0000000000,0.9629802192,0.0000000000,0.0370197808,0.9703541904,0.0000000000,0.0296458096,0.0296458096,0.0370197808,0.0073739712,1.0000000000,1.0000000000
16.5884000000,16588.4000000000,5.0000000000,-5.0000000000,0.0000000000,169.0000000000,0.9628760294,0.0000000000,0.0371239706,0.9703407330,0.0000000000,0.0296592670,0.0296592670,0.0371239706,0.0074647036,1.0000000000,1.0000000000
16.5896000000,16589.6000000000,5.0000000000,-5.0000000000,0.0000000000,169.0000000000,0.9627687325,0.0000000000,0.0372312675,0.9703266692,0.0000000000,0.0296733308,0.0296733308,0.0372312675,0.0075579367,1.0000000000,1.0000000000
16.5908000000,16590.8000000000,5.0000000000,-5.0000000000,0.0000000000,169.0000000000,0.9626582549,0.0000000000,0.0373417451,0.9703119908,0.0000000000,0.0296880092,0.0296880092,0.0373417451,0.0076537359,1.0000000000,1.0000000000
16.5920000000,16592.0000000000,5.0000000000,-5.0000000000,0.0000000000,169.0000000000,0.9625445201,0.0000000000,0.0374554799,0.9702966897,0.0000000000,0.0297033103,0.0297033103,0.0374554799,0.0077521696,1.0000000000,1.0000000000
16.5932000000,16593.2000000000,5.0000000000,-5.0000000000,0.0000000000,169.0000000000,0.9624274488,0.0000000000,0.0375725512,0.9702807575,0.0000000000,0.0297192425,0.0297192425,0.0375725512,0.0078533087,1.0000000000,1.0000000000
16.5944000000,16594.4000000000,5.0000000000,-5.0000000000,0.0000000000,169.0000000000,0.9623069586,0.0000000000,0.0376930414,0.9702641855,0.0000000000,0.0297358145,0.0297358145,0.0376930414,0.0079572269,1.0000000000,1.0000000000
16.5956000000,16595.6000000000,5.0000000000,-5.0000000000,0.0000000000,169.0000000000,0.9621829640,0.0000000000,0.0378170360,0.9702469651,0.0000000000,0.0297530349,0.0297530349,0.0378170360,0.0080640011,1.0000000000,1.0000000000
16.5968000000,16596.8000000000,5.0000000000,-5.0000000000,0.0000000000,169.0000000000,0.9620553764,0.0000000000,0.0379446236,0.9702290873,0.0000000000,0.0297709127,0.0297709127,0.0379446236,0.0081737110,1.0000000000,1.0000000000
16.5980000000,16598.0000000000,5.0000000000,-5.0000000000,0.0000000000,169.0000000000,0.9619241036,0.0000000000,0.0380758964,0.9702105431,0.0000000000,0.0297894569,0.0297894569,0.0380758964,0.0082864395,1.0000000000,1.0000000000
16.5992000000,16599.2000000000,5.0000000000,-5.0000000000,0.0000000000,169.0000000000,0.9617890501,0.0000000000,0.0382109499,0.9701913231,0.0000000000,0.0298086769,0.0298086769,0.0382109499,0.0084022730,1.0000000000,1.0000000000
16.6004000000,16600.4000000000,5.0000000000,-5.0000000000,0.0000000000,169.0000000000,0.9616501167,0.0000000000,0.0383498833,0.9701714178,0.0000000000,0.0298285822,0.0298285822,0.0383498833,0.0085213012,1.0000000000,1.0000000000
16.6016000000,16601.6000000000,5.0000000000,-5.0000000000,0.0000000000,169.0000000000,0.9615072004,0.0000000000,0.0384927996,0.9701508177,0.0000000000,0.0298491823,0.0298491823,0.0384927996,0.0086436173,1.0000000000,1.0000000000
16.6028000000,16602.8000000000,5.0000000000,-5.0000000000,0.0000000000,169.0000000000,0.9613601944,0.0000000000,0.0386398056,0.9701295127,0.0000000000,0.0298704873,0.0298704873,0.0386398056,0.0087693183,1.0000000000,1.0000000000
16.6040000000,16604.0000000000,5.0000000000,-5.0000000000,0.0000000000,169.0000000000,0.9612089877,0.0000000000,0.0387910123,0.9701074929,0.0000000000,0.0298925071,0.0298925071,0.0387910123,0.0088985051,1.0000000000,1.0000000000
16.6052000000,16605.2000000000,5.0000000000,-5.0000000000,0.0000000000,169.0000000000,0.9610534651,0.0000000000,0.0389465349,0.9700847478,0.0000000000,0.0299152522,0.0299152522,0.0389465349,0.0090312827,1.0000000000,1.0000000000
16.6064000000,16606.4000000000,5.0000000000,-5.0000000000,0.0000000000,169.0000000000,0.9608935069,0.0000000000,0.0391064931,0.9700612671,0.0000000000,0.0299387329,0.0299387329,0.0391064931,0.0091677602,1.0000000000,1.0000000000
16.6076000000,16607.6000000000,5.0000000000,-5.0000000000,0.0000000000,169.0000000000,0.9607289889,0.0000000000,0.0392710111,0.9700370400,0.0000000000,0.0299629600,0.0299629600,0.0392710111,0.0093080511,1.0000000000,1.0000000000
16.6088000000,16608.8000000000,5.0000000000,-5.0000000000,0.0000000000,169.0000000000,0.9605597819,0.0000000000,0.0394402181,0.9700120554,0.0000000000,0.0299879446,0.0299879446,0.0394402181,0.0094522735,1.0000000000,1.0000000000
16.6100000000,16610.0000000000,5.0000000000,-5.0000000000,0.0000000000,169.0000000000,0.9603857518,0.0000000000,0.0396142482,0.9699863022,0.0000000000,0.0300136978,0.0300136978,0.0396142482,0.0096005504,1.0000000000,1.0000000000
16.6112000000,16611.2000000000,5.0000000000,-5.0000000000,0.0000000000,169.0000000000,0.9602067593,0.0000000000,0.0397932407,0.9699597690,0.0000000000,0.0300402310,0.0300402310,0.0397932407,0.0097530097,1.0000000000,1.0000000000
16.6124000000,16612.4000000000,5.0000000000,-5.0000000000,0.0000000000,169.0000000000,0.9600226595,0.0000000000,0.0399773405,0.9699324441,0.0000000000,0.0300675559,0.0300675559,0.0399773405,0.0099097846,1.0000000000,1.0000000000
16.6136000000,16613.6000000000,5.0000000000,-5.0000000000,0.0000000000,169.0000000000,0.9598333019,0.0000000000,0.0401666981,0.9699043155,0.0000000000,0.0300956845,0.0300956845,0.0401666981,0.0100710136,1.0000000000,1.0000000000
16.6148000000,16614.8000000000,5.0000000000,-5.0000000000,0.0000000000,169.0000000000,0.9596385300,0.0000000000,0.0403614700,0.9698753711,0.0000000000,0.0301246289,0.0301246289,0.0403614700,0.0102368411,1.0000000000,1.0000000000
16.6160000000,16616.0000000000,5.0000000000,-5.0000000000,0.0000000000,169.0000000000,0.9594381809,0.0000000000,0.0405618191,0.9698455984,0.0000000000,0.0301544016,0.0301544016,0.0405618191,0.0104074175,1.0000000000,1.0000000000
16.6172000000,16617.2000000000,5.0000000000,-5.0000000000,0.0000000000,169.0000000000,0.9592320853,0.0000000000,0.0407679147,0.9698149846,0.0000000000,0.0301850154,0.0301850154,0.0407679147,0.0105828994,1.0000000000,1.0000000000
16.6184000000,16618.4000000000,5.0000000000,-5.0000000000,0.0000000000,169.0000000000,0.9590200670,0.0000000000,0.0409799330,0.9697835169,0.0000000000,0.0302164831,0.0302164831,0.0409799330,0.0107634498,1.0000000000,1.0000000000
16.6196000000,16619.6000000000,5.0000000000,-5.0000000000,0.0000000000,169.0000000000,0.9588019428,0.0000000000,0.0411980572,0.9697511818,0.0000000000,0.0302488182,0.0302488182,0.0411980572,0.0109492390,1.0000000000,1.0000000000
16.6208000000,16620.8000000000,5.0000000000,-5.0000000000,0.0000000000,169.0000000000,0.9585775218,0.0000000000,0.0414224782,0.9697179658,0.0000000000,0.0302820342,0.0302820342,0.0414224782,0.0111404440,1.0000000000,1.0000000000
16.6220000000,16622.0000000000,5.0000000000,-5.0000000000,0.0000000000,169.0000000000,0.9583466052,0.0000000000,0.0416533948,0.9696838550,0.0000000000,0.0303161450,0.0303161450,0.0416533948,0.0113372498,1.0000000000,1.0000000000
16.6232000000,16623.2000000000,5.0000000000,-5.0000000000,0.0000000000,169.0000000000,0.9581089863,0.0000000000,0.0418910137,0.9696488352,0.0000000000,0.0303511648,0.0303511648,0.0418910137,0.0115398490,1.0000000000,1.0000000000
16.6244000000,16624.4000000000,5.0000000000,-5.0000000000,0.0000000000,169.0000000000,0.9578644494,0.0000000000,0.0421355506,0.9696128920,0.0000000000,0.0303871080,0.0303871080,0.0421355506,0.0117484426,1.0000000000,1.0000000000
16.6256000000,16625.6000000000,5.0000000000,-5.0000000000,0.0000000000,169.0000000000,0.9576127699,0.0000000000,0.0423872301,0.9695760105,0.0000000000,0.0304239895,0.0304239895,0.0423872301,0.0119632406,1.0000000000,1.0000000000
16.6268000000,16626.8000000000,5.0000000000,-5.0000000000,0.0000000000,169.0000000000,0.9573537138,0.0000000000,0.0426462862,0.9695381755,0.0000000000,0.0304618245,0.0304618245,0.0426462862,0.0121844617,1.0000000000,1.0000000000
16.6280000000,16628.0000000000,5.0000000000,-5.0000000000,0.0000000000,169.0000000000,0.9570870369,0.0000000000,0.0429129631,0.9694993716,0.0000000000,0.0305006284,0.0305006284,0.0429129631,0.0124123346,1.0000000000,1.0000000000
16.6292000000,16629.2000000000,5.0000000000,-5.0000000000,0.0000000000,169.0000000000,0.9568124848,0.0000000000,0.0431875152,0.9694595829,0.0000000000,0.0305404171,0.0305404171,0.0431875152,0.0126470981,1.0000000000,1.0000000000
16.6304000000,16630.4000000000,5.0000000000,-5.0000000000,0.0000000000,169.0000000000,0.9565297918,0.0000000000,0.0434702082,0.9694187931,0.0000000000,0.0305812069,0.0305812069,0.0434702082,0.0128890013,1.0000000000,1.0000000000
16.6316000000,16631.6000000000,5.0000000000,-5.0000000000,0.0000000000,169.0000000000,0.9562386809,0.0000000000,0.0437613191,0.9693769858,0.0000000000,0.0306230142,0.0306230142,0.0437613191,0.0131383049,1.0000000000,1.0000000000
16.6328000000,16632.8000000000,5.0000000000,-5.0000000000,0.0000000000,169.0000000000,0.9559388627,0.0000000000,0.0440611373,0.9693341439,0.0000000000,0.0306658561,0.0306658561,0.0440611373,0.0133952812,1.0000000000,1.0000000000
16.6340000000,16634.0000000000,5.0000000000,-5.0000000000,0.0000000000,169.0000000000,0.9556300351,0.0000000000,0.0443699649,0.9692902501,0.0000000000,0.0307097499,0.0307097499,0.0443699649,0.0136602150,1.0000000000,1.0000000000
16.6352000000,16635.2000000000,5.0000000000,-5.0000000000,0.0000000000,169.0000000000,0.9553118827,0.0000000000,0.0446881173,0.9692452867,0.0000000000,0.0307547133,0.0307547133,0.0446881173,0.0139334039,1.0000000000,1.0000000000
16.6364000000,16636.4000000000,5.0000000000,-5.0000000000,0.0000000000,169.0000000000,0.9549840757,0.0000000000,0.0450159243,0.9691992355,0.0000000000,0.0308007645,0.0308007645,0.0450159243,0.0142151598,1.0000000000,1.0000000000
16.6376000000,16637.6000000000,5.0000000000,-5.0000000000,0.0000000000,169.0000000000,0.9546462694,0.0000000000,0.0453537306,0.9691520779,0.0000000000,0.0308479221,0.0308479221,0.0453537306,0.0145058085,1.0000000000,1.0000000000
16.6388000000,16638.8000000000,5.0000000000,-5.0000000000,0.0000000000,169.0000000000,0.9542981034,0.0000000000,0.0457018966,0.9691037949,0.0000000000,0.0308962051,0.0308962051,0.0457018966,0.0148056915,1.0000000000,1.0000000000
16.6400000000,16640.0000000000,5.0000000000,-5.0000000000,0.0000000000,169.0000000000,0.9539392007,0.0000000000,0.0460607993,0.9690543671,0.0000000000,0.0309456329,0.0309456329,0.0460607993,0.0151151664,1.0000000000,1.0000000000
16.6412000000,16641.2000000000,5.0000000000,-5.0000000000,0.0000000000,169.0000000000,0.9535691668,0.0000000000,0.0464308332,0.9690037746,0.0000000000,0.0309962254,0.0309962254,0.0464308332,0.0154346078,1.0000000000,1.0000000000
16.6424000000,16642.4000000000,5.0000000000,-5.0000000000,0.0000000000,169.0000000000,0.9531875887,0.0000000000,0.0468124113,0.9689519969,0.0000000000,0.0310480031,0.0310480031,0.0468124113,0.0157644082,1.0000000000,1.0000000000
16.6436000000,16643.6000000000,5.0000000000,-5.0000000000,0.0000000000,169.0000000000,0.9527940339,0.0000000000,0.0472059661,0.9688990133,0.0000000000,0.0311009867,0.0311009867,0.0472059661,0.0161049794,1.0000000000,1.0000000000
16.6448000000,16644.8000000000,5.0000000000,-5.0000000000,0.0000000000,169.0000000000,0.9523880493,0.0000000000,0.0476119507,0.9688448023,0.0000000000,0.0311551977,0.0311551977,0.0476119507,0.0164567530,1.0000000000,1.0000000000
16.6460000000,16646.0000000000,5.0000000000,-5.0000000000,0.0000000000,169.0000000000,0.9519691600,0.0000000000,0.0480308400,0.9687893420,0.0000000000,0.0312106580,0.0312106580,0.0480308400,0.0168201821,1.0000000000,1.0000000000
16.6472000000,16647.2000000000,5.0000000000,-5.0000000000,0.0000000000,169.0000000000,0.9515368680,0.0000000000,0.0484631320,0.9687326102,0.0000000000,0.0312673898,0.0312673898,0.0484631320,0.0171957422,1.0000000000,1.0000000000
16.6484000000,16648.4000000000,5.0000000000,-5.0000000000,0.0000000000,169.0000000000,0.9510906512,0.0000000000,0.0489093488,0.9686745838,0.0000000000,0.0313254162,0.0313254162,0.0489093488,0.0175839326,1.0000000000,1.0000000000
16.6496000000,16649.6000000000,5.0000000000,-5.0000000000,0.0000000000,169.0000000000,0.9506299614,0.0000000000,0.0493700386,0.9686152393,0.0000000000,0.0313847607,0.0313847607,0.0493700386,0.0179852779,1.0000000000,1.0000000000
16.6508000000,16650.8000000000,5.0000000000,-5.0000000000,0.0000000000,169.0000000000,0.9501542233,0.0000000000,0.0498457767,0.9685545527,0.0000000000,0.0314454473,0.0314454473,0.0498457767,0.0184003294,1.0000000000,1.0000000000
16.6520000000,16652.0000000000,5.0000000000,-5.0000000000,0.0000000000,169.0000000000,0.9496628326,0.0000000000,0.0503371674,0.9684924994,0.0000000000,0.0315075006,0.0315075006,0.0503371674,0.0188296667,1.0000000000,1.0000000000
16.6532000000,16653.2000000000,5.0000000000,-5.0000000000,0.0000000000,169.0000000000,0.9491551543,0.0000000000,0.0508448457,0.9684290540,0.0000000000,0.0315709460,0.0315709460,0.0508448457,0.0192738996,1.0000000000,1.0000000000
16.6544000000,16654.4000000000,5.0000000000,-5.0000000000,0.0000000000,169.0000000000,0.9486305209,0.0000000000,0.0513694791,0.9683641907,0.0000000000,0.0316358093,0.0316358093,0.0513694791,0.0197336697,1.0000000000,1.0000000000
16.6556000000,16655.6000000000,5.0000000000,-5.0000000000,0.0000000000,169.0000000000,0.9480882305,0.0000000000,0.0519117695,0.9682978829,0.0000000000,0.0317021171,0.0317021171,0.0519117695,0.0202096525,1.0000000000,1.0000000000
16.6568000000,16656.8000000000,5.0000000000,-5.0000000000,0.0000000000,169.0000000000,0.9475275442,0.0000000000,0.0524724558,0.9682301036,0.0000000000,0.0317698964,0.0317698964,0.0524724558,0.0207025594,1.0000000000,1.0000000000
16.6580000000,16658.0000000000,5.0000000000,-5.0000000000,0.0000000000,169.0000000000,0.9469476845,0.0000000000,0.0530523155,0.9681608248,0.0000000000,0.0318391752,0.0318391752,0.0530523155,0.0212131402,1.0000000000,1.0000000000
16.6592000000,16659.2000000000,5.0000000000,-5.0000000000,0.0000000000,169.0000000000,0.9463478325,0.0000000000,0.0536521675,0.9680900179,0.0000000000,0.0319099821,0.0319099821,0.0536521675,0.0217421854,1.0000000000,1.0000000000
16.6604000000,16660.4000000000,5.0000000000,-5.0000000000,0.0000000000,169.0000000000,0.9457271249,0.0000000000,0.0542728751,0.9680176537,0.0000000000,0.0319823463,0.0319823463,0.0542728751,0.0222905288,1.0000000000,1.0000000000
16.6616000000,16661.6000000000,5.0000000000,-5.0000000000,0.0000000000,169.0000000000,0.9450846520,0.0000000000,0.0549153480,0.9679437022,0.0000000000,0.0320562978,0.0320562978,0.0549153480,0.0228590502,1.0000000000,1.0000000000
16.6628000000,16662.8000000000,5.0000000000,-5.0000000000,0.0000000000,169.0000000000,0.9444194538,0.0000000000,0.0555805462,0.9678681325,0.0000000000,0.0321318675,0.0321318675,0.0555805462,0.0234486787,1.0000000000,1.0000000000
16.6640000000,16664.0000000000,5.0000000000,-5.0000000000,0.0000000000,169.0000000000,0.9437305174,0.0000000000,0.0562694826,0.9677909131,0.0000000000,0.0322090869,0.0322090869,0.0562694826,0.0240603957,1.0000000000,1.0000000000
16.6652000000,16665.2000000000,5.0000000000,-5.0000000000,0.0000000000,169.0000000000,0.9430167732,0.0000000000,0.0569832268,0.9677120117,0.0000000000,0.0322879883,0.0322879883,0.0569832268,0.0246952385,1.0000000000,1.0000000000
16.6664000000,16666.4000000000,5.0000000000,-5.0000000000,0.0000000000,169.0000000000,0.9422770908,0.0000000000,0.0577229092,0.9676313949,0.0000000000,0.0323686051,0.0323686051,0.0577229092,0.0253543041,1.0000000000,1.0000000000
16.6676000000,16667.6000000000,5.0000000000,-5.0000000000,0.0000000000,169.0000000000,0.9415102756,0.0000000000,0.0584897244,0.9675490287,0.0000000000,0.0324509713,0.0324509713,0.0584897244,0.0260387531,1.0000000000,1.0000000000
16.6688000000,16668.8000000000,5.0000000000,-5.0000000000,0.0000000000,169.0000000000,0.9407150637,0.0000000000,0.0592849363,0.9674648781,0.0000000000,0.0325351219,0.0325351219,0.0592849363,0.0267498144,1.0000000000,1.0000000000
16.6700000000,16670.0000000000,5.0000000000,-5.0000000000,0.0000000000,169.0000000000,0.9398901178,0.0000000000,0.0601098822,0.9673789073,0.0000000000,0.0326210927,0.0326210927,0.0601098822,0.0274887895,1.0000000000,1.0000000000
16.6712000000,16671.2000000000,5.0000000000,-5.0000000000,0.0000000000,169.0000000000,0.9390340214,0.0000000000,0.0609659786,0.9672910793,0.0000000000,0.0327089207,0.0327089207,0.0609659786,0.0282570579,1.0000000000,1.0000000000
16.6724000000,16672.4000000000,5.0000000000,-5.0000000000,0.0000000000,169.0000000000,0.9381452737,0.0000000000,0.0618547263,0.9672013564,0.0000000000,0.0327986436,0.0327986436,0.0618547263,0.0290560827,1.0000000000,1.0000000000
16.6736000000,16673.6000000000,5.0000000000,-5.0000000000,0.0000000000,169.0000000000,0.9372222836,0.0000000000,0.0627777164,0.9671096998,0.0000000000,0.0328903002,0.0328903002,0.0627777164,0.0298874162,1.0000000000,1.0000000000
16.6748000000,16674.8000000000,5.0000000000,-5.0000000000,0.0000000000,169.0000000000,0.9362633628,0.0000000000,0.0637366372,0.9670160696,0.0000000000,0.0329839304,0.0329839304,0.0637366372,0.0307527068,1.0000000000,1.0000000000
16.6760000000,16676.0000000000,5.0000000000,-5.0000000000,0.0000000000,169.0000000000,0.9352667191,0.0000000000,0.0647332809,0.9669204249,0.0000000000,0.0330795751,0.0330795751,0.0647332809,0.0316537057,1.0000000000,1.0000000000
16.6772000000,16677.2000000000,5.0000000000,-5.0000000000,0.0000000000,169.0000000000,0.9342304489,0.0000000000,0.0657695511,0.9668227236,0.0000000000,0.0331772764,0.0331772764,0.0657695511,0.0325922747,1.0000000000,1.0000000000
16.6784000000,16678.4000000000,5.0000000000,-5.0000000000,0.0000000000,169.0000000000,0.9331525284,0.0000000000,0.0668474716,0.9667229226,0.0000000000,0.0332770774,0.0332770774,0.0668474716,0.0335703942,1.0000000000,1.0000000000
16.6796000000,16679.6000000000,5.0000000000,-5.0000000000,0.0000000000,169.0000000000,0.9320308051,0.0000000000,0.0679691949,0.9666209775,0.0000000000,0.0333790225,0.0333790225,0.0679691949,0.0345901724,1.0000000000,1.0000000000
16.6808000000,16680.8000000000,5.0000000000,-5.0000000000,0.0000000000,169.0000000000,0.9308629877,0.0000000000,0.0691370123,0.9665168429,0.0000000000,0.0334831571,0.0334831571,0.0691370123,0.0356538551,1.0000000000,1.0000000000
16.6820000000,16682.0000000000,5.0000000000,-5.0000000000,0.0000000000,169.0000000000,0.9296466358,0.0000000000,0.0703533642,0.9664104717,0.0000000000,0.0335895283,0.0335895283,0.0703533642,0.0367638359,1.0000000000,1.0000000000
16.6832000000,16683.2000000000,5.0000000000,-5.0000000000,0.0000000000,169.0000000000,0.9283791479,0.0000000000,0.0716208521,0.9663018161,0.0000000000,0.0336981839,0.0336981839,0.0716208521,0.0379226681,1.0000000000,1.0000000000
16.6844000000,16684.4000000000,5.0000000000,-5.0000000000,0.0000000000,169.0000000000,0.9270577493,0.0000000000,0.0729422507,0.9661908264,0.0000000000,0.0338091736,0.0338091736,0.0729422507,0.0391330771,1.0000000000,1.0000000000
16.6856000000,16685.6000000000,5.0000000000,-5.0000000000,0.0000000000,169.0000000000,0.9256794777,0.0000000000,0.0743205223,0.9660774519,0.0000000000,0.0339225481,0.0339225481,0.0743205223,0.0403979741,1.0000000000,1.0000000000
16.6868000000,16686.8000000000,5.0000000000,-5.0000000000,0.0000000000,169.0000000000,0.9242411691,0.0000000000,0.0757588309,0.9659616402,0.0000000000,0.0340383598,0.0340383598,0.0757588309,0.0417204711,1.0000000000,1.0000000000
16.6880000000,16688.0000000000,5.0000000000,-5.0000000000,0.0000000000,169.0000000000,0.9227394406,0.0000000000,0.0772605594,0.9658433377,0.0000000000,0.0341566623,0.0341566623,0.0772605594,0.0431038971,1.0000000000,1.0000000000
16.6892000000,16689.2000000000,5.0000000000,-5.0000000000,0.0000000000,169.0000000000,0.9211706730,0.0000000000,0.0788293270,0.9657224891,0.0000000000,0.0342775109,0.0342775109,0.0788293270,0.0445518161,1.0000000000,1.0000000000
16.6904000000,16690.4000000000,5.0000000000,-5.0000000000,0.0000000000,169.0000000000,0.9195309910,0.0000000000,0.0804690090,0.9655990375,0.0000000000,0.0344009625,0.0344009625,0.0804690090,0.0460680465,1.0000000000,1.0000000000
16.6916000000,16691.6000000000,5.0000000000,-5.0000000000,0.0000000000,169.0000000000,0.9178162418,0.0000000000,0.0821837582,0.9654729244,0.0000000000,0.0345270756,0.0345270756,0.0821837582,0.0476566826,1.0000000000,1.0000000000
16.6928000000,16692.8000000000,5.0000000000,-5.0000000000,0.0000000000,169.0000000000,0.9160219719,0.0000000000,0.0839780281,0.9653440896,0.0000000000,0.0346559104,0.0346559104,0.0839780281,0.0493221177,1.0000000000,1.0000000000
16.6940000000,16694.0000000000,5.0000000000,-5.0000000000,0.0000000000,169.0000000000,0.9141434010,0.0000000000,0.0858565990,0.9652124713,0.0000000000,0.0347875287,0.0347875287,0.0858565990,0.0510690703,1.0000000000,1.0000000000
16.6952000000,16695.2000000000,5.0000000000,-5.0000000000,0.0000000000,169.0000000000,0.9121753938,0.0000000000,0.0878246062,0.9650780057,0.0000000000,0.0349219943,0.0349219943,0.0878246062,0.0529026118,1.0000000000,1.0000000000
16.6964000000,16696.4000000000,5.0000000000,-5.0000000000,0.0000000000,169.0000000000,0.9101124294,0.0000000000,0.0898875706,0.9649406271,0.0000000000,0.0350593729,0.0350593729,0.0898875706,0.0548281977,1.0000000000,1.0000000000
16.6976000000,16697.6000000000,5.0000000000,-5.0000000000,0.0000000000,169.0000000000,0.9079485665,0.0000000000,0.0920514335,0.9648002681,0.0000000000,0.0351997319,0.0351997319,0.0920514335,0.0568517016,1.0000000000,1.0000000000
16.6988000000,16698.8000000000,5.0000000000,-5.0000000000,0.0000000000,169.0000000000,0.9056774065,0.0000000000,0.0943225935,0.9646568591,0.0000000000,0.0353431409,0.0353431409,0.0943225935,0.0589794526,1.0000000000,1.0000000000
16.7000000000,16700.0000000000,5.0000000000,-5.0000000000,0.0000000000,169.0000000000,0.9032920518,0.0000000000,0.0967079482,0.9645103284,0.0000000000,0.0354896716,0.0354896716,0.0967079482,0.0612182766,1.0000000000,1.0000000000
16.7012000000,16701.2000000000,5.0000000000,-5.0000000000,0.0000000000,169.0000000000,0.9007850605,0.0000000000,0.0992149395,0.9643606023,0.0000000000,0.0356393977,0.0356393977,0.0992149395,0.0635755417,1.0000000000,1.0000000000
16.7024000000,16702.4000000000,5.0000000000,-5.0000000000,0.0000000000,169.0000000000,0.8981483963,0.0000000000,0.1018516037,0.9642076047,0.0000000000,0.0357923953,0.0357923953,0.1018516037,0.0660592084,1.0000000000,1.0000000000
16.7036000000,16703.6000000000,5.0000000000,-5.0000000000,0.0000000000,169.0000000000,0.8953733727,0.0000000000,0.1046266273,0.9640512574,0.0000000000,0.0359487426,0.0359487426,0.1046266273,0.0686778847,1.0000000000,1.0000000000
16.7048000000,16704.8000000000,5.0000000000,-5.0000000000,0.0000000000,169.0000000000,0.8924505926,0.0000000000,0.1075494074,0.9638914796,0.0000000000,0.0361085204,0.0361085204,0.1075494074,0.0714408870,1.0000000000,1.0000000000
16.7060000000,16706.0000000000,5.0000000000,-5.0000000000,0.0000000000,169.0000000000,0.8893698802,0.0000000000,0.1106301198,0.9637281882,0.0000000000,0.0362718118,0.0362718118,0.1106301198,0.0743583079,1.0000000000,1.0000000000
16.7072000000,16707.2000000000,5.0000000000,-5.0000000000,0.0000000000,169.0000000000,0.8861202068,0.0000000000,0.1138797932,0.9635612972,0.0000000000,0.0364387028,0.0364387028,0.1138797932,0.0774410904,1.0000000000,1.0000000000
16.7084000000,16708.4000000000,5.0000000000,-5.0000000000,0.0000000000,169.0000000000,0.8826896082,0.0000000000,0.1173103918,0.9633907185,0.0000000000,0.0366092815,0.0366092815,0.1173103918,0.0807011102,1.0000000000,1.0000000000
16.7096000000,16709.6000000000,5.0000000000,-5.0000000000,0.0000000000,169.0000000000,0.8790650938,0.0000000000,0.1209349062,0.9632163606,0.0000000000,0.0367836394,0.0367836394,0.1209349062,0.0841512667,1.0000000000,1.0000000000
16.7108000000,16710.8000000000,5.0000000000,-5.0000000000,0.0000000000,169.0000000000,0.8752325456,0.0000000000,0.1247674544,0.9630381295,0.0000000000,0.0369618705,0.0369618705,0.1247674544,0.0878055839,1.0000000000,1.0000000000
16.7120000000,16712.0000000000,5.0000000000,-5.0000000000,0.0000000000,169.0000000000,0.8711766068,0.0000000000,0.1288233932,0.9628559283,0.0000000000,0.0371440717,0.0371440717,0.1288233932,0.0916793214,1.0000000000,1.0000000000
16.7132000000,16713.2000000000,5.0000000000,-5.0000000000,0.0000000000,169.0000000000,0.8668805589,0.0000000000,0.1331194411,0.9626696566,0.0000000000,0.0373303434,0.0373303434,0.1331194411,0.0957890977,1.0000000000,1.0000000000
16.7144000000,16714.4000000000,5.0000000000,-5.0000000000,0.0000000000,169.0000000000,0.8623261851,0.0000000000,0.1376738149,0.9624792113,0.0000000000,0.0375207887,0.0375207887,0.1376738149,0.1001530262,1.0000000000,1.0000000000
16.7156000000,16715.6000000000,5.0000000000,-5.0000000000,0.0000000000,169.0000000000,0.8574936205,0.0000000000,0.1425063795,0.9622844856,0.0000000000,0.0377155144,0.0377155144,0.1425063795,0.1047908650,1.0000000000,1.0000000000
16.7168000000,16716.8000000000,5.0000000000,-5.0000000000,0.0000000000,169.0000000000,0.8523611858,0.0000000000,0.1476388142,0.9620853692,0.0000000000,0.0379146308,0.0379146308,0.1476388142,0.1097241835,1.0000000000,1.0000000000
16.7180000000,16718.0000000000,5.0000000000,-5.0000000000,0.0000000000,169.0000000000,0.8469052047,0.0000000000,0.1530947953,0.9618817486,0.0000000000,0.0381182514,0.0381182514,0.1530947953,0.1149765439,1.0000000000,1.0000000000
16.7192000000,16719.2000000000,5.0000000000,-5.0000000000,0.0000000000,169.0000000000,0.8410998033,0.0000000000,0.1589001967,0.9616735062,0.0000000000,0.0383264938,0.0383264938,0.1589001967,0.1205737029,1.0000000000,1.0000000000
16.7204000000,16720.4000000000,5.0000000000,-5.0000000000,0.0000000000,169.0000000000,0.8349166895,0.0000000000,0.1650833105,0.9614605207,0.0000000000,0.0385394793,0.0385394793,0.1650833105,0.1265438312,1.0000000000,1.0000000000
16.7216000000,16721.6000000000,5.0000000000,-5.0000000000,0.0000000000,169.0000000000,0.8283249120,0.0000000000,0.1716750880,0.9612426666,0.0000000000,0.0387573334,0.0387573334,0.1716750880,0.1329177546,1.0000000000,1.0000000000
16.7228000000,16722.8000000000,5.0000000000,-5.0000000000,0.0000000000,169.0000000000,0.8212905987,0.0000000000,0.1787094013,0.9610198143,0.0000000000,0.0389801857,0.0389801857,0.1787094013,0.1397292156,1.0000000000,1.0000000000
16.7240000000,16724.0000000000,5.0000000000,-5.0000000000,0.0000000000,169.0000000000,0.8137766721,0.0000000000,0.1862233279,0.9607918299,0.0000000000,0.0392081701,0.0392081701,0.1862233279,0.1470151578,1.0000000000,1.0000000000
16.7252000000,16725.2000000000,5.0000000000,-5.0000000000,0.0000000000,169.0000000000,0.8057425451,0.0000000000,0.1942574549,0.9605585749,0.0000000000,0.0394414251,0.0394414251,0.1942574549,0.1548160299,1.0000000000,1.0000000000
16.7264000000,16726.4000000000,5.0000000000,-5.0000000000,0.0000000000,169.0000000000,0.7971437954,0.0000000000,0.2028562046,0.9603199061,0.0000000000,0.0396800939,0.0396800939,0.2028562046,0.1631761106,1.0000000000,1.0000000000
16.7276000000,16727.6000000000,5.0000000000,-5.0000000000,0.0000000000,169.0000000000,0.7879318249,0.0000000000,0.2120681751,0.9600756752,0.0000000000,0.0399243248,0.0399243248,0.2120681751,0.1721438503,1.0000000000,1.0000000000
16.7288000000,16728.8000000000,5.0000000000,-5.0000000000,0.0000000000,169.0000000000,0.7780535058,0.0000000000,0.2219464942,0.9598257290,0.0000000000,0.0401742710,0.0401742710,0.2219464942,0.1817722232,1.0000000000,1.0000000000
16.7300000000,16730.0000000000,5.0000000000,-5.0000000000,0.0000000000,169.0000000000,0.7674508256,0.0000000000,0.2325491744,0.9595699090,0.0000000000,0.0404300910,0.0404300910,0.2325491744,0.1921190834,1.0000000000,1.0000000000
16.7312000000,16731.2000000000,5.0000000000,-5.0000000000,0.0000000000,169.0000000000,0.7560605392,0.0000000000,0.2439394608,0.9593080509,0.0000000000,0.0406919491,0.0406919491,0.2439394608,0.2032475117,1.0000000000,1.0000000000
16.7324000000,16732.4000000000,5.0000000000,-5.0000000000,0.0000000000,169.0000000000,0.7438138501,0.0000000000,0.2561861499,0.9590399847,0.0000000000,0.0409600153,0.0409600153,0.2561861499,0.2152261346,1.0000000000,1.0000000000
16.7336000000,16733.6000000000,5.0000000000,-5.0000000000,0.0000000000,169.0000000000,0.7306361443,0.0000000000,0.2693638557,0.9587655346,0.0000000000,0.0412344654,0.0412344654,0.2693638557,0.2281293904,1.0000000000,1.0000000000
16.7348000000,16734.8000000000,5.0000000000,-5.0000000000,0.0000000000,169.0000000000,0.7164468131,0.0000000000,0.2835531869,0.9584845183,0.0000000000,0.0415154817,0.0415154817,0.2835531869,0.2420377052,1.0000000000,1.0000000000
16.7360000000,16736.0000000000,5.0000000000,-5.0000000000,0.0000000000,169.0000000000,0.7011592155,0.0000000000,0.2988407845,0.9581967469,0.0000000000,0.0418032531,0.0418032531,0.2988407845,0.2570375314,1.0000000000,1.0000000000
16.7372000000,16737.2000000000,5.0000000000,-5.0000000000,0.0000000000,169.0000000000,0.6846808463,0.0000000000,0.3153191537,0.9579020247,0.0000000000,0.0420979753,0.0420979753,0.3153191537,0.2732211784,1.0000000000,1.0000000000
16.7384000000,16738.4000000000,5.0000000000,-5.0000000000,0.0000000000,169.0000000000,0.6669137992,0.0000000000,0.3330862008,0.9576001490,0.0000000000,0.0423998510,0.0423998510,0.3330862008,0.2906863498,1.0000000000,1.0000000000
16.7396000000,16739.6000000000,5.0000000000,-5.0000000000,0.0000000000,169.0000000000,0.6477556444,0.0000000000,0.3522443556,0.9572909094,0.0000000000,0.0427090906,0.0427090906,0.3522443556,0.3095352651,1.0000000000,1.0000000000
16.7408000000,16740.8000000000,5.0000000000,-5.0000000000,0.0000000000,169.0000000000,0.6271008715,0.0000000000,0.3728991285,0.9569740881,0.0000000000,0.0430259119,0.0430259119,0.3728991285,0.3298732166,1.0000000000,1.0000000000
16.7420000000,16742.0000000000,5.0000000000,-5.0000000000,0.0000000000,169.0000000000,0.6048430944,0.0000000000,0.3951569056,0.9566494589,0.0000000000,0.0433505411,0.0433505411,0.3951569056,0.3518063645,1.0000000000,1.0000000000
16.7432000000,16743.2000000000,5.0000000000,-5.0000000000,0.0000000000,169.0000000000,0.5808782585,0.0000000000,0.4191217415,0.9563167870,0.0000000000,0.0436832130,0.0436832130,0.4191217415,0.3754385285,1.0000000000,1.0000000000
16.7444000000,16744.4000000000,5.0000000000,-5.0000000000,0.0000000000,169.0000000000,0.5551091453,0.0000000000,0.4448908547,0.9559758292,0.0000000000,0.0440241708,0.0440241708,0.4448908547,0.4008666839,1.0000000000,1.0000000000
16.7456000000,16745.6000000000,5.0000000000,-5.0000000000,0.0000000000,169.0000000000,0.5274515139,0.0000000000,0.4725484861,0.9556263325,0.0000000000,0.0443736675,0.0443736675,0.4725484861,0.4281748186,1.0000000000,1.0000000000
16.7468000000,16746.8000000000,5.0000000000,-5.0000000000,0.0000000000,169.0000000000,0.4978422565,0.0000000000,0.5021577435,0.9552680347,0.0000000000,0.0447319653,0.0447319653,0.5021577435,0.4574257783,1.0000000000,1.0000000000
16.7480000000,16748.0000000000,5.0000000000,-5.0000000000,0.0000000000,169.0000000000,0.4662499444,0.0000000000,0.5337500556,0.9549006632,0.0000000000,0.0450993368,0.0450993368,0.5337500556,0.4886507188,1.0000000000,1.0000000000
16.7492000000,16749.2000000000,5.0000000000,-5.0000000000,0.0000000000,169.0000000000,0.4326880864,0.0000000000,0.5673119136,0.9545239349,0.0000000000,0.0454760651,0.0454760651,0.5673119136,0.5218358484,1.0000000000,1.0000000000
16.7504000000,16750.4000000000,5.0000000000,-5.0000000000,0.0000000000,169.0000000000,0.3972312612,0.0000000000,0.6027687388,0.9541375555,0.0000000000,0.0458624445,0.0458624445,0.6027687388,0.5569062943,1.0000000000,1.0000000000
16.7516000000,16751.6000000000,5.0000000000,-5.0000000000,0.0000000000,169.0000000000,0.3600339800,0.0000000000,0.6399660200,0.9537412193,0.0000000000,0.0462587807,0.0462587807,0.6399660200,0.5937072393,1.0000000000,1.0000000000
16.7528000000,16752.8000000000,5.0000000000,-5.0000000000,0.0000000000,169.0000000000,0.3213516230,0.0000000000,0.6786483770,0.9533346083,0.0000000000,0.0466653917,0.0466653917,0.6786483770,0.6319829853,1.0000000000,1.0000000000
16.7540000000,16754.0000000000,5.0000000000,-5.0000000000,0.0000000000,169.0000000000,0.2815620307,0.0000000000,0.7184379693,0.9529173919,0.0000000000,0.0470826081,0.0470826081,0.7184379693,0.6713553612,1.0000000000,1.0000000000
16.7552000000,16755.2000000000,5.0000000000,-5.0000000000,0.0000000000,169.0000000000,0.2411853176,0.0000000000,0.7588146824,0.9524892260,0.0000000000,0.0475107740,0.0475107740,0.7588146824,0.7113039084,1.0000000000,1.0000000000
16.7564000000,16756.4000000000,5.0000000000,-5.0000000000,0.0000000000,169.0000000000,0.2008982940,0.0000000000,0.7991017060,0.9520497528,0.0000000000,0.0479502472,0.0479502472,0.7991017060,0.7511514588,1.0000000000,1.0000000000
16.7576000000,16757.6000000000,5.0000000000,-5.0000000000,0.0000000000,169.0000000000,0.1615387553,0.0000000000,0.8384612447,0.9515985995,0.0000000000,0.0484014005,0.0484014005,0.8384612447,0.7900598442,1.0000000000,1.0000000000
16.7588000000,16758.8000000000,5.0000000000,-5.0000000000,0.0000000000,169.0000000000,0.1240942352,0.0000000000,0.8759057648,0.9511353783,0.0000000000,0.0488646217,0.0488646217,0.8759057648,0.8270411431,1.0000000000,1.0000000000
16.7600000000,16760.0000000000,5.0000000000,-5.0000000000,0.0000000000,169.0000000000,0.0896701762,0.0000000000,0.9103298238,0.9506596851,0.0000000000,0.0493403149,0.0493403149,0.9103298238,0.8609895088,1.0000000000,1.0000000000
16.7612000000,16761.2000000000,5.0000000000,-5.0000000000,0.0000000000,169.0000000000,0.0594344272,0.0000000000,0.9405655728,0.9501710988,0.0000000000,0.0498289012,0.0498289012,0.9405655728,0.8907366715,1.0000000000,1.0000000000
16.7624000000,16762.4000000000,5.0000000000,-5.0000000000,0.0000000000,169.0000000000,0.0345388359,0.0000000000,0.9654611641,0.9496691806,0.0000000000,0.0503308194,0.0503308194,0.9654611641,0.9151303447,1.0000000000,1.0000000000
16.7636000000,16763.6000000000,5.0000000000,-5.0000000000,0.0000000000,169.0000000000,0.0160241340,0.0000000000,0.9839758660,0.9491534733,0.0000000000,0.0508465267,0.0508465267,0.9839758660,0.9331293393,1.0000000000,1.0000000000
16.7648000000,16764.8000000000,5.0000000000,-5.0000000000,0.0000000000,169.0000000000,0.0047200910,0.0000000000,0.9952799090,0.9486234997,0.0000000000,0.0513765003,0.0513765003,0.9952799090,0.9439034087,1.0000000000,1.0000000000
16.7660000000,16766.0000000000,5.0000000000,-5.0000000000,0.0000000000,169.0000000000,0.0011570625,0.0000000000,0.9988429375,0.9480787622,0.0000000000,0.0519212378,0.0519212378,0.9988429375,0.9469216997,1.0000000000,1.0000000000
16.7672000000,16767.2000000000,5.0000000000,-5.0000000000,0.0000000000,169.0000000000,0.0055055505,0.0000000000,0.9944944495,0.9475187416,0.0000000000,0.0524812584,0.0524812584,0.9944944495,0.9420131912,1.0000000000,1.0000000000
16.7684000000,16768.4000000000,5.0000000000,-5.0000000000,0.0000000000,169.0000000000,0.0175561876,0.0000000000,0.9824438124,0.9469428958,0.0000000000,0.0530571042,0.0530571042,0.9824438124,0.9293867082,1.0000000000,1.0000000000
16.7696000000,16769.6000000000,5.0000000000,-5.0000000000,0.0000000000,169.0000000000,0.0367444233,0.0000000000,0.9632555767,0.9463506587,0.0000000000,0.0536493413,0.0536493413,0.9632555767,0.9096062354,1.0000000000,1.0000000000
16.7708000000,16770.8000000000,5.0000000000,-5.0000000000,0.0000000000,169.0000000000,0.0622146316,0.0000000000,0.9377853684,0.9457414390,0.0000000000,0.0542585610,0.0542585610,0.9377853684,0.8835268075,1.0000000000,1.0000000000
16.7720000000,16772.0000000000,5.0000000000,-5.0000000000,0.0000000000,169.0000000000,0.0929105586,0.0000000000,0.9070894414,0.9451146190,0.0000000000,0.0548853810,0.0548853810,0.9070894414,0.8522040604,1.0000000000,1.0000000000
16.7732000000,16773.2000000000,5.0000000000,-5.0000000000,0.0000000000,169.0000000000,0.1276753305,0.0000000000,0.8723246695,0.9444695526,0.0000000000,0.0555304474,0.0555304474,0.8723246695,0.8167942221,1.0000000000,1.0000000000
16.7744000000,16774.4000000000,5.0000000000,-5.0000000000,0.0000000000,169.0000000000,0.1653452071,0.0000000000,0.8346547929,0.9438055646,0.0000000000,0.0561944354,0.0561944354,0.8346547929,0.7784603575,1.0000000000,1.0000000000
16.7756000000,16775.6000000000,5.0000000000,-5.0000000000,0.0000000000,169.0000000000,0.2048256944,0.0000000000,0.7951743056,0.9431219483,0.0000000000,0.0568780517,0.0568780517,0.7951743056,0.7382962540,1.0000000000,1.0000000000
16.7768000000,16776.8000000000,5.0000000000,-5.0000000000,0.0000000000,169.0000000000,0.2451444542,0.0000000000,0.7548555458,0.9424179646,0.0000000000,0.0575820354,0.0575820354,0.7548555458,0.6972735104,1.0000000000,1.0000000000
16.7780000000,16778.0000000000,5.0000000000,-5.0000000000,0.0000000000,169.0000000000,0.2854807433,0.0000000000,0.7145192567,0.9416928393,0.0000000000,0.0583071607,0.0583071607,0.7145192567,0.6562120960,1.0000000000,1.0000000000
16.7792000000,16779.2000000000,5.0000000000,-5.0000000000,0.0000000000,169.0000000000,0.3251747675,0.0000000000,0.6748252325,0.9409457620,0.0000000000,0.0590542380,0.0590542380,0.6748252325,0.6157709945,1.0000000000,1.0000000000
16.7804000000,16780.4000000000,5.0000000000,-5.0000000000,0.0000000000,169.0000000000,0.3637220976,0.0000000000,0.6362779024,0.9401758835,0.0000000000,0.0598241165,0.0598241165,0.6362779024,0.5764537859,1.0000000000,1.0000000000
16.7816000000,16781.6000000000,5.0000000000,-5.0000000000,0.0000000000,169.0000000000,0.4007585086,0.0000000000,0.5992414914,0.9393823138,0.0000000000,0.0606176862,0.0606176862,0.5992414914,0.5386238052,1.0000000000,1.0000000000
16.7828000000,16782.8000000000,5.0000000000,-5.0000000000,0.0000000000,169.0000000000,0.4360398710,0.0000000000,0.5639601290,0.9385641198,0.0000000000,0.0614358802,0.0614358802,0.5639601290,0.5025242488,1.0000000000,1.0000000000
16.7840000000,16784.0000000000,5.0000000000,-5.0000000000,0.0000000000,169.0000000000,0.4694205734,0.0000000000,0.5305794266,0.9377203227,0.0000000000,0.0622796773,0.0622796773,0.5305794266,0.4682997493,1.0000000000,1.0000000000
16.7852000000,16785.2000000000,5.0000000000,-5.0000000000,0.0000000000,169.0000000000,0.5008327905,0.0000000000,0.4991672095,0.9368498955,0.0000000000,0.0631501045,0.0631501045,0.4991672095,0.4360171051,1.0000000000,1.0000000000
16.7864000000,16786.4000000000,5.0000000000,-5.0000000000,0.0000000000,169.0000000000,0.5302679169,0.0000000000,0.4697320831,0.9359517602,0.0000000000,0.0640482398,0.0640482398,0.4697320831,0.4056838434,1.0000000000,1.0000000000
16.7876000000,16787.6000000000,5.0000000000,-5.0000000000,0.0000000000,169.0000000000,0.5577607607,0.0000000000,0.4422392393,0.9350247845,0.0000000000,0.0649752155,0.0649752155,0.4422392393,0.3772640238,1.0000000000,1.0000000000
16.7888000000,16788.8000000000,5.0000000000,-5.0000000000,0.0000000000,169.0000000000,0.5833765990,0.0000000000,0.4166234010,0.9340677789,0.0000000000,0.0659322211,0.0659322211,0.4166234010,0.3506911799,1.0000000000,1.0000000000
16.7900000000,16790.0000000000,5.0000000000,-5.0000000000,0.0000000000,169.0000000000,0.6072009104,0.0000000000,0.3927990896,0.9330794930,0.0000000000,0.0669205070,0.0669205070,0.3927990896,0.3258785826,1.0000000000,1.0000000000
16.7912000000,16791.2000000000,5.0000000000,-5.0000000000,0.0000000000,169.0000000000,0.6293314562,0.0000000000,0.3706685438,0.9320586121,0.0000000000,0.0679413879,0.0679413879,0.3706685438,0.3027271559,1.0000000000,1.0000000000
16.7924000000,16792.4000000000,5.0000000000,-5.0000000000,0.0000000000,169.0000000000,0.6498723311,0.0000000000,0.3501276689,0.9310037532,0.0000000000,0.0689962468,0.0689962468,0.3501276689,0.2811314220,1.0000000000,1.0000000000
16.7936000000,16793.6000000000,5.0000000000,-5.0000000000,0.0000000000,169.0000000000,0.6689296109,0.0000000000,0.3310703891,0.9299134604,0.0000000000,0.0700865396,0.0700865396,0.3310703891,0.2609838495,1.0000000000,1.0000000000
16.7948000000,16794.8000000000,5.0000000000,-5.0000000000,0.0000000000,169.0000000000,0.6866082617,0.0000000000,0.3133917383,0.9287862010,0.0000000000,0.0712137990,0.0712137990,0.3133917383,0.2421779393,1.0000000000,1.0000000000
16.7960000000,16796.0000000000,5.0000000000,-5.0000000000,0.0000000000,169.0000000000,0.7030100240,0.0000000000,0.2969899760,0.9276203605,0.0000000000,0.0723796395,0.0723796395,0.2969899760,0.2246103364,1.0000000000,1.0000000000
16.7972000000,16797.2000000000,5.0000000000,-5.0000000000,0.0000000000,169.0000000000,0.7182320338,0.0000000000,0.2817679662,0.9264142369,0.0000000000,0.0735857631,0.0735857631,0.2817679662,0.2081822030,1.0000000000,1.0000000000
16.7984000000,16798.4000000000,5.0000000000,-5.0000000000,0.0000000000,169.0000000000,0.7323659925,0.0000000000,0.2676340075,0.9251660360,0.0000000000,0.0748339640,0.0748339640,0.2676340075,0.1928000435,1.0000000000,1.0000000000
16.7996000000,16799.6000000000,5.0000000000,-5.0000000000,0.0000000000,169.0000000000,0.7454977357,0.0000000000,0.2545022643,0.9238738649,0.0000000000,0.0761261351,0.0761261351,0.2545022643,0.1783761291,1.0000000000,1.0000000000
16.8008000000,16800.8000000000,5.0000000000,-5.0000000000,0.0000000000,169.0000000000,0.7577070877,0.0000000000,0.2422929123,0.9225357257,0.0000000000,0.0774642743,0.0774642743,0.2422929123,0.1648286380,1.0000000000,1.0000000000
16.8020000000,16802.0000000000,5.0000000000,-5.0000000000,0.0000000000,169.0000000000,0.7690679136,0.0000000000,0.2309320864,0.9211495090,0.0000000000,0.0788504910,0.0788504910,0.2309320864,0.1520815954,1.0000000000,1.0000000000
16.8032000000,16803.2000000000,5.0000000000,-5.0000000000,0.0000000000,169.0000000000,0.7796483046,0.0000000000,0.2203516954,0.9197129861,0.0000000000,0.0802870139,0.0802870139,0.2203516954,0.1400646815,1.0000000000,1.0000000000
16.8044000000,16804.4000000000,5.0000000000,-5.0000000000,0.0000000000,169.0000000000,0.7895108489,0.0000000000,0.2104891511,0.9182238012,0.0000000000,0.0817761988,0.0817761988,0.2104891511,0.1287129523,1.0000000000,1.0000000000
16.8056000000,16805.6000000000,5.0000000000,-5.0000000000,0.0000000000,169.0000000000,0.7987129524,0.0000000000,0.2012870476,0.9166794631,0.0000000000,0.0833205369,0.0833205369,0.2012870476,0.1179665107,1.0000000000,1.0000000000
16.8068000000,16806.8000000000,5.0000000000,-5.0000000000,0.0000000000,169.0000000000,0.8073071859,0.0000000000,0.1926928141,0.9150773361,0.0000000000,0.0849226639,0.0849226639,0.1926928141,0.1077701502,1.0000000000,1.0000000000
16.8080000000,16808.0000000000,5.0000000000,-5.0000000000,0.0000000000,169.0000000000,0.8153416389,0.0000000000,0.1846583611,0.9134146299,0.0000000000,0.0865853701,0.0865853701,0.1846583611,0.0980729910,1.0000000000,1.0000000000
16.8092000000,16809.2000000000,5.0000000000,-5.0000000000,0.0000000000,169.0000000000,0.8228602704,0.0000000000,0.1771397296,0.9116883889,0.0000000000,0.0883116111,0.0883116111,0.1771397296,0.0888281185,1.0000000000,1.0000000000
16.8104000000,16810.4000000000,5.0000000000,-5.0000000000,0.0000000000,169.0000000000,0.8299032477,0.0000000000,0.1700967523,0.9098954814,0.0000000000,0.0901045186,0.0901045186,0.1700967523,0.0799922337,1.0000000000,1.0000000000
16.8116000000,16811.6000000000,5.0000000000,-5.0000000000,0.0000000000,169.0000000000,0.8365072676,0.0000000000,0.1634927324,0.9080325867,0.0000000000,0.0919674133,0.0919674133,0.1634927324,0.0715253191,1.0000000000,1.0000000000
16.8128000000,16812.8000000000,5.0000000000,-5.0000000000,0.0000000000,169.0000000000,0.8427058586,0.0000000000,0.1572941414,0.9060961823,0.0000000000,0.0939038177,0.0939038177,0.1572941414,0.0633903236,1.0000000000,1.0000000000
16.8140000000,16814.0000000000,5.0000000000,-5.0000000000,0.0000000000,169.0000000000,0.8485296614,0.0000000000,0.1514703386,0.9040825290,0.0000000000,0.0959174710,0.0959174710,0.1514703386,0.0555528676,1.0000000000,1.0000000000
16.8152000000,16815.2000000000,5.0000000000,-5.0000000000,0.0000000000,169.0000000000,0.8540066881,0.0000000000,0.1459933119,0.9019876564,0.0000000000,0.0980123436,0.0980123436,0.1459933119,0.0479809683,1.0000000000,1.0000000000
16.8164000000,16816.4000000000,5.0000000000,-5.0000000000,0.0000000000,169.0000000000,0.8591625604,0.0000000000,0.1408374396,0.8998073453,0.0000000000,0.1001926547,0.1001926547,0.1408374396,0.0406447849,1.0000000000,1.0000000000
16.8176000000,16817.6000000000,5.0000000000,-5.0000000000,0.0000000000,169.0000000000,0.8640207269,0.0000000000,0.1359792731,0.8975371103,0.0000000000,0.1024628897,0.1024628897,0.1359792731,0.0335163833,1.0000000000,1.0000000000
16.8188000000,16818.8000000000,5.0000000000,-5.0000000000,0.0000000000,169.0000000000,0.8686026620,0.0000000000,0.1313973380,0.8951721803,0.0000000000,0.1048278197,0.1048278197,0.1313973380,0.0265695183,1.0000000000,1.0000000000
16.8200000000,16820.0000000000,5.0000000000,-5.0000000000,0.0000000000,169.0000000000,0.8729280460,0.0000000000,0.1270719540,0.8927074774,0.0000000000,0.1072925226,0.1072925226,0.1270719540,0.0197794314,1.0000000000,1.0000000000
16.8212000000,16821.2000000000,5.0000000000,-5.0000000000,0.0000000000,169.0000000000,0.8770149291,0.0000000000,0.1229850709,0.8901375944,0.0000000000,0.1098624056,0.1098624056,0.1229850709,0.0131226652,1.0000000000,1.0000000000
16.8224000000,16822.4000000000,5.0000000000,-5.0000000000,0.0000000000,169.0000000000,0.8808798801,0.0000000000,0.1191201199,0.8874567702,0.0000000000,0.1125432298,0.1125432298,0.1191201199,0.0065768901,1.0000000000,1.0000000000
16.8236000000,16823.6000000000,5.0000000000,-5.0000000000,0.0000000000,169.0000000000,0.8845381202,0.0000000000,0.1154618798,0.8846588635,0.0000000000,0.1153411365,0.1153411365,0.1154618798,0.0001207433,1.0000000000,1.0000000000
16.8248000000,16824.8000000000,5.0000000000,-5.0000000000,0.0000000000,169.0000000000,0.8880036455,0.0000000000,0.1119963545,0.8817373240,0.0000000000,0.1182626760,0.1182626760,0.1119963545,0.0062663215,1.0000000000,1.0000000000
16.8260000000,16826.0000000000,5.0000000000,-5.0000000000,0.0000000000,169.0000000000,0.8912893365,0.0000000000,0.1087106635,0.8786851616,0.0000000000,0.1213148384,0.1213148384,0.1087106635,0.0126041748,1.0000000000,1.0000000000
16.8272000000,16827.2000000000,5.0000000000,-5.0000000000,0.0000000000,169.0000000000,0.8944070579,0.0000000000,0.1055929421,0.8754949132,0.0000000000,0.1245050868,0.1245050868,0.1055929421,0.0189121447,1.0000000000,1.0000000000
16.8284000000,16828.4000000000,5.0000000000,-5.0000000000,0.0000000000,169.0000000000,0.8973677487,0.0000000000,0.1026322513,0.8721586062,0.0000000000,0.1278413938,0.1278413938,0.1026322513,0.0252091425,1.0000000000,1.0000000000
16.8296000000,16829.6000000000,5.0000000000,-5.0000000000,0.0000000000,169.0000000000,0.9001815032,0.0000000000,0.0998184968,0.8686677198,0.0000000000,0.1313322802,0.1313322802,0.0998184968,0.0315137834,1.0000000000,1.0000000000
16.8308000000,16830.8000000000,5.0000000000,-5.0000000000,0.0000000000,169.0000000000,0.9028576453,0.0000000000,0.0971423547,0.8650131430,0.0000000000,0.1349868570,0.1349868570,0.0971423547,0.0378445023,1.0000000000,1.0000000000
16.8320000000,16832.0000000000,5.0000000000,-5.0000000000,0.0000000000,169.0000000000,0.9054047949,0.0000000000,0.0945952051,0.8611851292,0.0000000000,0.1388148708,0.1388148708,0.0945952051,0.0442196657,1.0000000000,1.0000000000
16.8332000000,16833.2000000000,5.0000000000,-5.0000000000,0.0000000000,169.0000000000,0.9078309281,0.0000000000,0.0921690719,0.8571732470,0.0000000000,0.1428267530,0.1428267530,0.0921690719,0.0506576811,1.0000000000,1.0000000000
16.8344000000,16834.4000000000,5.0000000000,-5.0000000000,0.0000000000,169.0000000000,0.9101434323,0.0000000000,0.0898565677,0.8529663279,0.0000000000,0.1470336721,0.1470336721,0.0898565677,0.0571771043,1.0000000000,1.0000000000
16.8356000000,16835.6000000000,5.0000000000,-5.0000000000,0.0000000000,169.0000000000,0.9123491555,0.0000000000,0.0876508445,0.8485524095,0.0000000000,0.1514475905,0.1514475905,0.0876508445,0.0637967460,1.0000000000,1.0000000000
16.8368000000,16836.8000000000,5.0000000000,-5.0000000000,0.0000000000,169.0000000000,0.9144544516,0.0000000000,0.0855455484,0.8439186747,0.0000000000,0.1560813253,0.1560813253,0.0855455484,0.0705357769,1.0000000000,1.0000000000
16.8380000000,16838.0000000000,5.0000000000,-5.0000000000,0.0000000000,169.0000000000,0.9164652209,0.0000000000,0.0835347791,0.8390513864,0.0000000000,0.1609486136,0.1609486136,0.0835347791,0.0774138346,1.0000000000,1.0000000000
16.8392000000,16839.2000000000,5.0000000000,-5.0000000000,0.0000000000,169.0000000000,0.9183869476,0.0000000000,0.0816130524,0.8339358180,0.0000000000,0.1660641820,0.1660641820,0.0816130524,0.0844511297,1.0000000000,1.0000000000
16.8404000000,16840.4000000000,5.0000000000,-5.0000000000,0.0000000000,169.0000000000,0.9202247333,0.0000000000,0.0797752667,0.8285561791,0.0000000000,0.1714438209,0.1714438209,0.0797752667,0.0916685542,1.0000000000,1.0000000000
16.8416000000,16841.6000000000,5.0000000000,-5.0000000000,0.0000000000,169.0000000000,0.9219833276,0.0000000000,0.0780166724,0.8228955366,0.0000000000,0.1771044634,0.1771044634,0.0780166724,0.0990877909,1.0000000000,1.0000000000
16.8428000000,16842.8000000000,5.0000000000,-5.0000000000,0.0000000000,169.0000000000,0.9236671563,0.0000000000,0.0763328437,0.8169357312,0.0000000000,0.1830642688,0.1830642688,0.0763328437,0.1067314251,1.0000000000,1.0000000000
16.8440000000,16844.0000000000,5.0000000000,-5.0000000000,0.0000000000,169.0000000000,0.9252803469,0.0000000000,0.0747196531,0.8106572895,0.0000000000,0.1893427105,0.1893427105,0.0747196531,0.1146230574,1.0000000000,1.0000000000
16.8452000000,16845.2000000000,5.0000000000,-5.0000000000,0.0000000000,169.0000000000,0.9268267516,0.0000000000,0.0731732484,0.8040393325,0.0000000000,0.1959606675,0.1959606675,0.0731732484,0.1227874190,1.0000000000,1.0000000000
16.8464000000,16846.4000000000,5.0000000000,-5.0000000000,0.0000000000,169.0000000000,0.9283099686,0.0000000000,0.0716900314,0.7970594807,0.0000000000,0.2029405193,0.2029405193,0.0716900314,0.1312504879,1.0000000000,1.0000000000
16.8476000000,16847.6000000000,5.0000000000,-5.0000000000,0.0000000000,169.0000000000,0.9297333617,0.0000000000,0.0702666383,0.7896937560,0.0000000000,0.2103062440,0.2103062440,0.0702666383,0.1400396057,1.0000000000,1.0000000000
16.8488000000,16848.8000000000,5.0000000000,-5.0000000000,0.0000000000,169.0000000000,0.9311000777,0.0000000000,0.0688999223,0.7819164839,0.0000000000,0.2180835161,0.2180835161,0.0688999223,0.1491835938,1.0000000000,1.0000000000
16.8500000000,16850.0000000000,5.0000000000,-5.0000000000,0.0000000000,169.0000000000,0.9324130627,0.0000000000,0.0675869373,0.7737001949,0.0000000000,0.2262998051,0.2262998051,0.0675869373,0.1587128678,1.0000000000,1.0000000000
16.8512000000,16851.2000000000,5.0000000000,-5.0000000000,0.0000000000,169.0000000000,0.9336750771,0.0000000000,0.0663249229,0.7650155306,0.0000000000,0.2349844694,0.2349844694,0.0663249229,0.1686595465,1.0000000000,1.0000000000
16.8524000000,16852.4000000000,5.0000000000,-5.0000000000,0.0000000000,169.0000000000,0.9348887091,0.0000000000,0.0651112909,0.7558311548,0.0000000000,0.2441688452,0.2441688452,0.0651112909,0.1790575543,1.0000000000,1.0000000000
16.8536000000,16853.6000000000,5.0000000000,-5.0000000000,0.0000000000,169.0000000000,0.9360563871,0.0000000000,0.0639436129,0.7461136763,0.0000000000,0.2538863237,0.2538863237,0.0639436129,0.1899427109,1.0000000000,1.0000000000
16.8548000000,16854.8000000000,5.0000000000,-5.0000000000,0.0000000000,169.0000000000,0.9371803915,0.0000000000,0.0628196085,0.7358275872,0.0000000000,0.2641724128,0.2641724128,0.0628196085,0.2013528043,1.0000000000,1.0000000000
16.8560000000,16856.0000000000,5.0000000000,-5.0000000000,0.0000000000,169.0000000000,0.9382628647,0.0000000000,0.0617371353,0.7249352250,0.0000000000,0.2750647750,0.2750647750,0.0617371353,0.2133276397,1.0000000000,1.0000000000
16.8572000000,16857.2000000000,5.0000000000,-5.0000000000,0.0000000000,169.0000000000,0.9393058212,0.0000000000,0.0606941788,0.7133967664,0.0000000000,0.2866032336,0.2866032336,0.0606941788,0.2259090548,1.0000000000,1.0000000000
16.8584000000,16858.4000000000,5.0000000000,-5.0000000000,0.0000000000,169.0000000000,0.9403111566,0.0000000000,0.0596888434,0.7011702652,0.0000000000,0.2988297348,0.2988297348,0.0596888434,0.2391408915,1.0000000000,1.0000000000
16.8596000000,16859.6000000000,5.0000000000,-5.0000000000,0.0000000000,169.0000000000,0.9412806554,0.0000000000,0.0587193446,0.6882117472,0.0000000000,0.3117882528,0.3117882528,0.0587193446,0.2530689083,1.0000000000,1.0000000000
16.8608000000,16860.8000000000,5.0000000000,-5.0000000000,0.0000000000,169.0000000000,0.9422159989,0.0000000000,0.0577840011,0.6744753812,0.0000000000,0.3255246188,0.3255246188,0.0577840011,0.2677406177,1.0000000000,1.0000000000
16.8620000000,16862.0000000000,5.0000000000,-5.0000000000,0.0000000000,169.0000000000,0.9431187719,0.0000000000,0.0568812281,0.6599137463,0.0000000000,0.3400862537,0.3400862537,0.0568812281,0.2832050256,1.0000000000,1.0000000000
16.8632000000,16863.2000000000,5.0000000000,-5.0000000000,0.0000000000,169.0000000000,0.9439904697,0.0000000000,0.0560095303,0.6444782227,0.0000000000,0.3555217773,0.3555217773,0.0560095303,0.2995122470,1.0000000000,1.0000000000
16.8644000000,16864.4000000000,5.0000000000,-5.0000000000,0.0000000000,169.0000000000,0.9448325032,0.0000000000,0.0551674968,0.6281195366,0.0000000000,0.3718804634,0.3718804634,0.0551674968,0.3167129667,1.0000000000,1.0000000000
16.8656000000,16865.6000000000,5.0000000000,-5.0000000000,0.0000000000,169.0000000000,0.9456462054,0.0000000000,0.0543537946,0.6107884982,0.0000000000,0.3892115018,0.3892115018,0.0543537946,0.3348577072,1.0000000000,1.0000000000
16.8668000000,16866.8000000000,5.0000000000,-5.0000000000,0.0000000000,169.0000000000,0.9464328357,0.0000000000,0.0535671643,0.5924369753,0.0000000000,0.4075630247,0.4075630247,0.0535671643,0.3539958604,1.0000000000,1.0000000000
16.8680000000,16868.0000000000,5.0000000000,-5.0000000000,0.0000000000,169.0000000000,0.9471935849,0.0000000000,0.0528064151,0.5730191535,0.0000000000,0.4269808465,0.4269808465,0.0528064151,0.3741744314,1.0000000000,1.0000000000
16.8692000000,16869.2000000000,5.0000000000,-5.0000000000,0.0000000000,169.0000000000,0.9479295797,0.0000000000,0.0520704203,0.5524931395,0.0000000000,0.4475068605,0.4475068605,0.0520704203,0.3954364402,1.0000000000,1.0000000000
16.8704000000,16870.4000000000,5.0000000000,-5.0000000000,0.0000000000,169.0000000000,0.9486418867,0.0000000000,0.0513581133,0.5308229676,0.0000000000,0.4691770324,0.4691770324,0.0513581133,0.4178189191,1.0000000000,1.0000000000
16.8716000000,16871.6000000000,5.0000000000,-5.0000000000,0.0000000000,169.0000000000,0.9493315161,0.0000000000,0.0506684839,0.5079810737,0.0000000000,0.4920189263,0.4920189263,0.0506684839,0.4413504424,1.0000000000,1.0000000000
16.8728000000,16872.8000000000,5.0000000000,-5.0000000000,0.0000000000,169.0000000000,0.9499994250,0.0000000000,0.0500005750,0.4839512949,0.0000000000,0.5160487051,0.5160487051,0.0500005750,0.4660481301,1.0000000000,1.0000000000
16.8740000000,16874.0000000000,5.0000000000,-5.0000000000,0.0000000000,169.0000000000,0.9506465212,0.0000000000,0.0493534788,0.4587324474,0.0000000000,0.5412675526,0.5412675526,0.0493534788,0.4919140738,1.0000000000,1.0000000000
16.8752000000,16875.2000000000,5.0000000000,-5.0000000000,0.0000000000,169.0000000000,0.9512736656,0.0000000000,0.0487263344,0.4323425119,0.0000000000,0.5676574881,0.5676574881,0.0487263344,0.5189311537,1.0000000000,1.0000000000
16.8764000000,16876.4000000000,5.0000000000,-5.0000000000,0.0000000000,169.0000000000,0.9518816755,0.0000000000,0.0481183245,0.4048234233,0.0000000000,0.5951765767,0.5951765767,0.0481183245,0.5470582522,1.0000000000,1.0000000000
16.8776000000,16877.6000000000,5.0000000000,-5.0000000000,0.0000000000,169.0000000000,0.9524713270,0.0000000000,0.0475286730,0.3762464093,0.0000000000,0.6237535907,0.6237535907,0.0475286730,0.5762249177,1.0000000000,1.0000000000
16.8788000000,16878.8000000000,5.0000000000,-5.0000000000,0.0000000000,169.0000000000,0.9530433572,0.0000000000,0.0469566428,0.3467177466,0.0000000000,0.6532822534,0.6532822534,0.0469566428,0.6063256106,1.0000000000,1.0000000000
16.8800000000,16880.0000000000,5.0000000000,-5.0000000000,0.0000000000,169.0000000000,0.9535984671,0.0000000000,0.0464015329,0.3163847049,0.0000000000,0.6836152951,0.6836152951,0.0464015329,0.6372137622,1.0000000000,1.0000000000
16.8812000000,16881.2000000000,5.0000000000,-5.0000000000,0.0000000000,169.0000000000,0.9541373231,0.0000000000,0.0458626769,0.2854413221,0.0000000000,0.7145586779,0.7145586779,0.0458626769,0.6686960010,1.0000000000,1.0000000000
16.8824000000,16882.4000000000,5.0000000000,-5.0000000000,0.0000000000,169.0000000000,0.9546605594,0.0000000000,0.0453394406,0.2541335105,0.0000000000,0.7458664895,0.7458664895,0.0453394406,0.7005270488,1.0000000000,1.0000000000
16.8836000000,16883.6000000000,5.0000000000,-5.0000000000,0.0000000000,169.0000000000,0.9551687794,0.0000000000,0.0448312206,0.2227628385,0.0000000000,0.7772371615,0.7772371615,0.0448312206,0.7324059409,1.0000000000,1.0000000000
16.8848000000,16884.8000000000,5.0000000000,-5.0000000000,0.0000000000,169.0000000000,0.9556625581,0.0000000000,0.0443374419,0.1916881950,0.0000000000,0.8083118050,0.8083118050,0.0443374419,0.7639743631,1.0000000000,1.0000000000
16.8860000000,16886.0000000000,5.0000000000,-5.0000000000,0.0000000000,169.0000000000,0.9561424430,0.0000000000,0.0438575570,0.1613244538,0.0000000000,0.8386755462,0.8386755462,0.0438575570,0.7948179892,1.0000000000,1.0000000000
16.8872000000,16887.2000000000,5.0000000000,-5.0000000000,0.0000000000,169.0000000000,0.9566089561,0.0000000000,0.0433910439,0.1321372527,0.0000000000,0.8678627473,0.8678627473,0.0433910439,0.8244717034,1.0000000000,1.0000000000
16.8884000000,16888.4000000000,5.0000000000,-5.0000000000,0.0000000000,169.0000000000,0.9570625952,0.0000000000,0.0429374048,0.1046331443,0.0000000000,0.8953668557,0.8953668557,0.0429374048,0.8524294509,1.0000000000,1.0000000000
16.8896000000,16889.6000000000,5.0000000000,-5.0000000000,0.0000000000,169.0000000000,0.9575038350,0.0000000000,0.0424961650,0.0793446858,0.0000000000,0.9206553142,0.9206553142,0.0424961650,0.8781591493,1.0000000000,1.0000000000
16.8908000000,16890.8000000000,5.0000000000,-5.0000000000,0.0000000000,169.0000000000,0.9579331288,0.0000000000,0.0420668712,0.0568105455,0.0000000000,0.9431894545,0.9431894545,0.0420668712,0.9011225833,1.0000000000,1.0000000000
16.8920000000,16892.0000000000,5.0000000000,-5.0000000000,0.0000000000,169.0000000000,0.9583509090,0.0000000000,0.0416490910,0.0375513717,0.0000000000,0.9624486283,0.9624486283,0.0416490910,0.9207995373,1.0000000000,1.0000000000
16.8932000000,16893.2000000000,5.0000000000,-5.0000000000,0.0000000000,169.0000000000,0.9587575890,0.0000000000,0.0412424110,0.0220429237,0.0000000000,0.9779570763,0.9779570763,0.0412424110,0.9367146653,1.0000000000,1.0000000000
16.8944000000,16894.4000000000,5.0000000000,-5.0000000000,0.0000000000,169.0000000000,0.9591535635,0.0000000000,0.0408464365,0.0106886697,0.0000000000,0.9893113303,0.9893113303,0.0408464365,0.9484648938,1.0000000000,1.0000000000
16.8956000000,16895.6000000000,5.0000000000,-5.0000000000,0.0000000000,169.0000000000,0.9595392100,0.0000000000,0.0404607900,0.0037945371,0.0000000000,0.9962054629,0.9962054629,0.0404607900,0.9557446729,1.0000000000,1.0000000000
16.8968000000,16896.8000000000,5.0000000000,-5.0000000000,0.0000000000,169.0000000000,0.9599148893,0.0000000000,0.0400851107,0.0015486148,0.0000000000,0.9984513852,0.9984513852,0.0400851107,0.9583662745,1.0000000000,1.0000000000
16.8980000000,16898.0000000000,5.0000000000,-5.0000000000,0.0000000000,169.0000000000,0.9602809468,0.0000000000,0.0397190532,0.0040082468,0.0000000000,0.9959917532,0.9959917532,0.0397190532,0.9562727000,1.0000000000,1.0000000000
16.8992000000,16899.2000000000,5.0000000000,-5.0000000000,0.0000000000,169.0000000000,0.9606377127,0.0000000000,0.0393622873,0.0110961466,0.0000000000,0.9889038534,0.9889038534,0.0393622873,0.9495415661,1.0000000000,1.0000000000
16.9004000000,16900.4000000000,5.0000000000,-5.0000000000,0.0000000000,169.0000000000,0.9609855034,0.0000000000,0.0390144966,0.0226060272,0.0000000000,0.9773939728,0.9773939728,0.0390144966,0.9383794762,1.0000000000,1.0000000000
16.9016000000,16901.6000000000,5.0000000000,-5.0000000000,0.0000000000,169.0000000000,0.9613246216,0.0000000000,0.0386753784,0.0382170035,0.0000000000,0.9617829965,0.9617829965,0.0386753784,0.9231076182,1.0000000000,1.0000000000
16.9028000000,16902.8000000000,5.0000000000,-5.0000000000,0.0000000000,169.0000000000,0.9616553577,0.0000000000,0.0383446423,0.0575149471,0.0000000000,0.9424850529,0.9424850529,0.0383446423,0.9041404106,1.0000000000,1.0000000000
16.9040000000,16904.0000000000,5.0000000000,-5.0000000000,0.0000000000,169.0000000000,0.9619779895,0.0000000000,0.0380220105,0.0800182463,0.0000000000,0.9199817537,0.9199817537,0.0380220105,0.8819597432,1.0000000000,1.0000000000
16.9052000000,16905.2000000000,5.0000000000,-5.0000000000,0.0000000000,169.0000000000,0.9622927837,0.0000000000,0.0377072163,0.1052051706,0.0000000000,0.8947948294,0.8947948294,0.0377072163,0.8570876131,1.0000000000,1.0000000000
16.9064000000,16906.4000000000,5.0000000000,-5.0000000000,0.0000000000,169.0000000000,0.9625999959,0.0000000000,0.0374000041,0.1325402367,0.0000000000,0.8674597633,0.8674597633,0.0374000041,0.8300597592,1.0000000000,1.0000000000
16.9076000000,16907.6000000000,5.0000000000,-5.0000000000,0.0000000000,169.0000000000,0.9628998713,0.0000000000,0.0371001287,0.1614975126,0.0000000000,0.8385024874,0.8385024874,0.0371001287,0.8014023586,1.0000000000,1.0000000000
16.9088000000,16908.8000000000,5.0000000000,-5.0000000000,0.0000000000,169.0000000000,0.9631926452,0.0000000000,0.0368073548,0.1915795197,0.0000000000,0.8084204803,0.8084204803,0.0368073548,0.7716131255,1.0000000000,1.0000000000
16.9100000000,16910.0000000000,5.0000000000,-5.0000000000,0.0000000000,169.0000000000,0.9634785434,0.0000000000,0.0365214566,0.2223311313,0.0000000000,0.7776688687,0.7776688687,0.0365214566,0.7411474122,1.0000000000,1.0000000000
16.9112000000,16911.2000000000,5.0000000000,-5.0000000000,0.0000000000,169.0000000000,0.9637577830,0.0000000000,0.0362422170,0.2533485053,0.0000000000,0.7466514947,0.7466514947,0.0362422170,0.7104092777,1.0000000000,1.0000000000
16.9124000000,16912.4000000000,5.0000000000,-5.0000000000,0.0000000000,169.0000000000,0.9640305721,0.0000000000,0.0359694279,0.2842835521,0.0000000000,0.7157164479,0.7157164479,0.0359694279,0.6797470200,1.0000000000,1.0000000000
16.9136000000,16913.6000000000,5.0000000000,-5.0000000000,0.0000000000,169.0000000000,0.9642971110,0.0000000000,0.0357028890,0.3148447112,0.0000000000,0.6851552888,0.6851552888,0.0357028890,0.6494523997,1.0000000000,1.0000000000
16.9148000000,16914.8000000000,5.0000000000,-5.0000000000,0.0000000000,169.0000000000,0.9645575919,0.0000000000,0.0354424081,0.3447949216,0.0000000000,0.6552050784,0.6552050784,0.0354424081,0.6197626703,1.0000000000,1.0000000000
16.9160000000,16916.0000000000,5.0000000000,-5.0000000000,0.0000000000,169.0000000000,0.9648121999,0.0000000000,0.0351878001,0.3739476435,0.0000000000,0.6260523565,0.6260523565,0.0351878001,0.5908645564,1.0000000000,1.0000000000
16.9172000000,16917.2000000000,5.0000000000,-5.0000000000,0.0000000000,169.0000000000,0.9650611128,0.0000000000,0.0349388872,0.4021616946,0.0000000000,0.5978383054,0.5978383054,0.0349388872,0.5628994182,1.0000000000,1.0000000000
16.9184000000,16918.4000000000,5.0000000000,-5.0000000000,0.0000000000,169.0000000000,0.9653045017,0.0000000000,0.0346954983,0.4293355167,0.0000000000,0.5706644833,0.5706644833,0.0346954983,0.5359689850,1.0000000000,1.0000000000
16.9196000000,16919.6000000000,5.0000000000,-5.0000000000,0.0000000000,169.0000000000,0.9655425311,0.0000000000,0.0344574689,0.4554013414,0.0000000000,0.5445986586,0.5445986586,0.0344574689,0.5101411897,1.0000000000,1.0000000000
16.9208000000,16920.8000000000,5.0000000000,-5.0000000000,0.0000000000,169.0000000000,0.9657753596,0.0000000000,0.0342246404,0.4803195825,0.0000000000,0.5196804175,0.5196804175,0.0342246404,0.4854557771,1.0000000000,1.0000000000
16.9220000000,16922.0000000000,5.0000000000,-5.0000000000,0.0000000000,169.0000000000,0.9660031396,0.0000000000,0.0339968604,0.5040736617,0.0000000000,0.4959263383,0.4959263383,0.0339968604,0.4619294779,1.0000000000,1.0000000000
16.9232000000,16923.2000000000,5.0000000000,-5.0000000000,0.0000000000,169.0000000000,0.9662260180,0.0000000000,0.0337739820,0.5266653854,0.0000000000,0.4733346146,0.4733346146,0.0337739820,0.4395606326,1.0000000000,1.0000000000
16.9244000000,16924.4000000000,5.0000000000,-5.0000000000,0.0000000000,169.0000000000,0.9664441364,0.0000000000,0.0335558636,0.5481109156,0.0000000000,0.4518890844,0.4518890844,0.0335558636,0.4183332208,1.0000000000,1.0000000000
16.9256000000,16925.6000000000,5.0000000000,-5.0000000000,0.0000000000,169.0000000000,0.9666576311,0.0000000000,0.0333423689,0.5684373330,0.0000000000,0.4315626670,0.4315626670,0.0333423689,0.3982202981,1.0000000000,1.0000000000
16.9268000000,16926.8000000000,5.0000000000,-5.0000000000,0.0000000000,169.0000000000,0.9668666334,0.0000000000,0.0331333666,0.5876797593,0.0000000000,0.4123202407,0.4123202407,0.0331333666,0.3791868741,1.0000000000,1.0000000000
16.9280000000,16928.0000000000,5.0000000000,-5.0000000000,0.0000000000,169.0000000000,0.9670712700,0.0000000000,0.0329287300,0.6058789874,0.0000000000,0.3941210126,0.3941210126,0.0329287300,0.3611922826,1.0000000000,1.0000000000
16.9292000000,16929.2000000000,5.0000000000,-5.0000000000,0.0000000000,169.0000000000,0.9672716631,0.0000000000,0.0327283369,0.6230795596,0.0000000000,0.3769204404,0.3769204404,0.0327283369,0.3441921036,1.0000000000,1.0000000000
16.9304000000,16930.4000000000,5.0000000000,-5.0000000000,0.0000000000,169.0000000000,0.9674679305,0.0000000000,0.0325320695,0.6393282324,0.0000000000,0.3606717676,0.3606717676,0.0325320695,0.3281396981,1.0000000000,1.0000000000
16.9316000000,16931.6000000000,5.0000000000,-5.0000000000,0.0000000000,169.0000000000,0.9676601858,0.0000000000,0.0323398142,0.6546727708,0.0000000000,0.3453272292,0.3453272292,0.0323398142,0.3129874150,1.0000000000,1.0000000000
16.9328000000,16932.8000000000,5.0000000000,-5.0000000000,0.0000000000,169.0000000000,0.9678485386,0.0000000000,0.0321514614,0.6691610150,0.0000000000,0.3308389850,0.3308389850,0.0321514614,0.2986875236,1.0000000000,1.0000000000
16.9340000000,16934.0000000000,5.0000000000,-5.0000000000,0.0000000000,169.0000000000,0.9680330949,0.0000000000,0.0319669051,0.6828401743,0.0000000000,0.3171598257,0.3171598257,0.0319669051,0.2851929206,1.0000000000,1.0000000000
16.9352000000,16935.2000000000,5.0000000000,-5.0000000000,0.0000000000,169.0000000000,0.9682139567,0.0000000000,0.0317860433,0.6957563033,0.0000000000,0.3042436967,0.3042436967,0.0317860433,0.2724576534,1.0000000000,1.0000000000
16.9364000000,16936.4000000000,5.0000000000,-5.0000000000,0.0000000000,169.0000000000,0.9683912228,0.0000000000,0.0316087772,0.7079539276,0.0000000000,0.2920460724,0.2920460724,0.0316087772,0.2604372952,1.0000000000,1.0000000000
16.9376000000,16937.6000000000,5.0000000000,-5.0000000000,0.0000000000,169.0000000000,0.9685649885,0.0000000000,0.0314350115,0.7194757858,0.0000000000,0.2805242142,0.2805242142,0.0314350115,0.2490892027,1.0000000000,1.0000000000
16.9388000000,16938.8000000000,5.0000000000,-5.0000000000,0.0000000000,169.0000000000,0.9687353458,0.0000000000,0.0312646542,0.7303626649,0.0000000000,0.2696373351,0.2696373351,0.0312646542,0.2383726808,1.0000000000,1.0000000000
16.9400000000,16940.0000000000,5.0000000000,-5.0000000000,0.0000000000,169.0000000000,0.9689023837,0.0000000000,0.0310976163,0.7406533078,0.0000000000,0.2593466922,0.2593466922,0.0310976163,0.2282490759,1.0000000000,1.0000000000
16.9412000000,16941.2000000000,5.0000000000,-5.0000000000,0.0000000000,169.0000000000,0.9690661882,0.0000000000,0.0309338118,0.7503843756,0.0000000000,0.2496156244,0.2496156244,0.0309338118,0.2186818126,1.0000000000,1.0000000000
16.9424000000,16942.4000000000,5.0000000000,-5.0000000000,0.0000000000,169.0000000000,0.9692268424,0.0000000000,0.0307731576,0.7595904524,0.0000000000,0.2404095476,0.2404095476,0.0307731576,0.2096363900,1.0000000000,1.0000000000
16.9436000000,16943.6000000000,5.0000000000,-5.0000000000,0.0000000000,169.0000000000,0.9693844267,0.0000000000,0.0306155733,0.7683040810,0.0000000000,0.2316959190,0.2316959190,0.0306155733,0.2010803457,1.0000000000,1.0000000000
16.9448000000,16944.8000000000,5.0000000000,-5.0000000000,0.0000000000,169.0000000000,0.9695390188,0.0000000000,0.0304609812,0.7765558204,0.0000000000,0.2234441796,0.2234441796,0.0304609812,0.1929831984,1.0000000000,1.0000000000
16.9460000000,16946.0000000000,5.0000000000,-5.0000000000,0.0000000000,169.0000000000,0.9696906939,0.0000000000,0.0303093061,0.7843743194,0.0000000000,0.2156256806,0.2156256806,0.0303093061,0.1853163745,1.0000000000,1.0000000000
16.9472000000,16947.2000000000,5.0000000000,-5.0000000000,0.0000000000,169.0000000000,0.9698395247,0.0000000000,0.0301604753,0.7917864011,0.0000000000,0.2082135989,0.2082135989,0.0301604753,0.1780531235,1.0000000000,1.0000000000
16.9484000000,16948.4000000000,5.0000000000,-5.0000000000,0.0000000000,169.0000000000,0.9699855816,0.0000000000,0.0300144184,0.7988171528,0.0000000000,0.2011828472,0.2011828472,0.0300144184,0.1711684288,1.0000000000,1.0000000000
16.9496000000,16949.6000000000,5.0000000000,-5.0000000000,0.0000000000,169.0000000000,0.9701289327,0.0000000000,0.0298710673,0.8054900193,0.0000000000,0.1945099807,0.1945099807,0.0298710673,0.1646389134,1.0000000000,1.0000000000
16.9508000000,16950.8000000000,5.0000000000,-5.0000000000,0.0000000000,169.0000000000,0.9702696441,0.0000000000,0.0297303559,0.8118268976,0.0000000000,0.1881731024,0.1881731024,0.0297303559,0.1584427464,1.0000000000,1.0000000000
16.9520000000,16952.0000000000,5.0000000000,-5.0000000000,0.0000000000,169.0000000000,0.9704077795,0.0000000000,0.0295922205,0.8178482301,0.0000000000,0.1821517699,0.1821517699,0.0295922205,0.1525595493,1.0000000000,1.0000000000
16.9532000000,16953.2000000000,5.0000000000,-5.0000000000,0.0000000000,169.0000000000,0.9705434007,0.0000000000,0.0294565993,0.8235730956,0.0000000000,0.1764269044,0.1764269044,0.0294565993,0.1469703052,1.0000000000,1.0000000000
16.9544000000,16954.4000000000,5.0000000000,-5.0000000000,0.0000000000,169.0000000000,0.9706765678,0.0000000000,0.0293234322,0.8290192974,0.0000000000,0.1709807026,0.1709807026,0.0293234322,0.1416572704,1.0000000000,1.0000000000
16.9556000000,16955.6000000000,5.0000000000,-5.0000000000,0.0000000000,169.0000000000,0.9708073386,0.0000000000,0.0291926614,0.8342034480,0.0000000000,0.1657965520,0.1657965520,0.0291926614,0.1366038906,1.0000000000,1.0000000000
16.9568000000,16956.8000000000,5.0000000000,-5.0000000000,0.0000000000,169.0000000000,0.9709357695,0.0000000000,0.0290642305,0.8391410490,0.0000000000,0.1608589510,0.1608589510,0.0290642305,0.1317947205,1.0000000000,1.0000000000
16.9580000000,16958.0000000000,5.0000000000,-5.0000000000,0.0000000000,169.0000000000,0.9710619150,0.0000000000,0.0289380850,0.8438465671,0.0000000000,0.1561534329,0.1561534329,0.0289380850,0.1272153479,1.0000000000,1.0000000000
16.9592000000,16959.2000000000,5.0000000000,-5.0000000000,0.0000000000,169.0000000000,0.9711858277,0.0000000000,0.0288141723,0.8483335057,0.0000000000,0.1516664943,0.1516664943,0.0288141723,0.1228523220,1.0000000000,1.0000000000
16.9604000000,16960.4000000000,5.0000000000,-5.0000000000,0.0000000000,169.0000000000,0.9713075590,0.0000000000,0.0286924410,0.8526144723,0.0000000000,0.1473855277,0.1473855277,0.0286924410,0.1186930867,1.0000000000,1.0000000000
16.9616000000,16961.6000000000,5.0000000000,-5.0000000000,0.0000000000,169.0000000000,0.9714271584,0.0000000000,0.0285728416,0.8567012412,0.0000000000,0.1432987588,0.1432987588,0.0285728416,0.1147259173,1.0000000000,1.0000000000
16.9628000000,16962.8000000000,5.0000000000,-5.0000000000,0.0000000000,169.0000000000,0.9715446742,0.0000000000,0.0284553258,0.8606048123,0.0000000000,0.1393951877,0.1393951877,0.0284553258,0.1109398619,1.0000000000,1.0000000000
16.9640000000,16964.0000000000,5.0000000000,-5.0000000000,0.0000000000,169.0000000000,0.9716601530,0.0000000000,0.0283398470,0.8643354660,0.0000000000,0.1356645340,0.1356645340,0.0283398470,0.1073246870,1.0000000000,1.0000000000
16.9652000000,16965.2000000000,5.0000000000,-5.0000000000,0.0000000000,169.0000000000,0.9717736401,0.0000000000,0.0282263599,0.8679028139,0.0000000000,0.1320971861,0.1320971861,0.0282263599,0.1038708262,1.0000000000,1.0000000000
16.9664000000,16966.4000000000,5.0000000000,-5.0000000000,0.0000000000,169.0000000000,0.9718851795,0.0000000000,0.0281148205,0.8713158463,0.0000000000,0.1286841537,0.1286841537,0.0281148205,0.1005693331,1.0000000000,1.0000000000
16.9676000000,16967.6000000000,5.0000000000,-5.0000000000,0.0000000000,169.0000000000,0.9719948137,0.0000000000,0.0280051863,0.8745829764,0.0000000000,0.1254170236,0.1254170236,0.0280051863,0.0974118373,1.0000000000,1.0000000000
16.9688000000,16968.8000000000,5.0000000000,-5.0000000000,0.0000000000,169.0000000000,0.9721025842,0.0000000000,0.0278974158,0.8777120808,0.0000000000,0.1222879192,0.1222879192,0.0278974158,0.0943905035,1.0000000000,1.0000000000
16.9700000000,16970.0000000000,5.0000000000,-5.0000000000,0.0000000000,169.0000000000,0.9722085312,0.0000000000,0.0277914688,0.8807105371,0.0000000000,0.1192894629,0.1192894629,0.0277914688,0.0914979941,1.0000000000,1.0000000000
16.9712000000,16971.2000000000,5.0000000000,-5.0000000000,0.0000000000,169.0000000000,0.9723126936,0.0000000000,0.0276873064,0.8835852598,0.0000000000,0.1164147402,0.1164147402,0.0276873064,0.0887274338,1.0000000000,1.0000000000
16.9724000000,16972.4000000000,5.0000000000,-5.0000000000,0.0000000000,169.0000000000,0.9724151094,0.0000000000,0.0275848906,0.8863427317,0.0000000000,0.1136572683,0.1136572683,0.0275848906,0.0860723777,1.0000000000,1.0000000000
16.9736000000,16973.6000000000,5.0000000000,-5.0000000000,0.0000000000,169.0000000000,0.9725158152,0.0000000000,0.0274841848,0.8889890347,0.0000000000,0.1110109653,0.1110109653,0.0274841848,0.0835267805,1.0000000000,1.0000000000
16.9748000000,16974.8000000000,5.0000000000,-5.0000000000,0.0000000000,169.0000000000,0.9726148468,0.0000000000,0.0273851532,0.8915298773,0.0000000000,0.1084701227,0.1084701227,0.0273851532,0.0810849695,1.0000000000,1.0000000000
16.9760000000,16976.0000000000,5.0000000000,-5.0000000000,0.0000000000,169.0000000000,0.9727122388,0.0000000000,0.0272877612,0.8939706204,0.0000000000,0.1060293796,0.1060293796,0.0272877612,0.0787416184,1.0000000000,1.0000000000
16.9772000000,16977.2000000000,5.0000000000,-5.0000000000,0.0000000000,169.0000000000,0.9728080251,0.0000000000,0.0271919749,0.8963163014,0.0000000000,0.1036836986,0.1036836986,0.0271919749,0.0764917237,1.0000000000,1.0000000000
16.9784000000,16978.4000000000,5.0000000000,-5.0000000000,0.0000000000,169.0000000000,0.9729022382,0.0000000000,0.0270977618,0.8985716558,0.0000000000,0.1014283442,0.1014283442,0.0270977618,0.0743305824,1.0000000000,1.0000000000
16.9796000000,16979.6000000000,5.0000000000,-5.0000000000,0.0000000000,169.0000000000,0.9729949101,0.0000000000,0.0270050899,0.9007411381,0.0000000000,0.0992588619,0.0992588619,0.0270050899,0.0722537720,1.0000000000,1.0000000000
16.9808000000,16980.8000000000,5.0000000000,-5.0000000000,0.0000000000,169.0000000000,0.9730860715,0.0000000000,0.0269139285,0.9028289404,0.0000000000,0.0971710596,0.0971710596,0.0269139285,0.0702571311,1.0000000000,1.0000000000
16.9820000000,16982.0000000000,5.0000000000,-5.0000000000,0.0000000000,169.0000000000,0.9731757527,0.0000000000,0.0268242473,0.9048390104,0.0000000000,0.0951609896,0.0951609896,0.0268242473,0.0683367423,1.0000000000,1.0000000000
16.9832000000,16983.2000000000,5.0000000000,-5.0000000000,0.0000000000,169.0000000000,0.9732639827,0.0000000000,0.0267360173,0.9067750673,0.0000000000,0.0932249327,0.0932249327,0.0267360173,0.0664889154,1.0000000000,1.0000000000
16.9844000000,16984.4000000000,5.0000000000,-5.0000000000,0.0000000000,169.0000000000,0.9733507899,0.0000000000,0.0266492101,0.9086406168,0.0000000000,0.0913593832,0.0913593832,0.0266492101,0.0647101731,1.0000000000,1.0000000000
16.9856000000,16985.6000000000,5.0000000000,-5.0000000000,0.0000000000,169.0000000000,0.9734362020,0.0000000000,0.0265637980,0.9104389655,0.0000000000,0.0895610345,0.0895610345,0.0265637980,0.0629972365,1.0000000000,1.0000000000
16.9868000000,16986.8000000000,5.0000000000,-5.0000000000,0.0000000000,169.0000000000,0.9735202458,0.0000000000,0.0264797542,0.9121732336,0.0000000000,0.0878267664,0.0878267664,0.0264797542,0.0613470123,1.0000000000,1.0000000000
16.9880000000,16988.0000000000,5.0000000000,-5.0000000000,0.0000000000,169.0000000000,0.9736029474,0.0000000000,0.0263970526,0.9138463668,0.0000000000,0.0861536332,0.0861536332,0.0263970526,0.0597565806,1.0000000000,1.0000000000
16.9892000000,16989.2000000000,5.0000000000,-5.0000000000,0.0000000000,169.0000000000,0.9736843322,0.0000000000,0.0263156678,0.9154611481,0.0000000000,0.0845388519,0.0845388519,0.0263156678,0.0582231842,1.0000000000,1.0000000000
16.9904000000,16990.4000000000,5.0000000000,-5.0000000000,0.0000000000,169.0000000000,0.9737644249,0.0000000000,0.0262355751,0.9170202072,0.0000000000,0.0829797928,0.0829797928,0.0262355751,0.0567442177,1.0000000000,1.0000000000
16.9916000000,16991.6000000000,5.0000000000,-5.0000000000,0.0000000000,169.0000000000,0.9738432494,0.0000000000,0.0261567506,0.9185260311,0.0000000000,0.0814739689,0.0814739689,0.0261567506,0.0553172183,1.0000000000,1.0000000000
16.9928000000,16992.8000000000,5.0000000000,-5.0000000000,0.0000000000,169.0000000000,0.9739208291,0.0000000000,0.0260791709,0.9199809725,0.0000000000,0.0800190275,0.0800190275,0.0260791709,0.0539398566,1.0000000000,1.0000000000
16.9940000000,16994.0000000000,5.0000000000,-5.0000000000,0.0000000000,169.0000000000,0.9739971868,0.0000000000,0.0260028132,0.9213872585,0.0000000000,0.0786127415,0.0786127415,0.0260028132,0.0526099283,1.0000000000,1.0000000000
16.9952000000,16995.2000000000,5.0000000000,-5.0000000000,0.0000000000,169.0000000000,0.9740723446,0.0000000000,0.0259276554,0.9227469980,0.0000000000,0.0772530020,0.0772530020,0.0259276554,0.0513253466,1.0000000000,1.0000000000
16.9964000000,16996.4000000000,5.0000000000,-5.0000000000,0.0000000000,169.0000000000,0.9741463240,0.0000000000,0.0258536760,0.9240621892,0.0000000000,0.0759378108,0.0759378108,0.0258536760,0.0500841349,1.0000000000,1.0000000000
16.9976000000,16997.6000000000,5.0000000000,-5.0000000000,0.0000000000,169.0000000000,0.9742191459,0.0000000000,0.0257808541,0.9253347261,0.0000000000,0.0746652739,0.0746652739,0.0257808541,0.0488844198,1.0000000000,1.0000000000
16.9988000000,16998.8000000000,5.0000000000,-5.0000000000,0.0000000000,169.0000000000,0.9742908308,0.0000000000,0.0257091692,0.9265664053,0.0000000000,0.0734335947,0.0734335947,0.0257091692,0.0477244255,1.0000000000,1.0000000000
17.0000000000,17000.0000000000,5.0000000000,-5.0000000000,0.0000000000,169.0000000000,0.9743613984,0.0000000000,0.0256386016,0.9277589310,0.0000000000,0.0722410690,0.0722410690,0.0256386016,0.0466024674,1.0000000000,1.0000000000
17.0012000000,17001.2000000000,5.0000000000,-5.0000000000,0.0000000000,169.0000000000,0.9744308681,0.0000000000,0.0255691319,0.9289139214,0.0000000000,0.0710860786,0.0710860786,0.0255691319,0.0455169467,1.0000000000,1.0000000000
17.0024000000,17002.4000000000,5.0000000000,-5.0000000000,0.0000000000,169.0000000000,0.9744992586,0.0000000000,0.0255007414,0.9300329128,0.0000000000,0.0699670872,0.0699670872,0.0255007414,0.0444663458,1.0000000000,1.0000000000
17.0036000000,17003.6000000000,5.0000000000,-5.0000000000,0.0000000000,169.0000000000,0.9745665883,0.0000000000,0.0254334117,0.9311173654,0.0000000000,0.0688826346,0.0688826346,0.0254334117,0.0434492229,1.0000000000,1.0000000000
17.0048000000,17004.8000000000,5.0000000000,-5.0000000000,0.0000000000,169.0000000000,0.9746328750,0.0000000000,0.0253671250,0.9321686669,0.0000000000,0.0678313331,0.0678313331,0.0253671250,0.0424642081,1.0000000000,1.0000000000
17.0060000000,17006.0000000000,5.0000000000,-5.0000000000,0.0000000000,169.0000000000,0.9746981359,0.0000000000,0.0253018641,0.9331881370,0.0000000000,0.0668118630,0.0668118630,0.0253018641,0.0415099989,1.0000000000,1.0000000000
17.0072000000,17007.2000000000,5.0000000000,-5.0000000000,0.0000000000,169.0000000000,0.9747623881,0.0000000000,0.0252376119,0.9341770314,0.0000000000,0.0658229686,0.0658229686,0.0252376119,0.0405853567,1.0000000000,1.0000000000
17.0084000000,17008.4000000000,5.0000000000,-5.0000000000,0.0000000000,169.0000000000,0.9748256478,0.0000000000,0.0251743522,0.9351365451,0.0000000000,0.0648634549,0.0648634549,0.0251743522,0.0396891027,1.0000000000,1.0000000000
17.0096000000,17009.6000000000,5.0000000000,-5.0000000000,0.0000000000,169.0000000000,0.9748879312,0.0000000000,0.0251120688,0.9360678162,0.0000000000,0.0639321838,0.0639321838,0.0251120688,0.0388201150,1.0000000000,1.0000000000
17.0108000000,17010.8000000000,5.0000000000,-5.0000000000,0.0000000000,169.0000000000,0.9749492538,0.0000000000,0.0250507462,0.9369719286,0.0000000000,0.0630280714,0.0630280714,0.0250507462,0.0379773252,1.0000000000,1.0000000000
17.0120000000,17012.0000000000,5.0000000000,-5.0000000000,0.0000000000,169.0000000000,0.9750096308,0.0000000000,0.0249903692,0.9378499155,0.0000000000,0.0621500845,0.0621500845,0.0249903692,0.0371597153,1.0000000000,1.0000000000
17.0132000000,17013.2000000000,5.0000000000,-5.0000000000,0.0000000000,169.0000000000,0.9750690770,0.0000000000,0.0249309230,0.9387027618,0.0000000000,0.0612972382,0.0612972382,0.0249309230,0.0363663151,1.0000000000,1.0000000000
17.0144000000,17014.4000000000,5.0000000000,-5.0000000000,0.0000000000,169.0000000000,0.9751276067,0.0000000000,0.0248723933,0.9395314070,0.0000000000,0.0604685930,0.0604685930,0.0248723933,0.0355961997,1.0000000000,1.0000000000
17.0156000000,17015.6000000000,5.0000000000,-5.0000000000,0.0000000000,169.0000000000,0.9751852340,0.0000000000,0.0248147660,0.9403367472,0.0000000000,0.0596632528,0.0596632528,0.0248147660,0.0348484867,1.0000000000,1.0000000000
17.0168000000,17016.8000000000,5.0000000000,-5.0000000000,0.0000000000,169.0000000000,0.9752419725,0.0000000000,0.0247580275,0.9411196382,0.0000000000,0.0588803618,0.0588803618,0.0247580275,0.0341223343,1.0000000000,1.0000000000
17.0180000000,17018.0000000000,5.0000000000,-5.0000000000,0.0000000000,169.0000000000,0.9752978356,0.0000000000,0.0247021644,0.9418808969,0.0000000000,0.0581191031,0.0581191031,0.0247021644,0.0334169387,1.0000000000,1.0000000000
17.0192000000,17019.2000000000,5.0000000000,-5.0000000000,0.0000000000,169.0000000000,0.9753528361,0.0000000000,0.0246471639,0.9426213036,0.0000000000,0.0573786964,0.0573786964,0.0246471639,0.0327315325,1.0000000000,1.0000000000
17.0204000000,17020.4000000000,5.0000000000,-5.0000000000,0.0000000000,169.0000000000,0.9754069866,0.0000000000,0.0245930134,0.9433416042,0.0000000000,0.0566583958,0.0566583958,0.0245930134,0.0320653825,1.0000000000,1.0000000000
17.0216000000,17021.6000000000,5.0000000000,-5.0000000000,0.0000000000,169.0000000000,0.9754602996,0.0000000000,0.0245397004,0.9440425115,0.0000000000,0.0559574885,0.0559574885,0.0245397004,0.0314177880,1.0000000000,1.0000000000
17.0228000000,17022.8000000000,5.0000000000,-5.0000000000,0.0000000000,169.0000000000,0.9755127868,0.0000000000,0.0244872132,0.9447247074,0.0000000000,0.0552752926,0.0552752926,0.0244872132,0.0307880794,1.0000000000,1.0000000000
17.0240000000,17024.0000000000,5.0000000000,-5.0000000000,0.0000000000,169.0000000000,0.9755644599,0.0000000000,0.0244355401,0.9453888440,0.0000000000,0.0546111560,0.0546111560,0.0244355401,0.0301756159,1.0000000000,1.0000000000
17.0252000000,17025.2000000000,5.0000000000,-5.0000000000,0.0000000000,169.0000000000,0.9756153304,0.0000000000,0.0243846696,0.9460355455,0.0000000000,0.0539644545,0.0539644545,0.0243846696,0.0295797849,1.0000000000,1.0000000000
17.0264000000,17026.4000000000,5.0000000000,-5.0000000000,0.0000000000,169.0000000000,0.9756654091,0.0000000000,0.0243345909,0.9466654094,0.0000000000,0.0533345906,0.0533345906,0.0243345909,0.0289999997,1.0000000000,1.0000000000
17.0276000000,17027.6000000000,5.0000000000,-5.0000000000,0.0000000000,169.0000000000,0.9757147069,0.0000000000,0.0242852931,0.9472790079,0.0000000000,0.0527209921,0.0527209921,0.0242852931,0.0284356990,1.0000000000,1.0000000000
17.0288000000,17028.8000000000,5.0000000000,-5.0000000000,0.0000000000,169.0000000000,0.9757632343,0.0000000000,0.0242367657,0.9478768892,0.0000000000,0.0521231108,0.0521231108,0.0242367657,0.0278863451,1.0000000000,1.0000000000
17.0300000000,17030.0000000000,5.0000000000,-5.0000000000,0.0000000000,169.0000000000,0.9758110013,0.0000000000,0.0241889987,0.9484595785,0.0000000000,0.0515404215,0.0515404215,0.0241889987,0.0273514228,1.0000000000,1.0000000000
17.0312000000,17031.2000000000,5.0000000000,-5.0000000000,0.0000000000,169.0000000000,0.9758580180,0.0000000000,0.0241419820,0.9490275795,0.0000000000,0.0509724205,0.0509724205,0.0241419820,0.0268304386,1.0000000000,1.0000000000
17.0324000000,17032.4000000000,5.0000000000,-5.0000000000,0.0000000000,169.0000000000,0.9759042940,0.0000000000,0.0240957060,0.9495813749,0.0000000000,0.0504186251,0.0504186251,0.0240957060,0.0263229191,1.0000000000,1.0000000000
17.0336000000,17033.6000000000,5.0000000000,-5.0000000000,0.0000000000,169.0000000000,0.9759498387,0.0000000000,0.0240501613,0.9501214279,0.0000000000,0.0498785721,0.0498785721,0.0240501613,0.0258284108,1.0000000000,1.0000000000
17.0348000000,17034.8000000000,5.0000000000,-5.0000000000,0.0000000000,169.0000000000,0.9759946612,0.0000000000,0.0240053388,0.9506481831,0.0000000000,0.0493518169,0.0493518169,0.0240053388,0.0253464782,1.0000000000,1.0000000000
17.0360000000,17036.0000000000,5.0000000000,-5.0000000000,0.0000000000,169.0000000000,0.9760387705,0.0000000000,0.0239612295,0.9511620668,0.0000000000,0.0488379332,0.0488379332,0.0239612295,0.0248767037,1.0000000000,1.0000000000
17.0372000000,17037.2000000000,5.0000000000,-5.0000000000,0.0000000000,169.0000000000,0.9760821752,0.0000000000,0.0239178248,0.9516634887,0.0000000000,0.0483365113,0.0483365113,0.0239178248,0.0244186865,1.0000000000,1.0000000000
17.0384000000,17038.4000000000,5.0000000000,-5.0000000000,0.0000000000,169.0000000000,0.9761248837,0.0000000000,0.0238751163,0.9521528420,0.0000000000,0.0478471580,0.0478471580,0.0238751163,0.0239720417,1.0000000000,1.0000000000
17.0396000000,17039.6000000000,5.0000000000,-5.0000000000,0.0000000000,169.0000000000,0.9761669043,0.0000000000,0.0238330957,0.9526305047,0.0000000000,0.0473694953,0.0473694953,0.0238330957,0.0235363995,1.0000000000,1.0000000000
17.0408000000,17040.8000000000,5.0000000000,-5.0000000000,0.0000000000,169.0000000000,0.9762082448,0.0000000000,0.0237917552,0.9530968399,0.0000000000,0.0469031601,0.0469031601,0.0237917552,0.0231114049,1.0000000000,1.0000000000
17.0420000000,17042.0000000000,5.0000000000,-5.0000000000,0.0000000000,169.0000000000,0.9762489132,0.0000000000,0.0237510868,0.9535521966,0.0000000000,0.0464478034,0.0464478034,0.0237510868,0.0226967166,1.0000000000,1.0000000000
17.0432000000,17043.2000000000,5.0000000000,-5.0000000000,0.0000000000,169.0000000000,0.9762889169,0.0000000000,0.0237110831,0.9539969103,0.0000000000,0.0460030897,0.0460030897,0.0237110831,0.0222920065,1.0000000000,1.0000000000
17.0444000000,17044.4000000000,5.0000000000,-5.0000000000,0.0000000000,169.0000000000,0.9763282632,0.0000000000,0.0236717368,0.9544313040,0.0000000000,0.0455686960,0.0455686960,0.0236717368,0.0218969592,1.0000000000,1.0000000000
17.0456000000,17045.6000000000,5.0000000000,-5.0000000000,0.0000000000,169.0000000000,0.9763669593,0.0000000000,0.0236330407,0.9548556881,0.0000000000,0.0451443119,0.0451443119,0.0236330407,0.0215112713,1.0000000000,1.0000000000
17.0468000000,17046.8000000000,5.0000000000,-5.0000000000,0.0000000000,169.0000000000,0.9764050122,0.0000000000,0.0235949878,0.9552703614,0.0000000000,0.0447296386,0.0447296386,0.0235949878,0.0211346508,1.0000000000,1.0000000000
17.0480000000,17048.0000000000,5.0000000000,-5.0000000000,0.0000000000,169.0000000000,0.9764424284,0.0000000000,0.0235575716,0.9556756116,0.0000000000,0.0443243884,0.0443243884,0.0235575716,0.0207668169,1.0000000000,1.0000000000
17.0492000000,17049.2000000000,5.0000000000,-5.0000000000,0.0000000000,169.0000000000,0.9764792147,0.0000000000,0.0235207853,0.9560717156,0.0000000000,0.0439282844,0.0439282844,0.0235207853,0.0204074991,1.0000000000,1.0000000000
17.0504000000,17050.4000000000,5.0000000000,-5.0000000000,0.0000000000,169.0000000000,0.9765153773,0.0000000000,0.0234846227,0.9564589401,0.0000000000,0.0435410599,0.0435410599,0.0234846227,0.0200564372,1.0000000000,1.0000000000
17.0516000000,17051.6000000000,5.0000000000,-5.0000000000,0.0000000000,169.0000000000,0.9765509225,0.0000000000,0.0234490775,0.9568375421,0.0000000000,0.0431624579,0.0431624579,0.0234490775,0.0197133803,1.0000000000,1.0000000000
17.0528000000,17052.8000000000,5.0000000000,-5.0000000000,0.0000000000,169.0000000000,0.9765858561,0.0000000000,0.0234141439,0.9572077692,0.0000000000,0.0427922308,0.0427922308,0.0234141439,0.0193780869,1.0000000000,1.0000000000
17.0540000000,17054.0000000000,5.0000000000,-5.0000000000,0.0000000000,169.0000000000,0.9766201840,0.0000000000,0.0233798160,0.9575698599,0.0000000000,0.0424301401,0.0424301401,0.0233798160,0.0190503241,1.0000000000,1.0000000000
17.0552000000,17055.2000000000,5.0000000000,-5.0000000000,0.0000000000,169.0000000000,0.9766539118,0.0000000000,0.0233460882,0.9579240442,0.0000000000,0.0420759558,0.0420759558,0.0233460882,0.0187298676,1.0000000000,1.0000000000
17.0564000000,17056.4000000000,5.0000000000,-5.0000000000,0.0000000000,169.0000000000,0.9766870451,0.0000000000,0.0233129549,0.9582705440,0.0000000000,0.0417294560,0.0417294560,0.0233129549,0.0184165010,1.0000000000,1.0000000000
17.0576000000,17057.6000000000,5.0000000000,-5.0000000000,0.0000000000,169.0000000000,0.9767195890,0.0000000000,0.0232804110,0.9586095733,0.0000000000,0.0413904267,0.0413904267,0.0232804110,0.0181100158,1.0000000000,1.0000000000
17.0588000000,17058.8000000000,5.0000000000,-5.0000000000,0.0000000000,169.0000000000,0.9767515488,0.0000000000,0.0232484512,0.9589413382,0.0000000000,0.0410586618,0.0410586618,0.0232484512,0.0178102105,1.0000000000,1.0000000000
17.0600000000,17060.0000000000,5.0000000000,-5.0000000000,0.0000000000,169.0000000000,0.9767829293,0.0000000000,0.0232170707,0.9592660381,0.0000000000,0.0407339619,0.0407339619,0.0232170707,0.0175168912,1.0000000000,1.0000000000
17.0612000000,17061.2000000000,5.0000000000,-5.0000000000,0.0000000000,169.0000000000,0.9768137354,0.0000000000,0.0231862646,0.9595838651,0.0000000000,0.0404161349,0.0404161349,0.0231862646,0.0172298703,1.0000000000,1.0000000000
17.0624000000,17062.4000000000,5.0000000000,-5.0000000000,0.0000000000,169.0000000000,0.9768439718,0.0000000000,0.0231560282,0.9598950048,0.0000000000,0.0401049952,0.0401049952,0.0231560282,0.0169489670,1.0000000000,1.0000000000
17.0636000000,17063.6000000000,5.0000000000,-5.0000000000,0.0000000000,169.0000000000,0.9768736429,0.0000000000,0.0231263571,0.9601996363,0.0000000000,0.0398003637,0.0398003637,0.0231263571,0.0166740067,1.0000000000,1.0000000000
17.0648000000,17064.8000000000,5.0000000000,-5.0000000000,0.0000000000,169.0000000000,0.9769027532,0.0000000000,0.0230972468,0.9604979326,0.0000000000,0.0395020674,0.0395020674,0.0230972468,0.0164048205,1.0000000000,1.0000000000
17.0660000000,17066.0000000000,5.0000000000,-5.0000000000,0.0000000000,169.0000000000,0.9769313067,0.0000000000,0.0230686933,0.9607900610,0.0000000000,0.0392099390,0.0392099390,0.0230686933,0.0161412457,1.0000000000,1.0000000000
17.0672000000,17067.2000000000,5.0000000000,-5.0000000000,0.0000000000,169.0000000000,0.9769593075,0.0000000000,0.0230406925,0.9610761828,0.0000000000,0.0389238172,0.0389238172,0.0230406925,0.0158831247,1.0000000000,1.0000000000
17.0684000000,17068.4000000000,5.0000000000,-5.0000000000,0.0000000000,169.0000000000,0.9769867596,0.0000000000,0.0230132404,0.9613564542,0.0000000000,0.0386435458,0.0386435458,0.0230132404,0.0156303054,1.0000000000,1.0000000000
17.0696000000,17069.6000000000,5.0000000000,-5.0000000000,0.0000000000,169.0000000000,0.9770136666,0.0000000000,0.0229863334,0.9616310260,0.0000000000,0.0383689740,0.0383689740,0.0229863334,0.0153826406,1.0000000000,1.0000000000
17.0708000000,17070.8000000000,5.0000000000,-5.0000000000,0.0000000000,169.0000000000,0.9770400323,0.0000000000,0.0229599677,0.9619000441,0.0000000000,0.0380999559,0.0380999559,0.0229599677,0.0151399882,1.0000000000,1.0000000000
17.0720000000,17072.0000000000,5.0000000000,-5.0000000000,0.0000000000,169.0000000000,0.9770658601,0.0000000000,0.0229341399,0.9621636494,0.0000000000,0.0378363506,0.0378363506,0.0229341399,0.0149022107,1.0000000000,1.0000000000
17.0732000000,17073.2000000000,5.0000000000,-5.0000000000,0.0000000000,169.0000000000,0.9770911534,0.0000000000,0.0229088466,0.9624219784,0.0000000000,0.0375780216,0.0375780216,0.0229088466,0.0146691750,1.0000000000,1.0000000000
17.0744000000,17074.4000000000,5.0000000000,-5.0000000000,0.0000000000,169.0000000000,0.9771159154,0.0000000000,0.0228840846,0.9626751631,0.0000000000,0.0373248369,0.0373248369,0.0228840846,0.0144407523,1.0000000000,1.0000000000
17.0756000000,17075.6000000000,5.0000000000,-5.0000000000,0.0000000000,169.0000000000,0.9771401491,0.0000000000,0.0228598509,0.9629233309,0.0000000000,0.0370766691,0.0370766691,0.0228598509,0.0142168181,1.0000000000,1.0000000000
17.0768000000,17076.8000000000,5.0000000000,-5.0000000000,0.0000000000,169.0000000000,0.9771638575,0.0000000000,0.0228361425,0.9631666056,0.0000000000,0.0368333944,0.0368333944,0.0228361425,0.0139972519,1.0000000000,1.0000000000
17.0780000000,17078.0000000000,5.0000000000,-5.0000000000,0.0000000000,169.0000000000,0.9771870434,0.0000000000,0.0228129566,0.9634051065,0.0000000000,0.0365948935,0.0365948935,0.0228129566,0.0137819369,1.0000000000,1.0000000000
17.0792000000,17079.2000000000,5.0000000000,-5.0000000000,0.0000000000,169.0000000000,0.9772097096,0.0000000000,0.0227902904,0.9636389495,0.0000000000,0.0363610505,0.0363610505,0.0227902904,0.0135707601,1.0000000000,1.0000000000
17.0804000000,17080.4000000000,5.0000000000,-5.0000000000,0.0000000000,169.0000000000,0.9772318585,0.0000000000,0.0227681415,0.9638682465,0.0000000000,0.0361317535,0.0361317535,0.0227681415,0.0133636120,1.0000000000,1.0000000000
17.0816000000,17081.6000000000,5.0000000000,-5.0000000000,0.0000000000,169.0000000000,0.9772534927,0.0000000000,0.0227465073,0.9640931062,0.0000000000,0.0359068938,0.0359068938,0.0227465073,0.0131603865,1.0000000000,1.0000000000
17.0828000000,17082.8000000000,5.0000000000,-5.0000000000,0.0000000000,169.0000000000,0.9772746144,0.0000000000,0.0227253856,0.9643136335,0.0000000000,0.0356863665,0.0356863665,0.0227253856,0.0129609809,1.0000000000,1.0000000000
17.0840000000,17084.0000000000,5.0000000000,-5.0000000000,0.0000000000,169.0000000000,0.9772952259,0.0000000000,0.0227047741,0.9645299302,0.0000000000,0.0354700698,0.0354700698,0.0227047741,0.0127652957,1.0000000000,1.0000000000
17.0852000000,17085.2000000000,5.0000000000,-5.0000000000,0.0000000000,169.0000000000,0.9773153291,0.0000000000,0.0226846709,0.9647420949,0.0000000000,0.0352579051,0.0352579051,0.0226846709,0.0125732342,1.0000000000,1.0000000000
17.0864000000,17086.4000000000,5.0000000000,-5.0000000000,0.0000000000,169.0000000000,0.9773349262,0.0000000000,0.0226650738,0.9649502233,0.0000000000,0.0350497767,0.0350497767,0.0226650738,0.0123847029,1.0000000000,1.0000000000
17.0876000000,17087.6000000000,5.0000000000,-5.0000000000,0.0000000000,169.0000000000,0.9773540188,0.0000000000,0.0226459812,0.9651544078,0.0000000000,0.0348455922,0.0348455922,0.0226459812,0.0121996110,1.0000000000,1.0000000000
17.0888000000,17088.8000000000,5.0000000000,-5.0000000000,0.0000000000,169.0000000000,0.9773726088,0.0000000000,0.0226273912,0.9653547382,0.0000000000,0.0346452618,0.0346452618,0.0226273912,0.0120178706,1.0000000000,1.0000000000
17.0900000000,17090.0000000000,5.0000000000,-5.0000000000,0.0000000000,169.0000000000,0.9773906977,0.0000000000,0.0226093023,0.9655513015,0.0000000000,0.0344486985,0.0344486985,0.0226093023,0.0118393962,1.0000000000,1.0000000000
17.0912000000,17091.2000000000,5.0000000000,-5.0000000000,0.0000000000,169.0000000000,0.9774082869,0.0000000000,0.0225917131,0.9657441820,0.0000000000,0.0342558180,0.0342558180,0.0225917131,0.0116641049,1.0000000000,1.0000000000
17.0924000000,17092.4000000000,5.0000000000,-5.0000000000,0.0000000000,169.0000000000,0.9774253780,0.0000000000,0.0225746220,0.9659334616,0.0000000000,0.0340665384,0.0340665384,0.0225746220,0.0114919164,1.0000000000,1.0000000000
17.0936000000,17093.6000000000,5.0000000000,-5.0000000000,0.0000000000,169.0000000000,0.9774419720,0.0000000000,0.0225580280,0.9661192194,0.0000000000,0.0338807806,0.0338807806,0.0225580280,0.0113227526,1.0000000000,1.0000000000
17.0948000000,17094.8000000000,5.0000000000,-5.0000000000,0.0000000000,169.0000000000,0.9774580702,0.0000000000,0.0225419298,0.9663015324,0.0000000000,0.0336984676,0.0336984676,0.0225419298,0.0111565378,1.0000000000,1.0000000000
17.0960000000,17096.0000000000,5.0000000000,-5.0000000000,0.0000000000,169.0000000000,0.9774736736,0.0000000000,0.0225263264,0.9664804752,0.0000000000,0.0335195248,0.0335195248,0.0225263264,0.0109931984,1.0000000000,1.0000000000
17.0972000000,17097.2000000000,5.0000000000,-5.0000000000,0.0000000000,169.0000000000,0.9774887831,0.0000000000,0.0225112169,0.9666561202,0.0000000000,0.0333438798,0.0333438798,0.0225112169,0.0108326629,1.0000000000,1.0000000000
17.0984000000,17098.4000000000,5.0000000000,-5.0000000000,0.0000000000,169.0000000000,0.9775033995,0.0000000000,0.0224966005,0.9668285375,0.0000000000,0.0331714625,0.0331714625,0.0224966005,0.0106748620,1.0000000000,1.0000000000
17.0996000000,17099.6000000000,5.0000000000,-5.0000000000,0.0000000000,169.0000000000,0.9775175234,0.0000000000,0.0224824766,0.9669977953,0.0000000000,0.0330022047,0.0330022047,0.0224824766,0.0105197281,1.0000000000,1.0000000000
17.1008000000,17100.8000000000,5.0000000000,-5.0000000000,0.0000000000,169.0000000000,0.9775311555,0.0000000000,0.0224688445,0.9671639596,0.0000000000,0.0328360404,0.0328360404,0.0224688445,0.0103671959,1.0000000000,1.0000000000
17.1020000000,17102.0000000000,5.0000000000,-5.0000000000,0.0000000000,169.0000000000,0.9775442962,0.0000000000,0.0224557038,0.9673270947,0.0000000000,0.0326729053,0.0326729053,0.0224557038,0.0102172016,1.0000000000,1.0000000000
17.1032000000,17103.2000000000,5.0000000000,-5.0000000000,0.0000000000,169.0000000000,0.9775569459,0.0000000000,0.0224430541,0.9674872627,0.0000000000,0.0325127373,0.0325127373,0.0224430541,0.0100696833,1.0000000000,1.0000000000
17.1044000000,17104.4000000000,5.0000000000,-5.0000000000,0.0000000000,169.0000000000,0.9775691048,0.0000000000,0.0224308952,0.9676445240,0.0000000000,0.0323554760,0.0323554760,0.0224308952,0.0099245808,1.0000000000,1.0000000000
17.1056000000,17105.6000000000,5.0000000000,-5.0000000000,0.0000000000,169.0000000000,0.9775807730,0.0000000000,0.0224192270,0.9677989374,0.0000000000,0.0322010626,0.0322010626,0.0224192270,0.0097818356,1.0000000000,1.0000000000
17.1068000000,17106.8000000000,5.0000000000,-5.0000000000,0.0000000000,169.0000000000,0.9775919506,0.0000000000,0.0224080494,0.9679505597,0.0000000000,0.0320494403,0.0320494403,0.0224080494,0.0096413909,1.0000000000,1.0000000000
17.1080000000,17108.0000000000,5.0000000000,-5.0000000000,0.0000000000,169.0000000000,0.9776026374,0.0000000000,0.0223973626,0.9680994463,0.0000000000,0.0319005537,0.0319005537,0.0223973626,0.0095031911,1.0000000000,1.0000000000
17.1092000000,17109.2000000000,5.0000000000,-5.0000000000,0.0000000000,169.0000000000,0.9776128333,0.0000000000,0.0223871667,0.9682456507,0.0000000000,0.0317543493,0.0317543493,0.0223871667,0.0093671826,1.0000000000,1.0000000000
17.1104000000,17110.4000000000,5.0000000000,-5.0000000000,0.0000000000,169.0000000000,0.9776225380,0.0000000000,0.0223774620,0.9683892251,0.0000000000,0.0316107749,0.0316107749,0.0223774620,0.0092333129,1.0000000000,1.0000000000
17.1116000000,17111.6000000000,5.0000000000,-5.0000000000,0.0000000000,169.0000000000,0.9776317510,0.0000000000,0.0223682490,0.9685302201,0.0000000000,0.0314697799,0.0314697799,0.0223682490,0.0091015309,1.0000000000,1.0000000000
17.1128000000,17112.8000000000,5.0000000000,-5.0000000000,0.0000000000,169.0000000000,0.9776404718,0.0000000000,0.0223595282,0.9686686847,0.0000000000,0.0313313153,0.0313313153,0.0223595282,0.0089717871,1.0000000000,1.0000000000
17.1140000000,17114.0000000000,5.0000000000,-5.0000000000,0.0000000000,169.0000000000,0.9776486997,0.0000000000,0.0223513003,0.9688046667,0.0000000000,0.0311953333,0.0311953333,0.0223513003,0.0088440330,1.0000000000,1.0000000000
17.1152000000,17115.2000000000,5.0000000000,-5.0000000000,0.0000000000,169.0000000000,0.9776564341,0.0000000000,0.0223435659,0.9689382123,0.0000000000,0.0310617877,0.0310617877,0.0223435659,0.0087182218,1.0000000000,1.0000000000
17.1164000000,17116.4000000000,5.0000000000,-5.0000000000,0.0000000000,169.0000000000,0.9776636739,0.0000000000,0.0223363261,0.9690693665,0.0000000000,0.0309306335,0.0309306335,0.0223363261,0.0085943074,1.0000000000,1.0000000000
17.1176000000,17117.6000000000,5.0000000000,-5.0000000000,0.0000000000,169.0000000000,0.9776704184,0.0000000000,0.0223295816,0.9691981731,0.0000000000,0.0308018269,0.0308018269,0.0223295816,0.0084722453,1.0000000000,1.0000000000
17.1188000000,17118.8000000000,5.0000000000,-5.0000000000,0.0000000000,169.0000000000,0.9776766663,0.0000000000,0.0223233337,0.9693246742,0.0000000000,0.0306753258,0.0306753258,0.0223233337,0.0083519921,1.0000000000,1.0000000000
17.1200000000,17120.0000000000,5.0000000000,-5.0000000000,0.0000000000,169.0000000000,0.9776824164,0.0000000000,0.0223175836,0.9694489112,0.0000000000,0.0305510888,0.0305510888,0.0223175836,0.0082335052,1.0000000000,1.0000000000
17.1212000000,17121.2000000000,5.0000000000,-5.0000000000,0.0000000000,169.0000000000,0.9776876675,0.0000000000,0.0223123325,0.9695709239,0.0000000000,0.0304290761,0.0304290761,0.0223123325,0.0081167436,1.0000000000,1.0000000000
17.1224000000,17122.4000000000,5.0000000000,-5.0000000000,0.0000000000,169.0000000000,0.9776924181,0.0000000000,0.0223075819,0.9696907511,0.0000000000,0.0303092489,0.0303092489,0.0223075819,0.0080016669,1.0000000000,1.0000000000
17.1236000000,17123.6000000000,5.0000000000,-5.0000000000,0.0000000000,169.0000000000,0.9776966666,0.0000000000,0.0223033334,0.9698084306,0.0000000000,0.0301915694,0.0301915694,0.0223033334,0.0078882360,1.0000000000,1.0000000000
17.1248000000,17124.8000000000,5.0000000000,-5.0000000000,0.0000000000,169.0000000000,0.9777004114,0.0000000000,0.0222995886,0.9699239987,0.0000000000,0.0300760013,0.0300760013,0.0222995886,0.0077764127,1.0000000000,1.0000000000
17.1260000000,17126.0000000000,5.0000000000,-5.0000000000,0.0000000000,169.0000000000,0.9777036507,0.0000000000,0.0222963493,0.9700374911,0.0000000000,0.0299625089,0.0299625089,0.0222963493,0.0076661596,1.0000000000,1.0000000000
17.1272000000,17127.2000000000,5.0000000000,-5.0000000000,0.0000000000,169.0000000000,0.9777063827,0.0000000000,0.0222936173,0.9701489421,0.0000000000,0.0298510579,0.0298510579,0.0222936173,0.0075574405,1.0000000000,1.0000000000
17.1284000000,17128.4000000000,5.0000000000,-5.0000000000,0.0000000000,169.0000000000,0.9777086052,0.0000000000,0.0222913948,0.9702583852,0.0000000000,0.0297416148,0.0297416148,0.0222913948,0.0074502200,1.0000000000,1.0000000000
17.1296000000,17129.6000000000,5.0000000000,-5.0000000000,0.0000000000,169.0000000000,0.9777103162,0.0000000000,0.0222896838,0.9703658527,0.0000000000,0.0296341473,0.0296341473,0.0222896838,0.0073444635,1.0000000000,1.0000000000
17.1308000000,17130.8000000000,5.0000000000,-5.0000000000,0.0000000000,169.0000000000,0.9777115134,0.0000000000,0.0222884866,0.9704713760,0.0000000000,0.0295286240,0.0295286240,0.0222884866,0.0072401373,1.0000000000,1.0000000000
17.1320000000,17132.0000000000,5.0000000000,-5.0000000000,0.0000000000,169.0000000000,0.9777121944,0.0000000000,0.0222878056,0.9705749857,0.0000000000,0.0294250143,0.0294250143,0.0222878056,0.0071372086,1.0000000000,1.0000000000
17.1332000000,17133.2000000000,5.0000000000,-5.0000000000,0.0000000000,169.0000000000,0.9777123567,0.0000000000,0.0222876433,0.9706767113,0.0000000000,0.0293232887,0.0293232887,0.0222876433,0.0070356454,1.0000000000,1.0000000000
17.1344000000,17134.4000000000,5.0000000000,-5.0000000000,0.0000000000,169.0000000000,0.9777119977,0.0000000000,0.0222880023,0.9707765815,0.0000000000,0.0292234185,0.0292234185,0.0222880023,0.0069354163,1.0000000000,1.0000000000
17.1356000000,17135.6000000000,5.0000000000,-5.0000000000,0.0000000000,169.0000000000,0.9777111147,0.0000000000,0.0222888853,0.9708746239,0.0000000000,0.0291253761,0.0291253761,0.0222888853,0.0068364908,1.0000000000,1.0000000000
17.1368000000,17136.8000000000,5.0000000000,-5.0000000000,0.0000000000,169.0000000000,0.9777097048,0.0000000000,0.0222902952,0.9709708655,0.0000000000,0.0290291345,0.0290291345,0.0222902952,0.0067388393,1.0000000000,1.0000000000
17.1380000000,17138.0000000000,5.0000000000,-5.0000000000,0.0000000000,169.0000000000,0.9777077649,0.0000000000,0.0222922351,0.9710653322,0.0000000000,0.0289346678,0.0289346678,0.0222922351,0.0066424327,1.0000000000,1.0000000000
17.1392000000,17139.2000000000,5.0000000000,-5.0000000000,0.0000000000,169.0000000000,0.9777052920,0.0000000000,0.0222947080,0.9711580494,0.0000000000,0.0288419506,0.0288419506,0.0222947080,0.0065472425,1.0000000000,1.0000000000
17.1404000000,17140.4000000000,5.0000000000,-5.0000000000,0.0000000000,169.0000000000,0.9777022827,0.0000000000,0.0222977173,0.9712490414,0.0000000000,0.0287509586,0.0287509586,0.0222977173,0.0064532413,1.0000000000,1.0000000000
17.1416000000,17141.6000000000,5.0000000000,-5.0000000000,0.0000000000,169.0000000000,0.9776987337,0.0000000000,0.0223012663,0.9713383316,0.0000000000,0.0286616684,0.0286616684,0.0223012663,0.0063604021,1.0000000000,1.0000000000
17.1428000000,17142.8000000000,5.0000000000,-5.0000000000,0.0000000000,169.0000000000,0.9776946415,0.0000000000,0.0223053585,0.9714259430,0.0000000000,0.0285740570,0.0285740570,0.0223053585,0.0062686984,1.0000000000,1.0000000000
17.1440000000,17144.0000000000,5.0000000000,-5.0000000000,0.0000000000,169.0000000000,0.9776900023,0.0000000000,0.0223099977,0.9715118975,0.0000000000,0.0284881025,0.0284881025,0.0223099977,0.0061781048,1.0000000000,1.0000000000
17.1452000000,17145.2000000000,5.0000000000,-5.0000000000,0.0000000000,169.0000000000,0.9776848124,0.0000000000,0.0223151876,0.9715962164,0.0000000000,0.0284037836,0.0284037836,0.0223151876,0.0060885960,1.0000000000,1.0000000000
17.1464000000,17146.4000000000,5.0000000000,-5.0000000000,0.0000000000,169.0000000000,0.9776790678,0.0000000000,0.0223209322,0.9716789200,0.0000000000,0.0283210800,0.0283210800,0.0223209322,0.0060001478,1.0000000000,1.0000000000
17.1476000000,17147.6000000000,5.0000000000,-5.0000000000,0.0000000000,169.0000000000,0.9776727644,0.0000000000,0.0223272356,0.9717600282,0.0000000000,0.0282399718,0.0282399718,0.0223272356,0.0059127362,1.0000000000,1.0000000000
17.1488000000,17148.8000000000,5.0000000000,-5.0000000000,0.0000000000,169.0000000000,0.9776658980,0.0000000000,0.0223341020,0.9718395598,0.0000000000,0.0281604402,0.0281604402,0.0223341020,0.0058263382,1.0000000000,1.0000000000
17.1500000000,17150.0000000000,5.0000000000,-5.0000000000,0.0000000000,169.0000000000,0.9776584643,0.0000000000,0.0223415357,0.9719175333,0.0000000000,0.0280824667,0.0280824667,0.0223415357,0.0057409310,1.0000000000,1.0000000000
17.1512000000,17151.2000000000,5.0000000000,-5.0000000000,0.0000000000,169.0000000000,0.9776504586,0.0000000000,0.0223495414,0.9719939661,0.0000000000,0.0280060339,0.0280060339,0.0223495414,0.0056564926,1.0000000000,1.0000000000
17.1524000000,17152.4000000000,5.0000000000,-5.0000000000,0.0000000000,169.0000000000,0.9776418763,0.0000000000,0.0223581237,0.9720688749,0.0000000000,0.0279311251,0.0279311251,0.0223581237,0.0055730014,1.0000000000,1.0000000000
17.1536000000,17153.6000000000,5.0000000000,-5.0000000000,0.0000000000,169.0000000000,0.9776327126,0.0000000000,0.0223672874,0.9721422760,0.0000000000,0.0278577240,0.0278577240,0.0223672874,0.0054904366,1.0000000000,1.0000000000
17.1548000000,17154.8000000000,5.0000000000,-5.0000000000,0.0000000000,169.0000000000,0.9776229625,0.0000000000,0.0223770375,0.9722141847,0.0000000000,0.0277858153,0.0277858153,0.0223770375,0.0054087778,1.0000000000,1.0000000000
17.1560000000,17156.0000000000,5.0000000000,-5.0000000000,0.0000000000,169.0000000000,0.9776126208,0.0000000000,0.0223873792,0.9722846157,0.0000000000,0.0277153843,0.0277153843,0.0223873792,0.0053280051,1.0000000000,1.0000000000
17.1572000000,17157.2000000000,5.0000000000,-5.0000000000,0.0000000000,169.0000000000,0.9776016823,0.0000000000,0.0223983177,0.9723535830,0.0000000000,0.0276464170,0.0276464170,0.0223983177,0.0052480993,1.0000000000,1.0000000000
17.1584000000,17158.4000000000,5.0000000000,-5.0000000000,0.0000000000,169.0000000000,0.9775901413,0.0000000000,0.0224098587,0.9724210997,0.0000000000,0.0275789003,0.0275789003,0.0224098587,0.0051690416,1.0000000000,1.0000000000
17.1596000000,17159.6000000000,5.0000000000,-5.0000000000,0.0000000000,169.0000000000,0.9775779924,0.0000000000,0.0224220076,0.9724871786,0.0000000000,0.0275128214,0.0275128214,0.0224220076,0.0050908137,1.0000000000,1.0000000000
17.1608000000,17160.8000000000,5.0000000000,-5.0000000000,0.0000000000,169.0000000000,0.9775652296,0.0000000000,0.0224347704,0.9725518315,0.0000000000,0.0274481685,0.0274481685,0.0224347704,0.0050133981,1.0000000000,1.0000000000
17.1620000000,17162.0000000000,5.0000000000,-5.0000000000,0.0000000000,169.0000000000,0.9775518470,0.0000000000,0.0224481530,0.9726150694,0.0000000000,0.0273849306,0.0273849306,0.0224481530,0.0049367776,1.0000000000,1.0000000000
17.1632000000,17163.2000000000,5.0000000000,-5.0000000000,0.0000000000,169.0000000000,0.9775378384,0.0000000000,0.0224621616,0.9726769028,0.0000000000,0.0273230972,0.0273230972,0.0224621616,0.0048609356,1.0000000000,1.0000000000
17.1644000000,17164.4000000000,5.0000000000,-5.0000000000,0.0000000000,169.0000000000,0.9775231975,0.0000000000,0.0224768025,0.9727373415,0.0000000000,0.0272626585,0.0272626585,0.0224768025,0.0047858560,1.0000000000,1.0000000000
17.1656000000,17165.6000000000,5.0000000000,-5.0000000000,0.0000000000,169.0000000000,0.9775079178,0.0000000000,0.0224920822,0.9727963944,0.0000000000,0.0272036056,0.0272036056,0.0224920822,0.0047115234,1.0000000000,1.0000000000
17.1668000000,17166.8000000000,5.0000000000,-5.0000000000,0.0000000000,169.0000000000,0.9774919924,0.0000000000,0.0225080076,0.9728540696,0.0000000000,0.0271459304,0.0271459304,0.0225080076,0.0046379228,1.0000000000,1.0000000000
17.1680000000,17168.0000000000,5.0000000000,-5.0000000000,0.0000000000,169.0000000000,0.9774754146,0.0000000000,0.0225245854,0.9729103748,0.0000000000,0.0270896252,0.0270896252,0.0225245854,0.0045650398,1.0000000000,1.0000000000
17.1692000000,17169.2000000000,5.0000000000,-5.0000000000,0.0000000000,169.0000000000,0.9774581771,0.0000000000,0.0225418229,0.9729653165,0.0000000000,0.0270346835,0.0270346835,0.0225418229,0.0044928606,1.0000000000,1.0000000000
17.1704000000,17170.4000000000,5.0000000000,-5.0000000000,0.0000000000,169.0000000000,0.9774402728,0.0000000000,0.0225597272,0.9730189008,0.0000000000,0.0269810992,0.0269810992,0.0225597272,0.0044213720,1.0000000000,1.0000000000
17.1716000000,17171.6000000000,5.0000000000,-5.0000000000,0.0000000000,169.0000000000,0.9774216940,0.0000000000,0.0225783060,0.9730711327,0.0000000000,0.0269288673,0.0269288673,0.0225783060,0.0043505613,1.0000000000,1.0000000000
17.1728000000,17172.8000000000,5.0000000000,-5.0000000000,0.0000000000,169.0000000000,0.9774024330,0.0000000000,0.0225975670,0.9731220166,0.0000000000,0.0268779834,0.0268779834,0.0225975670,0.0042804164,1.0000000000,1.0000000000
17.1740000000,17174.0000000000,5.0000000000,-5.0000000000,0.0000000000,169.0000000000,0.9773824820,0.0000000000,0.0226175180,0.9731715559,0.0000000000,0.0268284441,0.0268284441,0.0226175180,0.0042109261,1.0000000000,1.0000000000
17.1752000000,17175.2000000000,5.0000000000,-5.0000000000,0.0000000000,169.0000000000,0.9773618327,0.0000000000,0.0226381673,0.9732197533,0.0000000000,0.0267802467,0.0267802467,0.0226381673,0.0041420795,1.0000000000,1.0000000000
17.1764000000,17176.4000000000,5.0000000000,-5.0000000000,0.0000000000,169.0000000000,0.9773404769,0.0000000000,0.0226595231,0.9732666105,0.0000000000,0.0267333895,0.0267333895,0.0226595231,0.0040738664,1.0000000000,1.0000000000
17.1776000000,17177.6000000000,5.0000000000,-5.0000000000,0.0000000000,169.0000000000,0.9773184058,0.0000000000,0.0226815942,0.9733121282,0.0000000000,0.0266878718,0.0266878718,0.0226815942,0.0040062776,1.0000000000,1.0000000000
17.1788000000,17178.8000000000,5.0000000000,-5.0000000000,0.0000000000,169.0000000000,0.9772956107,0.0000000000,0.0227043893,0.9733563064,0.0000000000,0.0266436936,0.0266436936,0.0227043893,0.0039393042,1.0000000000,1.0000000000
17.1800000000,17180.0000000000,5.0000000000,-5.0000000000,0.0000000000,169.0000000000,0.9772720824,0.0000000000,0.0227279176,0.9733991440,0.0000000000,0.0266008560,0.0266008560,0.0227279176,0.0038729384,1.0000000000,1.0000000000
17.1812000000,17181.2000000000,5.0000000000,-5.0000000000,0.0000000000,169.0000000000,0.9772478117,0.0000000000,0.0227521883,0.9734406388,0.0000000000,0.0265593612,0.0265593612,0.0227521883,0.0038071729,1.0000000000,1.0000000000
17.1824000000,17182.4000000000,5.0000000000,-5.0000000000,0.0000000000,169.0000000000,0.9772227891,0.0000000000,0.0227772109,0.9734807877,0.0000000000,0.0265192123,0.0265192123,0.0227772109,0.0037420014,1.0000000000,1.0000000000
17.1836000000,17183.6000000000,5.0000000000,-5.0000000000,0.0000000000,169.0000000000,0.9771970046,0.0000000000,0.0228029954,0.9735195863,0.0000000000,0.0264804137,0.0264804137,0.0228029954,0.0036774183,1.0000000000,1.0000000000
17.1848000000,17184.8000000000,5.0000000000,-5.0000000000,0.0000000000,169.0000000000,0.9771704482,0.0000000000,0.0228295518,0.9735570292,0.0000000000,0.0264429708,0.0264429708,0.0228295518,0.0036134190,1.0000000000,1.0000000000
17.1860000000,17186.0000000000,5.0000000000,-5.0000000000,0.0000000000,169.0000000000,0.9771431095,0.0000000000,0.0228568905,0.9735931098,0.0000000000,0.0264068902,0.0264068902,0.0228568905,0.0035499998,1.0000000000,1.0000000000
17.1872000000,17187.2000000000,5.0000000000,-5.0000000000,0.0000000000,169.0000000000,0.9771149780,0.0000000000,0.0228850220,0.9736278201,0.0000000000,0.0263721799,0.0263721799,0.0228850220,0.0034871579,1.0000000000,1.0000000000
17.1884000000,17188.4000000000,5.0000000000,-5.0000000000,0.0000000000,169.0000000000,0.9770860427,0.0000000000,0.0229139573,0.9736611510,0.0000000000,0.0263388490,0.0263388490,0.0229139573,0.0034248917,1.0000000000,1.0000000000
17.1896000000,17189.6000000000,5.0000000000,-5.0000000000,0.0000000000,169.0000000000,0.9770562925,0.0000000000,0.0229437075,0.9736930919,0.0000000000,0.0263069081,0.0263069081,0.0229437075,0.0033632006,1.0000000000,1.0000000000
17.1908000000,17190.8000000000,5.0000000000,-5.0000000000,0.0000000000,169.0000000000,0.9770257158,0.0000000000,0.0229742842,0.9737236307,0.0000000000,0.0262763693,0.0262763693,0.0229742842,0.0033020851,1.0000000000,1.0000000000
17.1920000000,17192.0000000000,5.0000000000,-5.0000000000,0.0000000000,169.0000000000,0.9769943009,0.0000000000,0.0230056991,0.9737527538,0.0000000000,0.0262472462,0.0262472462,0.0230056991,0.0032415470,1.0000000000,1.0000000000
17.1932000000,17193.2000000000,5.0000000000,-5.0000000000,0.0000000000,169.0000000000,0.9769620356,0.0000000000,0.0230379644,0.9737804462,0.0000000000,0.0262195538,0.0262195538,0.0230379644,0.0031815894,1.0000000000,1.0000000000
17.1944000000,17194.4000000000,5.0000000000,-5.0000000000,0.0000000000,169.0000000000,0.9769289076,0.0000000000,0.0230710924,0.9738066910,0.0000000000,0.0261933090,0.0261933090,0.0230710924,0.0031222167,1.0000000000,1.0000000000
17.1956000000,17195.6000000000,5.0000000000,-5.0000000000,0.0000000000,169.0000000000,0.9768949041,0.0000000000,0.0231050959,0.9738314695,0.0000000000,0.0261685305,0.0261685305,0.0231050959,0.0030634347,1.0000000000,1.0000000000
17.1968000000,17196.8000000000,5.0000000000,-5.0000000000,0.0000000000,169.0000000000,0.9768600121,0.0000000000,0.0231399879,0.9738547613,0.0000000000,0.0261452387,0.0261452387,0.0231399879,0.0030052508,1.0000000000,1.0000000000
17.1980000000,17198.0000000000,5.0000000000,-5.0000000000,0.0000000000,169.0000000000,0.9768242181,0.0000000000,0.0231757819,0.9738765441,0.0000000000,0.0261234559,0.0261234559,0.0231757819,0.0029476740,1.0000000000,1.0000000000
17.1992000000,17199.2000000000,5.0000000000,-5.0000000000,0.0000000000,169.0000000000,0.9767875083,0.0000000000,0.0232124917,0.9738967935,0.0000000000,0.0261032065,0.0261032065,0.0232124917,0.0028907149,1.0000000000,1.0000000000
17.2004000000,17200.4000000000,5.0000000000,-5.0000000000,0.0000000000,169.0000000000,0.9767498687,0.0000000000,0.0232501313,0.9739154827,0.0000000000,0.0260845173,0.0260845173,0.0232501313,0.0028343860,1.0000000000,1.0000000000
17.2016000000,17201.6000000000,5.0000000000,-5.0000000000,0.0000000000,169.0000000000,0.9767112847,0.0000000000,0.0232887153,0.9739325832,0.0000000000,0.0260674168,0.0260674168,0.0232887153,0.0027787015,1.0000000000,1.0000000000
17.2028000000,17202.8000000000,5.0000000000,-5.0000000000,0.0000000000,169.0000000000,0.9766717415,0.0000000000,0.0233282585,0.9739480637,0.0000000000,0.0260519363,0.0260519363,0.0233282585,0.0027236777,1.0000000000,1.0000000000
17.2040000000,17204.0000000000,5.0000000000,-5.0000000000,0.0000000000,169.0000000000,0.9766312237,0.0000000000,0.0233687763,0.9739618908,0.0000000000,0.0260381092,0.0260381092,0.0233687763,0.0026693329,1.0000000000,1.0000000000
17.2052000000,17205.2000000000,5.0000000000,-5.0000000000,0.0000000000,169.0000000000,0.9765897157,0.0000000000,0.0234102843,0.9739740284,0.0000000000,0.0260259716,0.0260259716,0.0234102843,0.0026156873,1.0000000000,1.0000000000
17.2064000000,17206.4000000000,5.0000000000,-5.0000000000,0.0000000000,169.0000000000,0.9765472014,0.0000000000,0.0234527986,0.9739844378,0.0000000000,0.0260155622,0.0260155622,0.0234527986,0.0025627635,1.0000000000,1.0000000000
17.2076000000,17207.6000000000,5.0000000000,-5.0000000000,0.0000000000,169.0000000000,0.9765036643,0.0000000000,0.0234963357,0.9739930780,0.0000000000,0.0260069220,0.0260069220,0.0234963357,0.0025105863,1.0000000000,1.0000000000
17.2088000000,17208.8000000000,5.0000000000,-5.0000000000,0.0000000000,169.0000000000,0.9764590874,0.0000000000,0.0235409126,0.9739999049,0.0000000000,0.0260000951,0.0260000951,0.0235409126,0.0024591825,1.0000000000,1.0000000000
17.2100000000,17210.0000000000,5.0000000000,-5.0000000000,0.0000000000,169.0000000000,0.9764134534,0.0000000000,0.0235865466,0.9740048720,0.0000000000,0.0259951280,0.0259951280,0.0235865466,0.0024085814,1.0000000000,1.0000000000
17.2112000000,17211.2000000000,5.0000000000,-5.0000000000,0.0000000000,169.0000000000,0.9763667443,0.0000000000,0.0236332557,0.9740079300,0.0000000000,0.0259920700,0.0259920700,0.0236332557,0.0023588143,1.0000000000,1.0000000000
17.2124000000,17212.4000000000,5.0000000000,-5.0000000000,0.0000000000,169.0000000000,0.9763189419,0.0000000000,0.0236810581,0.9740090270,0.0000000000,0.0259909730,0.0259909730,0.0236810581,0.0023099149,1.0000000000,1.0000000000
17.2136000000,17213.6000000000,5.0000000000,-5.0000000000,0.0000000000,169.0000000000,0.9762700273,0.0000000000,0.0237299727,0.9740081088,0.0000000000,0.0259918912,0.0259918912,0.0237299727,0.0022619185,1.0000000000,1.0000000000
17.2148000000,17214.8000000000,5.0000000000,-5.0000000000,0.0000000000,169.0000000000,0.9762199812,0.0000000000,0.0237800188,0.9740051187,0.0000000000,0.0259948813,0.0259948813,0.0237800188,0.0022148624,1.0000000000,1.0000000000
17.2160000000,17216.0000000000,5.0000000000,-5.0000000000,0.0000000000,169.0000000000,0.9761687836,0.0000000000,0.0238312164,0.9739999982,0.0000000000,0.0260000018,0.0260000018,0.0238312164,0.0021687855,1.0000000000,1.0000000000
17.2172000000,17217.2000000000,5.0000000000,-5.0000000000,0.0000000000,169.0000000000,0.9761164144,0.0000000000,0.0238835856,0.9739926870,0.0000000000,0.0260073130,0.0260073130,0.0238835856,0.0021237274,1.0000000000,1.0000000000
17.2184000000,17218.4000000000,5.0000000000,-5.0000000000,0.0000000000,169.0000000000,0.9760628525,0.0000000000,0.0239371475,0.9739831241,0.0000000000,0.0260168759,0.0260168759,0.0239371475,0.0020797284,1.0000000000,1.0000000000
17.2196000000,17219.6000000000,5.0000000000,-5.0000000000,0.0000000000,169.0000000000,0.9760080764,0.0000000000,0.0239919236,0.9739712478,0.0000000000,0.0260287522,0.0260287522,0.0239919236,0.0020368285,1.0000000000,1.0000000000
17.2208000000,17220.8000000000,5.0000000000,-5.0000000000,0.0000000000,169.0000000000,0.9759520640,0.0000000000,0.0240479360,0.9739569974,0.0000000000,0.0260430026,0.0260430026,0.0240479360,0.0019950666,1.0000000000,1.0000000000
17.2220000000,17222.0000000000,5.0000000000,-5.0000000000,0.0000000000,169.0000000000,0.9758947928,0.0000000000,0.0241052072,0.9739403134,0.0000000000,0.0260596866,0.0260596866,0.0241052072,0.0019544794,1.0000000000,1.0000000000
17.2232000000,17223.2000000000,5.0000000000,-5.0000000000,0.0000000000,169.0000000000,0.9758362393,0.0000000000,0.0241637607,0.9739211397,0.0000000000,0.0260788603,0.0260788603,0.0241637607,0.0019150995,1.0000000000,1.0000000000
17.2244000000,17224.4000000000,5.0000000000,-5.0000000000,0.0000000000,169.0000000000,0.9757763797,0.0000000000,0.0242236203,0.9738994251,0.0000000000,0.0261005749,0.0261005749,0.0242236203,0.0018769546,1.0000000000,1.0000000000
17.2256000000,17225.6000000000,5.0000000000,-5.0000000000,0.0000000000,169.0000000000,0.9757151893,0.0000000000,0.0242848107,0.9738751250,0.0000000000,0.0261248750,0.0261248750,0.0242848107,0.0018400643,1.0000000000,1.0000000000
17.2268000000,17226.8000000000,5.0000000000,-5.0000000000,0.0000000000,169.0000000000,0.9756526430,0.0000000000,0.0243473570,0.9738482044,0.0000000000,0.0261517956,0.0261517956,0.0243473570,0.0018044386,1.0000000000,1.0000000000
17.2280000000,17228.0000000000,5.0000000000,-5.0000000000,0.0000000000,169.0000000000,0.9755887147,0.0000000000,0.0244112853,0.9738186404,0.0000000000,0.0261813596,0.0261813596,0.0244112853,0.0017700743,1.0000000000,1.0000000000
17.2292000000,17229.2000000000,5.0000000000,-5.0000000000,0.0000000000,169.0000000000,0.9755233778,0.0000000000,0.0244766222,0.9737864258,0.0000000000,0.0262135742,0.0262135742,0.0244766222,0.0017369521,1.0000000000,1.0000000000
17.2304000000,17230.4000000000,5.0000000000,-5.0000000000,0.0000000000,169.0000000000,0.9754566049,0.0000000000,0.0245433951,0.9737515726,0.0000000000,0.0262484274,0.0262484274,0.0245433951,0.0017050323,1.0000000000,1.0000000000
17.2316000000,17231.6000000000,5.0000000000,-5.0000000000,0.0000000000,169.0000000000,0.9753883677,0.0000000000,0.0246116323,0.9737141166,0.0000000000,0.0262858834,0.0262858834,0.0246116323,0.0016742511,1.0000000000,1.0000000000
17.2328000000,17232.8000000000,5.0000000000,-5.0000000000,0.0000000000,169.0000000000,0.9753186374,0.0000000000,0.0246813626,0.9736741219,0.0000000000,0.0263258781,0.0263258781,0.0246813626,0.0016445155,1.0000000000,1.0000000000
17.2340000000,17234.0000000000,5.0000000000,-5.0000000000,0.0000000000,169.0000000000,0.9752473840,0.0000000000,0.0247526160,0.9736316857,0.0000000000,0.0263683143,0.0263683143,0.0247526160,0.0016156983,1.0000000000,1.0000000000
17.2352000000,17235.2000000000,5.0000000000,-5.0000000000,0.0000000000,169.0000000000,0.9751745771,0.0000000000,0.0248254229,0.9735869435,0.0000000000,0.0264130565,0.0264130565,0.0248254229,0.0015876336,1.0000000000,1.0000000000
17.2364000000,17236.4000000000,5.0000000000,-5.0000000000,0.0000000000,169.0000000000,0.9751001850,0.0000000000,0.0248998150,0.9735400738,0.0000000000,0.0264599262,0.0264599262,0.0248998150,0.0015601112,1.0000000000,1.0000000000
17.2376000000,17237.6000000000,5.0000000000,-5.0000000000,0.0000000000,169.0000000000,0.9750241754,0.0000000000,0.0249758246,0.9734913029,0.0000000000,0.0265086971,0.0265086971,0.0249758246,0.0015328725,1.0000000000,1.0000000000
17.2388000000,17238.8000000000,5.0000000000,-5.0000000000,0.0000000000,169.0000000000,0.9749465150,0.0000000000,0.0250534850,0.9734409084,0.0000000000,0.0265590916,0.0265590916,0.0250534850,0.0015056065,1.0000000000,1.0000000000
17.2400000000,17240.0000000000,5.0000000000,-5.0000000000,0.0000000000,169.0000000000,0.9748671694,0.0000000000,0.0251328306,0.9733892217,0.0000000000,0.0266107783,0.0266107783,0.0251328306,0.0014779477,1.0000000000,1.0000000000
17.2412000000,17241.2000000000,5.0000000000,-5.0000000000,0.0000000000,169.0000000000,0.9747861034,0.0000000000,0.0252138966,0.9733366283,0.0000000000,0.0266633717,0.0266633717,0.0252138966,0.0014494752,1.0000000000,1.0000000000
17.2424000000,17242.4000000000,5.0000000000,-5.0000000000,0.0000000000,169.0000000000,0.9747032808,0.0000000000,0.0252967192,0.9732835661,0.0000000000,0.0267164339,0.0267164339,0.0252967192,0.0014197147,1.0000000000,1.0000000000
17.2436000000,17243.6000000000,5.0000000000,-5.0000000000,0.0000000000,169.0000000000,0.9746186641,0.0000000000,0.0253813359,0.9732305206,0.0000000000,0.0267694794,0.0267694794,0.0253813359,0.0013881435,1.0000000000,1.0000000000
17.2448000000,17244.8000000000,5.0000000000,-5.0000000000,0.0000000000,169.0000000000,0.9745322150,0.0000000000,0.0254677850,0.9731780171,0.0000000000,0.0268219829,0.0268219829,0.0254677850,0.0013541979,1.0000000000,1.0000000000
17.2460000000,17246.0000000000,5.0000000000,-5.0000000000,0.0000000000,169.0000000000,0.9744438938,0.0000000000,0.0255561062,0.9731266083,0.0000000000,0.0268733917,0.0268733917,0.0255561062,0.0013172855,1.0000000000,1.0000000000
17.2472000000,17247.2000000000,5.0000000000,-5.0000000000,0.0000000000,169.0000000000,0.9743536598,0.0000000000,0.0256463402,0.9730768599,0.0000000000,0.0269231401,0.0269231401,0.0256463402,0.0012767999,1.0000000000,1.0000000000
17.2484000000,17248.4000000000,5.0000000000,-5.0000000000,0.0000000000,169.0000000000,0.9742614711,0.0000000000,0.0257385289,0.9730293319,0.0000000000,0.0269706681,0.0269706681,0.0257385289,0.0012321392,1.0000000000,1.0000000000
17.2496000000,17249.6000000000,5.0000000000,-5.0000000000,0.0000000000,169.0000000000,0.9741672844,0.0000000000,0.0258327156,0.9729845580,0.0000000000,0.0270154420,0.0270154420,0.0258327156,0.0011827264,1.0000000000,1.0000000000
17.2508000000,17250.8000000000,5.0000000000,-5.0000000000,0.0000000000,169.0000000000,0.9740710552,0.0000000000,0.0259289448,0.9729430241,0.0000000000,0.0270569759,0.0270569759,0.0259289448,0.0011280311,1.0000000000,1.0000000000
17.2520000000,17252.0000000000,5.0000000000,-5.0000000000,0.0000000000,169.0000000000,0.9739727378,0.0000000000,0.0260272622,0.9729051467,0.0000000000,0.0270948533,0.0270948533,0.0260272622,0.0010675910,1.0000000000,1.0000000000
17.2532000000,17253.2000000000,5.0000000000,-5.0000000000,0.0000000000,169.0000000000,0.9738722848,0.0000000000,0.0261277152,0.9728712538,0.0000000000,0.0271287462,0.0271287462,0.0261277152,0.0010010310,1.0000000000,1.0000000000
17.2544000000,17254.4000000000,5.0000000000,-5.0000000000,0.0000000000,169.0000000000,0.9737696477,0.0000000000,0.0262303523,0.9728415689,0.0000000000,0.0271584311,0.0271584311,0.0262303523,0.0009280788,1.0000000000,1.0000000000
17.2556000000,17255.6000000000,5.0000000000,-5.0000000000,0.0000000000,169.0000000000,0.9736647762,0.0000000000,0.0263352238,0.9728162003,0.0000000000,0.0271837997,0.0271837997,0.0263352238,0.0008485758,1.0000000000,1.0000000000
17.2568000000,17256.8000000000,5.0000000000,-5.0000000000,0.0000000000,169.0000000000,0.9735576186,0.0000000000,0.0264423814,0.9727951367,0.0000000000,0.0272048633,0.0272048633,0.0264423814,0.0007624819,1.0000000000,1.0000000000
17.2580000000,17258.0000000000,5.0000000000,-5.0000000000,0.0000000000,169.0000000000,0.9734481217,0.0000000000,0.0265518783,0.9727782483,0.0000000000,0.0272217517,0.0272217517,0.0265518783,0.0006698734,1.0000000000,1.0000000000
17.2592000000,17259.2000000000,5.0000000000,-5.0000000000,0.0000000000,169.0000000000,0.9733362305,0.0000000000,0.0266637695,0.9727652948,0.0000000000,0.0272347052,0.0272347052,0.0266637695,0.0005709357,1.0000000000,1.0000000000
17.2604000000,17260.4000000000,5.0000000000,-5.0000000000,0.0000000000,169.0000000000,0.9732218883,0.0000000000,0.0267781117,0.9727559382,0.0000000000,0.0272440618,0.0272440618,0.0267781117,0.0004659501,1.0000000000,1.0000000000
17.2616000000,17261.6000000000,5.0000000000,-5.0000000000,0.0000000000,169.0000000000,0.9731050366,0.0000000000,0.0268949634,0.9727497600,0.0000000000,0.0272502400,0.0272502400,0.0268949634,0.0003552767,1.0000000000,1.0000000000
17.2628000000,17262.8000000000,5.0000000000,-5.0000000000,0.0000000000,169.0000000000,0.9729856152,0.0000000000,0.0270143848,0.9727462804,0.0000000000,0.0272537196,0.0272537196,0.0270143848,0.0002393347,1.0000000000,1.0000000000
17.2640000000,17264.0000000000,5.0000000000,-5.0000000000,0.0000000000,169.0000000000,0.9728635617,0.0000000000,0.0271364383,0.9727449792,0.0000000000,0.0272550208,0.0272550208,0.0271364383,0.0001185825,1.0000000000,1.0000000000
17.2652000000,17265.2000000000,5.0000000000,-5.0000000000,0.0000000000,169.0000000000,0.9727388121,0.0000000000,0.0272611879,0.9727453152,0.0000000000,0.0272546848,0.0272546848,0.0272611879,0.0000065031,1.0000000000,1.0000000000
17.2664000000,17266.4000000000,5.0000000000,-5.0000000000,0.0000000000,169.0000000000,0.9726112999,0.0000000000,0.0273887001,0.9727467445,0.0000000000,0.0272532555,0.0272532555,0.0273887001,0.0001354446,1.0000000000,1.0000000000
17.2676000000,17267.6000000000,5.0000000000,-5.0000000000,0.0000000000,169.0000000000,0.9724809567,0.0000000000,0.0275190433,0.9727487363,0.0000000000,0.0272512637,0.0272512637,0.0275190433,0.0002677796,1.0000000000,1.0000000000
17.2688000000,17268.8000000000,5.0000000000,-5.0000000000,0.0000000000,169.0000000000,0.9723477120,0.0000000000,0.0276522880,0.9727507854,0.0000000000,0.0272492146,0.0272492146,0.0276522880,0.0004030735,1.0000000000,1.0000000000
17.2700000000,17270.0000000000,5.0000000000,-5.0000000000,0.0000000000,169.0000000000,0.9722114926,0.0000000000,0.0277885074,0.9727524215,0.0000000000,0.0272475785,0.0272475785,0.0277885074,0.0005409289,1.0000000000,1.0000000000
17.2712000000,17271.2000000000,5.0000000000,-5.0000000000,0.0000000000,169.0000000000,0.9720722232,0.0000000000,0.0279277768,0.9727532154,0.0000000000,0.0272467846,0.0272467846,0.0279277768,0.0006809922,1.0000000000,1.0000000000
17.2724000000,17272.4000000000,5.0000000000,-5.0000000000,0.0000000000,169.0000000000,0.9719298259,0.0000000000,0.0280701741,0.9727527829,0.0000000000,0.0272472171,0.0272472171,0.0280701741,0.0008229570,1.0000000000,1.0000000000
17.2736000000,17273.6000000000,5.0000000000,-5.0000000000,0.0000000000,169.0000000000,0.9717842202,0.0000000000,0.0282157798,0.9727507854,0.0000000000,0.0272492146,0.0272492146,0.0282157798,0.0009665652,1.0000000000,1.0000000000
17.2748000000,17274.8000000000,5.0000000000,-5.0000000000,0.0000000000,169.0000000000,0.9716353229,0.0000000000,0.0283646771,0.9727469298,0.0000000000,0.0272530702,0.0272530702,0.0283646771,0.0011116069,1.0000000000,1.0000000000
17.2760000000,17276.0000000000,5.0000000000,-5.0000000000,0.0000000000,169.0000000000,0.9714830480,0.0000000000,0.0285169520,0.9727409660,0.0000000000,0.0272590340,0.0272590340,0.0285169520,0.0012579180,1.0000000000,1.0000000000
17.2772000000,17277.2000000000,5.0000000000,-5.0000000000,0.0000000000,169.0000000000,0.9713273066,0.0000000000,0.0286726934,0.9727326839,0.0000000000,0.0272673161,0.0272673161,0.0286726934,0.0014053773,1.0000000000,1.0000000000
17.2784000000,17278.4000000000,5.0000000000,-5.0000000000,0.0000000000,169.0000000000,0.9711680067,0.0000000000,0.0288319933,0.9727219099,0.0000000000,0.0272780901,0.0272780901,0.0288319933,0.0015539032,1.0000000000,1.0000000000
17.2796000000,17279.6000000000,5.0000000000,-5.0000000000,0.0000000000,169.0000000000,0.9710050531,0.0000000000,0.0289949469,0.9727085024,0.0000000000,0.0272914976,0.0272914976,0.0289949469,0.0017034493,1.0000000000,1.0000000000
17.2808000000,17280.8000000000,5.0000000000,-5.0000000000,0.0000000000,169.0000000000,0.9708383475,0.0000000000,0.0291616525,0.9726923484,0.0000000000,0.0273076516,0.0273076516,0.0291616525,0.0018540009,1.0000000000,1.0000000000
17.2820000000,17282.0000000000,5.0000000000,-5.0000000000,0.0000000000,169.0000000000,0.9706677878,0.0000000000,0.0293322122,0.9726733589,0.0000000000,0.0273266411,0.0273266411,0.0293322122,0.0020055711,1.0000000000,1.0000000000
17.2832000000,17283.2000000000,5.0000000000,-5.0000000000,0.0000000000,169.0000000000,0.9704932687,0.0000000000,0.0295067313,0.9726514655,0.0000000000,0.0273485345,0.0273485345,0.0295067313,0.0021581968,1.0000000000,1.0000000000
17.2844000000,17284.4000000000,5.0000000000,-5.0000000000,0.0000000000,169.0000000000,0.9703146809,0.0000000000,0.0296853191,0.9726266171,0.0000000000,0.0273733829,0.0273733829,0.0296853191,0.0023119361,1.0000000000,1.0000000000
17.2856000000,17285.6000000000,5.0000000000,-5.0000000000,0.0000000000,169.0000000000,0.9701319114,0.0000000000,0.0298680886,0.9725987761,0.0000000000,0.0274012239,0.0274012239,0.0298680886,0.0024668647,1.0000000000,1.0000000000
17.2868000000,17286.8000000000,5.0000000000,-5.0000000000,0.0000000000,169.0000000000,0.9699448431,0.0000000000,0.0300551569,0.9725679165,0.0000000000,0.0274320835,0.0274320835,0.0300551569,0.0026230734,1.0000000000,1.0000000000
17.2880000000,17288.0000000000,5.0000000000,-5.0000000000,0.0000000000,169.0000000000,0.9697533545,0.0000000000,0.0302466455,0.9725340207,0.0000000000,0.0274659793,0.0274659793,0.0302466455,0.0027806662,1.0000000000,1.0000000000
17.2892000000,17289.2000000000,5.0000000000,-5.0000000000,0.0000000000,169.0000000000,0.9695573199,0.0000000000,0.0304426801,0.9724970779,0.0000000000,0.0275029221,0.0275029221,0.0304426801,0.0029397580,1.0000000000,1.0000000000
17.2904000000,17290.4000000000,5.0000000000,-5.0000000000,0.0000000000,169.0000000000,0.9693566089,0.0000000000,0.0306433911,0.9724570820,0.0000000000,0.0275429180,0.0275429180,0.0306433911,0.0031004731,1.0000000000,1.0000000000
17.2916000000,17291.6000000000,5.0000000000,-5.0000000000,0.0000000000,169.0000000000,0.9691510863,0.0000000000,0.0308489137,0.9724140304,0.0000000000,0.0275859696,0.0275859696,0.0308489137,0.0032629441,1.0000000000,1.0000000000
17.2928000000,17292.8000000000,5.0000000000,-5.0000000000,0.0000000000,169.0000000000,0.9689406120,0.0000000000,0.0310593880,0.9723679222,0.0000000000,0.0276320778,0.0276320778,0.0310593880,0.0034273102,1.0000000000,1.0000000000
17.2940000000,17294.0000000000,5.0000000000,-5.0000000000,0.0000000000,169.0000000000,0.9687250404,0.0000000000,0.0312749596,0.9723187577,0.0000000000,0.0276812423,0.0276812423,0.0312749596,0.0035937173,1.0000000000,1.0000000000
17.2952000000,17295.2000000000,5.0000000000,-5.0000000000,0.0000000000,169.0000000000,0.9685042207,0.0000000000,0.0314957793,0.9722665370,0.0000000000,0.0277334630,0.0277334630,0.0314957793,0.0037623163,1.0000000000,1.0000000000
17.2964000000,17296.4000000000,5.0000000000,-5.0000000000,0.0000000000,169.0000000000,0.9682779961,0.0000000000,0.0317220039,0.9722112597,0.0000000000,0.0277887403,0.0277887403,0.0317220039,0.0039332636,1.0000000000,1.0000000000
17.2976000000,17297.6000000000,5.0000000000,-5.0000000000,0.0000000000,169.0000000000,0.9680462041,0.0000000000,0.0319537959,0.9721529240,0.0000000000,0.0278470760,0.0278470760,0.0319537959,0.0041067199,1.0000000000,1.0000000000
17.2988000000,17298.8000000000,5.0000000000,-5.0000000000,0.0000000000,169.0000000000,0.9678086758,0.0000000000,0.0321913242,0.9720915264,0.0000000000,0.0279084736,0.0279084736,0.0321913242,0.0042828506,1.0000000000,1.0000000000
17.3000000000,17300.0000000000,5.0000000000,-5.0000000000,0.0000000000,169.0000000000,0.9675652356,0.0000000000,0.0324347644,0.9720270611,0.0000000000,0.0279729389,0.0279729389,0.0324347644,0.0044618255,1.0000000000,1.0000000000
17.3012000000,17301.2000000000,5.0000000000,-5.0000000000,0.0000000000,169.0000000000,0.9673157014,0.0000000000,0.0326842986,0.9719595200,0.0000000000,0.0280404800,0.0280404800,0.0326842986,0.0046438186,1.0000000000,1.0000000000
17.3024000000,17302.4000000000,5.0000000000,-5.0000000000,0.0000000000,169.0000000000,0.9670598837,0.0000000000,0.0329401163,0.9718888922,0.0000000000,0.0281111078,0.0281111078,0.0329401163,0.0048290085,1.0000000000,1.0000000000
17.3036000000,17303.6000000000,5.0000000000,-5.0000000000,0.0000000000,169.0000000000,0.9667975854,0.0000000000,0.0332024146,0.9718151638,0.0000000000,0.0281848362,0.0281848362,0.0332024146,0.0050175784,1.0000000000,1.0000000000
17.3048000000,17304.8000000000,5.0000000000,-5.0000000000,0.0000000000,169.0000000000,0.9665286017,0.0000000000,0.0334713983,0.9717383180,0.0000000000,0.0282616820,0.0282616820,0.0334713983,0.0052097163,1.0000000000,1.0000000000
17.3060000000,17306.0000000000,5.0000000000,-5.0000000000,0.0000000000,169.0000000000,0.9662527194,0.0000000000,0.0337472806,0.9716583347,0.0000000000,0.0283416653,0.0283416653,0.0337472806,0.0054056152,1.0000000000,1.0000000000
17.3072000000,17307.2000000000,5.0000000000,-5.0000000000,0.0000000000,169.0000000000,0.9659697169,0.0000000000,0.0340302831,0.9715751905,0.0000000000,0.0284248095,0.0284248095,0.0340302831,0.0056054735,1.0000000000,1.0000000000
17.3084000000,17308.4000000000,5.0000000000,-5.0000000000,0.0000000000,169.0000000000,0.9656793633,0.0000000000,0.0343206367,0.9714888587,0.0000000000,0.0285111413,0.0285111413,0.0343206367,0.0058094953,1.0000000000,1.0000000000
17.3096000000,17309.6000000000,5.0000000000,-5.0000000000,0.0000000000,169.0000000000,0.9653814183,0.0000000000,0.0346185817,0.9713993091,0.0000000000,0.0286006909,0.0286006909,0.0346185817,0.0060178908,1.0000000000,1.0000000000
17.3108000000,17310.8000000000,5.0000000000,-5.0000000000,0.0000000000,169.0000000000,0.9650756314,0.0000000000,0.0349243686,0.9713065082,0.0000000000,0.0286934918,0.0286934918,0.0349243686,0.0062308767,1.0000000000,1.0000000000
17.3120000000,17312.0000000000,5.0000000000,-5.0000000000,0.0000000000,169.0000000000,0.9647617419,0.0000000000,0.0352382581,0.9712104187,0.0000000000,0.0287895813,0.0287895813,0.0352382581,0.0064486768,1.0000000000,1.0000000000
17.3132000000,17313.2000000000,5.0000000000,-5.0000000000,0.0000000000,169.0000000000,0.9644394780,0.0000000000,0.0355605220,0.9711110001,0.0000000000,0.0288889999,0.0288889999,0.0355605220,0.0066715221,1.0000000000,1.0000000000
17.3144000000,17314.4000000000,5.0000000000,-5.0000000000,0.0000000000,169.0000000000,0.9641085562,0.0000000000,0.0358914438,0.9710082080,0.0000000000,0.0289917920,0.0289917920,0.0358914438,0.0068996518,1.0000000000,1.0000000000
17.3156000000,17315.6000000000,5.0000000000,-5.0000000000,0.0000000000,169.0000000000,0.9637686809,0.0000000000,0.0362313191,0.9709019945,0.0000000000,0.0290980055,0.0290980055,0.0362313191,0.0071333136,1.0000000000,1.0000000000
17.3168000000,17316.8000000000,5.0000000000,-5.0000000000,0.0000000000,169.0000000000,0.9634195437,0.0000000000,0.0365804563,0.9707923080,0.0000000000,0.0292076920,0.0292076920,0.0365804563,0.0073727643,1.0000000000,1.0000000000
17.3180000000,17318.0000000000,5.0000000000,-5.0000000000,0.0000000000,169.0000000000,0.9630608229,0.0000000000,0.0369391771,0.9706790932,0.0000000000,0.0293209068,0.0293209068,0.0369391771,0.0076182704,1.0000000000,1.0000000000
17.3192000000,17319.2000000000,5.0000000000,-5.0000000000,0.0000000000,169.0000000000,0.9626921823,0.0000000000,0.0373078177,0.9705622912,0.0000000000,0.0294377088,0.0294377088,0.0373078177,0.0078701088,1.0000000000,1.0000000000
17.3204000000,17320.4000000000,5.0000000000,-5.0000000000,0.0000000000,169.0000000000,0.9623132712,0.0000000000,0.0376867288,0.9704418389,0.0000000000,0.0295581611,0.0295581611,0.0376867288,0.0081285677,1.0000000000,1.0000000000
17.3216000000,17321.6000000000,5.0000000000,-5.0000000000,0.0000000000,169.0000000000,0.9619237228,0.0000000000,0.0380762772,0.9703176697,0.0000000000,0.0296823303,0.0296823303,0.0380762772,0.0083939469,1.0000000000,1.0000000000
17.3228000000,17322.8000000000,5.0000000000,-5.0000000000,0.0000000000,169.0000000000,0.9615231539,0.0000000000,0.0384768461,0.9701897128,0.0000000000,0.0298102872,0.0298102872,0.0384768461,0.0086665589,1.0000000000,1.0000000000
17.3240000000,17324.0000000000,5.0000000000,-5.0000000000,0.0000000000,169.0000000000,0.9611111639,0.0000000000,0.0388888361,0.9700578935,0.0000000000,0.0299421065,0.0299421065,0.0388888361,0.0089467296,1.0000000000,1.0000000000
17.3252000000,17325.2000000000,5.0000000000,-5.0000000000,0.0000000000,169.0000000000,0.9606873338,0.0000000000,0.0393126662,0.9699221332,0.0000000000,0.0300778668,0.0300778668,0.0393126662,0.0092347994,1.0000000000,1.0000000000
17.3264000000,17326.4000000000,5.0000000000,-5.0000000000,0.0000000000,169.0000000000,0.9602512250,0.0000000000,0.0397487750,0.9697823486,0.0000000000,0.0302176514,0.0302176514,0.0397487750,0.0095311236,1.0000000000,1.0000000000
17.3276000000,17327.6000000000,5.0000000000,-5.0000000000,0.0000000000,169.0000000000,0.9598023787,0.0000000000,0.0401976213,0.9696384526,0.0000000000,0.0303615474,0.0303615474,0.0401976213,0.0098360740,1.0000000000,1.0000000000
17.3288000000,17328.8000000000,5.0000000000,-5.0000000000,0.0000000000,169.0000000000,0.9593403140,0.0000000000,0.0406596860,0.9694903535,0.0000000000,0.0305096465,0.0305096465,0.0406596860,0.0101500395,1.0000000000,1.0000000000
17.3300000000,17330.0000000000,5.0000000000,-5.0000000000,0.0000000000,169.0000000000,0.9588645274,0.0000000000,0.0411354726,0.9693379551,0.0000000000,0.0306620449,0.0306620449,0.0411354726,0.0104734276,1.0000000000,1.0000000000
17.3312000000,17331.2000000000,5.0000000000,-5.0000000000,0.0000000000,169.0000000000,0.9583744913,0.0000000000,0.0416255087,0.9691811565,0.0000000000,0.0308188435,0.0308188435,0.0416255087,0.0108066651,1.0000000000,1.0000000000
17.3324000000,17332.4000000000,5.0000000000,-5.0000000000,0.0000000000,169.0000000000,0.9578696523,0.0000000000,0.0421303477,0.9690198521,0.0000000000,0.0309801479,0.0309801479,0.0421303477,0.0111501997,1.0000000000,1.0000000000
17.3336000000,17333.6000000000,5.0000000000,-5.0000000000,0.0000000000,169.0000000000,0.9573494300,0.0000000000,0.0426505700,0.9688539313,0.0000000000,0.0311460687,0.0311460687,0.0426505700,0.0115045013,1.0000000000,1.0000000000
17.3348000000,17334.8000000000,5.0000000000,-5.0000000000,0.0000000000,169.0000000000,0.9568132151,0.0000000000,0.0431867849,0.9686832785,0.0000000000,0.0313167215,0.0313167215,0.0431867849,0.0118700634,1.0000000000,1.0000000000
17.3360000000,17336.0000000000,5.0000000000,-5.0000000000,0.0000000000,169.0000000000,0.9562603684,0.0000000000,0.0437396316,0.9685077727,0.0000000000,0.0314922273,0.0314922273,0.0437396316,0.0122474043,1.0000000000,1.0000000000
17.3372000000,17337.2000000000,5.0000000000,-5.0000000000,0.0000000000,169.0000000000,0.9556902180,0.0000000000,0.0443097820,0.9683272876,0.0000000000,0.0316727124,0.0316727124,0.0443097820,0.0126370695,1.0000000000,1.0000000000
17.3384000000,17338.4000000000,5.0000000000,-5.0000000000,0.0000000000,169.0000000000,0.9551020582,0.0000000000,0.0448979418,0.9681416910,0.0000000000,0.0318583090,0.0318583090,0.0448979418,0.0130396327,1.0000000000,1.0000000000
17.3396000000,17339.6000000000,5.0000000000,-5.0000000000,0.0000000000,169.0000000000,0.9544951470,0.0000000000,0.0455048530,0.9679508450,0.0000000000,0.0320491550,0.0320491550,0.0455048530,0.0134556980,1.0000000000,1.0000000000
17.3408000000,17340.8000000000,5.0000000000,-5.0000000000,0.0000000000,169.0000000000,0.9538687037,0.0000000000,0.0461312963,0.9677546056,0.0000000000,0.0322453944,0.0322453944,0.0461312963,0.0138859019,1.0000000000,1.0000000000
17.3420000000,17342.0000000000,5.0000000000,-5.0000000000,0.0000000000,169.0000000000,0.9532219071,0.0000000000,0.0467780929,0.9675528223,0.0000000000,0.0324471777,0.0324471777,0.0467780929,0.0143309152,1.0000000000,1.0000000000
17.3432000000,17343.2000000000,5.0000000000,-5.0000000000,0.0000000000,169.0000000000,0.9525538924,0.0000000000,0.0474461076,0.9673453383,0.0000000000,0.0326546617,0.0326546617,0.0474461076,0.0147914458,1.0000000000,1.0000000000
17.3444000000,17344.4000000000,5.0000000000,-5.0000000000,0.0000000000,169.0000000000,0.9518637487,0.0000000000,0.0481362513,0.9671319895,0.0000000000,0.0328680105,0.0328680105,0.0481362513,0.0152682408,1.0000000000,1.0000000000
17.3456000000,17345.6000000000,5.0000000000,-5.0000000000,0.0000000000,169.0000000000,0.9511505159,0.0000000000,0.0488494841,0.9669126049,0.0000000000,0.0330873951,0.0330873951,0.0488494841,0.0157620889,1.0000000000,1.0000000000
17.3468000000,17346.8000000000,5.0000000000,-5.0000000000,0.0000000000,169.0000000000,0.9504131818,0.0000000000,0.0495868182,0.9666870059,0.0000000000,0.0333129941,0.0333129941,0.0495868182,0.0162738241,1.0000000000,1.0000000000
17.3480000000,17348.0000000000,5.0000000000,-5.0000000000,0.0000000000,169.0000000000,0.9496506783,0.0000000000,0.0503493217,0.9664550061,0.0000000000,0.0335449939,0.0335449939,0.0503493217,0.0168043279,1.0000000000,1.0000000000
17.3492000000,17349.2000000000,5.0000000000,-5.0000000000,0.0000000000,169.0000000000,0.9488618779,0.0000000000,0.0511381221,0.9662164110,0.0000000000,0.0337835890,0.0337835890,0.0511381221,0.0173545331,1.0000000000,1.0000000000
17.3504000000,17350.4000000000,5.0000000000,-5.0000000000,0.0000000000,169.0000000000,0.9480455900,0.0000000000,0.0519544100,0.9659710173,0.0000000000,0.0340289827,0.0340289827,0.0519544100,0.0179254273,1.0000000000,1.0000000000
17.3516000000,17351.6000000000,5.0000000000,-5.0000000000,0.0000000000,169.0000000000,0.9472005563,0.0000000000,0.0527994437,0.9657186130,0.0000000000,0.0342813870,0.0342813870,0.0527994437,0.0185180567,1.0000000000,1.0000000000
17.3528000000,17352.8000000000,5.0000000000,-5.0000000000,0.0000000000,169.0000000000,0.9463254463,0.0000000000,0.0536745537,0.9654589766,0.0000000000,0.0345410234,0.0345410234,0.0536745537,0.0191335303,1.0000000000,1.0000000000
17.3540000000,17354.0000000000,5.0000000000,-5.0000000000,0.0000000000,169.0000000000,0.9454188524,0.0000000000,0.0545811476,0.9651918767,0.0000000000,0.0348081233,0.0348081233,0.0545811476,0.0197730243,1.0000000000,1.0000000000
17.3552000000,17355.2000000000,5.0000000000,-5.0000000000,0.0000000000,169.0000000000,0.9444792845,0.0000000000,0.0555207155,0.9649170717,0.0000000000,0.0350829283,0.0350829283,0.0555207155,0.0204377872,1.0000000000,1.0000000000
17.3564000000,17356.4000000000,5.0000000000,-5.0000000000,0.0000000000,169.0000000000,0.9435051643,0.0000000000,0.0564948357,0.9646343090,0.0000000000,0.0353656910,0.0353656910,0.0564948357,0.0211291448,1.0000000000,1.0000000000
17.3576000000,17357.6000000000,5.0000000000,-5.0000000000,0.0000000000,169.0000000000,0.9424948189,0.0000000000,0.0575051811,0.9643433249,0.0000000000,0.0356566751,0.0356566751,0.0575051811,0.0218485060,1.0000000000,1.0000000000
17.3588000000,17358.8000000000,5.0000000000,-5.0000000000,0.0000000000,169.0000000000,0.9414464744,0.0000000000,0.0585535256,0.9640438434,0.0000000000,0.0359561566,0.0359561566,0.0585535256,0.0225973691,1.0000000000,1.0000000000
17.3600000000,17360.0000000000,5.0000000000,-5.0000000000,0.0000000000,169.0000000000,0.9403582480,0.0000000000,0.0596417520,0.9637355763,0.0000000000,0.0362644237,0.0362644237,0.0596417520,0.0233773283,1.0000000000,1.0000000000
17.3612000000,17361.2000000000,5.0000000000,-5.0000000000,0.0000000000,169.0000000000,0.9392281406,0.0000000000,0.0607718594,0.9634182218,0.0000000000,0.0365817782,0.0365817782,0.0607718594,0.0241900812,1.0000000000,1.0000000000
17.3624000000,17362.4000000000,5.0000000000,-5.0000000000,0.0000000000,169.0000000000,0.9380540281,0.0000000000,0.0619459719,0.9630914646,0.0000000000,0.0369085354,0.0369085354,0.0619459719,0.0250374365,1.0000000000,1.0000000000
17.3636000000,17363.6000000000,5.0000000000,-5.0000000000,0.0000000000,169.0000000000,0.9368336517,0.0000000000,0.0631663483,0.9627549744,0.0000000000,0.0372450256,0.0372450256,0.0631663483,0.0259213227,1.0000000000,1.0000000000
17.3648000000,17364.8000000000,5.0000000000,-5.0000000000,0.0000000000,169.0000000000,0.9355646082,0.0000000000,0.0644353918,0.9624084056,0.0000000000,0.0375915944,0.0375915944,0.0644353918,0.0268437974,1.0000000000,1.0000000000
17.3660000000,17366.0000000000,5.0000000000,-5.0000000000,0.0000000000,169.0000000000,0.9342443389,0.0000000000,0.0657556611,0.9620513964,0.0000000000,0.0379486036,0.0379486036,0.0657556611,0.0278070575,1.0000000000,1.0000000000
17.3672000000,17367.2000000000,5.0000000000,-5.0000000000,0.0000000000,169.0000000000,0.9328701174,0.0000000000,0.0671298826,0.9616835677,0.0000000000,0.0383164323,0.0383164323,0.0671298826,0.0288134503,1.0000000000,1.0000000000
17.3684000000,17368.4000000000,5.0000000000,-5.0000000000,0.0000000000,169.0000000000,0.9314390367,0.0000000000,0.0685609633,0.9613045223,0.0000000000,0.0386954777,0.0386954777,0.0685609633,0.0298654856,1.0000000000,1.0000000000
17.3696000000,17369.6000000000,5.0000000000,-5.0000000000,0.0000000000,169.0000000000,0.9299479951,0.0000000000,0.0700520049,0.9609138440,0.0000000000,0.0390861560,0.0390861560,0.0700520049,0.0309658489,1.0000000000,1.0000000000
17.3708000000,17370.8000000000,5.0000000000,-5.0000000000,0.0000000000,169.0000000000,0.9283936805,0.0000000000,0.0716063195,0.9605110962,0.0000000000,0.0394889038,0.0394889038,0.0716063195,0.0321174157,1.0000000000,1.0000000000
17.3720000000,17372.0000000000,5.0000000000,-5.0000000000,0.0000000000,169.0000000000,0.9267725535,0.0000000000,0.0732274465,0.9600958209,0.0000000000,0.0399041791,0.0399041791,0.0732274465,0.0333232674,1.0000000000,1.0000000000
17.3732000000,17373.2000000000,5.0000000000,-5.0000000000,0.0000000000,169.0000000000,0.9250808291,0.0000000000,0.0749191709,0.9596675378,0.0000000000,0.0403324622,0.0403324622,0.0749191709,0.0345867087,1.0000000000,1.0000000000
17.3744000000,17374.4000000000,5.0000000000,-5.0000000000,0.0000000000,169.0000000000,0.9233144563,0.0000000000,0.0766855437,0.9592257423,0.0000000000,0.0407742577,0.0407742577,0.0766855437,0.0359112860,1.0000000000,1.0000000000
17.3756000000,17375.6000000000,5.0000000000,-5.0000000000,0.0000000000,169.0000000000,0.9214690962,0.0000000000,0.0785309038,0.9587699045,0.0000000000,0.0412300955,0.0412300955,0.0785309038,0.0373008083,1.0000000000,1.0000000000
17.3768000000,17376.8000000000,5.0000000000,-5.0000000000,0.0000000000,169.0000000000,0.9195400977,0.0000000000,0.0804599023,0.9582994680,0.0000000000,0.0417005320,0.0417005320,0.0804599023,0.0387593703,1.0000000000,1.0000000000
17.3780000000,17378.0000000000,5.0000000000,-5.0000000000,0.0000000000,169.0000000000,0.9175224710,0.0000000000,0.0824775290,0.9578138475,0.0000000000,0.0421861525,0.0421861525,0.0824775290,0.0402913765,1.0000000000,1.0000000000
17.3792000000,17379.2000000000,5.0000000000,-5.0000000000,0.0000000000,169.0000000000,0.9154108585,0.0000000000,0.0845891415,0.9573124277,0.0000000000,0.0426875723,0.0426875723,0.0845891415,0.0419015692,1.0000000000,1.0000000000
17.3804000000,17380.4000000000,5.0000000000,-5.0000000000,0.0000000000,169.0000000000,0.9131995031,0.0000000000,0.0868004969,0.9567945612,0.0000000000,0.0432054388,0.0432054388,0.0868004969,0.0435950581,1.0000000000,1.0000000000
17.3816000000,17381.6000000000,5.0000000000,-5.0000000000,0.0000000000,169.0000000000,0.9108822130,0.0000000000,0.0891177870,0.9562595666,0.0000000000,0.0437404334,0.0437404334,0.0891177870,0.0453773537,1.0000000000,1.0000000000
17.3828000000,17382.8000000000,5.0000000000,-5.0000000000,0.0000000000,169.0000000000,0.9084523232,0.0000000000,0.0915476768,0.9557067263,0.0000000000,0.0442932737,0.0442932737,0.0915476768,0.0472544030,1.0000000000,1.0000000000
17.3840000000,17384.0000000000,5.0000000000,-5.0000000000,0.0000000000,169.0000000000,0.9059026536,0.0000000000,0.0940973464,0.9551352841,0.0000000000,0.0448647159,0.0448647159,0.0940973464,0.0492326305,1.0000000000,1.0000000000
17.3852000000,17385.2000000000,5.0000000000,-5.0000000000,0.0000000000,169.0000000000,0.9032254617,0.0000000000,0.0967745383,0.9545444430,0.0000000000,0.0454555570,0.0454555570,0.0967745383,0.0513189814,1.0000000000,1.0000000000
17.3864000000,17386.4000000000,5.0000000000,-5.0000000000,0.0000000000,169.0000000000,0.9004123920,0.0000000000,0.0995876080,0.9539333625,0.0000000000,0.0460666375,0.0460666375,0.0995876080,0.0535209705,1.0000000000,1.0000000000
17.3876000000,17387.6000000000,5.0000000000,-5.0000000000,0.0000000000,169.0000000000,0.8974544193,0.0000000000,0.1025455807,0.9533011555,0.0000000000,0.0466988445,0.0466988445,0.1025455807,0.0558467362,1.0000000000,1.0000000000
17.3888000000,17388.8000000000,5.0000000000,-5.0000000000,0.0000000000,169.0000000000,0.8943417863,0.0000000000,0.1056582137,0.9526468855,0.0000000000,0.0473531145,0.0473531145,0.1056582137,0.0583050992,1.0000000000,1.0000000000
17.3900000000,17390.0000000000,5.0000000000,-5.0000000000,0.0000000000,169.0000000000,0.8910639351,0.0000000000,0.1089360649,0.9519695632,0.0000000000,0.0480304368,0.0480304368,0.1089360649,0.0609056281,1.0000000000,1.0000000000
17.3912000000,17391.2000000000,5.0000000000,-5.0000000000,0.0000000000,169.0000000000,0.8876094315,0.0000000000,0.1123905685,0.9512681429,0.0000000000,0.0487318571,0.0487318571,0.1123905685,0.0636587114,1.0000000000,1.0000000000
17.3924000000,17392.4000000000,5.0000000000,-5.0000000000,0.0000000000,169.0000000000,0.8839658813,0.0000000000,0.1160341187,0.9505415188,0.0000000000,0.0494584812,0.0494584812,0.1160341187,0.0665756374,1.0000000000,1.0000000000
17.3936000000,17393.6000000000,5.0000000000,-5.0000000000,0.0000000000,169.0000000000,0.8801198385,0.0000000000,0.1198801615,0.9497885207,0.0000000000,0.0502114793,0.0502114793,0.1198801615,0.0696686822,1.0000000000,1.0000000000
17.3948000000,17394.8000000000,5.0000000000,-5.0000000000,0.0000000000,169.0000000000,0.8760567032,0.0000000000,0.1239432968,0.9490079098,0.0000000000,0.0509920902,0.0509920902,0.1239432968,0.0729512066,1.0000000000,1.0000000000
17.3960000000,17396.0000000000,5.0000000000,-5.0000000000,0.0000000000,169.0000000000,0.8717606095,0.0000000000,0.1282393905,0.9481983733,0.0000000000,0.0518016267,0.0518016267,0.1282393905,0.0764377638,1.0000000000,1.0000000000
17.3972000000,17397.2000000000,5.0000000000,-5.0000000000,0.0000000000,169.0000000000,0.8672143021,0.0000000000,0.1327856979,0.9473585200,0.0000000000,0.0526414800,0.0526414800,0.1327856979,0.0801442180,1.0000000000,1.0000000000
17.3984000000,17398.4000000000,5.0000000000,-5.0000000000,0.0000000000,169.0000000000,0.8623989996,0.0000000000,0.1376010004,0.9464868738,0.0000000000,0.0535131262,0.0535131262,0.1376010004,0.0840878742,1.0000000000,1.0000000000
17.3996000000,17399.6000000000,5.0000000000,-5.0000000000,0.0000000000,169.0000000000,0.8572942451,0.0000000000,0.1427057549,0.9455818681,0.0000000000,0.0544181319,0.0544181319,0.1427057549,0.0882876230,1.0000000000,1.0000000000
17.4008000000,17400.8000000000,5.0000000000,-5.0000000000,0.0000000000,169.0000000000,0.8518777408,0.0000000000,0.1481222592,0.9446418390,0.0000000000,0.0553581610,0.0553581610,0.1481222592,0.0927640982,1.0000000000,1.0000000000
17.4020000000,17402.0000000000,5.0000000000,-5.0000000000,0.0000000000,169.0000000000,0.8461251677,0.0000000000,0.1538748323,0.9436650179,0.0000000000,0.0563349821,0.0563349821,0.1538748323,0.0975398502,1.0000000000,1.0000000000
17.4032000000,17403.2000000000,5.0000000000,-5.0000000000,0.0000000000,169.0000000000,0.8400099875,0.0000000000,0.1599900125,0.9426495241,0.0000000000,0.0573504759,0.0573504759,0.1599900125,0.1026395365,1.0000000000,1.0000000000
17.4044000000,17404.4000000000,5.0000000000,-5.0000000000,0.0000000000,169.0000000000,0.8335032272,0.0000000000,0.1664967728,0.9415933557,0.0000000000,0.0584066443,0.0584066443,0.1664967728,0.1080901285,1.0000000000,1.0000000000
17.4056000000,17405.6000000000,5.0000000000,-5.0000000000,0.0000000000,169.0000000000,0.8265732443,0.0000000000,0.1734267557,0.9404943808,0.0000000000,0.0595056192,0.0595056192,0.1734267557,0.1139211365,1.0000000000,1.0000000000
17.4068000000,17406.8000000000,5.0000000000,-5.0000000000,0.0000000000,169.0000000000,0.8191854744,0.0000000000,0.1808145256,0.9393503272,0.0000000000,0.0606496728,0.0606496728,0.1808145256,0.1201648528,1.0000000000,1.0000000000
17.4080000000,17408.0000000000,5.0000000000,-5.0000000000,0.0000000000,169.0000000000,0.8113021594,0.0000000000,0.1886978406,0.9381587713,0.0000000000,0.0618412287,0.0618412287,0.1886978406,0.1268566119,1.0000000000,1.0000000000
17.4092000000,17409.2000000000,5.0000000000,-5.0000000000,0.0000000000,169.0000000000,0.8028820593,0.0000000000,0.1971179407,0.9369171264,0.0000000000,0.0630828736,0.0630828736,0.1971179407,0.1340350671,1.0000000000,1.0000000000
17.4104000000,17410.4000000000,5.0000000000,-5.0000000000,0.0000000000,169.0000000000,0.7938801491,0.0000000000,0.2061198509,0.9356226293,0.0000000000,0.0643773707,0.0643773707,0.2061198509,0.1417424802,1.0000000000,1.0000000000
17.4116000000,17411.6000000000,5.0000000000,-5.0000000000,0.0000000000,169.0000000000,0.7842473062,0.0000000000,0.2157526938,0.9342723259,0.0000000000,0.0657276741,0.0657276741,0.2157526938,0.1500250197,1.0000000000,1.0000000000
17.4128000000,17412.8000000000,5.0000000000,-5.0000000000,0.0000000000,169.0000000000,0.7739299951,0.0000000000,0.2260700049,0.9328630562,0.0000000000,0.0671369438,0.0671369438,0.2260700049,0.1589330611,1.0000000000,1.0000000000
17.4140000000,17414.0000000000,5.0000000000,-5.0000000000,0.0000000000,169.0000000000,0.7628699587,0.0000000000,0.2371300413,0.9313914363,0.0000000000,0.0686085637,0.0686085637,0.2371300413,0.1685214776,1.0000000000,1.0000000000
17.4152000000,17415.2000000000,5.0000000000,-5.0000000000,0.0000000000,169.0000000000,0.7510039339,0.0000000000,0.2489960661,0.9298538401,0.0000000000,0.0701461599,0.0701461599,0.2489960661,0.1788499062,1.0000000000,1.0000000000
17.4164000000,17416.4000000000,5.0000000000,-5.0000000000,0.0000000000,169.0000000000,0.7382634104,0.0000000000,0.2617365896,0.9282463789,0.0000000000,0.0717536211,0.0717536211,0.2617365896,0.1899829685,1.0000000000,1.0000000000
17.4176000000,17417.6000000000,5.0000000000,-5.0000000000,0.0000000000,169.0000000000,0.7245744645,0.0000000000,0.2754255355,0.9265648783,0.0000000000,0.0734351217,0.0734351217,0.2754255355,0.2019904138,1.0000000000,1.0000000000
17.4188000000,17418.8000000000,5.0000000000,-5.0000000000,0.0000000000,169.0000000000,0.7098577080,0.0000000000,0.2901422920,0.9248048539,0.0000000000,0.0751951461,0.0751951461,0.2901422920,0.2149471459,1.0000000000,1.0000000000
17.4200000000,17420.0000000000,5.0000000000,-5.0000000000,0.0000000000,169.0000000000,0.6940284074,0.0000000000,0.3059715926,0.9229614837,0.0000000000,0.0770385163,0.0770385163,0.3059715926,0.2289330762,1.0000000000,1.0000000000
17.4212000000,17421.2000000000,5.0000000000,-5.0000000000,0.0000000000,169.0000000000,0.6769968478,0.0000000000,0.3230031522,0.9210295782,0.0000000000,0.0789704218,0.0789704218,0.3230031522,0.2440327304,1.0000000000,1.0000000000
17.4224000000,17422.4000000000,5.0000000000,-5.0000000000,0.0000000000,169.0000000000,0.6586690367,0.0000000000,0.3413309633,0.9190035475,0.0000000000,0.0809964525,0.0809964525,0.3413309633,0.2603345108,1.0000000000,1.0000000000
17.4236000000,17423.6000000000,5.0000000000,-5.0000000000,0.0000000000,169.0000000000,0.6389478745,0.0000000000,0.3610521255,0.9168773648,0.0000000000,0.0831226352,0.0831226352,0.3610521255,0.2779294903,1.0000000000,1.0000000000
17.4248000000,17424.8000000000,5.0000000000,-5.0000000000,0.0000000000,169.0000000000,0.6177349507,0.0000000000,0.3822650493,0.9146445262,0.0000000000,0.0853554738,0.0853554738,0.3822650493,0.2969095755,1.0000000000,1.0000000000
17.4260000000,17426.0000000000,5.0000000000,-5.0000000000,0.0000000000,169.0000000000,0.5949331640,0.0000000000,0.4050668360,0.9122980067,0.0000000000,0.0877019933,0.0877019933,0.4050668360,0.3173648427,1.0000000000,1.0000000000
17.4272000000,17427.2000000000,5.0000000000,-5.0000000000,0.0000000000,169.0000000000,0.5704504103,0.0000000000,0.4295495897,0.9098302106,0.0000000000,0.0901697894,0.0901697894,0.4295495897,0.3393798003,1.0000000000,1.0000000000
17.4284000000,17428.4000000000,5.0000000000,-5.0000000000,0.0000000000,169.0000000000,0.5442046240,0.0000000000,0.4557953760,0.9072329183,0.0000000000,0.0927670817,0.0927670817,0.4557953760,0.3630282943,1.0000000000,1.0000000000
17.4296000000,17429.6000000000,5.0000000000,-5.0000000000,0.0000000000,169.0000000000,0.5161304918,0.0000000000,0.4838695082,0.9044972256,0.0000000000,0.0955027744,0.0955027744,0.4838695082,0.3883667338,1.0000000000,1.0000000000
17.4308000000,17430.8000000000,5.0000000000,-5.0000000000,0.0000000000,169.0000000000,0.4861881767,0.0000000000,0.5138118233,0.9016134781,0.0000000000,0.0983865219,0.0983865219,0.5138118233,0.4154253014,1.0000000000,1.0000000000
17.4320000000,17432.0000000000,5.0000000000,-5.0000000000,0.0000000000,169.0000000000,0.4543743590,0.0000000000,0.5456256410,0.8985711976,0.0000000000,0.1014288024,0.1014288024,0.5456256410,0.4441968386,1.0000000000,1.0000000000
17.4332000000,17433.2000000000,5.0000000000,-5.0000000000,0.0000000000,169.0000000000,0.4207358087,0.0000000000,0.5792641913,0.8953590010,0.0000000000,0.1046409990,0.1046409990,0.5792641913,0.4746231923,1.0000000000,1.0000000000
17.4344000000,17434.4000000000,5.0000000000,-5.0000000000,0.0000000000,169.0000000000,0.3853854951,0.0000000000,0.6146145049,0.8919645101,0.0000000000,0.1080354899,0.1080354899,0.6146145049,0.5065790151,1.0000000000,1.0000000000
17.4356000000,17435.6000000000,5.0000000000,-5.0000000000,0.0000000000,169.0000000000,0.3485208805,0.0000000000,0.6514791195,0.8883742522,0.0000000000,0.1116257478,0.1116257478,0.6514791195,0.5398533717,1.0000000000,1.0000000000
17.4368000000,17436.8000000000,5.0000000000,-5.0000000000,0.0000000000,169.0000000000,0.3104434868,0.0000000000,0.6895565132,0.8845735492,0.0000000000,0.1154264508,0.1154264508,0.6895565132,0.5741300624,1.0000000000,1.0000000000
17.4380000000,17438.0000000000,5.0000000000,-5.0000000000,0.0000000000,169.0000000000,0.2715780382,0.0000000000,0.7284219618,0.8805463956,0.0000000000,0.1194536044,0.1194536044,0.7284219618,0.6089683573,1.0000000000,1.0000000000
17.4392000000,17439.2000000000,5.0000000000,-5.0000000000,0.0000000000,169.0000000000,0.2324885149,0.0000000000,0.7675114851,0.8762753223,0.0000000000,0.1237246777,0.1237246777,0.7675114851,0.6437868074,1.0000000000,1.0000000000
17.4404000000,17440.4000000000,5.0000000000,-5.0000000000,0.0000000000,169.0000000000,0.1938874052,0.0000000000,0.8061125948,0.8717412473,0.0000000000,0.1282587527,0.1282587527,0.8061125948,0.6778538421,1.0000000000,1.0000000000
17.4416000000,17441.6000000000,5.0000000000,-5.0000000000,0.0000000000,169.0000000000,0.1566335961,0.0000000000,0.8433664039,0.8669233091,0.0000000000,0.1330766909,0.1330766909,0.8433664039,0.7102897130,1.0000000000,1.0000000000
17.4428000000,17442.8000000000,5.0000000000,-5.0000000000,0.0000000000,169.0000000000,0.1217141001,0.0000000000,0.8782858999,0.8617986842,0.0000000000,0.1382013158,0.1382013158,0.8782858999,0.7400845841,1.0000000000,1.0000000000
17.4440000000,17444.0000000000,5.0000000000,-5.0000000000,0.0000000000,169.0000000000,0.0902056804,0.0000000000,0.9097943196,0.8563423849,0.0000000000,0.1436576151,0.1436576151,0.9097943196,0.7661367045,1.0000000000,1.0000000000
17.4452000000,17445.2000000000,5.0000000000,-5.0000000000,0.0000000000,169.0000000000,0.0632148515,0.0000000000,0.9367851485,0.8505270384,0.0000000000,0.1494729616,0.1494729616,0.9367851485,0.7873121869,1.0000000000,1.0000000000
17.4464000000,17446.4000000000,5.0000000000,-5.0000000000,0.0000000000,169.0000000000,0.0417987548,0.0000000000,0.9582012452,0.8443226438,0.0000000000,0.1556773562,0.1556773562,0.9582012452,0.8025238890,1.0000000000,1.0000000000
17.4476000000,17447.6000000000,5.0000000000,-5.0000000000,0.0000000000,169.0000000000,0.0268744858,0.0000000000,0.9731255142,0.8376963088,0.0000000000,0.1623036912,0.1623036912,0.9731255142,0.8108218230,1.0000000000,1.0000000000
17.4488000000,17448.8000000000,5.0000000000,-5.0000000000,0.0000000000,169.0000000000,0.0191292306,0.0000000000,0.9808707694,0.8306119633,0.0000000000,0.1693880367,0.1693880367,0.9808707694,0.8114827326,1.0000000000,1.0000000000
17.4500000000,17450.0000000000,5.0000000000,-5.0000000000,0.0000000000,169.0000000000,0.0189462602,0.0000000000,0.9810537398,0.8230300527,0.0000000000,0.1769699473,0.1769699473,0.9810537398,0.8040837925,1.0000000000,1.0000000000
17.4512000000,17451.2000000000,5.0000000000,-5.0000000000,0.0000000000,169.0000000000,0.0263608704,0.0000000000,0.9736391296,0.8149072125,0.0000000000,0.1850927875,0.1850927875,0.9736391296,0.7885463421,1.0000000000,1.0000000000
17.4524000000,17452.4000000000,5.0000000000,-5.0000000000,0.0000000000,169.0000000000,0.0410553275,0.0000000000,0.9589446725,0.8061959263,0.0000000000,0.1938040737,0.1938040737,0.9589446725,0.7651405989,1.0000000000,1.0000000000
17.4536000000,17453.6000000000,5.0000000000,-5.0000000000,0.0000000000,169.0000000000,0.0623939806,0.0000000000,0.9376060194,0.7968441767,0.0000000000,0.2031558233,0.2031558233,0.9376060194,0.7344501961,1.0000000000,1.0000000000
17.4548000000,17454.8000000000,5.0000000000,-5.0000000000,0.0000000000,169.0000000000,0.0894914028,0.0000000000,0.9105085972,0.7867950958,0.0000000000,0.2132049042,0.2132049042,0.9105085972,0.6973036931,1.0000000000,1.0000000000
17.4560000000,17456.0000000000,5.0000000000,-5.0000000000,0.0000000000,169.0000000000,0.1213003926,0.0000000000,0.8786996074,0.7759866341,0.0000000000,0.2240133659,0.2240133659,0.8786996074,0.6546862415,1.0000000000,1.0000000000
17.4572000000,17457.2000000000,5.0000000000,-5.0000000000,0.0000000000,169.0000000000,0.1567045447,0.0000000000,0.8432954553,0.7643512658,0.0000000000,0.2356487342,0.2356487342,0.8432954553,0.6076467211,1.0000000000,1.0000000000
17.4584000000,17458.4000000000,5.0000000000,-5.0000000000,0.0000000000,169.0000000000,0.1946019189,0.0000000000,0.8053980811,0.7518157661,0.0000000000,0.2481842339,0.2481842339,0.8053980811,0.5572138472,1.0000000000,1.0000000000
17.4596000000,17459.6000000000,5.0000000000,-5.0000000000,0.0000000000,169.0000000000,0.2339707754,0.0000000000,0.7660292246,0.7383011009,0.0000000000,0.2616988991,0.2616988991,0.7660292246,0.5043303254,1.0000000000,1.0000000000
17.4608000000,17460.8000000000,5.0000000000,-5.0000000000,0.0000000000,169.0000000000,0.2739135592,0.0000000000,0.7260864408,0.7237224914,0.0000000000,0.2762775086,0.2762775086,0.7260864408,0.4498089322,1.0000000000,1.0000000000
17.4620000000,17462.0000000000,5.0000000000,-5.0000000000,0.0000000000,169.0000000000,0.3136797789,0.0000000000,0.6863202211,0.7079897351,0.0000000000,0.2920102649,0.2920102649,0.6863202211,0.3943099562,1.0000000000,1.0000000000
17.4632000000,17463.2000000000,5.0000000000,-5.0000000000,0.0000000000,169.0000000000,0.3526713237,0.0000000000,0.6473286763,0.6910078923,0.0000000000,0.3089921077,0.3089921077,0.6473286763,0.3383365686,1.0000000000,1.0000000000
17.4644000000,17464.4000000000,5.0000000000,-5.0000000000,0.0000000000,169.0000000000,0.3904350256,0.0000000000,0.6095649744,0.6726784830,0.0000000000,0.3273215170,0.3273215170,0.6095649744,0.2822434574,1.0000000000,1.0000000000
17.4656000000,17465.6000000000,5.0000000000,-5.0000000000,0.0000000000,169.0000000000,0.4266472661,0.0000000000,0.5733527339,0.6529013814,0.0000000000,0.3470986186,0.3470986186,0.5733527339,0.2262541152,1.0000000000,1.0000000000
17.4668000000,17466.8000000000,5.0000000000,-5.0000000000,0.0000000000,169.0000000000,0.4610946690,0.0000000000,0.5389053310,0.6315776434,0.0000000000,0.3684223566,0.3684223566,0.5389053310,0.1704829744,1.0000000000,1.0000000000
17.4680000000,17468.0000000000,5.0000000000,-5.0000000000,0.0000000000,169.0000000000,0.4936538685,0.0000000000,0.5063461315,0.6086135621,0.0000000000,0.3913864379,0.3913864379,0.5063461315,0.1149596936,1.0000000000,1.0000000000
17.4692000000,17469.2000000000,5.0000000000,-5.0000000000,0.0000000000,169.0000000000,0.5242723076,0.0000000000,0.4757276924,0.5839262977,0.0000000000,0.4160737023,0.4160737023,0.4757276924,0.0596539900,1.0000000000,1.0000000000
17.4704000000,17470.4000000000,5.0000000000,-5.0000000000,0.0000000000,169.0000000000,0.5529511638,0.0000000000,0.4470488362,0.5574514776,0.0000000000,0.4425485224,0.4425485224,0.4470488362,0.0045003138,1.0000000000,1.0000000000
17.4716000000,17471.6000000000,5.0000000000,-5.0000000000,0.0000000000,169.0000000000,0.5797308694,0.0000000000,0.4202691306,0.5291531828,0.0000000000,0.4708468172,0.4708468172,0.4202691306,0.0505776865,1.0000000000,1.0000000000
17.4728000000,17472.8000000000,5.0000000000,-5.0000000000,0.0000000000,169.0000000000,0.6046792798,0.0000000000,0.3953207202,0.4990366962,0.0000000000,0.5009633038,0.5009633038,0.3953207202,0.1056425836,1.0000000000,1.0000000000
17.4740000000,17474.0000000000,5.0000000000,-5.0000000000,0.0000000000,169.0000000000,0.6278822999,0.0000000000,0.3721177001,0.4671642590,0.0000000000,0.5328357410,0.5328357410,0.3721177001,0.1607180409,1.0000000000,1.0000000000
17.4752000000,17475.2000000000,5.0000000000,-5.0000000000,0.0000000000,169.0000000000,0.6494366570,0.0000000000,0.3505633430,0.4336737896,0.0000000000,0.5663262104,0.5663262104,0.3505633430,0.2157628674,1.0000000000,1.0000000000
17.4764000000,17476.4000000000,5.0000000000,-5.0000000000,0.0000000000,169.0000000000,0.6694444717,0.0000000000,0.3305555283,0.3988000099,0.0000000000,0.6011999901,0.6011999901,0.3305555283,0.2706444619,1.0000000000,1.0000000000
17.4776000000,17477.6000000000,5.0000000000,-5.0000000000,0.0000000000,169.0000000000,0.6880092878,0.0000000000,0.3119907122,0.3628966377,0.0000000000,0.6371033623,0.6371033623,0.3119907122,0.3251126501,1.0000000000,1.0000000000
17.4788000000,17478.8000000000,5.0000000000,-5.0000000000,0.0000000000,169.0000000000,0.7052332532,0.0000000000,0.2947667468,0.3264572100,0.0000000000,0.6735427900,0.6735427900,0.2947667468,0.3787760431,1.0000000000,1.0000000000
17.4800000000,17480.0000000000,5.0000000000,-5.0000000000,0.0000000000,169.0000000000,0.7212151923,0.0000000000,0.2787848077,0.2901307829,0.0000000000,0.7098692171,0.7098692171,0.2787848077,0.4310844094,1.0000000000,1.0000000000
17.4812000000,17481.2000000000,5.0000000000,-5.0000000000,0.0000000000,169.0000000000,0.7360493548,0.0000000000,0.2639506452,0.2547274399,0.0000000000,0.7452725601,0.7452725601,0.2639506452,0.4813219149,1.0000000000,1.0000000000
17.4824000000,17482.4000000000,5.0000000000,-5.0000000000,0.0000000000,169.0000000000,0.7498246654,0.0000000000,0.2501753346,0.2212076795,0.0000000000,0.7787923205,0.7787923205,0.2501753346,0.5286169859,1.0000000000,1.0000000000
17.4836000000,17483.6000000000,5.0000000000,-5.0000000000,0.0000000000,169.0000000000,0.7626243427,0.0000000000,0.2373756573,0.1906500151,0.0000000000,0.8093499849,0.8093499849,0.2373756573,0.5719743276,1.0000000000,1.0000000000
17.4848000000,17484.8000000000,5.0000000000,-5.0000000000,0.0000000000,169.0000000000,0.7745257788,0.0000000000,0.2254742212,0.1641932088,0.0000000000,0.8358067912,0.8358067912,0.2254742212,0.6103325700,1.0000000000,1.0000000000
17.4860000000,17486.0000000000,5.0000000000,-5.0000000000,0.0000000000,169.0000000000,0.7856006018,0.0000000000,0.2143993982,0.1429538981,0.0000000000,0.8570461019,0.8570461019,0.2143993982,0.6426467038,1.0000000000,1.0000000000
17.4872000000,17487.2000000000,5.0000000000,-5.0000000000,0.0000000000,169.0000000000,0.7959148619,0.0000000000,0.2040851381,0.1279265935,0.0000000000,0.8720734065,0.8720734065,0.2040851381,0.6679882683,1.0000000000,1.0000000000
17.4884000000,17488.4000000000,5.0000000000,-5.0000000000,0.0000000000,169.0000000000,0.8055292948,0.0000000000,0.1944707052,0.1198796538,0.0000000000,0.8801203462,0.8801203462,0.1944707052,0.6856496410,1.0000000000,1.0000000000
17.4896000000,17489.6000000000,5.0000000000,-5.0000000000,0.0000000000,169.0000000000,0.8144996327,0.0000000000,0.1855003673,0.1192654512,0.0000000000,0.8807345488,0.8807345488,0.1855003673,0.6952341815,1.0000000000,1.0000000000
17.4908000000,17490.8000000000,5.0000000000,-5.0000000000,0.0000000000,169.0000000000,0.8228769381,0.0000000000,0.1771230619,0.1261630668,0.0000000000,0.8738369332,0.8738369332,0.1771230619,0.6967138713,1.0000000000,1.0000000000
17.4920000000,17492.0000000000,5.0000000000,-5.0000000000,0.0000000000,169.0000000000,0.8307079443,0.0000000000,0.1692920557,0.1402663622,0.0000000000,0.8597336378,0.8597336378,0.1692920557,0.6904415822,1.0000000000,1.0000000000
17.4932000000,17493.2000000000,5.0000000000,-5.0000000000,0.0000000000,169.0000000000,0.8380353929,0.0000000000,0.1619646071,0.1609203809,0.0000000000,0.8390796191,0.8390796191,0.1619646071,0.6771150120,1.0000000000,1.0000000000
17.4944000000,17494.4000000000,5.0000000000,-5.0000000000,0.0000000000,169.0000000000,0.8448983581,0.0000000000,0.1551016419,0.1871980390,0.0000000000,0.8128019610,0.8128019610,0.1551016419,0.6577003191,1.0000000000,1.0000000000
17.4956000000,17495.6000000000,5.0000000000,-5.0000000000,0.0000000000,169.0000000000,0.8513325567,0.0000000000,0.1486674433,0.2180008551,0.0000000000,0.7819991449,0.7819991449,0.1486674433,0.6333317016,1.0000000000,1.0000000000
17.4968000000,17496.8000000000,5.0000000000,-5.0000000000,0.0000000000,169.0000000000,0.8573706379,0.0000000000,0.1426293621,0.2521645516,0.0000000000,0.7478354484,0.7478354484,0.1426293621,0.6052060863,1.0000000000,1.0000000000
17.4980000000,17498.0000000000,5.0000000000,-5.0000000000,0.0000000000,169.0000000000,0.8630424530,0.0000000000,0.1369575470,0.2885528541,0.0000000000,0.7114471459,0.7114471459,0.1369575470,0.5744895989,1.0000000000,1.0000000000
17.4992000000,17499.2000000000,5.0000000000,-5.0000000000,0.0000000000,169.0000000000,0.8683753052,0.0000000000,0.1316246948,0.3261288031,0.0000000000,0.6738711969,0.6738711969,0.1316246948,0.5422465021,1.0000000000,1.0000000000
17.5004000000,17500.4000000000,5.0000000000,-5.0000000000,0.0000000000,169.0000000000,0.8733941791,0.0000000000,0.1266058209,0.3639997277,0.0000000000,0.6360002723,0.6360002723,0.1266058209,0.5093944515,1.0000000000,1.0000000000
17.5016000000,17501.6000000000,5.0000000000,-5.0000000000,0.0000000000,169.0000000000,0.8781219499,0.0000000000,0.1218780501,0.4014375968,0.0000000000,0.5985624032,0.5985624032,0.1218780501,0.4766843531,1.0000000000,1.0000000000
17.5028000000,17502.8000000000,5.0000000000,-5.0000000000,0.0000000000,169.0000000000,0.8825795754,0.0000000000,0.1174204246,0.4378798045,0.0000000000,0.5621201955,0.5621201955,0.1174204246,0.4446997709,1.0000000000,1.0000000000
17.5040000000,17504.0000000000,5.0000000000,-5.0000000000,0.0000000000,169.0000000000,0.8867862700,0.0000000000,0.1132137300,0.4729165889,0.0000000000,0.5270834111,0.5270834111,0.1132137300,0.4138696811,1.0000000000,1.0000000000
17.5052000000,17505.2000000000,5.0000000000,-5.0000000000,0.0000000000,169.0000000000,0.8907596630,0.0000000000,0.1092403370,0.5062708883,0.0000000000,0.4937291117,0.4937291117,0.1092403370,0.3844887747,1.0000000000,1.0000000000
17.5064000000,17506.4000000000,5.0000000000,-5.0000000000,0.0000000000,169.0000000000,0.8945159423,0.0000000000,0.1054840577,0.5377752243,0.0000000000,0.4622247757,0.4622247757,0.1054840577,0.3567407180,1.0000000000,1.0000000000
17.5076000000,17507.6000000000,5.0000000000,-5.0000000000,0.0000000000,169.0000000000,0.8980699842,0.0000000000,0.1019300158,0.5673487804,0.0000000000,0.4326512196,0.4326512196,0.1019300158,0.3307212038,1.0000000000,1.0000000000
17.5088000000,17508.8000000000,5.0000000000,-5.0000000000,0.0000000000,169.0000000000,0.9014354719,0.0000000000,0.0985645281,0.5949765659,0.0000000000,0.4050234341,0.4050234341,0.0985645281,0.3064589060,1.0000000000,1.0000000000
17.5100000000,17510.0000000000,5.0000000000,-5.0000000000,0.0000000000,169.0000000000,0.9046250014,0.0000000000,0.0953749986,0.6206915712,0.0000000000,0.3793084288,0.3793084288,0.0953749986,0.2839334301,1.0000000000,1.0000000000
17.5112000000,17511.2000000000,5.0000000000,-5.0000000000,0.0000000000,169.0000000000,0.9076501783,0.0000000000,0.0923498217,0.6445601563,0.0000000000,0.3554398437,0.3554398437,0.0923498217,0.2630900220,1.0000000000,1.0000000000
17.5124000000,17512.4000000000,5.0000000000,-5.0000000000,0.0000000000,169.0000000000,0.9105217056,0.0000000000,0.0894782944,0.6666705116,0.0000000000,0.3333294884,0.3333294884,0.0894782944,0.2438511939,1.0000000000,1.0000000000
17.5136000000,17513.6000000000,5.0000000000,-5.0000000000,0.0000000000,169.0000000000,0.9132494620,0.0000000000,0.0867505380,0.6871238266,0.0000000000,0.3128761734,0.3128761734,0.0867505380,0.2261256354,1.0000000000,1.0000000000
17.5148000000,17514.8000000000,5.0000000000,-5.0000000000,0.0000000000,169.0000000000,0.9158425742,0.0000000000,0.0841574258,0.7060277230,0.0000000000,0.2939722770,0.2939722770,0.0841574258,0.2098148512,1.0000000000,1.0000000000
17.5160000000,17516.0000000000,5.0000000000,-5.0000000000,0.0000000000,169.0000000000,0.9183094814,0.0000000000,0.0816905186,0.7234915167,0.0000000000,0.2765084833,0.2765084833,0.0816905186,0.1948179647,1.0000000000,1.0000000000
17.5172000000,17517.2000000000,5.0000000000,-5.0000000000,0.0000000000,169.0000000000,0.9206579939,0.0000000000,0.0793420061,0.7396229088,0.0000000000,0.2603770912,0.2603770912,0.0793420061,0.1810350851,1.0000000000,1.0000000000
17.5184000000,17518.4000000000,5.0000000000,-5.0000000000,0.0000000000,169.0000000000,0.9228953466,0.0000000000,0.0771046534,0.7545257692,0.0000000000,0.2454742308,0.2454742308,0.0771046534,0.1683695774,1.0000000000,1.0000000000
17.5196000000,17519.6000000000,5.0000000000,-5.0000000000,0.0000000000,169.0000000000,0.9250282474,0.0000000000,0.0749717526,0.7682987371,0.0000000000,0.2317012629,0.2317012629,0.0749717526,0.1567295103,1.0000000000,1.0000000000
17.5208000000,17520.8000000000,5.0000000000,-5.0000000000,0.0000000000,169.0000000000,0.9270629206,0.0000000000,0.0729370794,0.7810344173,0.0000000000,0.2189655827,0.2189655827,0.0729370794,0.1460285033,1.0000000000,1.0000000000
17.5220000000,17522.0000000000,5.0000000000,-5.0000000000,0.0000000000,169.0000000000,0.9290051473,0.0000000000,0.0709948527,0.7928190059,0.0000000000,0.2071809941,0.2071809941,0.0709948527,0.1361861414,1.0000000000,1.0000000000
17.5232000000,17523.2000000000,5.0000000000,-5.0000000000,0.0000000000,169.0000000000,0.9308603009,0.0000000000,0.0691396991,0.8037322130,0.0000000000,0.1962677870,0.1962677870,0.0691396991,0.1271280879,1.0000000000,1.0000000000
17.5244000000,17524.4000000000,5.0000000000,-5.0000000000,0.0000000000,169.0000000000,0.9326333808,0.0000000000,0.0673666192,0.8138473888,0.0000000000,0.1861526112,0.1861526112,0.0673666192,0.1187859920,1.0000000000,1.0000000000
17.5256000000,17525.6000000000,5.0000000000,-5.0000000000,0.0000000000,169.0000000000,0.9343290417,0.0000000000,0.0656709583,0.8232317805,0.0000000000,0.1767682195,0.1767682195,0.0656709583,0.1110972612,1.0000000000,1.0000000000
17.5268000000,17526.8000000000,5.0000000000,-5.0000000000,0.0000000000,169.0000000000,0.9359516212,0.0000000000,0.0640483788,0.8319468695,0.0000000000,0.1680531305,0.1680531305,0.0640483788,0.1040047517,1.0000000000,1.0000000000
17.5280000000,17528.0000000000,5.0000000000,-5.0000000000,0.0000000000,169.0000000000,0.9375051647,0.0000000000,0.0624948353,0.8400487520,0.0000000000,0.1599512480,0.1599512480,0.0624948353,0.0974564127,1.0000000000,1.0000000000
17.5292000000,17529.2000000000,5.0000000000,-5.0000000000,0.0000000000,169.0000000000,0.9389934479,0.0000000000,0.0610065521,0.8475885374,0.0000000000,0.1524114626,0.1524114626,0.0610065521,0.0914049105,1.0000000000,1.0000000000
17.5304000000,17530.4000000000,5.0000000000,-5.0000000000,0.0000000000,169.0000000000,0.9404199978,0.0000000000,0.0595800022,0.8546127472,0.0000000000,0.1453872528,0.1453872528,0.0595800022,0.0858072506,1.0000000000,1.0000000000
17.5316000000,17531.6000000000,5.0000000000,-5.0000000000,0.0000000000,169.0000000000,0.9417881114,0.0000000000,0.0582118886,0.8611637025,0.0000000000,0.1388362975,0.1388362975,0.0582118886,0.0806244089,1.0000000000,1.0000000000
17.5328000000,17532.8000000000,5.0000000000,-5.0000000000,0.0000000000,169.0000000000,0.9431008732,0.0000000000,0.0568991268,0.8672798934,0.0000000000,0.1327201066,0.1327201066,0.0568991268,0.0758209798,1.0000000000,1.0000000000
17.5340000000,17534.0000000000,5.0000000000,-5.0000000000,0.0000000000,169.0000000000,0.9443611709,0.0000000000,0.0556388291,0.8729963256,0.0000000000,0.1270036744,0.1270036744,0.0556388291,0.0713648453,1.0000000000,1.0000000000
17.5352000000,17535.2000000000,5.0000000000,-5.0000000000,0.0000000000,169.0000000000,0.9455717102,0.0000000000,0.0544282898,0.8783448423,0.0000000000,0.1216551577,0.1216551577,0.0544282898,0.0672268679,1.0000000000,1.0000000000
17.5364000000,17536.4000000000,5.0000000000,-5.0000000000,0.0000000000,169.0000000000,0.9467350279,0.0000000000,0.0532649721,0.8833544205,0.0000000000,0.1166455795,0.1166455795,0.0532649721,0.0633806073,1.0000000000,1.0000000000
17.5376000000,17537.6000000000,5.0000000000,-5.0000000000,0.0000000000,169.0000000000,0.9478535039,0.0000000000,0.0521464961,0.8880514424,0.0000000000,0.1119485576,0.1119485576,0.0521464961,0.0598020615,1.0000000000,1.0000000000
17.5388000000,17538.8000000000,5.0000000000,-5.0000000000,0.0000000000,169.0000000000,0.9489293731,0.0000000000,0.0510706269,0.8924599424,0.0000000000,0.1075400576,0.1075400576,0.0510706269,0.0564694306,1.0000000000,1.0000000000
17.5400000000,17540.0000000000,5.0000000000,-5.0000000000,0.0000000000,169.0000000000,0.9499647350,0.0000000000,0.0500352650,0.8966018322,0.0000000000,0.1033981678,0.1033981678,0.0500352650,0.0533629028,1.0000000000,1.0000000000
17.5412000000,17541.2000000000,5.0000000000,-5.0000000000,0.0000000000,169.0000000000,0.9509615637,0.0000000000,0.0490384363,0.9004971029,0.0000000000,0.0995028971,0.0995028971,0.0490384363,0.0504644608,1.0000000000,1.0000000000
17.5424000000,17542.4000000000,5.0000000000,-5.0000000000,0.0000000000,169.0000000000,0.9519217163,0.0000000000,0.0480782837,0.9041640095,0.0000000000,0.0958359905,0.0958359905,0.0480782837,0.0477577068,1.0000000000,1.0000000000
17.5436000000,17543.6000000000,5.0000000000,-5.0000000000,0.0000000000,169.0000000000,0.9528469412,0.0000000000,0.0471530588,0.9076192358,0.0000000000,0.0923807642,0.0923807642,0.0471530588,0.0452277054,1.0000000000,1.0000000000
17.5448000000,17544.8000000000,5.0000000000,-5.0000000000,0.0000000000,169.0000000000,0.9537388854,0.0000000000,0.0462611146,0.9108780442,0.0000000000,0.0891219558,0.0891219558,0.0462611146,0.0428608412,1.0000000000,1.0000000000
17.5460000000,17546.0000000000,5.0000000000,-5.0000000000,0.0000000000,169.0000000000,0.9545991013,0.0000000000,0.0454008987,0.9139544095,0.0000000000,0.0860455905,0.0860455905,0.0454008987,0.0406446918,1.0000000000,1.0000000000
17.5472000000,17547.2000000000,5.0000000000,-5.0000000000,0.0000000000,169.0000000000,0.9554290531,0.0000000000,0.0445709469,0.9168611399,0.0000000000,0.0831388601,0.0831388601,0.0445709469,0.0385679132,1.0000000000,1.0000000000
17.5484000000,17548.4000000000,5.0000000000,-5.0000000000,0.0000000000,169.0000000000,0.9562301227,0.0000000000,0.0437698773,0.9196099865,0.0000000000,0.0803900135,0.0803900135,0.0437698773,0.0366201362,1.0000000000,1.0000000000
17.5496000000,17549.6000000000,5.0000000000,-5.0000000000,0.0000000000,169.0000000000,0.9570036149,0.0000000000,0.0429963851,0.9222117404,0.0000000000,0.0777882596,0.0777882596,0.0429963851,0.0347918745,1.0000000000,1.0000000000
17.5508000000,17550.8000000000,5.0000000000,-5.0000000000,0.0000000000,169.0000000000,0.9577507627,0.0000000000,0.0422492373,0.9246763214,0.0000000000,0.0753236786,0.0753236786,0.0422492373,0.0330744413,1.0000000000,1.0000000000
17.5520000000,17552.0000000000,5.0000000000,-5.0000000000,0.0000000000,169.0000000000,0.9584727315,0.0000000000,0.0415272685,0.9270128572,0.0000000000,0.0729871428,0.0729871428,0.0415272685,0.0314598743,1.0000000000,1.0000000000
17.5532000000,17553.2000000000,5.0000000000,-5.0000000000,0.0000000000,169.0000000000,0.9591706238,0.0000000000,0.0408293762,0.9292297551,0.0000000000,0.0707702449,0.0707702449,0.0408293762,0.0299408687,1.0000000000,1.0000000000
17.5544000000,17554.4000000000,5.0000000000,-5.0000000000,0.0000000000,169.0000000000,0.9598454832,0.0000000000,0.0401545168,0.9313347665,0.0000000000,0.0686652335,0.0686652335,0.0401545168,0.0285107167,1.0000000000,1.0000000000
17.5556000000,17555.6000000000,5.0000000000,-5.0000000000,0.0000000000,169.0000000000,0.9604982976,0.0000000000,0.0395017024,0.9333350447,0.0000000000,0.0666649553,0.0666649553,0.0395017024,0.0271632529,1.0000000000,1.0000000000
17.5568000000,17556.8000000000,5.0000000000,-5.0000000000,0.0000000000,169.0000000000,0.9611300031,0.0000000000,0.0388699969,0.9352371980,0.0000000000,0.0647628020,0.0647628020,0.0388699969,0.0258928051,1.0000000000,1.0000000000
17.5580000000,17558.0000000000,5.0000000000,-5.0000000000,0.0000000000,169.0000000000,0.9617414870,0.0000000000,0.0382585130,0.9370473364,0.0000000000,0.0629526636,0.0629526636,0.0382585130,0.0246941506,1.0000000000,1.0000000000
17.5592000000,17559.2000000000,5.0000000000,-5.0000000000,0.0000000000,169.0000000000,0.9623335909,0.0000000000,0.0376664091,0.9387711153,0.0000000000,0.0612288847,0.0612288847,0.0376664091,0.0235624756,1.0000000000,1.0000000000
17.5604000000,17560.4000000000,5.0000000000,-5.0000000000,0.0000000000,169.0000000000,0.9629071133,0.0000000000,0.0370928867,0.9404137736,0.0000000000,0.0595862264,0.0595862264,0.0370928867,0.0224933397,1.0000000000,1.0000000000
17.5616000000,17561.6000000000,5.0000000000,-5.0000000000,0.0000000000,169.0000000000,0.9634628120,0.0000000000,0.0365371880,0.9419801689,0.0000000000,0.0580198311,0.0580198311,0.0365371880,0.0214826431,1.0000000000,1.0000000000
17.5628000000,17562.8000000000,5.0000000000,-5.0000000000,0.0000000000,169.0000000000,0.9640014071,0.0000000000,0.0359985929,0.9434748096,0.0000000000,0.0565251904,0.0565251904,0.0359985929,0.0205265975,1.0000000000,1.0000000000
17.5640000000,17564.0000000000,5.0000000000,-5.0000000000,0.0000000000,169.0000000000,0.9645235826,0.0000000000,0.0354764174,0.9449018837,0.0000000000,0.0550981163,0.0550981163,0.0354764174,0.0196216989,1.0000000000,1.0000000000
17.5652000000,17565.2000000000,5.0000000000,-5.0000000000,0.0000000000,169.0000000000,0.9650299887,0.0000000000,0.0349700113,0.9462652847,0.0000000000,0.0537347153,0.0537347153,0.0349700113,0.0187647040,1.0000000000,1.0000000000
17.5664000000,17566.4000000000,5.0000000000,-5.0000000000,0.0000000000,169.0000000000,0.9655212439,0.0000000000,0.0344787561,0.9475686357,0.0000000000,0.0524313643,0.0524313643,0.0344787561,0.0179526082,1.0000000000,1.0000000000
17.5676000000,17567.6000000000,5.0000000000,-5.0000000000,0.0000000000,169.0000000000,0.9659979365,0.0000000000,0.0340020635,0.9488153108,0.0000000000,0.0511846892,0.0511846892,0.0340020635,0.0171826257,1.0000000000,1.0000000000
17.5688000000,17568.8000000000,5.0000000000,-5.0000000000,0.0000000000,169.0000000000,0.9664606267,0.0000000000,0.0335393733,0.9500084552,0.0000000000,0.0499915448,0.0499915448,0.0335393733,0.0164521715,1.0000000000,1.0000000000
17.5700000000,17570.0000000000,5.0000000000,-5.0000000000,0.0000000000,169.0000000000,0.9669098477,0.0000000000,0.0330901523,0.9511510028,0.0000000000,0.0488489972,0.0488489972,0.0330901523,0.0157588449,1.0000000000,1.0000000000
17.5712000000,17571.2000000000,5.0000000000,-5.0000000000,0.0000000000,169.0000000000,0.9673461075,0.0000000000,0.0326538925,0.9522456925,0.0000000000,0.0477543075,0.0477543075,0.0326538925,0.0151004150,1.0000000000,1.0000000000
17.5724000000,17572.4000000000,5.0000000000,-5.0000000000,0.0000000000,169.0000000000,0.9677698903,0.0000000000,0.0322301097,0.9532950834,0.0000000000,0.0467049166,0.0467049166,0.0322301097,0.0144748069,1.0000000000,1.0000000000
17.5736000000,17573.6000000000,5.0000000000,-5.0000000000,0.0000000000,169.0000000000,0.9681816576,0.0000000000,0.0318183424,0.9543015685,0.0000000000,0.0456984315,0.0456984315,0.0318183424,0.0138800891,1.0000000000,1.0000000000
17.5748000000,17574.8000000000,5.0000000000,-5.0000000000,0.0000000000,169.0000000000,0.9685818496,0.0000000000,0.0314181504,0.9552673869,0.0000000000,0.0447326131,0.0447326131,0.0314181504,0.0133144627,1.0000000000,1.0000000000
17.5760000000,17576.0000000000,5.0000000000,-5.0000000000,0.0000000000,169.0000000000,0.9689708862,0.0000000000,0.0310291138,0.9561946354,0.0000000000,0.0438053646,0.0438053646,0.0310291138,0.0127762508,1.0000000000,1.0000000000
17.5772000000,17577.2000000000,5.0000000000,-5.0000000000,0.0000000000,169.0000000000,0.9693491680,0.0000000000,0.0306508320,0.9570852789,0.0000000000,0.0429147211,0.0429147211,0.0306508320,0.0122638892,1.0000000000,1.0000000000
17.5784000000,17578.4000000000,5.0000000000,-5.0000000000,0.0000000000,169.0000000000,0.9697170778,0.0000000000,0.0302829222,0.9579411599,0.0000000000,0.0420588401,0.0420588401,0.0302829222,0.0117759178,1.0000000000,1.0000000000
17.5796000000,17579.6000000000,5.0000000000,-5.0000000000,0.0000000000,169.0000000000,0.9700749807,0.0000000000,0.0299250193,0.9587640078,0.0000000000,0.0412359922,0.0412359922,0.0299250193,0.0113109729,1.0000000000,1.0000000000
17.5808000000,17580.8000000000,5.0000000000,-5.0000000000,0.0000000000,169.0000000000,0.9704232257,0.0000000000,0.0295767743,0.9595554461,0.0000000000,0.0404445539,0.0404445539,0.0295767743,0.0108677796,1.0000000000,1.0000000000
17.5820000000,17582.0000000000,5.0000000000,-5.0000000000,0.0000000000,169.0000000000,0.9707621463,0.0000000000,0.0292378537,0.9603170007,0.0000000000,0.0396829993,0.0396829993,0.0292378537,0.0104451455,1.0000000000,1.0000000000
17.5832000000,17583.2000000000,5.0000000000,-5.0000000000,0.0000000000,169.0000000000,0.9710920610,0.0000000000,0.0289079390,0.9610501063,0.0000000000,0.0389498937,0.0389498937,0.0289079390,0.0100419547,1.0000000000,1.0000000000
17.5844000000,17584.4000000000,5.0000000000,-5.0000000000,0.0000000000,169.0000000000,0.9714132746,0.0000000000,0.0285867254,0.9617561126,0.0000000000,0.0382438874,0.0382438874,0.0285867254,0.0096571619,1.0000000000,1.0000000000
17.5856000000,17585.6000000000,5.0000000000,-5.0000000000,0.0000000000,169.0000000000,0.9717260782,0.0000000000,0.0282739218,0.9624362905,0.0000000000,0.0375637095,0.0375637095,0.0282739218,0.0092897877,1.0000000000,1.0000000000
17.5868000000,17586.8000000000,5.0000000000,-5.0000000000,0.0000000000,169.0000000000,0.9720307505,0.0000000000,0.0279692495,0.9630918370,0.0000000000,0.0369081630,0.0369081630,0.0279692495,0.0089389135,1.0000000000,1.0000000000
17.5880000000,17588.0000000000,5.0000000000,-5.0000000000,0.0000000000,169.0000000000,0.9723275579,0.0000000000,0.0276724421,0.9637238805,0.0000000000,0.0362761195,0.0362761195,0.0276724421,0.0086036775,1.0000000000,1.0000000000
17.5892000000,17589.2000000000,5.0000000000,-5.0000000000,0.0000000000,169.0000000000,0.9726167555,0.0000000000,0.0273832445,0.9643334851,0.0000000000,0.0356665149,0.0356665149,0.0273832445,0.0082832704,1.0000000000,1.0000000000
17.5904000000,17590.4000000000,5.0000000000,-5.0000000000,0.0000000000,169.0000000000,0.9728985871,0.0000000000,0.0271014129,0.9649216551,0.0000000000,0.0350783449,0.0350783449,0.0271014129,0.0079769320,1.0000000000,1.0000000000
17.5916000000,17591.6000000000,5.0000000000,-5.0000000000,0.0000000000,169.0000000000,0.9731732861,0.0000000000,0.0268267139,0.9654893386,0.0000000000,0.0345106614,0.0345106614,0.0268267139,0.0076839476,1.0000000000,1.0000000000
17.5928000000,17592.8000000000,5.0000000000,-5.0000000000,0.0000000000,169.0000000000,0.9734410761,0.0000000000,0.0265589239,0.9660374313,0.0000000000,0.0339625687,0.0339625687,0.0265589239,0.0074036449,1.0000000000,1.0000000000
17.5940000000,17594.0000000000,5.0000000000,-5.0000000000,0.0000000000,169.0000000000,0.9737021709,0.0000000000,0.0262978291,0.9665667799,0.0000000000,0.0334332201,0.0334332201,0.0262978291,0.0071353911,1.0000000000,1.0000000000
17.5952000000,17595.2000000000,5.0000000000,-5.0000000000,0.0000000000,169.0000000000,0.9739567752,0.0000000000,0.0260432248,0.9670781850,0.0000000000,0.0329218150,0.0329218150,0.0260432248,0.0068785902,1.0000000000,1.0000000000
17.5964000000,17596.4000000000,5.0000000000,-5.0000000000,0.0000000000,169.0000000000,0.9742050849,0.0000000000,0.0257949151,0.9675724044,0.0000000000,0.0324275956,0.0324275956,0.0257949151,0.0066326806,1.0000000000,1.0000000000
17.5976000000,17597.6000000000,5.0000000000,-5.0000000000,0.0000000000,169.0000000000,0.9744472876,0.0000000000,0.0255527124,0.9680501551,0.0000000000,0.0319498449,0.0319498449,0.0255527124,0.0063971324,1.0000000000,1.0000000000
17.5988000000,17598.8000000000,5.0000000000,-5.0000000000,0.0000000000,169.0000000000,0.9746835626,0.0000000000,0.0253164374,0.9685121168,0.0000000000,0.0314878832,0.0314878832,0.0253164374,0.0061714458,1.0000000000,1.0000000000
17.6000000000,17600.0000000000,5.0000000000,-5.0000000000,0.0000000000,169.0000000000,0.9749140817,0.0000000000,0.0250859183,0.9689589333,0.0000000000,0.0310410667,0.0310410667,0.0250859183,0.0059551485,1.0000000000,1.0000000000
