wavelength_um,metallic_tm_R,metallic_tm_T,metallic_tm_emissivity,metallic_te_R,metallic_te_T,metallic_te_emissivity,insulating_tm_R,insulating_tm_T,insulating_tm_emissivity,insulating_te_R,insulating_te_T,insulating_te_emissivity
8.000000000000000000e+00,1.718967973178716080e-01,4.740064384481206851e-03,8.233631382976472901e-01,2.967492556869457537e-02,1.762875841017286314e-03,9.685621985902881370e-01,9.843613308786348659e-01,7.314370588916223673e-03,8.324298532448910423e-03,9.810817501075352887e-01,6.443240923813832108e-03,1.247500896865087923e-02
8.005000000000000782e+00,1.726229136416005949e-01,4.812844963333056704e-03,8.225642413950663423e-01,2.988404412967957113e-02,1.760308150043726717e-03,9.683556477202767132e-01,9.843466706389036869e-01,7.341474850791233214e-03,8.311854510305079907e-03,9.810712900266813641e-01,6.450252116915543288e-03,1.247845785640309263e-02
8.009999999999999787e+00,1.733560599288569148e-01,4.887347641693577834e-03,8.217565924294494284e-01,3.009314616920599761e-02,1.757755804971475495e-03,9.681490980258224965e-01,9.843316754433240057e-01,7.369405339052785726e-03,8.298919217623209471e-03,9.810608282320477658e-01,6.457258142145869302e-03,1.248191362580636579e-02
8.015000000000000568e+00,1.740961558272707821e-01,4.963615436814657576e-03,8.209402287359145456e-01,3.030222882578333110e-02,1.755218692765480627e-03,9.679425524814511128e-01,9.843163146486246795e-01,7.398208267183671756e-03,8.285477084191649605e-03,9.810503657107831899e-01,6.464258879859436681e-03,1.248537540935737433e-02
8.019999999999999574e+00,1.748431075177712957e-01,5.041692228586243212e-03,8.201152002536424845e-01,3.051128929847114063e-02,1.752696701481966683e-03,9.677360140000469402e-01,9.843005550590698816e-01,7.427933089664213832e-03,8.271511851265903742e-03,9.810399034312231592e-01,6.471254211933885440e-03,1.248884235684295449e-02
8.025000000000000355e+00,1.755968067711748404e-01,5.121622747456303602e-03,8.192815704813688482e-01,3.072032484570651201e-02,1.750189720255292992e-03,9.675294854340381612e-01,9.842843606868711959e-01,7.458632777749375949e-03,8.257006535379429052e-03,9.810294423433798539e-01,6.478244021729131705e-03,1.249231363489101444e-02
8.029999999999999361e+00,1.763571299506134782e-01,5.203452558619260995e-03,8.184394174907672070e-01,3.092933278414988774e-02,1.747697639284985721e-03,9.673229695765651615e-01,9.842676924869089294e-01,7.490364122985332211e-03,8.241943390105737482e-03,9.810189833793856451e-01,6.485228194048409285e-03,1.249578842656594649e-02
8.035000000000000142e+00,1.771239369575394740e-01,5.287228042093001547e-03,8.175888350003674976e-01,3.113831048756446340e-02,1.745220349822957078e-03,9.671164691626126242e-01,9.842505080625847391e-01,7.523188071697932411e-03,8.226303865717328467e-03,9.810085274538912214e-01,6.492206615100646998e-03,1.249926593100813069e-02
8.039999999999999147e+00,1.778970701188970494e-01,5.372996368269240298e-03,8.167299335128336280e-01,3.134725538570935777e-02,1.742757744160942663e-03,9.669099868701296341e-01,9.842327613392704011e-01,7.557170094115142969e-03,8.210068566614455929e-03,9.809980754645488688e-01,6.499179172463868601e-03,1.250274536298726265e-02
8.044999999999999929e+00,1.786763530131727507e-01,5.460805468496109094e-03,8.158628415183311056e-01,3.155616496326194009e-02,1.740309715618069139e-03,9.667035253211199164e-01,9.842144022012542237e-01,7.592380592279957853e-03,8.193217206465819302e-03,9.809876282923668533e-01,6.506145755050297963e-03,1.250622595258284869e-02
8.050000000000000711e+00,1.794615892330553020e-01,5.550704000213780437e-03,8.149877067667309349e-01,3.176503675875853860e-02,1.737876158528691871e-03,9.664970870827127580e-01,9.841953760875524759e-01,7.628895351478488795e-03,8.175728560969035275e-03,9.809771868021155417e-01,6.513106253072854616e-03,1.250970694481160286e-02
8.054999999999999716e+00,1.802525610823925428e-01,5.642741306132175762e-03,8.141046976114753031e-01,3.197386836355848444e-02,1.735456968230303897e-03,9.662906746682111692e-01,9.841756235412943976e-01,7.666796040566553616e-03,8.157580418139048772e-03,9.809667518427229727e-01,6.520060558011957219e-03,1.251318759926507013e-02
8.060000000000000497e+00,1.810490282053819067e-01,5.736967366901355586e-03,8.132140044277167412e-01,3.218265742082992986e-02,1.733052041051724420e-03,9.660842905381183954e-01,9.841550797065382605e-01,7.706170767336751465e-03,8.138749526124988004e-03,9.809563242476315725e-01,6.527008562584628998e-03,1.251666718978379847e-02
8.064999999999999503e+00,1.818522475343160028e-01,5.833881904021753252e-03,8.123138705616621547e-01,3.239312435542669733e-02,1.730630614299584220e-03,9.658762450302736946e-01,9.841335542135594139e-01,7.747263269485037476e-03,8.119182516955548642e-03,9.809457879234183553e-01,6.533937872204480593e-03,1.252027420437716414e-02
8.070000000000000284e+00,1.826746595157885678e-01,5.937276122906276314e-03,8.113880643613051724e-01,3.261907466959002716e-02,1.727948367394034884e-03,9.656529769630159965e-01,9.841099641896315919e-01,7.791461340189395277e-03,8.098574470179012788e-03,9.809342135389599315e-01,6.540748525563130217e-03,1.252503793547693825e-02
8.074999999999999289e+00,1.835026904388767921e-01,6.043286942558632850e-03,8.104540226185645846e-01,3.284502202645737945e-02,1.725281996168612610e-03,9.654296959773740472e-01,9.840852509397137737e-01,7.837631242199018938e-03,8.077117818087207329e-03,9.809226583636203589e-01,6.547549737951018599e-03,1.252979189842862162e-02
8.080000000000000071e+00,1.843359585493312414e-01,6.151977360559119333e-03,8.095120640901095621e-01,3.307096320718731775e-02,1.722631384303435721e-03,9.652064054085093270e-01,9.840593061477177494e-01,7.885914373903794156e-03,8.054779478378456398e-03,9.809111232475898889e-01,6.554341391579480633e-03,1.253453536083063043e-02
8.085000000000000853e+00,1.851740449641036956e-01,6.263410866402876163e-03,8.085625441694933579e-01,3.329689505870325750e-02,1.719996416573013392e-03,9.649831085247236873e-01,9.840320103758696257e-01,7.936464938466900390e-03,8.031524685663473870e-03,9.808996090257953160e-01,6.561123369963866268e-03,1.253926760424081688e-02
8.089999999999999858e+00,1.860164912653819447e-01,6.377651316386525292e-03,8.076058574182315430e-01,3.352281449244157163e-02,1.717376978833772775e-03,9.647598085287246716e-01,9.840032317402211959e-01,7.989451358111149953e-03,8.007316901667654169e-03,9.808881165182073980e-01,6.567895557895878610e-03,1.254398792389672251e-02
8.095000000000000639e+00,1.868627969791956944e-01,6.494762792475199456e-03,8.066424402283290940e-01,3.374871848312327449e-02,1.714772958011821172e-03,9.645365085588648579e-01,9.839728244034697813e-01,8.045057873855532629e-03,7.982117722674686097e-03,9.808766465302027893e-01,6.574657841414883325e-03,1.254869562838232741e-02
8.099999999999999645e+00,1.877124169376930829e-01,6.614809443791565269e-03,8.056727736185153033e-01,3.397460406755457851e-02,1.712184242090841139e-03,9.643132116903545548e-01,9.839406268561041724e-01,8.103486358996221661e-03,7.955886784899605935e-03,9.808651998528602478e-01,6.581410107781905140e-03,1.255339003935784792e-02
8.105000000000000426e+00,1.885647585249143887e-01,6.737855309291815309e-03,8.046973861657937821e-01,3.420046834344658837e-02,1.709610720100161220e-03,9.640899209364532929e-01,9.839064599518078102e-01,8.164958379572347449e-03,7.928581668619842301e-03,9.808537772632881513e-01,6.588152245453521988e-03,1.255807049125832672e-02
8.109999999999999432e+00,1.894191788069619353e-01,6.863964120122527553e-03,8.037168570729155137e-01,3.442630846826195967e-02,1.707052282102950293e-03,9.638666392496350044e-01,9.838701246567025382e-01,8.229717540980526977e-03,7.900157802316934777e-03,9.808423795249292532e-01,6.594884144057169481e-03,1.256273633101357735e-02
8.115000000000000213e+00,1.902749815484658935e-01,6.993199080080086949e-03,8.027318193714539918e-01,3.465212165808514988e-02,1.704508819184622458e-03,9.636433695227302199e-01,9.838313994645788707e-01,8.298032167025683539e-03,7.870568368395445755e-03,9.808310073878411250e-01,6.601605694367353519e-03,1.256738691779152144e-02
8.119999999999999218e+00,1.911314141185022353e-01,7.125622622525060006e-03,8.017429632589727628e-01,3.487790518651202876e-02,1.701980223441335819e-03,9.634201145900466168e-01,9.837900374210163390e-01,8.370198366281566410e-03,7.839764212702094587e-03,9.808196615889985814e-01,6.608316788282124835e-03,1.257202162271929373e-02
8.125000000000000000e+00,1.919876642906293007e-01,7.261296142048713487e-03,8.007510395673219650e-01,3.510365638356588436e-02,1.699466387968697487e-03,9.631968772284654756e-01,9.837457626883043815e-01,8.446543551028791105e-03,7.807693760666827368e-03,9.808083428525612435e-01,6.615017318801466942e-03,1.257663982863728956e-02
8.130000000000000782e+00,1.928428569434235684e-01,7.400279699129742005e-03,7.997568633574467789e-01,3.532937263463115790e-02,1.696967206850584584e-03,9.629736601585182632e-01,9.836982665695497285e-01,8.527430486666213311e-03,7.774302943784058145e-03,9.807970518901427681e-01,6.621707180005128104e-03,1.258124092985210378e-02
8.134999999999999787e+00,1.936960506697081585e-01,7.542631695983227809e-03,7.987613176343085764e-01,3.555505137941250560e-02,1.694482575148083215e-03,9.627504660454394569e-01,9.836472028937255363e-01,8.613261964886178429e-03,7.739535141388285272e-03,9.807857894010816313e-01,6.628386267032426553e-03,1.258582433188594127e-02
8.140000000000000568e+00,1.945462343049406406e-01,7.688408521772818402e-03,7.977653571732865601e-01,3.578069011091088159e-02,1.692012388888682224e-03,9.625272975002003850e-01,9.835921826432206805e-01,8.704486212754495439e-03,7.703331144024824079e-03,9.807745560726817136e-01,6.635054476061864881e-03,1.259038945125642156e-02
8.144999999999999574e+00,1.953923233876215249e-01,7.837664165345705272e-03,7.967700124470327161e-01,3.600628637442087471e-02,1.689556545055450037e-03,9.623041570805237477e-01,9.835327676802750885e-01,8.801603173014734341e-03,7.665629146710177186e-03,9.807633525804771990e-01,6.641711704292282276e-03,1.259493571523051872e-02
8.150000000000000355e+00,1.962331565673633704e-01,7.990449793660127364e-03,7.957763936389764536e-01,3.623183776655151955e-02,1.687114941576485592e-03,9.620810472918720491e-01,9.834684633976482626e-01,8.905171819546371659e-03,7.626364782805365727e-03,9.807521795884512894e-01,6.648357849923826335e-03,1.259946256162488426e-02
8.154999999999999361e+00,1.970674919792572422e-01,8.146813294105957615e-03,7.947856947266368488e-01,3.645734193425974323e-02,1.684687477314421311e-03,9.618579705884258146e-01,9.833987100801587777e-01,9.015818707399193138e-03,7.585471212442029126e-03,9.807410377492881137e-01,6.654992812140145264e-03,1.260396943857174101e-02
8.160000000000000142e+00,1.978940036066180463e-01,8.306798778983409681e-03,7.937991976143985440e-01,3.668279657391088772e-02,1.682274052056143129e-03,9.616349293740329429e-01,9.833228727153840998e-01,9.134248001058492897e-03,7.542879283557407319e-03,9.807299277045884445e-01,6.661616491091225389e-03,1.260845580432033014e-02
8.164999999999999147e+00,1.987112776579520457e-01,8.470446050502204380e-03,7.928182762915457760e-01,3.690819943034830825e-02,1.679874566502539360e-03,9.614119260031491754e-01,9.832402289309465360e-01,9.261253279974422659e-03,7.498517789079041374e-03,9.807188500851046209e-01,6.668228787876239946e-03,1.261292112701913916e-02
8.169999999999999929e+00,1.995178089879318661e-01,8.637790024794159138e-03,7.918444009872739331e-01,3.713354829599226081e-02,1.677488922258467061e-03,9.611889627817492565e-01,9.831499546590538596e-01,9.397731490114255917e-03,7.452313850831884454e-03,9.807078055109246240e-01,6.674829604528190706e-03,1.261736488454718447e-02
8.175000000000000711e+00,2.003119975967689315e-01,8.808860113618718554e-03,7.908791422896124246e-01,3.735884100994626977e-02,1.675117021822835478e-03,9.609660419682308774e-01,9.830511070313128208e-01,9.544699498522636605e-03,7.404193470164542601e-03,9.806967945917206553e-01,6.681418843997308406e-03,1.262178656428203719e-02
8.179999999999999716e+00,2.010921452471639559e-01,8.983679562673966071e-03,7.899241751901621145e-01,3.758407545712848241e-02,1.672758768578741333e-03,9.607431657742927511e-01,9.829426038822639544e-01,9.703313820163671222e-03,7.354082297572374360e-03,9.806858179269248854e-01,6.687996410136809802e-03,1.262618566293830479e-02
8.185000000000000497e+00,2.018564522430049413e-01,9.162264745711832387e-03,7.889812830112832298e-01,3.780924956741518739e-02,1.670414066783860617e-03,9.605203363658010307e-01,9.828231990799276563e-01,9.874894230075630802e-03,7.301906689996712913e-03,9.806748761059282948e-01,6.694562207688158594e-03,1.263056168638354571e-02
8.189999999999999503e+00,2.026030144196916127e-01,9.344624414023245534e-03,7.880523611662850758e-01,3.803436131480442128e-02,1.668082821560835189e-03,9.602975558636347442e-01,9.826914526946116668e-01,1.006095215904001007e-02,7.247595146348323122e-03,9.806639697082841778e-01,6.701116142266726194e-03,1.263491414944909602e-02
8.195000000000000284e+00,2.033298204017073008e-01,9.530758901281613862e-03,7.871394206970110385e-01,3.825940871659343212e-02,1.665764938887873397e-03,9.600748263445186836e-01,9.825456947478591330e-01,1.026322501107065563e-02,7.191080241070211404e-03,9.806530993038911070e-01,6.707658120348905344e-03,1.263924257575998675e-02
8.199999999999999289e+00,2.040285553723522050e-01,9.717402314248405060e-03,7.862540423133993484e-01,3.847832990187820962e-02,1.663556210173849957e-03,9.598581138879479502e-01,9.823867846079237243e-01,1.048009319059872192e-02,7.133122201477553811e-03,9.806426160129797509e-01,6.714244070864299960e-03,1.264313991615594913e-02
8.205000000000000071e+00,2.047006832724419523e-01,9.905921535250980514e-03,7.853933951923071088e-01,3.869404764941471175e-02,1.661409333277898744e-03,9.596445430173073943e-01,9.822119000149708290e-01,1.071472008417986496e-02,7.073379900849306040e-03,9.806323458148942240e-01,6.720848080264676602e-03,1.264680610484109936e-02
8.210000000000000853e+00,2.053473477535994463e-01,1.009792479171476784e-02,7.845547274546857963e-01,3.890967948375580188e-02,1.659274680476952859e-03,9.594310458357672156e-01,9.820172874348500613e-01,1.097129318051560422e-02,7.011419384634334437e-03,9.806221076934777958e-01,6.727441477716677651e-03,1.265045082880552653e-02
8.214999999999999858e+00,2.059662776125820993e-01,1.029337117077287408e-02,7.837403512166449815e-01,3.912522398584079852e-02,1.657152168244537720e-03,9.592176238459145798e-01,9.818000654258869364e-01,1.125270780522695524e-02,6.947226768886108350e-03,9.806119021553478809e-01,6.734024178890282708e-03,1.265407366576183634e-02
8.220000000000000639e+00,2.065551005392508854e-01,1.049220811440605174e-02,7.829526913463430438e-01,3.934067976929646326e-02,1.655041713795831360e-03,9.590042785169077266e-01,9.815568349775711798e-01,1.156235107533264660e-02,6.880813947096173569e-03,9.806017296988607246e-01,6.740596100166197126e-03,1.265767420097307916e-02
8.224999999999999645e+00,2.071113436139535580e-01,1.069437054240054800e-02,7.821942858436459201e-01,3.955604547982604496e-02,1.652943235079581703e-03,9.587910112850943634e-01,9.812835666239019261e-01,1.190420534410159721e-02,6.812228031996476682e-03,9.805915908142650572e-01,6.747157158625102791e-03,1.266125202710983999e-02
8.230000000000000426e+00,2.076324345114835546e-01,1.089977995620805724e-02,7.814677855323084454e-01,3.977131979461347860e-02,1.650856650770203592e-03,9.585778235546162929e-01,9.809754581891287906e-01,1.228297787286640463e-02,6.741563938004804801e-03,9.805814859838530850e-01,6.753707272038078982e-03,1.266480674410883599e-02
8.234999999999999432e+00,2.081157034950514018e-01,1.110834352939435443e-02,7.807759529755542438e-01,3.998650142173632016e-02,1.648781880259920932e-03,9.583647166980037158e-01,9.806267541917681463e-01,1.270426458942024162e-02,6.668981218811612099e-03,9.805714156820881655e-01,6.760246358856744804e-03,1.266833795905509055e-02
8.240000000000000213e+00,2.085583862867241567e-01,1.131995319141119657e-02,7.801216605218646016e-01,4.020158909959263560e-02,1.646718843650994473e-03,9.581516920567564322e-01,9.802305147512558881e-01,1.317475853606108957e-02,6.594726712683022379e-03,9.805613803757652347e-01,6.766774338203770250e-03,1.267184528603099505e-02
8.244999999999999218e+00,2.089576279030173345e-01,1.153448471255151368e-02,7.795078873844312195e-01,4.041658159633534919e-02,1.644667461748125893e-03,9.579387509419166058e-01,9.797783173649017296e-01,1.370251745643491503e-02,6.519165178663355320e-03,9.805513805241311553e-01,6.773291129864082889e-03,1.267532834600476263e-02
8.250000000000000000e+00,2.093104875450508551e-01,1.175179679910969867e-02,7.789377156558394688e-01,4.063147770932140634e-02,1.642627656050902859e-03,9.577258946346276502e-01,9.792598685499547262e-01,1.429731042503808516e-02,6.442821025007188646e-03,9.805414165790296011e-01,6.779796654276109245e-03,1.267878676669428883e-02
8.255000000000000782e+00,2.096139446325202271e-01,1.197173020900261370e-02,7.784143251584770828e-01,4.084627626456798638e-02,1.640599348746307404e-03,9.575131243866857877e-01,9.786624931605493183e-01,1.497107125528551221e-02,6.366435584165169512e-03,9.805314889850113014e-01,6.786290832523292869e-03,1.268222018246540489e-02
8.259999999999999787e+00,2.098649060686658963e-01,1.219410689937350072e-02,7.779409870319605735e-01,4.106097611622136490e-02,1.638582462701432046e-03,9.573004414210771751e-01,9.779704557744386406e-01,1.573849781708014373e-02,6.291046408481215657e-03,9.805215981794912494e-01,6.792773586325907310e-03,1.268562823418284413e-02
8.265000000000000568e+00,2.100602148196077934e-01,1.241872921895784826e-02,7.775210559614343930e-01,4.127557614603535874e-02,1.636576921456154481e-03,9.570878469325084792e-01,9.771640486710755358e-01,1.661785321008566602e-02,6.218098118838798205e-03,9.805117445928341890e-01,6.799244838033288024e-03,1.268901056913252293e-02
8.269999999999999574e+00,2.101966598855742052e-01,1.264537915926418864e-02,7.771579609551615420e-01,4.149007526285693886e-02,1.634582649216028034e-03,9.568753420879270166e-01,9.762183510278413801e-01,1.763204993340883667e-02,6.149599038749783281e-03,9.805019286485032737e-01,6.805704510616079894e-03,1.269236684088064643e-02
8.275000000000000355e+00,2.102709877329663746e-01,1.287381767981590243e-02,7.768551945872177455e-01,4.170447240212778184e-02,1.632599570845138723e-03,9.566629280270270153e-01,9.751015182442956952e-01,1.881013656517168189e-02,6.088345190532622880e-03,9.804921507631660926e-01,6.812152527659091038e-03,1.269569670917481546e-02
8.279999999999999361e+00,2.102799152455857856e-01,1.310378412383977204e-02,7.766163006305745187e-01,4.191876652538800013e-02,1.630627611859171346e-03,9.564506058627528784e-01,9.737723891362561890e-01,2.018936595236397666e-02,6.038244911379834351e-03,9.804824113468064706e-01,6.818588813353861251e-03,1.269899983983966904e-02
8.285000000000000142e+00,2.102201442392313269e-01,1.333499574179245785e-02,7.764448600189762795e-01,4.213295661979572782e-02,1.628666698418474498e-03,9.562383766817857955e-01,9.721770858013545347e-01,2.181811790989404698e-02,6.004796288751418354e-03,9.804727108028363780e-01,6.825013292492240931e-03,1.270227590467138193e-02
8.289999999999999147e+00,2.100883775672512666e-01,1.356714734094374188e-02,7.763444750918049309e-01,4.234704169764894055e-02,1.626716757321263265e-03,9.560262415450297979e-01,9.702440979507218621e-01,2.376010106520344903e-02,5.995800984074688839e-03,9.804630495282158353e-01,6.831425890459278706e-03,1.270552458132488682e-02
8.294999999999999929e+00,2.098813368244042132e-01,1.379991107985696283e-02,7.763187520957387511e-01,4.256102079592447018e-02,1.624777715996869642e-03,9.558142014880786075e-01,9.678770401763482356e-01,2.610050865178520363e-02,6.022451171866560760e-03,9.804534279135344033e-01,6.837826533227200215e-03,1.270874555323839653e-02
8.300000000000000711e+00,2.095957816333183232e-01,1.403293642695131391e-02,7.763712819397303733e-01,4.277489297581751199e-02,1.622849502499109373e-03,9.556022575216833737e-01,9.649437553814312896e-01,2.895522592625098673e-02,6.101018692317723702e-03,9.804438463431413009e-01,6.844215147348714674e-03,1.271193850950998530e-02
8.304999999999999716e+00,2.092285304712178107e-01,1.426585030235056305e-02,7.765056192264315760e-01,4.298865732229605052e-02,1.620932045499747258e-03,9.553904106322042011e-01,9.612595387719161666e-01,3.248492074051157613e-02,6.255540487572257280e-03,9.804343051952291166e-01,6.850591659951646775e-03,1.271510314481923663e-02
8.310000000000000497e+00,2.087764829650678167e-01,1.449825742183492860e-02,7.767252596130972409e-01,4.320231294366061459e-02,1.619025274281935553e-03,9.551786617820574588e-01,9.565606430335825694e-01,3.691715898290636594e-02,6.522197983511064667e-03,9.804248048419341721e-01,6.856955998732643977e-03,1.271823915933318477e-02
8.314999999999999503e+00,2.082366435508886948e-01,1.472974086094023562e-02,7.770336155881710782e-01,4.341585897111198411e-02,1.617129118733896765e-03,9.549670119101540955e-01,9.504612370596001725e-01,4.258209768875186735e-02,6.956665251647960180e-03,9.804153456494386631e-01,6.863308091951585491e-03,1.272134625860975136e-02
8.320000000000000284e+00,2.076061463581571620e-01,1.495986285592972205e-02,7.774339907859131316e-01,4.362929455832806336e-02,1.615243509342559596e-03,9.547554619323292968e-01,9.423812738926643506e-01,4.997188887927338924e-02,7.646837228062260128e-03,9.804059279780564795e-01,6.869647868426516889e-03,1.272442415351700273e-02
8.324999999999999289e+00,2.068822811432442788e-01,1.518816585655264131e-02,7.779295530002030556e-01,4.384261888104967059e-02,1.613368377187326085e-03,9.545440127417630372e-01,9.314214182242852580e-01,5.984291060803460793e-02,8.735671167680134075e-03,9.803965521823360119e-01,6.875975257528065161e-03,1.272747256013592385e-02
8.330000000000000071e+00,2.060625200578056482e-01,1.541417384311844808e-02,7.785233060990758291e-01,4.405583113667085188e-02,1.611503653933881028e-03,9.543326652093951923e-01,9.161381230649303653e-01,7.339807897792159641e-02,1.046379795714803829e-02,9.803872186111333153e-01,6.882290189174578021e-03,1.273049119969210663e-02
8.335000000000000853e+00,2.051448605146876658e-01,1.563732346701395687e-02,7.792178160182983149e-01,4.426883140636066194e-02,1.609650698855702054e-03,9.541215178947837217e-01,8.941315735667052511e-01,9.261710292997567262e-02,1.325132350331907627e-02,9.803779324331572953e-01,6.888593726074735205e-03,1.273347384076796950e-02
8.339999999999999858e+00,2.041276310641817193e-01,1.585704338790270077e-02,7.800153255479155279e-01,4.448152542432352863e-02,1.607810772510835130e-03,9.539106638031656926e-01,8.612444775655915263e-01,1.208918668629686000e-01,1.786365557143987370e-02,9.803686984061457110e-01,6.894886899710409717e-03,1.273641469414387925e-02
8.345000000000000639e+00,2.030084635682658234e-01,1.607295215834690996e-02,7.809185842733872285e-01,4.469410480230252836e-02,1.605981030757253330e-03,9.536999141669402213e-01,8.099581833069386949e-01,1.642792682993717279e-01,2.576254839368957716e-02,9.803595074350874850e-01,6.901167460984424830e-03,1.273932510392809109e-02
8.349999999999999645e+00,2.017858397747865906e-01,1.628452010382389764e-02,7.819296401213895464e-01,4.490656882879171669e-02,1.604161407724800535e-03,9.534892697634834713e-01,7.265426583480817380e-01,2.336509486017024351e-01,3.980639305021582697e-02,9.803503598464415880e-01,6.907435342090024674e-03,1.274220481146838731e-02
8.355000000000000426e+00,2.004585589819428693e-01,1.649120987300694077e-02,7.830502311450502351e-01,4.511891681187382708e-02,1.602351838098301819e-03,9.532787313500278303e-01,5.875611470660544455e-01,3.470412905969296191e-01,6.539756233701593535e-02,9.803412559614170796e-01,6.913690475742856681e-03,1.274505356284006373e-02
8.359999999999999432e+00,1.990257631416725292e-01,1.669247938459999039e-02,7.842817574737275255e-01,4.533114807886159947e-02,1.600552257111760145e-03,9.530682996640266191e-01,3.683015258359245703e-01,5.216315576894077211e-01,1.100669164746677087e-01,9.803321960960356130e-01,6.919932795176784827e-03,1.274787110878760135e-02
8.365000000000000213e+00,1.974869603421654241e-01,1.688778501094515688e-02,7.856252546468894815e-01,4.554326197594203707e-02,1.598762600542787474e-03,9.528579754235151356e-01,1.182302824043160588e-01,7.123010184910666398e-01,1.694686991046172597e-01,9.803231805612369065e-01,6.926162234139777475e-03,1.275065720462331686e-02
8.369999999999999218e+00,1.958420462341229906e-01,1.707658497328798028e-02,7.870813687925889424e-01,4.575525786782717180e-02,1.596982804706954763e-03,9.526477593274658151e-01,6.060129565680312524e-02,7.402929075798083680e-01,1.991057967633884651e-01,9.803142096629111624e-01,6.932378726890352054e-03,1.275341161019848471e-02
8.375000000000000000e+00,1.940913229659799455e-01,1.725834291772706044e-02,7.886503341162929281e-01,4.596713513741049195e-02,1.595212806452373563e-03,9.524376520561371740e-01,2.581995714585891832e-01,5.689472083073540132e-01,1.728532202340568036e-01,9.803052837020003185e-01,6.938582208193465502e-03,1.275613408980621685e-02
8.380000000000000782e+00,1.922355152046951454e-01,1.743253163511512827e-02,7.903319531601896708e-01,4.617889318543266092e-02,1.593452543154172873e-03,9.522276542714132042e-01,4.868021574579017297e-01,3.823819813677901136e-01,1.308158611743081012e-01,9.802964029745602215e-01,6.944772613317174922e-03,1.275882441212260361e-02
8.384999999999999787e+00,1.902757828404876839e-01,1.759863688284764305e-02,7.921255802766645759e-01,4.639053143014977565e-02,1.591701952709184383e-03,9.520177666171409925e-01,6.458045498996995981e-01,2.560322942617116460e-01,9.816315583858875593e-02,9.802875677718330127e-01,6.950949878029037167e-03,1.276148235013795096e-02
8.390000000000000568e+00,1.882137300071865527e-01,1.775616126170813727e-02,7.940301087311053552e-01,4.660204930701206810e-02,1.589960973530602124e-03,9.518079897194573480e-01,7.453181808165448841e-01,1.784474279470023295e-01,7.623439123645278648e-02,9.802787783803105226e-01,6.957113938592694898e-03,1.276410768109678337e-02
8.394999999999999574e+00,1.860514100948018335e-01,1.790462809688850646e-02,7.960439618083096081e-01,4.681344626834284262e-02,1.588229544542727779e-03,9.515983241871144305e-01,8.081392793438290090e-01,1.302498831051849271e-01,6.161083755098606396e-02,9.802700350817961095e-01,6.963264731764711585e-03,1.276670018643917895e-02
8.400000000000000355e+00,1.837913264859268314e-01,1.804358526923063519e-02,7.981650882448425577e-01,4.702472178302879308e-02,1.586507605175835464e-03,9.513887706117953869e-01,8.493171084715637198e-01,9.911298500229018260e-02,5.156990652614609760e-02,9.802613381534808212e-01,6.969402194791326707e-03,1.276925965172785206e-02
8.404999999999999361e+00,1.814364288131966596e-01,1.817260894074731320e-02,8.003909622460559925e-01,4.723587533621258217e-02,1.584795095360978833e-03,9.511793295684264349e-01,8.774433223226436596e-01,7.813233934263634495e-02,4.442433833471999549e-02,9.802526878680027922e-01,6.975526265405448609e-03,1.277178586659175920e-02
8.410000000000000142e+00,1.789901046092245707e-01,1.829130711770775644e-02,8.027185882730676347e-01,4.744690642899214439e-02,1.583091955525005269e-03,9.509700016154828406e-01,8.973935670219814753e-01,6.344226104036763958e-02,3.916417193765088511e-02,9.802440844934957598e-01,6.981636881823623936e-03,1.277427862468061628e-02
8.414999999999999147e+00,1.764561663011200154e-01,1.839932299516721173e-02,8.051445107037127347e-01,4.765781457812503369e-02,1.581398126585497861e-03,9.507607872952894557e-01,9.120169363319570177e-01,5.280837694966725171e-02,3.517468671837573058e-02,9.802355282936714431e-01,6.987733982743320194e-03,1.277673772358523668e-02
8.419999999999999929e+00,1.738388335883436220e-01,1.849633802878664079e-02,8.076648283828697927e-01,4.786859931573886340e-02,1.579713549945843372e-03,9.505516871343153706e-01,9.230418564184514896e-01,4.488801435939147877e-02,3.207012922215703166e-02,9.802270195278602882e-01,6.993817507339938552e-03,1.277916296479977322e-02
8.425000000000000711e+00,1.711427113304816727e-01,1.858207468312709706e-02,8.102752139863912406e-01,4.807926018904770671e-02,1.578038167490414473e-03,9.503427016434617958e-01,9.315566415137668255e-01,3.884300921262086315e-02,2.960034927361231138e-02,9.802185584510780814e-01,6.999887395264393908e-03,1.278155415365752473e-02
8.429999999999999716e+00,1.683727631605139718e-01,1.865629881034401236e-02,8.129709380291419984e-01,4.828979676006941307e-02,1.576371921579647253e-03,9.501338313183509410e-01,9.382704931780477819e-01,3.413153408385263821e-02,2.759797273809957985e-02,9.802101453140903420e-01,7.005943586640377488e-03,1.278391109926928053e-02
8.435000000000000497e+00,1.655342811246036105e-01,1.871882161914964135e-02,8.157468972562467169e-01,4.850020860535534523e-02,1.574714755045329923e-03,9.499250766395993528e-01,9.436600423880769917e-01,3.039219723963530045e-02,2.594776037228770788e-02,9.802017803634461846e-01,7.011986022061896147e-03,1.278623361449192017e-02
8.439999999999999503e+00,1.626328517298103737e-01,1.876950120099543651e-02,8.185976470691942453e-01,4.871049531571751412e-02,1.573066611185908875e-03,9.497164380730965805e-01,9.480545330265739423e-01,2.737716511640196984e-02,2.456830185702408784e-02,9.801934638415463752e-01,7.018014642590678087e-03,1.278852151586294672e-02
8.445000000000000284e+00,1.596743188534422986e-01,1.880824358841664060e-02,8.215174375581411059e-01,4.892065649596628873e-02,1.571427433761762426e-03,9.495079160702719623e-01,9.516870116080771158e-01,2.491224001394668972e-02,2.340074837797619448e-02,9.801851959867029507e-01,7.024029389754246448e-03,1.279077462354280201e-02
8.449999999999999289e+00,1.566647440298103433e-01,1.883500332916344250e-02,8.245002526410262211e-01,4.913069176464844590e-02,1.569797166990684898e-03,9.492995110683608573e-01,9.547260504753989352e-01,2.287227131697450178e-02,2.240167820762656303e-02,9.801769770331768550e-01,7.030030205543156760e-03,1.279299276127998826e-02
8.455000000000000071e+00,1.536103646798164246e-01,1.884978356883552572e-02,8.275398517513481433e-01,4.934060075379509414e-02,1.568175755543282012e-03,9.490912234906616618e-01,9.572959674884752301e-01,2.116557344182389000e-02,2.153845906970087987e-02,9.801688072112384464e-01,7.036017032409136451e-03,1.279517575635241711e-02
8.460000000000000853e+00,1.505175508847622912e-01,1.885263564400827332e-02,8.306298134712294390e-01,4.955038310866774487e-02,1.566563144538497690e-03,9.488830537467937143e-01,9.594900466273300621e-01,1.972379332132714186e-02,2.078616005134279604e-02,9.801606867472179019e-01,7.041989813262906905e-03,1.279732343951919121e-02
8.464999999999999858e+00,1.473927613274003678e-01,1.884365819700129299e-02,8.337635804755982871e-01,4.976003848751503478e-02,1.564959279539180964e-03,9.486750022329458742e-01,9.613793845222932122e-01,1.849516583490573921e-02,2.012544964280104862e-02,9.801526158635365249e-01,7.047948491471910971e-03,1.279943564499156500e-02
8.470000000000000639e+00,1.442424990285565700e-01,1.882299583212887137e-02,8.369345051393145551e-01,4.996956656133018371e-02,1.563364106547650723e-03,9.484670693321221036e-01,9.630189356316608551e-01,1.743992831161772505e-02,1.954113605672141984e-02,9.801445947787887913e-01,7.053893010858709213e-03,1.280151221035250031e-02
8.474999999999999645e+00,1.410669036289223244e-01,1.879079774931441751e-02,8.401422986217632616e-01,5.017960735440613051e-02,1.561769104068773308e-03,9.482586235415251252e-01,9.644543503789808625e-01,1.652545484255607891e-02,1.902019477846305859e-02,9.801365985159835592e-01,7.059814468774204543e-03,1.280358701524223625e-02
8.480000000000000426e+00,1.378052049710635496e-01,1.874655571774358140e-02,8.434482393111929488e-01,5.039688669117321773e-02,1.560085601783694608e-03,9.480430277070430733e-01,9.657431251386102700e-01,1.571251568423038397e-02,1.854435917715934606e-02,9.801283655892171209e-01,7.065619110368187225e-03,1.280601530041469184e-02
8.484999999999999432e+00,1.345369509516850248e-01,1.869073124625607665e-02,8.467723178020588604e-01,5.061404241143682703e-02,1.558411177567253433e-03,9.478275464109958692e-01,9.668800134765949128e-01,1.500267767985360122e-02,1.811730884355148424e-02,9.801201883160761685e-01,7.071407931545118861e-03,1.280840375237871261e-02
8.490000000000000213e+00,1.312688735048212485e-01,1.862365086573209913e-02,8.501074756294465518e-01,5.083107406183427768e-02,1.556745775006126336e-03,9.476121801631596231e-01,9.678885121425772065e-01,1.437934715157489218e-02,1.773214070584790136e-02,9.801120669079875780e-01,7.077180875716488663e-03,1.281075221629593419e-02
8.494999999999999218e+00,1.280075319818670676e-01,1.854567858068568997e-02,8.534467894374472285e-01,5.104798120327795619e-02,1.555089338142295148e-03,9.473969294585797840e-01,9.687876996689419595e-01,1.382913105792992967e-02,1.738316927312811080e-02,9.801040015724578058e-01,7.082937886804240371e-03,1.281306054073795379e-02
8.500000000000000000e+00,1.247592747728020202e-01,1.845721216673414100e-02,8.567835130604638527e-01,5.126476341069655107e-02,1.553441811468610429e-03,9.471817947778348179e-01,9.695932010159873382e-01,1.334112553161267110e-02,1.706567345239998895e-02,9.800959925131400574e-01,7.088678909239375797e-03,1.281532857762056679e-02
8.505000000000000782e+00,1.215302046415473458e-01,1.835867928469784444e-02,8.601111160737547889e-01,5.148142027277892441e-02,1.551803139924357077e-03,9.469667765872967768e-01,9.703179148332375936e-01,1.290638188250922518e-02,1.677570328425317947e-02,9.800880399298446122e-01,7.094403887959915660e-03,1.281755618219547130e-02
8.509999999999999787e+00,1.183261480691840395e-01,1.825053347459166739e-02,8.634233184562242203e-01,5.169795139172321530e-02,1.550173268890880007e-03,9.467518753393859843e-01,9.709725678243066316e-01,1.251750133651914967e-02,1.650993083917421875e-02,9.800801440186108771e-01,7.100112768409476242e-03,1.281974321297964584e-02
8.515000000000000568e+00,1.151526288067757642e-01,1.813325009110278510e-02,8.667141211021214264e-01,5.191435638299021077e-02,1.548552144187304372e-03,9.465370914728225005e-01,9.715661416572516362e-01,1.216832429954138768e-02,1.626553404320697782e-02,9.800723049717330326e-01,7.105805496535618805e-03,1.282188953173134943e-02
8.519999999999999574e+00,1.120148457513166357e-01,1.800732223932529838e-02,8.699778320093580763e-01,5.213063487506262167e-02,1.546939712066253830e-03,9.463224254128711488e-01,9.721062048608104522e-01,1.185368981311456932e-02,1.604010532607497846e-02,9.800645229778138789e-01,7.111482018788373334e-03,1.282399500339774859e-02
8.525000000000000355e+00,1.089176551718752661e-01,1.787325676540395952e-02,8.732090880627207952e-01,5.234678650920457366e-02,1.545335919209639506e-03,9.461078775715857647e-01,9.725991731472207746e-01,1.156924768174544781e-02,1.583157917103377582e-02,9.800567982217891494e-01,7.117142282118613106e-03,1.282605949609223750e-02
8.529999999999999361e+00,1.058655572346104828e-01,1.773157035180687388e-02,8.764028724135827231e-01,5.256281093923079878e-02,1.543740712724480388e-03,9.458934483480447852e-01,9.730505152916231193e-01,1.131131051375306763e-02,1.563817419462381481e-02,9.800491308849741401e-01,7.122786233976651296e-03,1.282808288104920862e-02
8.535000000000000142e+00,1.028626867034796166e-01,1.758278576124656586e-02,8.795545275352737447e-01,5.277870783127638910e-02,1.542154040138823479e-03,9.456791381285848397e-01,9.734649172193072797e-01,1.107673628589122411e-02,1.545834649480149620e-02,9.800415211451167785e-01,7.128413822311042286e-03,1.283006503257217920e-02
8.539999999999999147e+00,9.991280763145146682e-02,1.742742826713991958e-02,8.826597641014085616e-01,5.299447686356983239e-02,1.540575849397614935e-03,9.454649472870325644e-01,9.738464137369265972e-01,1.086283445219031647e-02,1.529075181088308637e-02,9.800339691764022865e-01,7.134024995566695150e-03,1.283200582803101925e-02
8.544999999999999929e+00,9.701931180447555259e-02,1.726602230205831826e-02,8.857146658934661465e-01,5.321011772621483948e-02,1.539006088858714755e-03,9.452508761849264252e-01,9.741984950117996700e-01,1.066729036022166267e-02,1.513421462797866733e-02,9.800264751495310067e-01,7.139619702684113847e-03,1.283390514778487944e-02
8.550000000000000711e+00,9.418522065824146139e-02,1.709908834916672865e-02,8.887156909925918447e-01,5.342563012096934738e-02,1.537444707288911690e-03,9.450369251717417596e-01,9.745241931941235336e-01,1.048810401119956714e-02,1.498770279467689925e-02,9.800190392317269517e-01,7.145197893097779591e-03,1.283576287517526962e-02
8.554999999999999716e+00,9.141319035607117782e-02,1.692714009529826258e-02,8.916596695486305180e-01,5.364101376103476426e-02,1.535891653859958314e-03,9.448230945851052720e-01,9.748261533131699075e-01,1.032354013892806434e-02,1.485030654790202818e-02,9.800116615867744407e-01,7.150759516734799502e-03,1.283757889649075890e-02
8.560000000000000497e+00,8.870551969393668246e-02,1.675068185822048764e-02,8.945437984478428195e-01,5.385626837084486751e-02,1.534346878144703238e-03,9.446093847510104169e-01,9.751066916351029956e-01,1.017208728101283953e-02,1.472122108388416485e-02,9.800043423750767202e-01,7.156304524014009752e-03,1.283935310090927005e-02
8.564999999999999503e+00,8.606416048625219195e-02,1.657020629498552958e-02,8.973656332187622819e-01,5.407139368585917732e-02,1.532810330113250005e-03,9.443957959840275640e-01,9.753678439603827854e-01,1.003242403965004872e-02,1.459973199996716584e-02,9.799970817536662882e-01,7.161832865844386560e-03,1.284108538048932616e-02
8.570000000000000284e+00,8.349073008182410216e-02,1.638619239307662068e-02,9.001230775250993466e-01,5.428638945236222146e-02,1.531281960129107084e-03,9.441823285875087235e-01,9.756114058003431122e-01,9.903391125464388114e-03,1.448520307419249968e-02,9.799898798762458618e-01,7.167344493624170157e-03,1.284277563012996802e-02
8.574999999999999289e+00,8.098652566263285502e-02,1.619910374143109996e-02,9.028143705959360554e-01,5.450125542726233507e-02,1.529761718945484667e-03,9.439689828537921601e-01,9.758389659611599320e-01,9.783968079739408311e-03,1.437706595910065964e-02,9.799827368932295668e-01,7.172839359239547262e-03,1.284442374753088506e-02
8.580000000000000071e+00,7.855253998837603835e-02,1.600938707444126904e-02,9.054380729371827030e-01,5.471599137789842637e-02,1.528249557701524906e-03,9.437557590644001237e-01,9.760519347468273876e-01,9.673253801983082087e-03,1.427481145118953028e-02,9.799756529517755776e-01,7.178317415063627596e-03,1.284602963316079476e-02
8.585000000000000853e+00,7.618947826447594607e-02,1.581747107860904944e-02,9.079930506569149351e-01,5.493059708184640233e-02,1.526745427918642286e-03,9.435426574902349151e-01,9.762515677474671305e-01,9.570450188719666074e-03,1.417798206381320342e-02,9.799686281957979972e-01,7.183778613955219168e-03,1.284759319024678451e-02
8.589999999999999858e+00,7.389777583126852512e-02,1.562376544879511865e-02,9.104784587199363788e-01,5.514507232673088177e-02,1.525249281496883968e-03,9.433296783917722861e-01,9.764389859880117095e-01,9.474848328536756084e-03,1.408616568345153440e-02,9.799616627660310275e-01,7.189222909257936625e-03,1.284911432471103586e-02
8.595000000000000639e+00,7.167761639473803348e-02,1.542866017883438162e-02,9.128937234264276057e-01,5.535941691004066245e-02,1.523761070711336521e-03,9.431168220192480689e-01,9.766151930622026800e-01,9.385816807255392691e-03,1.399899013054192731e-02,9.799547568000364084e-01,7.194650254799024244e-03,1.285059294516456736e-02
8.599999999999999645e+00,6.952895054412126796e-02,1.523252506967069132e-02,9.152385243862081188e-01,5.557363063894524974e-02,1.522280748208536781e-03,9.429040886128462473e-01,9.767810897584308094e-01,9.302791762757937899e-03,1.391611847881125269e-02,9.799479104322421641e-01,7.200060604888387956e-03,1.285202896286944882e-02
8.605000000000000426e+00,6.745151432818240200e-02,1.503570943709820959e-02,9.175127762347193849e-01,5.578771333011810218e-02,1.520808267003005438e-03,9.426914784028789240e-01,9.769374865900264382e-01,9.225268396767313459e-03,1.383724501320624835e-02,9.799411237939683605e-01,7.205453914317487725e-03,1.285342229171415260e-02
8.609999999999999432e+00,6.544484768898983784e-02,1.483854200058728340e-02,9.197166103104228441e-01,5.600166480955807990e-02,1.519343580473722080e-03,9.424789916099682863e-01,9.770851145674408489e-01,9.152793704809250239e-03,1.376209172774990087e-02,9.799343970134732906e-01,7.210830138358636718e-03,1.285477284816807265e-02
8.615000000000000213e+00,6.350831257852740386e-02,1.464133093444764701e-02,9.218503564870249578e-01,5.621548491241888656e-02,1.517886642360680898e-03,9.422666284452204666e-01,9.772246344899542247e-01,9.084960228685308101e-03,1.369040528136046715e-02,9.799277302159592473e-01,7.216189232763639549e-03,1.285608055127711313e-02
8.619999999999999218e+00,6.164111061007714054e-02,1.444436406276805238e-02,9.239145253271547897e-01,5.642917348283860157e-02,1.516437406761541587e-03,9.420543891103998480e-01,9.773566449857918892e-01,9.021400670428281199e-03,1.362195434377982961e-02,9.799211235236184869e-01,7.221531153763166913e-03,1.285734532261834616e-02
8.625000000000000000e+00,5.984498540751602425e-02,1.424821659046673211e-02,9.259067980020172506e-01,5.664224655748236609e-02,1.515001716801927904e-03,9.418427517257156323e-01,9.774815032103726375e-01,8.961886703641817192e-03,1.355661008598554526e-02,9.799145911383124741e-01,7.226863885193482787e-03,1.285854497649404314e-02
8.630000000000000782e+00,5.811640080542329612e-02,1.405287899720008421e-02,9.278307201973765572e-01,5.685510892980086273e-02,1.513574566042808281e-03,9.416313165041563238e-01,9.775998790113591408e-01,8.906020286495361024e-03,1.349410070214549819e-02,9.799081210357505345e-01,7.232180764454123646e-03,1.285969819979534273e-02
8.634999999999999787e+00,5.645372847919247206e-02,1.385852906315850931e-02,9.296877424576489579e-01,5.706783923006564230e-02,1.512154948898268266e-03,9.414200058210361322e-01,9.777122526289145910e-01,8.853512607444229479e-03,1.343423476364117956e-02,9.799017110102281602e-01,7.237480450083049952e-03,1.286080853968878980e-02
8.640000000000000568e+00,5.485569821126570766e-02,1.366537621343287545e-02,9.314789255753014308e-01,5.728043734569278345e-02,1.510742821104999129e-03,9.412088198332022593e-01,9.778190334683931617e-01,8.804117328230918332e-03,1.337684920337591996e-02,9.798953611720455648e-01,7.242762900260909034e-03,1.286187592769352621e-02
8.644999999999999574e+00,5.332095780620470932e-02,1.347361216833050518e-02,9.332054300254647439e-01,5.749290317214356821e-02,1.509338138738748614e-03,9.409977586891176138e-01,9.779205960506646145e-01,8.757610179867278064e-03,1.332179376946810746e-02,9.798890716286485780e-01,7.248028073637999454e-03,1.286290029771342339e-02
8.650000000000000355e+00,5.184808600708492449e-02,1.328341164477926488e-02,9.348685023481357881e-01,5.770523661277459498e-02,1.507940858211190196e-03,9.407868225290142439e-01,9.780172835687119814e-01,8.713786631543752464e-03,1.326892979974426609e-02,9.798828424846388607e-01,7.253275929333439197e-03,1.286388158602769921e-02
8.654999999999999361e+00,5.043560452037999797e-02,1.309493309357867910e-02,9.364694623860413403e-01,5.791743757868968168e-02,1.506550936266736829e-03,9.405760114850435505e-01,9.781094110248198525e-01,8.672459841773408340e-03,1.321812913340673912e-02,9.798766738418270839e-01,7.258506426934342552e-03,1.286481973123857273e-02
8.660000000000000142e+00,4.908198915061369461e-02,1.290831946175889644e-02,9.380096913876274645e-01,5.812950598859462081e-02,1.505168329979487615e-03,9.403653256814258343e-01,9.781972680041698398e-01,8.633458853391331664e-03,1.316927314243882853e-02,9.798705657992299312e-01,7.263719526494965759e-03,1.286571467427510308e-02
8.664999999999999147e+00,4.778568005621933179e-02,1.272369897049911540e-02,9.394906209732816205e-01,5.834144176865287135e-02,1.503792996750141732e-03,9.401547652345969563e-01,9.782811211325704859e-01,8.596626999808449146e-03,1.312225186762106498e-02,9.798645184531057373e-01,7.268915188535929849e-03,1.286656635835833201e-02
8.669999999999999929e+00,4.654509114640355272e-02,1.254118590018033635e-02,9.409137229534160207e-01,5.855324485234734977e-02,1.502424894302999961e-03,9.399443302533496691e-01,9.783612162588686267e-01,8.561820494733094269e-03,1.307696324639827899e-02,9.798585318969952329e-01,7.274093374043370634e-03,1.286737472896139559e-02
8.675000000000000711e+00,4.535861864544121769e-02,1.236088137521702476e-02,9.422804999793417124e-01,5.876491518034005629e-02,1.501063980682894230e-03,9.397340208389769467e-01,9.784377803970190079e-01,8.528907181620092731e-03,1.303331242136089932e-02,9.798526062217119970e-01,7.279254044468079152e-03,1.286813973381992389e-02
8.679999999999999716e+00,4.422464885630263132e-02,1.218287414233608021e-02,9.435924770013612850e-01,5.897645270033806397e-02,1.499710214252327270e-03,9.395238370854096521e-01,9.785110234577039101e-01,8.497765422507918415e-03,1.299121111978817147e-02,9.798467415154018534e-01,7.284397161724844201e-03,1.286886132287330328e-02
8.685000000000000497e+00,4.314156515950550580e-02,1.200724133689968012e-02,9.448511935035948106e-01,5.918785736696020872e-02,1.498363553688433379e-03,9.393137790793513187e-01,9.785811397953506630e-01,8.468283108769380715e-03,1.295057709587995633e-02,9.798409378635375422e-01,7.289522688191578045e-03,1.286953944827087977e-02
8.689999999999999503e+00,4.210775428617729438e-02,1.183404923275876292e-02,9.460581964810639288e-01,5.939912914160468127e-02,1.497023957980175325e-03,9.391038469004151512e-01,9.786483095927870357e-01,8.440356778727849119e-03,1.291133362848511518e-02,9.798351953489605748e-01,7.294630586708603440e-03,1.287017406433082177e-02
8.695000000000000284e+00,4.112161190625834156e-02,1.166335397190337506e-02,9.472150341218383840e-01,5.961026799232151119e-02,1.495691386425397271e-03,9.388940406212531453e-01,9.787127001029005680e-01,8.413890829149462888e-03,1.287340906794996916e-02,9.798295140519091007e-01,7.299720820577782800e-03,1.287076512751311741e-02
8.699999999999999289e+00,4.018154757401695698e-02,1.149520227090960675e-02,9.483232501550734606e-01,5.982127389368649406e-02,1.494365798628034901e-03,9.386843603076854281e-01,9.787744667639366458e-01,8.388796809369580484e-03,1.283673642669377370e-02,9.798238940500010319e-01,7.304793353561784414e-03,1.287131259643718370e-02
8.705000000000000071e+00,3.928598907339592161e-02,1.132963210181698460e-02,9.493843788247871007e-01,6.003214682667525753e-02,1.493047154495276765e-03,9.384748060188294883e-01,9.788337542031007033e-01,8.364992788303698273e-03,1.280125300859559848e-02,9.798183354183177540e-01,7.309848149883392890e-03,1.287181643179885308e-02
8.710000000000000853e+00,3.843338620571702668e-02,1.116667334566005115e-02,9.503999404486229707e-01,6.024288677854238577e-02,1.491735414234806288e-03,9.382653778072228556e-01,9.788906971411268643e-01,8.342402785868755985e-03,1.276690007300437975e-02,9.798128382293713745e-01,7.314885174224653938e-03,1.287227659640397155e-02
8.714999999999999858e+00,3.762221406150539904e-02,1.100634841737384642e-02,9.513714375211207441e-01,6.045349374270218151e-02,1.490430538352050058e-03,9.380560757189457810e-01,9.789454212088128937e-01,8.320956261432395709e-03,1.273362252975471058e-02,9.798074025531628983e-01,7.319904391726172674e-03,1.287269305511092900e-02
8.720000000000000639e+00,3.685097581721605287e-02,1.084867286124292611e-02,9.523003513215410054e-01,6.066396771860695092e-02,1.489132487647440439e-03,9.378468997937455809e-01,9.789980436853835677e-01,8.300587652846044481e-03,1.270136866177038783e-02,9.798020284571764549e-01,7.324905767986359881e-03,1.287306577483718524e-02
8.724999999999999645e+00,3.611820509633193593e-02,1.069365591645329676e-02,9.531881389872147725e-01,6.087430871163564128e-02,1.487841223213752766e-03,9.376378500651505465e-01,9.790486741670381132e-01,8.281235960426654510e-03,1.267008987253523226e-02,9.797967160064252612e-01,7.329889269060598476e-03,1.287339472451413946e-02
8.730000000000000426e+00,3.542246793257594617e-02,1.054130105262131648e-02,9.540362310148027269e-01,6.108451673297674023e-02,1.486556706433425634e-03,9.374289265605898480e-01,9.790974151732805275e-01,8.262844370945189587e-03,1.263974045577428290e-02,9.797914652634545085e-01,7.334854861460643298e-03,1.287367987508484732e-02
8.734999999999999432e+00,3.476236437136115409e-02,1.039160647547595316e-02,9.548460291531628563e-01,6.129459179951785019e-02,1.485278898975949270e-03,9.372201293015062218e-01,9.791443626975002701e-01,8.245359917287101159e-03,1.261027738521262875e-02,9.797862762883708942e-01,7.339802512153752005e-03,1.287392119947535288e-02
8.740000000000000213e+00,3.413652974359621811e-02,1.024456560308298521e-02,9.556189046533207776e-01,6.150453393373486732e-02,1.484007762795219211e-03,9.370114583034698796e-01,9.791896067077696664e-01,8.228733169967319960e-03,1.258166012226301367e-02,9.797811491388589422e-01,7.344732188561972977e-03,1.287411867257908481e-02
8.744999999999999218e+00,3.354363564396419667e-02,1.010016751320987408e-02,9.563561968428259119e-01,6.171434316358314492e-02,1.482743260126992554e-03,9.368029135762898640e-01,9.792332316027893002e-01,8.212917957138269817e-03,1.255385044007242996e-02,9.797760838702018749e-01,7.349643858561391574e-03,1.287427227123673357e-02
8.750000000000000000e+00,3.298239064394103276e-02,9.958397362582411053e-03,9.570592119934765440e-01,6.192401952239267454e-02,1.481485353486341376e-03,9.365944951241209626e-01,9.792753166277248233e-01,8.197871110122514210e-03,1.252681226215266244e-02,9.797710805353037067e-01,7.354537490481417167e-03,1.287438197421487615e-02
8.755000000000000782e+00,3.245154076754553502e-02,9.819236778904241736e-03,9.577292224535501886e-01,6.213356304876312131e-02,1.480234005665122428e-03,9.363862029455717328e-01,9.793159362538101931e-01,8.183552231844581915e-03,1.250051151434522501e-02,9.797661391847132251e-01,7.359413053104043277e-03,1.287444776218273079e-02
8.759999999999999787e+00,3.194986975611453089e-02,9.682664226619754760e-03,9.583674660172656345e-01,6.234297378645949073e-02,1.478989179729460479e-03,9.361780370338110835e-01,9.793551605253854042e-01,8.169923485836944402e-03,1.247491598877765138e-02,9.797612598666289863e-01,7.364270515662988889e-03,1.287446961770802485e-02
8.765000000000000568e+00,3.147619914610571418e-02,9.548655347455478962e-03,9.589751455064388086e-01,6.255225178431367272e-02,1.477750839017302796e-03,9.359699973766689718e-01,9.793930553775126446e-01,8.156949403757199693e-03,1.244999521873015567e-02,9.797564426269290694e-01,7.369109847843072214e-03,1.287444752522785840e-02
8.769999999999999574e+00,3.102938818239802873e-02,9.417183276845412024e-03,9.595534285407566477e-01,6.276139709612320317e-02,1.476518947135960821e-03,9.357620839567408755e-01,9.794296829270141558e-01,8.144596709583715177e-03,1.242572036340212904e-02,9.797516875091929478e-01,7.373931019779459556e-03,1.287438147102759264e-02
8.775000000000000355e+00,3.060874052569197840e-02,9.288379152093182919e-03,9.601028803222149133e-01,6.297005858079103569e-02,1.475297444116623015e-03,9.355546439750922483e-01,9.794650582914343762e-01,8.132859765540808791e-03,1.240208194302481505e-02,9.797470012438842524e-01,7.378740832608033685e-03,1.287425792350771481e-02
8.779999999999999361e+00,3.021295841763016465e-02,9.162143031094463139e-03,9.606248985512754190e-01,6.317837226982210563e-02,1.474084731312584129e-03,9.353475429988652445e-01,9.794992566495908104e-01,8.121697761677291322e-03,1.237904558873189828e-02,9.797423809755888557e-01,7.383536701176462817e-03,1.287408232323468057e-02
8.785000000000000142e+00,2.984075044910041580e-02,9.038342489490555284e-03,9.611209070614090688e-01,6.338655349313104814e-02,1.472878330759177807e-03,9.351405681761097988e-01,9.795323573087608704e-01,8.111067154234905680e-03,1.235657553700422392e-02,9.797378225699346910e-01,7.388314431073341078e-03,1.287386299899196881e-02
8.789999999999999147e+00,2.949112858701920248e-02,8.916943487024684561e-03,9.615919279259561581e-01,6.359460232985379713e-02,1.471678207317334225e-03,9.349337194628288827e-01,9.795644093303136346e-01,8.100942088282573825e-03,1.233464858140379157e-02,9.797333260617422379e-01,7.393073994172913270e-03,1.287359994408484795e-02
8.794999999999999929e+00,2.916314002091145718e-02,8.797910749549770273e-03,9.620389492295388090e-01,6.380251886352947266e-02,1.470484326103870887e-03,9.347269968103666393e-01,9.795954591111351029e-01,8.091298211136594559e-03,1.231324267772830258e-02,9.797288914836460583e-01,7.397815362791678936e-03,1.287329315356226279e-02
8.800000000000000711e+00,2.885586646565135166e-02,8.681207962708660866e-03,9.624629255716400378e-01,6.401030318201052227e-02,1.469296652489188258e-03,9.345204001655003090e-01,9.796255505585371726e-01,8.082112568728230112e-03,1.229233687273459733e-02,9.797245188660979043e-01,7.402538509687554488e-03,1.287294262421454123e-02
8.804999999999999716e+00,2.856842341036520960e-02,8.566797949508079060e-03,9.628647786401266506e-01,6.421795537737838566e-02,1.468115152095044330e-03,9.343139294705266051e-01,9.796547252517235904e-01,8.073363510221760742e-03,1.227191123805464884e-02,9.797202082373900334e-01,7.407243408059126406e-03,1.287254835455084109e-02
8.810000000000000497e+00,2.829995932357696337e-02,8.454642832804951796e-03,9.632453978436180675e-01,6.442547554585537073e-02,1.466939790792281921e-03,9.341075846633524193e-01,9.796830225910349021e-01,8.065030600141355824e-03,1.225194680882374203e-02,9.797159596236789669e-01,7.411930031544934801e-03,1.287211034477609914e-02
8.814999999999999503e+00,2.804965482376128513e-02,8.344704183698106736e-03,9.636056409925405353e-01,6.463286378772367669e-02,1.465770534698643355e-03,9.339013656775776440e-01,9.797104799360077942e-01,8.057094537337607457e-03,1.223242552665459830e-02,9.797117730489779408e-01,7.416598354222594773e-03,1.287162859679946356e-02
8.820000000000000284e+00,2.781672182327375037e-02,8.236943156755320572e-03,9.639463350199709568e-01,6.484012020724130854e-02,1.464607350176580372e-03,9.336952724425821026e-01,9.797371327331962920e-01,8.049537080192504385e-03,1.221333018661120359e-02,9.797076485352073094e-01,7.421248350608171916e-03,1.287110311418451780e-02
8.824999999999999289e+00,2.760040265289065084e-02,8.131320612985545176e-03,9.642682767341238526e-01,6.504724491256223817e-02,1.463450203831130831e-03,9.334893048836067075e-01,9.797630146346306690e-01,8.042340977520030451e-03,1.219464438784930056e-02,9.797035861021818892e-01,7.425879995655266380e-03,1.287053390216284440e-02
8.830000000000000071e+00,2.739996917328119119e-02,8.027797231408489304e-03,9.645722335953104132e-01,6.525423801565710669e-02,1.462299062507691752e-03,9.332834629218351719e-01,9.797881576076904464e-01,8.035489904671200626e-03,1.217635248763835297e-02,9.796995857676520369e-01,7.430493264754281686e-03,1.286992096759368223e-02
8.835000000000000853e+00,2.721472187898490297e-02,7.926333610036879335e-03,9.648589445109782003e-01,6.546109963223376016e-02,1.461153893289992081e-03,9.330777464744761662e-01,9.798125920371255626e-01,8.028968404401029199e-03,1.215843955847340820e-02,9.796956475473057591e-01,7.435088133731730838e-03,1.286926431896251097e-02
8.839999999999999858e+00,2.704398899984576665e-02,7.826890357045658206e-03,9.651291206431086289e-01,6.566782988166107449e-02,1.460014663497938162e-03,9.328721554548409234e-01,9.798363468198174608e-01,8.022761832095668191e-03,1.214089134808687097e-02,9.796917714547823675e-01,7.439664578849235384e-03,1.286856396636839803e-02
8.845000000000000639e+00,2.688712560407123531e-02,7.729428172845504395e-03,9.653834462230832525e-01,6.587442888689465370e-02,1.458881340685565025e-03,9.326666897724197325e-01,9.798594494529023757e-01,8.016856304995868127e-03,1.212369424210175614e-02,9.796879575017020114e-01,7.444222576802938217e-03,1.286781992149504950e-02
8.849999999999999645e+00,2.674351270672626485e-02,7.633907923758316040e-03,9.656225793695154547e-01,6.608089677440148746e-02,1.457753892638984214e-03,9.324613493329594327e-01,9.798819261158034921e-01,8.011238655087292090e-03,1.210683522910921579e-02,9.796842056976622359e-01,7.448762104722506973e-03,1.286703219761525796e-02
8.855000000000000426e+00,2.661255638679800931e-02,7.540290707930818841e-03,9.658471529052711224e-01,6.628723367408556610e-02,1.456632287374339842e-03,9.322561340385400186e-01,9.799038017466031869e-01,8.005896385358006115e-03,1.209030186803880698e-02,9.796805160502765064e-01,7.453283140170514735e-03,1.286620080955297798e-02
8.859999999999999432e+00,2.649368691557269992e-02,7.448537914093514289e-03,9.660577751703337546e-01,6.649343971921976848e-02,1.455516493135812148e-03,9.320510437876444731e-01,9.799251001132553984e-01,8.000817629150426546e-03,1.207408225759417503e-02,9.796768885651784275e-01,7.457785661141433896e-03,1.286532577368013769e-02
8.865000000000000213e+00,2.638635789864833894e-02,7.358611273731860240e-03,9.662550308276198763e-01,6.669951504637214312e-02,1.454406478393600226e-03,9.318460784752342629e-01,9.799458438799872884e-01,7.995991112360253950e-03,1.205816500765245769e-02,9.796733232460260732e-01,7.462269646060908437e-03,1.286440710791301838e-02
8.869999999999999218e+00,2.629004543356177823e-02,7.270472907200706096e-03,9.664394816592375426e-01,6.690545979533826793e-02,1.453302211841991281e-03,9.316412379928197263e-01,9.799660546692965379e-01,7.991406118257259397e-03,1.204253921244620266e-02,9.796698200945410662e-01,7.466735073784950757e-03,1.286344483167398307e-02
8.875000000000000000e+00,2.620424728458059516e-02,7.184085364271795664e-03,9.666116673511475632e-01,6.711127410907255508e-02,1.452203662397385207e-03,9.314365222285300172e-01,9.799857531198530314e-01,7.987052454720524816e-03,1.202719442542644381e-02,9.796663791105025831e-01,7.471181923598992775e-03,1.286243896589842409e-02
8.880000000000000782e+00,2.612848207605390077e-02,7.099411659580805688e-03,9.667721062643652719e-01,6.731695813362201242e-02,1.451110799196359945e-03,9.312319310671816064e-01,9.800049589406641948e-01,7.982920423702591362e-03,1.201212063563321386e-02,9.796630002917813274e-01,7.475610175217133058e-03,1.286138953300153959e-02
8.884999999999999787e+00,2.606228850534157010e-02,7.016415303400186723e-03,9.669212961912583282e-01,6.752251201805756220e-02,1.450023591593781278e-03,9.310274643903486691e-01,9.800236909616768521e-01,7.979000792749145823e-03,1.199730824557400204e-02,9.796596836343303139e-01,7.480019808781210484e-03,1.286029655688847653e-02
8.890000000000000568e+00,2.600522457616743013e-02,6.935060328137495310e-03,9.670597150956951049e-01,6.772793591441547689e-02,1.448942009160905913e-03,9.308231220764235925e-01,9.800419671812194977e-01,7.975284768418399242e-03,1.198274805036210304e-02,9.796564291322270579e-01,7.484410804860038360e-03,1.285916006291290374e-02
8.894999999999999574e+00,2.595686685301730121e-02,6.855311310930008520e-03,9.671878218360526747e-01,6.793322997762714366e-02,1.447866021683489332e-03,9.306189040006893620e-01,9.800598048103834614e-01,7.971763971456454975e-03,1.196843121816008361e-02,9.796532367776689121e-01,7.488783144448383534e-03,1.285798007788270525e-02
8.900000000000000355e+00,2.591680973699858268e-02,6.777133392678074374e-03,9.673060568703233386e-01,6.813839436545995887e-02,1.446795599159968236e-03,9.304148100353800688e-01,9.800772203146457251e-01,7.968430413597489895e-03,1.195434927175678501e-02,9.796501065609937164e-01,7.493136808966239550e-03,1.285675663004004488e-02
8.904999999999999361e+00,2.588466476350987158e-02,6.700492293837356957e-03,9.674148429426526752e-01,6.834342923845537765e-02,1.445730711799592247e-03,9.302108400497450802e-01,9.800942294529240151e-01,7.965276475867829817e-03,1.194049407120815511e-02,9.796470384707001156e-01,7.497471780257825708e-03,1.285548974904205874e-02
8.910000000000000142e+00,2.586005992178800825e-02,6.625354327264046557e-03,9.675145857509479530e-01,6.854833475986904512e-02,1.444671330020652535e-03,9.300069939101103245e-01,9.801108473141969535e-01,7.962294888284093819e-03,1.192685779751895270e-02,9.796440324934460042e-01,7.501788040590750932e-03,1.285417946596324398e-02
8.914999999999999147e+00,2.584263899641284570e-02,6.551686408383635210e-03,9.676056745952035243e-01,6.875311109560983125e-02,1.443617424448613313e-03,9.298032714799414622e-01,9.801270883519156429e-01,7.959478710843192334e-03,1.191343293724116473e-02,9.796410886140811680e-01,7.506085572655106508e-03,1.285282581326372547e-02
8.919999999999999929e+00,2.583206093067731690e-02,6.479456062937509128e-03,9.676884830063851028e-01,6.895775841418272378e-02,1.442568965914406594e-03,9.295996726199028393e-01,9.801429664163502364e-01,7.956821315712141532e-03,1.190021226793762203e-02,9.796382068156493927e-01,7.510364359562508516e-03,1.285142882478809874e-02
8.925000000000000711e+00,2.582799921164943141e-02,6.408631432538012054e-03,9.677633693558125305e-01,6.916227688663174888e-02,1.441525925452647600e-03,9.293961971879155515e-01,9.801584947849617535e-01,7.954316370530425256e-03,1.188718884450782123e-02,9.796353870794097807e-01,7.514624384845228731e-03,1.284998853574498973e-02
8.929999999999999716e+00,2.582961475069889615e-02,6.339784071734056413e-03,9.678306011775670292e-01,6.936441653220870585e-02,1.440512128126671511e-03,9.291950713396646133e-01,9.801735392419484993e-01,7.952059193815230395e-03,1.187440156423627026e-02,9.796326493570527427e-01,7.518916135587251984e-03,1.284843450736000529e-02
8.935000000000000497e+00,2.583558472093797423e-02,6.273784886087711149e-03,9.678906303929742938e-01,6.956064292284358519e-02,1.439564804162292910e-03,9.289997922729941182e-01,9.801878903939607035e-01,7.950199089214623344e-03,1.186191051682467315e-02,9.796300217212510208e-01,7.523319911679558769e-03,1.284665836706942038e-02
8.939999999999999503e+00,2.584688365236870525e-02,6.209029737275426931e-03,9.679440866103558028e-01,6.975674315532837122e-02,1.438622461518047164e-03,9.288046343831536378e-01,9.802019424355746802e-01,7.948467789949866663e-03,1.184958977447545317e-02,9.796274509465621172e-01,7.527706367611462432e-03,1.284484268582642037e-02
8.945000000000000284e+00,2.586325928731246504e-02,6.145491338540495438e-03,9.679912493741470447e-01,6.995271747090206493e-02,1.437685074307518433e-03,9.286095974547904364e-01,9.802157058219541641e-01,7.946860379664398913e-03,1.183743379838143699e-02,9.796249370156349112e-01,7.532075486674130738e-03,1.284298749769095804e-02
8.949999999999999289e+00,2.588446995348808038e-02,6.083142972177307123e-03,9.680323870743346992e-01,7.014856611221739757e-02,1.436752616821411780e-03,9.284146812709611618e-01,9.802291906040951908e-01,7.945372146925561152e-03,1.182543724897924808e-02,9.796224799095740732e-01,7.536427252521425701e-03,1.284109283790450112e-02
8.955000000000000071e+00,2.591028413127314384e-02,6.021958485532787585e-03,9.680677573831940608e-01,7.034428932330202833e-02,1.435825063526098610e-03,9.282198856131718134e-01,9.802424064476469301e-01,7.943998575059507683e-03,1.181359497729356223e-02,9.796200796079692630e-01,7.540761649169205362e-03,1.283915874286153253e-02
8.960000000000000853e+00,2.594048003740052552e-02,5.961912286181945964e-03,9.680976076764175042e-01,7.053988734951971429e-02,1.434902389062129571e-03,9.280252102614181542e-01,9.802553626507463091e-01,7.942735332571169635e-03,1.180190201668252122e-02,9.796177360888840280e-01,7.545078660994400908e-03,1.283718525012157025e-02
8.964999999999999858e+00,2.597484522462404841e-02,5.902979336375366835e-03,9.681221754390005874e-01,7.073536043753009261e-02,1.433984568242718848e-03,9.278306549942272330e-01,9.802680681608728630e-01,7.941578264110654706e-03,1.179035357501648229e-02,9.796154493288825593e-01,7.549378272734407792e-03,1.283517239838303375e-02
8.970000000000000639e+00,2.601317619689676175e-02,5.845135146844542169e-03,9.681416886562586033e-01,7.093070883525329218e-02,1.433071576052398445e-03,9.276362195886942441e-01,9.802805315907571204e-01,7.940523381950949713e-03,1.177894502729192987e-02,9.796132193030407942e-01,7.553660469486310307e-03,1.283312022747289463e-02
8.974999999999999645e+00,2.605527803958197774e-02,5.788355770047179903e-03,9.681563661903708207e-01,7.112593279183100636e-02,1.432163387645465176e-03,9.274419038205234944e-01,9.802927612334855212e-01,7.939566857944033856e-03,1.176767190857044496e-02,9.796110459849567409e-01,7.557925236706028969e-03,1.283102877833722927e-02
8.980000000000000426e+00,2.610096406424961338e-02,5.732617792926511524e-03,9.681664181428237814e-01,7.132103255759159044e-02,1.431259978344662058e-03,9.272477074640637085e-01,9.803047650767764409e-01,7.938705015924762270e-03,1.175652990729879679e-02,9.796089293467540315e-01,7.562172560207572856e-03,1.282889809303839473e-02
8.984999999999999432e+00,2.615005546758105565e-02,5.677898329250525081e-03,9.681720462031684349e-01,7.151600838401256377e-02,1.430361323639696425e-03,9.270536302923477745e-01,9.803165508165183617e-01,7.937934324534726138e-03,1.174551485894691216e-02,9.796068693591079013e-01,7.566402426162245100e-03,1.282672821472985447e-02
8.990000000000000213e+00,2.620238100390726022e-02,5.624175011593770569e-03,9.681734439844990048e-01,7.171086052368622066e-02,1.429467399185904621e-03,9.268596720771278274e-01,9.803281258695878408e-01,7.937251390439006848e-03,1.173462273997315231e-02,9.796048659912474088e-01,7.570614821097895221e-03,1.282451918765469684e-02
8.994999999999999218e+00,2.625777667091339432e-02,5.571425983014847982e-03,9.681707973460716987e-01,7.190558923028654570e-02,1.428578180802826279e-03,9.266658325889106651e-01,9.803394973860051209e-01,7.936652951912285744e-03,1.172384966208259334e-02,9.796029192109643180e-01,7.574809731898047432e-03,1.282227105713763457e-02
9.000000000000000000e+00,2.631608540808232435e-02,5.519629888485492498e-03,9.681642847034321875e-01,7.210019475853285398e-02,1.427693644472872699e-03,9.264721115969941634e-01,9.803506722604837798e-01,7.936135872770611402e-03,1.171319186674560885e-02,9.796010289846350805e-01,7.578987145801111339e-03,1.281998386956380818e-02
9.005000000000000782e+00,2.637715680739272442e-02,5.468765866110922129e-03,9.681540773264963873e-01,7.229467736415637336e-02,1.426813766339931917e-03,9.262785088695036917e-01,9.803616571433619864e-01,7.935697136628417150e-03,1.170264572000959645e-02,9.795991952772278299e-01,7.583147050399597841e-03,1.281765767237257221e-02
9.009999999999999787e+00,2.644084683582392792e-02,5.418813538186490787e-03,9.681403396259895544e-01,7.248903730387144806e-02,1.425938522708109077e-03,9.260850241734204236e-01,9.803724584510145057e-01,7.935333841460516860e-03,1.169220770752497744e-02,9.795974180522932784e-01,7.587289433639190193e-03,1.281529251406753056e-02
9.015000000000000568e+00,2.650701756928978622e-02,5.369753002130545419e-03,9.681232294285797568e-01,7.268327483533851274e-02,1.425067890040302657e-03,9.258916572746211937e-01,9.803830823757102575e-01,7.935043194450878273e-03,1.168187442983886423e-02,9.795956972720263334e-01,7.591414283818082205e-03,1.281288844415558528e-02
9.019999999999999574e+00,2.657553693748182164e-02,5.321564821321108328e-03,9.681028982411971073e-01,7.287739021713461607e-02,1.424201844956963278e-03,9.256984079379084740e-01,9.803935348949974760e-01,7.934822507111178799e-03,1.167164259789134524e-02,9.795940328972132516e-01,7.595521589585992051e-03,1.281044551320075636e-02
9.025000000000000355e+00,2.664627847931909377e-02,5.274230015874738567e-03,9.680794915048061000e-01,7.307138370872290345e-02,1.423340364234768583e-03,9.255052759270423479e-01,9.804038217806280153e-01,7.934669190652549400e-03,1.166150902871943527e-02,9.795924248872980300e-01,7.599611339943346949e-03,1.280796377275862305e-02
9.029999999999999361e+00,2.671912110849443411e-02,5.227730053389288527e-03,9.680531488381163285e-01,7.326525557042054548e-02,1.422483424805326760e-03,9.253122610047741503e-01,9.804139486070250209e-01,7.934580751596444909e-03,1.165147064137853419e-02,9.795908732003476560e-01,7.603683524240442693e-03,1.280544327541190130e-02
9.035000000000000142e+00,2.679394888880128403e-02,5.182046839678322581e-03,9.680240042715204662e-01,7.345900606337044114e-02,1.421631003753915171e-03,9.251193629328756662e-01,9.804239207593653527e-01,7.934554787609689186e-03,1.164152445302495814e-02,9.795893777931022894e-01,7.607738132176589292e-03,1.280288407472112214e-02
9.039999999999999147e+00,2.687065081881066797e-02,5.137162709519163713e-03,9.679921864716701796e-01,7.365263544951122787e-02,1.420783078318238512e-03,9.249265814721704393e-01,9.804337434412438990e-01,7.934588983551432370e-03,1.163166757520466867e-02,9.795879386209657147e-01,7.611775153799253159e-03,1.280028622523503301e-02
9.044999999999999929e+00,2.694912062557467888e-02,5.093060417433509582e-03,9.679578189569918445e-01,7.384614399154712516e-02,1.419939625887110422e-03,9.247339163825657460e-01,9.804434216819937209e-01,7.934681107719394888e-03,1.162189721028688422e-02,9.795865556380110029e-01,7.615794579503120353e-03,1.279764978248587592e-02
9.050000000000000711e+00,2.702925656693819928e-02,5.049723128519502217e-03,9.679210203045423011e-01,7.403953195292130307e-02,1.419100623999296857e-03,9.245413674230793522e-01,9.804529603436469287e-01,7.934829008284023655e-03,1.161221064806904762e-02,9.795852287970026051e-01,7.619796400029234425e-03,1.279497480296816134e-02
9.054999999999999716e+00,2.711096124216358372e-02,5.007134409349971345e-03,9.678819043484864215e-01,7.423279959778734949e-02,1.418266050342247356e-03,9.243489343518703771e-01,9.804623641275717061e-01,7.935030609900051504e-03,1.160260526252824241e-02,9.795839580494073440e-01,7.623780606464155077e-03,1.279226134412850095e-02
9.060000000000000497e+00,2.719414141051512690e-02,4.965278218951885321e-03,9.678405803705329991e-01,7.442594719098130640e-02,1.417435882750859482e-03,9.241566169262678265e-01,9.804716375807891460e-01,7.935283910485166001e-03,1.159307850872568803e-02,9.795827433453980770e-01,7.627747190238960695e-03,1.278950946436296227e-02
9.064999999999999503e+00,2.727870781745933559e-02,4.924138899877333019e-03,9.677971532826633583e-01,7.461897499799524658e-02,1.416610099206338244e-03,9.239644149027983477e-01,9.804807851020025389e-01,7.935586978156735846e-03,1.158362791984072528e-02,9.795815846338632449e-01,7.631696143128445173e-03,1.278671922300830995e-02
9.070000000000000284e+00,2.736457502820913504e-02,4.883701169379766130e-03,9.677517238024111457e-01,7.481188328495207152e-02,1.415788677834957073e-03,9.237723280372129864e-01,9.804898109473515477e-01,7.935937948317452889e-03,1.157425110433099938e-02,9.795804818624200827e-01,7.635627457250097894e-03,1.278389068032981940e-02
9.074999999999999289e+00,2.745166126827159117e-02,4.843950110701753832e-03,9.677043886210267010e-01,7.500467231857632644e-02,1.414971596906901188e-03,9.235803560845167182e-01,9.804987192359085890e-01,7.936335020881960314e-03,1.156494574320945067e-02,9.795794349774376020e-01,7.639541125063288411e-03,1.278102389749910875e-02
9.080000000000000071e+00,2.753988827072177334e-02,4.804871164484215799e-03,9.676552405647940169e-01,7.519734236617209300e-02,1.414158834835056982e-03,9.233884987989928739e-01,9.805075139548943275e-01,7.936776457636542798e-03,1.155570958746912971e-02,9.795784439240190489e-01,7.643437139368202196e-03,1.277811893661274893e-02
9.085000000000000853e+00,2.762918112993700825e-02,4.766450120304277158e-03,9.676043687497587475e-01,7.538989369559541409e-02,1.413350370173924349e-03,9.231967559342306728e-01,9.805161989647035448e-01,7.937260579724773196e-03,1.154654045557168204e-02,9.795775086460427605e-01,7.647315493305056541e-03,1.277517586065218293e-02
9.089999999999999858e+00,2.771946816149741324e-02,4.728673108345566103e-03,9.675518587301570328e-01,7.558232657523204778e-02,1.412546181618422976e-03,9.230051272431495368e-01,9.805247780036590033e-01,7.937785765251916675e-03,1.153743623108908004e-02,9.795766290861354086e-01,7.651176180352979930e-03,1.277219473351161143e-02
9.095000000000000639e+00,2.781367192779451644e-02,4.690608714311995595e-03,9.674957193578934689e-01,7.578031332434688461e-02,1.411689557533674436e-03,9.228079971181194496e-01,9.805335307627132124e-01,7.938135911668042083e-03,1.152833332561874549e-02,9.795758126605462746e-01,7.654874232298695784e-03,1.276931310715502879e-02
9.099999999999999645e+00,2.790941815239234361e-02,4.652989264171559364e-03,9.674375925834360901e-01,7.597942470466165221e-02,1.410824964540935813e-03,9.226097503307973957e-01,9.805422422809346727e-01,7.938478227212527119e-03,1.151927949185280013e-02,9.795750573423140928e-01,7.658521653993077306e-03,1.276642100369283078e-02
9.105000000000000426e+00,2.800598543862899137e-02,4.616005354884420743e-03,9.673780092064866443e-01,7.617841561522947780e-02,1.409964848336527424e-03,9.224116195364340243e-01,9.805508552729189642e-01,7.938858374392933348e-03,1.151028635268810246e-02,9.795743618021216514e-01,7.662150151555497703e-03,1.276348804632285172e-02
9.109999999999999432e+00,2.810330911627259565e-02,4.579643494697091879e-03,9.673170473890303489e-01,7.637728628937176523e-02,1.409109186539335163e-03,9.222136045240888480e-01,9.805593732502110305e-01,7.939274842697602308e-03,1.150135190709136723e-02,9.795737259671076780e-01,7.665759722502480007e-03,1.276051431038984288e-02
9.115000000000000213e+00,2.820132738671832923e-02,4.543890519733099521e-03,9.672547820935485374e-01,7.657603696133158389e-02,1.408257956915373761e-03,9.220157050817531230e-01,9.805677996141088926e-01,7.939726172424348485e-03,1.149247421346675894e-02,9.795731497630949525e-01,7.669350364724757466e-03,1.275749987218029007e-02
9.120000000000000995e+00,2.829998120129422270e-02,4.508733585807919546e-03,9.671912852128978777e-01,7.677466786624177753e-02,1.407411137376523257e-03,9.218179209963817122e-01,9.805761376597306178e-01,7.940210952673488337e-03,1.148365138759589385e-02,9.795726331146139554e-01,7.672922076486023667e-03,1.275444480890002008e-02
9.125000000000000000e+00,2.839921414478572062e-02,4.474160160407913110e-03,9.671266256948063411e-01,7.697317924010110834e-02,1.406568705979441758e-03,9.216202520539193976e-01,9.805843905798754534e-01,7.940727819433106294e-03,1.147488160069144031e-02,9.795721759449080857e-01,7.676474856421713032e-03,1.275134919867020045e-02
9.130000000000000782e+00,2.849897232396223293e-02,4.440158014836727805e-03,9.670608696612009725e-01,7.717157131974315687e-02,1.405730640924342028e-03,9.214226980393325217e-01,9.805925614687489578e-01,7.941275453752448185e-03,1.146616307749859405e-02,9.795717781759533116e-01,7.680008703537770029e-03,1.274821312050891838e-02
9.134999999999999787e+00,2.859920426092463219e-02,4.406715216529503813e-03,9.669940805225458735e-01,7.736984434280995415e-02,1.404896920553863051e-03,9.212252587366361878e-01,9.806006533255278157e-01,7.941852579997759135e-03,1.145749409447442517e-02,9.795714397284556174e-01,7.683523617209256189e-03,1.274503665433512553e-02
9.140000000000000568e+00,2.869986079099364970e-02,4.373820121534724610e-03,9.669263190874716196e-01,7.756799854772478131e-02,1.404067523351891500e-03,9.210279339289233480e-01,9.806086690577353604e-01,7.942457964187334130e-03,1.144887297807730547e-02,9.795711605218797580e-01,7.687019597179266771e-03,1.274181988094097440e-02
9.144999999999999574e+00,2.880089496502051538e-02,4.341461367163386952e-03,9.668576436678161246e-01,7.776603417366696747e-02,1.403242427942471898e-03,9.208307233983905604e-01,9.806166114845267234e-01,7.943090412401137418e-03,1.144029810307213915e-02,9.795709404744376014e-01,7.690496643557467524e-03,1.273856288200493105e-02
9.150000000000000355e+00,2.890226195586302962e-02,4.309627864804322674e-03,9.667881101793326382e-01,7.796395146054384273e-02,1.402421613088665172e-03,9.206336269263675209e-01,9.806244833397800287e-01,7.943748769261252396e-03,1.143176789095871893e-02,9.795707795031158849e-01,7.693954756818960176e-03,1.273526574006515408e-02
9.154999999999999361e+00,2.900391896888790400e-02,4.278308792906143285e-03,9.667177722382059857e-01,7.816175064896613289e-02,1.401605057691430621e-03,9.204366442933424874e-01,9.806322872751144226e-01,7.944431916479793160e-03,1.142328080840578422e-02,9.795706775236824315e-01,7.697393937802803586e-03,1.273192853851476403e-02
9.160000000000000142e+00,2.910582515630140421e-02,4.247493590122564285e-03,9.666466812535760011e-01,7.835943198022388145e-02,1.400792740788522200e-03,9.202397752789875929e-01,9.806400258627371302e-01,7.945138771470608777e-03,1.141483536579226098e-02,9.795706344506874830e-01,7.700814187710898311e-03,1.272855136160161785e-02
9.164999999999999147e+00,2.920794153514635894e-02,4.217171948620856807e-03,9.665748865162328007e-01,7.855699569625904100e-02,1.399984641553399332e-03,9.200430196621874890e-01,9.806477015982003609e-01,7.945868286021859003e-03,1.140643011577778011e-02,9.795706501975074421e-01,7.704215508106571075e-03,1.272513429438598687e-02
9.169999999999999929e+00,2.931023090880291448e-02,4.187333807550477557e-03,9.665024352836466548e-01,7.875444203964439283e-02,1.399180739294159613e-03,9.198463772210614398e-01,9.806553169030223227e-01,7.946619445026007617e-03,1.139806365195166968e-02,9.795707246762986875e-01,7.707597900913197402e-03,1.272167742278811423e-02
9.175000000000000711e+00,2.941265779185156179e-02,4.157969346671508415e-03,9.664293728614770096e-01,7.895177125355734571e-02,1.398381013452441608e-03,9.196498477329901888e-01,9.806628741272285232e-01,7.947391265265059748e-03,1.138973460750641702e-02,9.795708577980550835e-01,7.710961368412935259e-03,1.271818083353198209e-02
9.179999999999999716e+00,2.951518833814162357e-02,4.129068980138973950e-03,9.663557426817194207e-01,7.914898358175780080e-02,1.397585443602396803e-03,9.194534309746398293e-01,9.806703755517730547e-01,7.948182794247478367e-03,1.138144165397946689e-02,9.795710494726037609e-01,7.714305913245393664e-03,1.271464461415084540e-02
9.185000000000000497e+00,2.961779027191304564e-02,4.100623350441767040e-03,9.662815863776451630e-01,7.934607926856424021e-02,1.396794009449592181e-03,9.192571267219861175e-01,9.806778233908637343e-01,7.948993109095199572e-03,1.137318350004106610e-02,9.795712996086116675e-01,7.717631538406235364e-03,1.271106885298209713e-02
9.189999999999999503e+00,2.972043282187548929e-02,4.072623322493400949e-03,9.662069438556311063e-01,7.954305855883177234e-02,1.396006690830024462e-03,9.190609347503381210e-01,9.806852197941874349e-01,7.949821315477329300e-03,1.136495889033523575e-02,9.795716081136018882e-01,7.720938247245856707e-03,1.270745363915225593e-02
9.195000000000000284e+00,2.982308665806807091e-02,4.045059977871787171e-03,9.661318533640601558e-01,7.973992169792942786e-02,1.395223467709037421e-03,9.188648548343615330e-01,9.806925668490754644e-01,7.950666546589183967e-03,1.135676660433535164e-02,9.795719748939553106e-01,7.724226043467966041e-03,1.270379906257672331e-02
9.199999999999999289e+00,2.992572383141775538e-02,4.017924609206216698e-03,9.660563515593759698e-01,7.993666893172032828e-02,1.394444320180341767e-03,9.186688867480993226e-01,9.806998665825440442e-01,7.951527962173824890e-03,1.134860545528213090e-02,9.795723998549255018e-01,7.727494931128193328e-03,1.270010521394630484e-02
9.205000000000000071e+00,3.002831771585186271e-02,3.991208714707507148e-03,9.659804735694406119e-01,8.013330050653554026e-02,1.393669228464966938e-03,9.184730302649994904e-01,9.807071209632884923e-01,7.952404747584487094e-03,1.134047428912702063e-02,9.795728829006615790e-01,7.730744914632878446e-03,1.269637218470554343e-02
9.210000000000000853e+00,3.013084295287538072e-02,3.964903992839824767e-03,9.659042530542848448e-01,8.032981666915768593e-02,1.392898172910277078e-03,9.182772851579319440e-01,9.807143319035777074e-01,7.953296112885562333e-03,1.133237198353673029e-02,9.795734239341900018e-01,7.733975998737378961e-03,1.269260006707262009e-02
9.214999999999999858e+00,3.023327539848453399e-02,3.939002337130602556e-03,9.658277222643848470e-01,8.052621766679861348e-02,1.392131133988969670e-03,9.180816511992124784e-01,9.807215012610901450e-01,7.954201291990769390e-03,1.132429744691908560e-02,9.795740228574553177e-01,7.737188188544977252e-03,1.268878895399970508e-02
9.220000000000000639e+00,3.033559207232872090e-02,3.913495831116158008e-03,9.657509120965551697e-01,8.072250374707820586e-02,1.391368092298116881e-03,9.178861281606236489e-01,9.807286308406575337e-01,7.955119541836560074e-03,1.131624961750590623e-02,9.795746795713023980e-01,7.740381489505246404e-03,1.268493893919235560e-02
9.224999999999999645e+00,3.043777110901824470e-02,3.888376743419344993e-03,9.656738521475624060e-01,8.091867515800491018e-02,1.390609028558133621e-03,9.176907158134369746e-01,9.807357223959810577e-01,7.956050141588816293e-03,1.130822746243012600e-02,9.795753939755115214e-01,7.743555907412714469e-03,1.268105011707576502e-02
9.230000000000000426e+00,3.053979171148459709e-02,3.863637522957239639e-03,9.655965707655581598e-01,8.111473214795755782e-02,1.389853923611873753e-03,9.174954139284305921e-01,9.807427776312346301e-01,7.956992391882045448e-03,1.130022997688332441e-02,9.795761659687874934e-01,7.746711448405447197e-03,1.267712258280705856e-02
9.234999999999999432e+00,3.064163410630303674e-02,3.839270794275776322e-03,9.655190950994211319e-01,8.131067496566392327e-02,1.389102758423627852e-03,9.173002222759124580e-01,9.807497982026446293e-01,7.957945614088642039e-03,1.129225618326672870e-02,9.795769954487894005e-01,7.749848118963647246e-03,1.267315643224695143e-02
9.240000000000000213e+00,3.074327950090726541e-02,3.815269353008400761e-03,9.654414511460843729e-01,8.150650386018258586e-02,1.388355514078198601e-03,9.171051406257392236e-01,9.807567857199844807e-01,7.958909149617728052e-03,1.128430513039779121e-02,9.795778823121210621e-01,7.752965925908097272e-03,1.266915176197084061e-02
9.245000000000000995e+00,3.084471004256886598e-02,3.791626161454538305e-03,9.653636637959766009e-01,8.170221908088431961e-02,1.387612171779941707e-03,9.169101687473357742e-01,9.807637417480469244e-01,7.959882359241578914e-03,1.127637589271149668e-02,9.795788264543451307e-01,7.756064876398815512e-03,1.266510866925605466e-02
9.250000000000000000e+00,3.094590877914103061e-02,3.768334344278325820e-03,9.652857568765805807e-01,8.189782087743383010e-02,1.386872712851863624e-03,9.167153064097143256e-01,9.807706678080103657e-01,7.960864622448679193e-03,1.126846756954095509e-02,9.795798277700124013e-01,7.759144977933583008e-03,1.266102725205401486e-02
9.255000000000000782e+00,3.104685962140067007e-02,3.745387184320876466e-03,9.652077531942785393e-01,8.209330949977355907e-02,1.386137118734660084e-03,9.165205533814917427e-01,9.807775653788186609e-01,7.961855336822216272e-03,1.126057928435912278e-02,9.795808861526477118e-01,7.762206238346450876e-03,1.265690760900583731e-02
9.259999999999999787e+00,3.114800694324658045e-02,3.722684880158647330e-03,9.651293081765947024e-01,8.228957587407625951e-02,1.385396944885222041e-03,9.163250271810384762e-01,9.807844764022261019e-01,7.962821341255610710e-03,1.125270225651828736e-02,9.795820116293394442e-01,7.765223110733763222e-03,1.265276525992679174e-02
9.265000000000000568e+00,3.125168475421982728e-02,3.699750851124008859e-03,9.650485643946561387e-01,8.249119903921903196e-02,1.384608965900571611e-03,9.161241919948804879e-01,9.807916105436587095e-01,7.963594561739676531e-03,1.124479489460161394e-02,9.795832583695287532e-01,7.768063545241503387e-03,1.264867808522974341e-02
9.269999999999999574e+00,3.135504360763458759e-02,3.677158320827603449e-03,9.649677980715377634e-01,8.269270654887558858e-02,1.383825018877157852e-03,9.159234684322472564e-01,9.807987203822807754e-01,7.964374556055843490e-03,1.123690506166338116e-02,9.795845656264700052e-01,7.770884057520369148e-03,1.264455031600962565e-02
9.275000000000000355e+00,3.145806964220364960e-02,3.654900742267497889e-03,9.648870296155288573e-01,8.289409862542937435e-02,1.383045084395429728e-03,9.157228562901751356e-01,9.808058073180654368e-01,7.965160757121699311e-03,1.122903192481286387e-02,9.795859332764097482e-01,7.773684660450452463e-03,1.264038206313979930e-02
9.279999999999999361e+00,3.156074976101705398e-02,3.632971719382566134e-03,9.648062785196003244e-01,8.309537549183837468e-02,1.382269143158673490e-03,9.155223553650029267e-01,9.808128727117341183e-01,7.965952614488085518e-03,1.122117467377779614e-02,9.795873611945391524e-01,7.776465367273265386e-03,1.263617343818758225e-02
9.285000000000000142e+00,3.166307159890011796e-02,3.611365003136520618e-03,9.647255633979633371e-01,8.329653737161313298e-02,1.381497175992119075e-03,9.153219654523947479e-01,9.808199178859448031e-01,7.966749593796104700e-03,1.121333252025909222e-02,9.795888492549924553e-01,7.779226191590109425e-03,1.263192455341743611e-02
9.289999999999999147e+00,3.176502349115323948e-02,3.590074487709835581e-03,9.646449020211368408e-01,8.349758448879675277e-02,1.380729163841938525e-03,9.151216863473613516e-01,9.808269441264609867e-01,7.967551176255119674e-03,1.120550469728389363e-02,9.795903973308617285e-01,7.781967147360063265e-03,1.262763552177820908e-02
9.294999999999999929e+00,3.186659444360460947e-02,3.569094206795464519e-03,9.645643113495998566e-01,8.369851706794548263e-02,1.379965087774350863e-03,9.149215178442801077e-01,9.808339526832297040e-01,7.968356858140334190e-03,1.119769045862996186e-02,9.795920052941974321e-01,7.784688248898301820e-03,1.262330645690426523e-02
9.300000000000000711e+00,3.196777410391576230e-02,3.548418329996671280e-03,9.644838075660876475e-01,8.389933533410809385e-02,1.379204928974653039e-03,9.147214597369172084e-01,9.808409447714677709e-01,7.969166150309842447e-03,1.118988907822238664e-02,9.795936730160371697e-01,7.787389510874205382e-03,1.261893747308862404e-02
9.304999999999999716e+00,3.206855273412048679e-02,3.528041159324198789e-03,9.644034061065553942e-01,8.410003951280425882e-02,1.378448668746337169e-03,9.145215118184494285e-01,9.808479215726840783e-01,7.969978577739655554e-03,1.118209984957626614e-02,9.795954003664079091e-01,7.790070948309600618e-03,1.261452868528249033e-02
9.310000000000000497e+00,3.216892118428255065e-02,3.507957125789197984e-03,9.643231216899281755e-01,8.430062983000860544e-02,1.377696288510145113e-03,9.143216738814812228e-01,9.808548842356745734e-01,7.970793679076253885e-03,1.117432208524917273e-02,9.795971872143258707e-01,7.792732576576769966e-03,1.261008020909736016e-02
9.314999999999999503e+00,3.226887086729887666e-02,3.488160786090805428e-03,9.642429683466102741e-01,8.450110651212996982e-02,1.376947769803170104e-03,9.141219457180669306e-01,9.808618338774743872e-01,7.971611006205811881e-03,1.116655511631980090e-02,9.795990334278215084e-01,7.795374411396707379e-03,1.260559216078178425e-02
9.320000000000000284e+00,3.236839373471449982e-02,3.468646819393703205e-03,9.641629594458918096e-01,8.470146978599216170e-02,1.376203094277987432e-03,9.139223271197298715e-01,9.808687715842905330e-01,7.972430123839330252e-03,1.115879829187013672e-02,9.796009388739456147e-01,7.797996468837283847e-03,1.260106465721710228e-02
9.324999999999999289e+00,3.246748225358993961e-02,3.449410024196027536e-03,9.640831077222139500e-01,8.490171987881797722e-02,1.375462243701759332e-03,9.137228178774802201e-01,9.808756984123949696e-01,7.973250609113401513e-03,1.115105097849162889e-02,9.796029034187784257e-01,7.800598765311334871e-03,1.259649781591024031e-02
9.330000000000000071e+00,3.256612938431548143e-02,3.430445315282465782e-03,9.640034253004020615e-01,8.510185701820696669e-02,1.374725199955281101e-03,9.135234177818377654e-01,9.808826153889804722e-01,7.974072051205115252e-03,1.114331255981441254e-02,9.796049269274343940e-01,7.803181317574692417e-03,1.259189175499091443e-02
9.335000000000000853e+00,3.266432855934364027e-02,3.411747720761337029e-03,9.639239237198949928e-01,8.530188143212284746e-02,1.373991945032223888e-03,9.133241266228450117e-01,9.808895235129928558e-01,7.974894050961533337e-03,1.113558243604561085e-02,9.796070092640899452e-01,7.805744142724525651e-03,1.258724659318552833e-02
9.339999999999999858e+00,3.276207366283320072e-02,3.393312379184032154e-03,9.638446139579827099e-01,8.550179334887259008e-02,1.373262461038205970e-03,9.131249441900891606e-01,9.808964237559426591e-01,7.975716220542192897e-03,1.112786002351514800e-02,9.796091502919759275e-01,7.808287258197293967e-03,1.258256244982677852e-02
9.345000000000000639e+00,3.285935901112152502e-02,3.375134536743019508e-03,9.637655064521355452e-01,8.570159299709004252e-02,1.372536730189933846e-03,9.129258702727200969e-01,9.809033170626832998e-01,7.976538183074857388e-03,1.112014475424184280e-02,9.796113498733927116e-01,7.810810681766868283e-03,1.257783944484042009e-02
9.349999999999999645e+00,3.295617933401016886e-02,3.357209544547431340e-03,9.636866111214423825e-01,8.590128060571983193e-02,1.371814734814370872e-03,9.127269046594658208e-01,9.809102043521513714e-01,7.977359572323382969e-03,1.111243607552524562e-02,9.796136078697245120e-01,7.813314431542700902e-03,1.257307769873278712e-02
9.355000000000000426e+00,3.305252975684330047e-02,3.339532855973386012e-03,9.636079373871833109e-01,8.610085640400058637e-02,1.371096457347900253e-03,9.125280471386515435e-01,9.809170865181001675e-01,7.978180032367531913e-03,1.110473344953230058e-02,9.796159241414510443e-01,7.815798525967891305e-03,1.256827733258106435e-02
9.359999999999999432e+00,3.314840578331548770e-02,3.322100024087417964e-03,9.635294941925971468e-01,8.630032062144689375e-02,1.370381880335443375e-03,9.123292974982176728e-01,9.809239644298036742e-01,7.978999217294236931e-03,1.109703635290208885e-02,9.796182985481431960e-01,7.818262983817221567e-03,1.256343846803958247e-02
9.365000000000000213e+00,3.324380327898730780e-02,3.304906699140101097e-03,9.634512900218725751e-01,8.649967348783765830e-02,1.369670986429725795e-03,9.121306555257326920e-01,9.809308389327249245e-01,7.979816790899686707e-03,1.108934427637538883e-02,9.796207309484981085e-01,7.820707824195347047e-03,1.255856122730654445e-02
9.370000000000000995e+00,3.333871845550659407e-02,3.287948626129428426e-03,9.633733329183639116e-01,8.669891523319546434e-02,1.368963758390368468e-03,9.119321210084141427e-01,9.809377108491893482e-01,7.980632426401835372e-03,1.108165672440881641e-02,9.796232212003305184e-01,7.823133066534811858e-03,1.255364573313466972e-02
9.375000000000000000e+00,3.343314785546733225e-02,3.271221642430397446e-03,9.632956305021022070e-01,8.689804608777468298e-02,1.368260179083116658e-03,9.117336937331422808e-01,9.809445809790053872e-01,7.981445806163129514e-03,1.107397321483148331e-02,9.796257691605827489e-01,7.825538730594107720e-03,1.254869210882314338e-02
9.380000000000000782e+00,3.352708833788198978e-02,3.254721675489353171e-03,9.632181899866286701e-01,8.709706628204448575e-02,1.367560231479049990e-03,9.115353734864763968e-01,9.809514501000831110e-01,7.982256621422647788e-03,1.106629327849424117e-02,9.796283746853363672e-01,7.827924836455755347e-03,1.254370047820787745e-02
9.384999999999999787e+00,3.362053706428204392e-02,3.238444740581952145e-03,9.631410181951359784e-01,8.729597604667321820e-02,1.366863898653726582e-03,9.113371600546731344e-01,9.809583189690318505e-01,7.983064572037746817e-03,1.105861645893040264e-02,9.796310376298386080e-01,7.830291404524425750e-03,1.253867096563696625e-02
9.390000000000000568e+00,3.371349148537051976e-02,3.222386938632491003e-03,9.630641215759969676e-01,8.749477561251840785e-02,1.366171163786477445e-03,9.111390532236951501e-01,9.809651883217308521e-01,7.983869366234415399e-03,1.105094231203473248e-02,9.796337578484903830e-01,7.832638455524941826e-03,1.253360369598467521e-02
9.394999999999999574e+00,3.380594932823230425e-02,3.206544454092079451e-03,9.629875062176755929e-01,8.769346521060551736e-02,1.365482010159538252e-03,9.109410527792349832e-01,9.809720588738882752e-01,7.984670720366262436e-03,1.104327040574546240e-02,9.796365351948639333e-01,7.834966010500279965e-03,1.252849879463578675e-02
9.400000000000000355e+00,3.389790858407364105e-02,3.190913552875438222e-03,9.629111778630509155e-01,8.789204507211936801e-02,1.364796421157342008e-03,9.107431585067232716e-01,9.809789313215792061e-01,7.985468358681616433e-03,1.103560031973917742e-02,9.796393695217133768e-01,7.837274090809729504e-03,1.252335638747689370e-02
9.404999999999999361e+00,3.398936749645278810e-02,3.175490580353345672e-03,9.628351419231938602e-01,8.809051542838786109e-02,1.364114380265716957e-03,9.105453701913464037e-01,9.809858063417778995e-01,7.986262013098733084e-03,1.102793164512336742e-02,9.796422606809946920e-01,7.839562718126908206e-03,1.251817660087839977e-02
9.410000000000000142e+00,3.408032455001812344e-02,3.160271959400313621e-03,9.627594034905816445e-01,8.828887651086916866e-02,1.363435871071114625e-03,9.103476876180597310e-01,9.809926845928446104e-01,7.987051422988250549e-03,1.102026398416713904e-02,9.796452085238596119e-01,7.841831914437756915e-03,1.251295956170263117e-02
9.414999999999999147e+00,3.417077845968044536e-02,3.145254188494340901e-03,9.626839673518252649e-01,8.848712855113666231e-02,1.362760877259875606e-03,9.101501105716035545e-01,9.809995667150358534e-01,7.987836334963208107e-03,1.101259695000093852e-02,9.796482129006605089e-01,7.844081702038520343e-03,1.250770539730097081e-02
9.419999999999999929e+00,3.426072816025302337e-02,3.130433839869136651e-03,9.626088379998778422e-01,8.868527178086868523e-02,1.362089382617477770e-03,9.099526388365137830e-01,9.810064533309609258e-01,7.988616502675911779e-03,1.100493016636316240e-02,9.796512736609890304e-01,7.846312103533970711e-03,1.250241423547699890e-02
9.425000000000000711e+00,3.435017279651062655e-02,3.115807557715961473e-03,9.625340196457733422e-01,8.888330643183225965e-02,1.361421371027785997e-03,9.097552721971399192e-01,9.810133450460546412e-01,7.989391686621693731e-03,1.099726326732366512e-02,9.796543906536628876e-01,7.848523141835246283e-03,1.249708620450186609e-02
9.429999999999999716e+00,3.443911171364028023e-02,3.101372056433740736e-03,9.624595162299259821e-01,8.908123273587317814e-02,1.360756826472312537e-03,9.095580104376544961e-01,9.810202424490260809e-01,7.990161653948935766e-03,1.098959589702498338e-02,9.796575637267288528e-01,7.850714840157943172e-03,1.249172143311320406e-02
9.435000000000000497e+00,3.452691748895805879e-02,3.087227651929539980e-03,9.623858548591123219e-01,8.927758826500514777e-02,1.360108841781676329e-03,9.093623028932130703e-01,9.810270764198495419e-01,7.990981084809179943e-03,1.098194249534127816e-02,9.796607610232540564e-01,7.852933958657123611e-03,1.248630501808882000e-02
9.439999999999999503e+00,3.461173318084097283e-02,3.073675456701238130e-03,9.623145913624577830e-01,8.946798791848531440e-02,1.359516592394508731e-03,9.091724954891201582e-01,9.810336376656800805e-01,7.992014765731908846e-03,1.097434756858801062e-02,9.796638848824803514e-01,7.855321434742807904e-03,1.248079368277684072e-02
9.445000000000000284e+00,3.469608262330590998e-02,3.060294206583880072e-03,9.622436231701101406e-01,8.965828434936312652e-02,1.358927538509373820e-03,9.089827881121274045e-01,9.810402049594656448e-01,7.993043056628257662e-03,1.096675198390609750e-02,9.796670603838592006e-01,7.857690811344414036e-03,1.247524880479638533e-02
9.449999999999999289e+00,3.477996580688678951e-02,3.047081116697404439e-03,9.621729530764158156e-01,8.984847781233065711e-02,1.358341665755168548e-03,9.087931805219141568e-01,9.810467787968292219e-01,7.994065760866482517e-03,1.095915544230429556e-02,9.796702873903261333e-01,7.860042107725706204e-03,1.246967050194816053e-02
9.455000000000000071e+00,3.486338286410398113e-02,3.034033458269937839e-03,9.621025836776261331e-01,9.003856856179094648e-02,1.357758959846042850e-03,9.086036724783630447e-01,9.810533596600391482e-01,7.995082687074760511e-03,1.095155765288609133e-02,9.796735657641800765e-01,7.862375343417327134e-03,1.246405889240259635e-02
9.460000000000000853e+00,3.494633406299050421e-02,3.021148557320641002e-03,9.620325173796888674e-01,9.022855685184949515e-02,1.357179406580834129e-03,9.084142637415696386e-01,9.810599480183128662e-01,7.996093649002869799e-03,1.094395833268426398e-02,9.796768953670896840e-01,7.864690538215200408e-03,1.245841409469511558e-02
9.464999999999999858e+00,3.502881980087757530e-02,3.008423793378039134e-03,9.619627564057443569e-01,9.041844293630516005e-02,1.356602991842371844e-03,9.082249540718524417e-01,9.810665443281610942e-01,7.997098465388288030e-03,1.093635720645061774e-02,9.796802760601031057e-01,7.866987712178931044e-03,1.245273622771796325e-02
9.470000000000000639e+00,3.511084059842974059e-02,2.995856598230978076e-03,9.618933028033392896e-01,9.060822706864764264e-02,1.356029701596949723e-03,9.080357432297553322e-01,9.810731490336894733e-01,7.998096959826455840e-03,1.092875400648407082e-02,9.796837077036461006e-01,7.869266885630134961e-03,1.244702541072376448e-02
9.474999999999999645e+00,3.519239709391647208e-02,2.983444454712608739e-03,9.618241584513708142e-01,9.079790950204405520e-02,1.355459521893629489e-03,9.078466309760623298e-01,9.810797625668925548e-01,7.999088960644837668e-03,1.092114847246260755e-02,9.796871901575512354e-01,7.871528079150718130e-03,1.244128176329804651e-02
9.480000000000000426e+00,3.527349003770818836e-02,2.971184895516486030e-03,9.617553250667753018e-01,9.098749048933764405e-02,1.354892438863708947e-03,9.076576170717987058e-01,9.810863853479612207e-01,8.000074300781166714e-03,1.091354035125761263e-02,9.796907232810415644e-01,7.873771313581327466e-03,1.243550540537710809e-02
9.484999999999999432e+00,3.535412028700520015e-02,2.959075502042639912e-03,9.616868042109520953e-01,9.117697028303664575e-02,1.354328438720067132e-03,9.074687012782433060e-01,9.810930177855593515e-01,8.001052817665187111e-03,1.090592939677546142e-02,9.796943069327563869e-01,7.875996610019619579e-03,1.242969645722399354e-02
9.490000000000000213e+00,3.543428880075983473e-02,2.947113903274365797e-03,9.616185972959657713e-01,9.136634913530977675e-02,1.353767507756604201e-03,9.072798833569335475e-01,9.810996602771098196e-01,8.002024353104051149e-03,1.089831536978612923e-02,9.796979409707475828e-01,7.878203989818671760e-03,1.242385503943374547e-02
9.495000000000000995e+00,3.551399663480926672e-02,2.935297774683755419e-03,9.615507055905070377e-01,9.155562729797961374e-02,1.353209632347643614e-03,9.070911630696727457e-01,9.811063132090455108e-01,8.002988753171232789e-03,1.089069803778325643e-02,9.797016252524991531e-01,7.880393474585259406e-03,1.241798127291558751e-02
9.500000000000000000e+00,3.559324493720733562e-02,2.923624837165412615e-03,9.614831302256271472e-01,9.174480502251453062e-02,1.352654798947343405e-03,9.069025401785382190e-01,9.811129769570969827e-01,8.003945868098775313e-03,1.088307717480424194e-02,9.797053596349269977e-01,7.882565086178199357e-03,1.241207527889480293e-02
9.505000000000000782e+00,3.567203494373409611e-02,2.912092855998263830e-03,9.614158722002676960e-01,9.193388256002305026e-02,1.352102994089096838e-03,9.067140144458878392e-01,9.811196518865283878e-01,8.004895552172696174e-03,1.087545256129891606e-02,9.797091439743853547e-01,7.884718846706757420e-03,1.240613717890788788e-02
9.509999999999999787e+00,3.575036797358780577e-02,2.900699639833144439e-03,9.613489323865790359e-01,9.212286016125109667e-02,1.351554204385035625e-03,9.065255856343638063e-01,9.811263383523906034e-01,8.005837663631637513e-03,1.086782398397775906e-02,9.797129781266795678e-01,7.886854778528833848e-03,1.240016709479159832e-02
9.515000000000000568e+00,3.582824542524669365e-02,2.889443039707193482e-03,9.612823115350461745e-01,9.231173807656839481e-02,1.351008416525335603e-03,9.063372535069063041e-01,9.811330366997602637e-01,8.006772064568361616e-03,1.086019123567137472e-02,9.797168619470717488e-01,7.888972904249457602e-03,1.239416514867879363e-02
9.519999999999999574e+00,3.590566877250700450e-02,2.878320948083319935e-03,9.612160102794097272e-01,9.250051655597046896e-02,1.350465617277780452e-03,9.061490178267517237e-01,9.811397472639726836e-01,8.007698620834417455e-03,1.085255411519289899e-02,9.797207952902973194e-01,7.891073246719042950e-03,1.238813146298363768e-02
9.525000000000000355e+00,3.598263956065643476e-02,2.867331297913645449e-03,9.611500291414299957e-01,9.268919584906767928e-02,1.349925793487112471e-03,9.059608783574452096e-01,9.811464703708628887e-01,8.008617201947298286e-03,1.084491242718981299e-02,9.797247780105460269e-01,7.893155829031665155e-03,1.238206616042230798e-02
9.529999999999999361e+00,3.605915940282834742e-02,2.856472061727784000e-03,9.610843685354438781e-01,9.287777620508159970e-02,1.349388932074511516e-03,9.057728348628438786e-01,9.811532063369639012e-01,8.009527681000577770e-03,1.083726598203552105e-02,9.797288099615057977e-01,7.895220674523461060e-03,1.237596936397074125e-02
9.535000000000000142e+00,3.613522997647815316e-02,2.845741250743344213e-03,9.610190287727785607e-01,9.306625787283885620e-02,1.348855020037060485e-03,9.055848871071241479e-01,9.811599554697412184e-01,8.010429934576505928e-03,1.082961459568227564e-02,9.797328909963460841e-01,7.897267806770929058e-03,1.236984119688298682e-02
9.539999999999999147e+00,3.621085302001319367e-02,2.835136913999663100e-03,9.609540100659872408e-01,9.325464110076589486e-02,1.348324044447160065e-03,9.053970348547869529e-01,9.811667180677963174e-01,8.011323842661195044e-03,1.082195808954248759e-02,9.797370209677291886e-01,7.899297249589236000e-03,1.236368178268157543e-02
9.544999999999999929e+00,3.628603032955708685e-02,2.824657137513198260e-03,9.608893125329296403e-01,9.344292613688441607e-02,1.347795992452031954e-03,9.052092778706635201e-01,9.811734944210650511e-01,8.012209288562268869e-03,1.081429629037268005e-02,9.797411997278285822e-01,7.901309027030518906e-03,1.235749124514089886e-02
9.550000000000000711e+00,3.636076375583480180e-02,2.814300043454268010e-03,9.608249362007109662e-01,9.363111322880396381e-02,1.347270851273128615e-03,9.050216159199229171e-01,9.811802848110263708e-01,8.013086158828904015e-03,1.080662903014472515e-02,9.797454271283220217e-01,7.903303163382276869e-03,1.235126970829570139e-02
9.554999999999999716e+00,3.643505520119891261e-02,2.804063789344532313e-03,9.607608810094565577e-01,9.381920262371945540e-02,1.346748608205672717e-03,9.048340487680748279e-01,9.811870895108858459e-01,8.013954343173977299e-03,1.079895614594017679e-02,9.797497030204007640e-01,7.905279683165612054e-03,1.234501729643362397e-02
9.560000000000000497e+00,3.650890661675552928e-02,2.793946567274584354e-03,9.606971468159698491e-01,9.400719456840472832e-02,1.346229250618073171e-03,9.046465761809772133e-01,9.811939087857709518e-01,8.014813734398674658e-03,1.079127747983037351e-02,9.797540272548015405e-01,7.907238611133552211e-03,1.233873413406490725e-02
9.564999999999999503e+00,3.658231999962294895e-02,2.783946603141328798e-03,9.606337333972357895e-01,9.419508930920728051e-02,1.345712765951402991e-03,9.044591979248413072e-01,9.812007428929163666e-01,8.015664228319178269e-03,1.078359287876445513e-02,9.797583996817756935e-01,7.909179972269404432e-03,1.233242034595490207e-02
9.570000000000000284e+00,3.665529739028617479e-02,2.774062155904072086e-03,9.605706404538097987e-01,9.438288709204484261e-02,1.345199141718931343e-03,9.042719137662361684e-01,9.812075920818308372e-01,8.016505723695185534e-03,1.077590219447397725e-02,9.797628201511234813e-01,7.911103791785070727e-03,1.232607605709144794e-02
9.574999999999999289e+00,3.672784087007449627e-02,2.764291516859456160e-03,9.605078676130660575e-01,9.457058816239981291e-02,1.344688365505546752e-03,9.040847234720946757e-01,9.812144565944809216e-01,8.017338122160719630e-03,1.076820528335835879e-02,9.797672885121893049e-01,7.913010095119287282e-03,1.231970139269140778e-02
9.580000000000000071e+00,3.679995255872151039e-02,2.754633008934588134e-03,9.604454144323438802e-01,9.475819276531470547e-02,1.344180424967296970e-03,9.038976268097179689e-01,9.812213366654584101e-01,8.018161328156818771e-03,1.076050200638477110e-02,9.797718046138819137e-01,7.914898907936021577e-03,1.231329647818206474e-02
9.585000000000000853e+00,3.687163461203753212e-02,2.745084985996860613e-03,9.603832804019655223e-01,9.494570114538922190e-02,1.343675307830855762e-03,9.037106235467798898e-01,9.812282325221416412e-01,8.018975248865869987e-03,1.075279222899248877e-02,9.797763683046645244e-01,7.916770256122696026e-03,1.230686143921277953e-02
9.589999999999999858e+00,3.694288921967646411e-02,2.735645832182114542e-03,9.603214649481414122e-01,9.513311354677268794e-02,1.343173001893044121e-03,9.035237134513343094e-01,9.812351443848617016e-01,8.019779794148097427e-03,1.074507582099020093e-02,9.797809794325753607e-01,7.918624165788597236e-03,1.230039640163604203e-02
9.595000000000000639e+00,3.701371860298120764e-02,2.726313961238194250e-03,9.602599674357805704e-01,9.532043021316241593e-02,1.342673495020291208e-03,9.033368962918173484e-01,9.812420724670578576e-01,8.020574876479552931e-03,1.073735265646258950e-02,9.797856378452302062e-01,7.920460663263116999e-03,1.229390149150667681e-02
9.599999999999999645e+00,3.708412501293038149e-02,2.717087815885405652e-03,9.601987871711842315e-01,9.550765138780073493e-02,1.342176775148188738e-03,9.031501718370511522e-01,9.812490169754239933e-01,8.021360410891822251e-03,1.072962261368418449e-02,9.797903433898231818e-01,7.922279775094029711e-03,1.228737683508278854e-02
9.605000000000000426e+00,3.715411072816242333e-02,2.707965867192381384e-03,9.601379234046452105e-01,9.569477731346656690e-02,1.341682830280996590e-03,9.029635398562524395e-01,9.812559781100631540e-01,8.022136314913575275e-03,1.072188557502327076e-02,9.797950959131540571e-01,7.924081528045925915e-03,1.228082255880001694e-02
9.609999999999999432e+00,3.722367805307298660e-02,2.698946613967206747e-03,9.600773753329597815e-01,9.588180823247520468e-02,1.341191648491120653e-03,9.027770001190337235e-01,9.812629560646346505e-01,8.022902508513406888e-03,1.071414142685194262e-02,9.797998952616114865e-01,7.925865949098399518e-03,1.227423878929011399e-02
9.615000000000000213e+00,3.729282931600378520e-02,2.690028582163619519e-03,9.600171421018326434e-01,9.606874438667381555e-02,1.340703217918662662e-03,9.025905523954075305e-01,9.812699510264797365e-01,8.023658914044435111e-03,1.070639005947582843e-02,9.798047412811984325e-01,7.927633065444347760e-03,1.226762565335721977e-02
9.620000000000000995e+00,3.736335002718074033e-02,2.680941288364361089e-03,9.599557086844549003e-01,9.626087545475900398e-02,1.340172351797740179e-03,9.023989521934432378e-01,9.812772387742728641e-01,8.024196827885471048e-03,1.069856439784166481e-02,9.798098002504761483e-01,7.929196997324205326e-03,1.226100275219964633e-02
9.625000000000000000e+00,3.743358732334360617e-02,2.671933721107304979e-03,9.598944789555491353e-01,9.645336848294081000e-02,1.339640434693211996e-03,9.022069910823659056e-01,9.812845691549106908e-01,8.024706180905671893e-03,1.069072466418363732e-02,9.798149227504292513e-01,7.930726719725882112e-03,1.225435052984486656e-02
9.630000000000000782e+00,3.750338761296428958e-02,2.663027982066385347e-03,9.598335844049693533e-01,9.664576359408867667e-02,1.339111388625023038e-03,9.020151250172863122e-01,9.812919184317907551e-01,8.025205022251390499e-03,1.068287654595785445e-02,9.798200942509976974e-01,7.932238397644501837e-03,1.224766735135780077e-02
9.634999999999999787e+00,3.757275351676101632e-02,2.654222604262829362e-03,9.597730238789761170e-01,9.683806101601899474e-02,1.338585201171239164e-03,9.018233537828097557e-01,9.812992867728798085e-01,8.025693281900192835e-03,1.067501994521999863e-02,9.798253145814262988e-01,7.933732063657170444e-03,1.224095335491653079e-02
9.640000000000000568e+00,3.764168767255166026e-02,2.645516147260325995e-03,9.597127961801881213e-01,9.703026097623126955e-02,1.338061859980765617e-03,9.016316771637880034e-01,9.813066743400368219e-01,8.026170892127509893e-03,1.066715476783566818e-02,9.798305835705604094e-01,7.935207750559510054e-03,1.223420867888008051e-02
9.644999999999999574e+00,3.771019273369061175e-02,2.636907196598053341e-03,9.596529000697113787e-01,9.722236370190040500e-02,1.337541352772822923e-03,9.014400949453267309e-01,9.813140812891599785e-01,8.026637787454379142e-03,1.065928092338564240e-02,9.798359010468676855e-01,7.936665491363771585e-03,1.222743346176854290e-02
9.650000000000000355e+00,3.777827136753802995e-02,2.628394363237263227e-03,9.595933342692246626e-01,9.741436941987449694e-02,1.337023667336463334e-03,9.012486069127890742e-01,9.813215077703282274e-01,8.027093904597019589e-03,1.065139832507475300e-02,9.798412668384554047e-01,7.938105319296702780e-03,1.222062784224789249e-02
9.654999999999999361e+00,3.784592625402761340e-02,2.619976283021495551e-03,9.595340974629509301e-01,9.760627835666707552e-02,1.336508791530095514e-03,9.010572128518027357e-01,9.813289539279050899e-01,8.027539182417268993e-03,1.064350688967764108e-02,9.798466807730588091e-01,7.939527267797704194e-03,1.221379195914348674e-02
9.660000000000000142e+00,3.791316008427158407e-02,2.611651616149739726e-03,9.594751882995786740e-01,9.779809073845358025e-02,1.335996713280961090e-03,9.008659125482654240e-01,9.813364199006754385e-01,8.027973561874708966e-03,1.063560653744985256e-02,9.798521426780648635e-01,7.940931370516868953e-03,1.220692595141826750e-02
9.664999999999999147e+00,3.797997555923999374e-02,2.603419046662276519e-03,9.594166053940976768e-01,9.798980679106683578e-02,1.335487420584697930e-03,9.006747057883485175e-01,9.813439058219680655e-01,8.028396985979832645e-03,1.062769719205210184e-02,9.798576523805001548e-01,7.942317661312944463e-03,1.220002995818690074e-02
9.669999999999999929e+00,3.804637538849117012e-02,2.595277281939127427e-03,9.593583473295697051e-01,9.818142673999055714e-02,1.334980901504809973e-03,9.004835923585046142e-01,9.813514118197685931e-01,8.028809399748485648e-03,1.061977878048292120e-02,9.798632097070697489e-01,7.943686174251445020e-03,1.219310411867880611e-02
9.675000000000000711e+00,3.811236228895930472e-02,2.587225052210249000e-03,9.593004126588304814e-01,9.837295081035714317e-02,1.334477144172250239e-03,9.002925720454706404e-01,9.813589380168414866e-01,8.029210750157493581e-03,1.061185123300101979e-02,9.798688144841265490e-01,7.945036943602686377e-03,1.218614857227076458e-02
9.679999999999999716e+00,3.817793898378925299e-02,2.579261110077607846e-03,9.592427999061331478e-01,9.856437922694023801e-02,1.333976136784880903e-03,9.001016446362748447e-01,9.813664845308334161e-01,8.029600986101472632e-03,1.060391448306511122e-02,9.798744665377147056e-01,7.946370003839745705e-03,1.217916345844554868e-02
9.685000000000000497e+00,3.824310820122799742e-02,2.571384230048595534e-03,9.591855075687234500e-01,9.875571221415417600e-02,1.333477867607081027e-03,8.999108099182387965e-01,9.813740514743917176e-01,8.029980058350618538e-03,1.059596846725766386e-02,9.798801656935575144e-01,7.947685389636647071e-03,1.217214891680583853e-02
9.689999999999999503e+00,3.830787267356892956e-02,2.563593208080644590e-03,9.591285341183504176e-01,9.894694999604453090e-02,1.332982324969215950e-03,8.997200676789862683e-01,9.813816389552756370e-01,8.030347919509727220e-03,1.058801312521463582e-02,9.798859117770615246e-01,7.948983135866278041e-03,1.216510508707219738e-02
9.695000000000000284e+00,3.837223513613399750e-02,2.555886861136723830e-03,9.590718780027293056e-01,9.913809279628765792e-02,1.332489497267204046e-03,8.995294177064451224e-01,9.813892470764348230e-01,8.030704523978167766e-03,1.058004839958700920e-02,9.798917046133435171e-01,7.950263277598545661e-03,1.215803210905793720e-02
9.699999999999999289e+00,3.843619832629673050e-02,2.548264026750972269e-03,9.590155376469522430e-01,9.932914083818589202e-02,1.331999372962086722e-03,8.993388597888519742e-01,9.813968759361534344e-01,8.031049827910887590e-03,1.057207423593567799e-02,9.798975440272170712e-01,7.951525850098343368e-03,1.215093012268458547e-02
9.705000000000000071e+00,3.849976498257129398e-02,2.540723562605036283e-03,9.589595114548236099e-01,9.952009434466208004e-02,1.331511940579528392e-03,8.991483937147582983e-01,9.814045256281122009e-01,8.031383789180368202e-03,1.056409058270743086e-02,9.799034298432068857e-01,7.952770888823639320e-03,1.214379926796947499e-02
9.710000000000000853e+00,3.856293784371507549e-02,2.533264346114166756e-03,9.589037978101707660e-01,9.971095353825690233e-02,1.331027188709404691e-03,8.989580192730337593e-01,9.814121962415114364e-01,8.031706367339642647e-03,1.055609739114892094e-02,9.799093618855672094e-01,7.953998429423549121e-03,1.213663968500924145e-02
9.714999999999999858e+00,3.862571964789393575e-02,2.525885274023197645e-03,9.588483950780828380e-01,9.990171864112434852e-02,1.330545106005341476e-03,8.987677362528702085e-01,9.814198878611500865e-01,8.032017523586107433e-03,1.054809461526380610e-02,9.799153399782714047e-01,7.955208507736358237e-03,1.212945151399223709e-02
9.720000000000000639e+00,3.868811313186757556e-02,2.518585262011656563e-03,9.587933016061207514e-01,1.000923898750278318e-01,1.330065681184267263e-03,8.985775444437877901e-01,9.814276005675287573e-01,8.032317220726224380e-03,1.054008221174501832e-02,9.799213639450388147e-01,7.956401159787592978e-03,1.212223489517359233e-02
9.724999999999999645e+00,3.875012103022841548e-02,2.511363244308518691e-03,9.587385157254629808e-01,1.002829674613366223e-01,1.329588903026012944e-03,8.983874436356373838e-01,9.814353344369340926e-01,8.032605423141287587e-03,1.053206013992461984e-02,9.799274336093183324e-01,7.957576421788157411e-03,1.211498996889351018e-02
9.730000000000000426e+00,3.881174607466340853e-02,2.504218173315608722e-03,9.586840357520209910e-01,1.004734516210215450e-01,1.329114760372802862e-03,8.981974336186057117e-01,9.814430895415381384e-01,8.032882096753799286e-03,1.052402836170806232e-02,9.799335487943089396e-01,7.958734330132211793e-03,1.210771687555884865e-02
9.734999999999999432e+00,3.887299099325608465e-02,2.497149019239853357e-03,9.586298599875040516e-01,1.006638425746546051e-01,1.328643242128915020e-03,8.980075141832164487e-01,9.814508659494743936e-01,8.033147208994782448e-03,1.051598684153082393e-02,9.799397093229770261e-01,7.959874921395470801e-03,1.210041575562750306e-02
9.740000000000000213e+00,3.893385850981947310e-02,2.490154769734262506e-03,9.585759867204463047e-01,1.008541405423992315e-01,1.328174337260181696e-03,8.978176851203405473e-01,9.814586637249175238e-01,8.033400728771854932e-03,1.050793554631062124e-02,9.799459150180538369e-01,7.960998232333130545e-03,1.209308674961303252e-02
9.745000000000000995e+00,3.899435134326215135e-02,2.483234429546840333e-03,9.585224142271910885e-01,1.010443457440136777e-01,1.327708034793617566e-03,8.976279462211926852e-01,9.814664829281894987e-01,8.033642626438160586e-03,1.049987444537234076e-02,9.799521657020230370e-01,7.962104299877953428e-03,1.208572999809900961e-02
9.750000000000000000e+00,3.905447220697955829e-02,2.476387020177825155e-03,9.584691407728426205e-01,1.012344583988418617e-01,1.327244323816955665e-03,8.974382972773412570e-01,9.814743236158227635e-01,8.033872873761905772e-03,1.049180351041533073e-02,9.799584611971655645e-01,7.963193161138441487e-03,1.207834564169599396e-02
9.755000000000000782e+00,3.911422380828856460e-02,2.469611579544811475e-03,9.584161646121666100e-01,1.014244787258157254e-01,1.326783193478259671e-03,8.972487380807060431e-01,9.814821858406420629e-01,8.034091443896768450e-03,1.048372271546116861e-02,9.799648013255369827e-01,7.964264853396728697e-03,1.207093382106628858e-02
9.759999999999999787e+00,3.917360884786615788e-02,2.462907161655441927e-03,9.583634839904784375e-01,1.016144069434468389e-01,1.326324632985512999e-03,8.970592684235676462e-01,9.814900696518404910e-01,8.034298311352858907e-03,1.047563203680665009e-02,9.799711859089897947e-01,7.965319414106924317e-03,1.206349467690328095e-02
9.765000000000000568e+00,3.923263001923420201e-02,2.456272836287504320e-03,9.583110971444783743e-01,1.018042432698260114e-01,1.325868631606172106e-03,8.968698880985677135e-01,9.814979750950598714e-01,8.034493451968551317e-03,1.046753145297157732e-02,9.799776147691749983e-01,7.966356880892935810e-03,1.205602834993206585e-02
9.769999999999999574e+00,3.929129000827038393e-02,2.449707688676745158e-03,9.582590023030529425e-01,1.019939879226205992e-01,1.325415178666817162e-03,8.966805968987126008e-01,9.815059022124679178e-01,8.034676842882873884e-03,1.045942094464920834e-02,9.799840877275497464e-01,7.967377291546744525e-03,1.204853498090350909e-02
9.775000000000000355e+00,3.934959149272729273e-02,2.443210819211107283e-03,9.582071976880616182e-01,1.021836411190703842e-01,1.324964263552691913e-03,8.964913946173769244e-01,9.815138510428220719e-01,8.034848462508490524e-03,1.045130049466943753e-02,9.799906046053807884e-01,7.968380684026424646e-03,1.204101471059278693e-02
9.779999999999999361e+00,3.940753714179123790e-02,2.436781343132619383e-03,9.581556815150761297e-01,1.023732030759840206e-01,1.324515875707333321e-03,8.963022810483085578e-01,9.815218216215471081e-01,8.035008290505499598e-03,1.044317008794739231e-02,9.799971652237570163e-01,7.969367096454238464e-03,1.203346767978874521e-02
9.785000000000000142e+00,3.946512961566091965e-02,2.430418390245406464e-03,9.581044519940936643e-01,1.025626740097397849e-01,1.324070004632192090e-03,8.961132559856279656e-01,9.815298139808035227e-01,8.035156307755633373e-03,1.043502971144084392e-02,9.800037694035940161e-01,7.970336567114780224e-03,1.202589402929120366e-02
9.789999999999999147e+00,3.952237156513674354e-02,2.424121104630594121e-03,9.580535073302326454e-01,1.027520541362775819e-01,1.323626639886186845e-03,8.959243192238361964e-01,9.815378281495510393e-01,8.035292496337227697e-03,1.042687935411173300e-02,9.800104169656447262e-01,7.971289134453028030e-03,1.201829389990224581e-02
9.794999999999999929e+00,3.957926563125593877e-02,2.417888644367838583e-03,9.580028457243762174e-01,1.029413436711016649e-01,1.323185771085383421e-03,8.957354705578129961e-01,9.815458641536162210e-01,8.035416839500708619e-03,1.041871900688307040e-02,9.800171077304953293e-01,7.972224837072494630e-03,1.201066743243217605e-02
9.800000000000000711e+00,3.963581444491408312e-02,2.411720181262451673e-03,9.579524653738235029e-01,1.031305428292721982e-01,1.322747387902513914e-03,8.955467097828253564e-01,9.815539220157659672e-01,8.035529321644523104e-03,1.041054866258950967e-02,9.800238415185820173e-01,7.973143713733284524e-03,1.200301476768469815e-02
9.804999999999999716e+00,3.969231424370439631e-02,2.405570960297706042e-03,9.579021147959978499e-01,1.033207963691158138e-01,1.322302132711926977e-03,8.953569014981722640e-01,9.815620673687134312e-01,8.035582298322335032e-03,1.040235033296423375e-02,9.800306645197257582e-01,7.974002156747959230e-03,1.199533332352628254e-02
9.810000000000000497e+00,3.974950180255608367e-02,2.399330122530810017e-03,9.578511680749131063e-01,1.035150155504739600e-01,1.321826281233131305e-03,8.951631581682929495e-01,9.815704680188668263e-01,8.035454238261692528e-03,1.039407774287148117e-02,9.800376959656822429e-01,7.974688704337056303e-03,1.198761532998070083e-02
9.814999999999999503e+00,3.980633040490744873e-02,2.393153774374990207e-03,9.578005158207175684e-01,1.037091411575798983e-01,1.321353014070650615e-03,8.949695058283494431e-01,9.815788918448016265e-01,8.035313822682721083e-03,1.038579433251565244e-02,9.800447721465191941e-01,7.975357890258398877e-03,1.197986996322240698e-02
9.820000000000000284e+00,3.986280283397889562e-02,2.387041089337455305e-03,9.577501560766836786e-01,1.039031733945998126e-01,1.320882320455738553e-03,8.947759442849444467e-01,9.815873388534668287e-01,8.035161042223411265e-03,1.037750010430976005e-02,9.800518928669753604e-01,7.976009758601765656e-03,1.197209737442287390e-02
9.824999999999999289e+00,3.991892186007328647e-02,2.380991254403845483e-03,9.577000868855228832e-01,1.040971124653749108e-01,1.320414189678723905e-03,8.945824733449463384e-01,9.815958090488650090e-01,8.034995888628189767e-03,1.036919506250680127e-02,9.800590579316601492e-01,7.976644353609127838e-03,1.196429771473072300e-02
9.830000000000000071e+00,3.997469024031607282e-02,2.375003469776743644e-03,9.576503062899072161e-01,1.042909585734178579e-01,1.319948611088592096e-03,8.943890928154935027e-01,9.816043024320910693e-01,8.034818354724866662e-03,1.036087921318406407e-02,9.800662671450696140e-01,7.977261719672579590e-03,1.195647113525780646e-02
9.835000000000000853e+00,4.003011071836812262e-02,2.369076948619718275e-03,9.576008123330120858e-01,1.044847119219101533e-01,1.319485574092653423e-03,8.941958025039972169e-01,9.816128190014281607e-01,8.034628434402488195e-03,1.035255256416935110e-02,9.800735203115931160e-01,7.977861901332160971e-03,1.194861778707472302e-02
9.839999999999999858e+00,4.008518602419392646e-02,2.363210916807155504e-03,9.575516030589988903e-01,1.046783727136953723e-01,1.319025068156071644e-03,8.940026022181485343e-01,9.816213587523792139e-01,8.034426122589272828e-03,1.034421512503151327e-02,9.800808172355174319e-01,7.978444943273736364e-03,1.194073782120883172e-02
9.845000000000000639e+00,4.013991887382679230e-02,2.357404612679901180e-03,9.575026765134933004e-01,1.048719411512804428e-01,1.318567082801531780e-03,8.938094917659180627e-01,9.816299216777401027e-01,8.034211415231359149e-03,1.033586690702853819e-02,9.800881577210358575e-01,7.979010890326982200e-03,1.193283138863716029e-02
9.849999999999999645e+00,4.019431196914366455e-02,2.351657286805787939e-03,9.574540307440505549e-01,1.050654174368282900e-01,1.318111607608802097e-03,8.936164709555629582e-01,9.816385077676526016e-01,8.033984309271905919e-03,1.032750792307549244e-02,9.800955415722482078e-01,7.979559787463268855e-03,1.192489864028852334e-02
9.855000000000000426e+00,4.024836799767436690e-02,2.345968201745917640e-03,9.574056638005796760e-01,1.052588017721572955e-01,1.317658632214393881e-03,8.934235395956282577e-01,9.816471170096584542e-01,8.033744802630519988e-03,1.031913818771102581e-02,9.801029685931867963e-01,7.980091679793591131e-03,1.191693972701961257e-02
9.859999999999999432e+00,4.030208963240837494e-02,2.340336631825929836e-03,9.573575737357656879e-01,1.054520943587348436e-01,1.317208146311140120e-03,8.932306974949540956e-01,9.816557493887622110e-01,8.033492894183435346e-03,1.031075771705435365e-02,9.801104385877954517e-01,7.980606612566420663e-03,1.190895479963812766e-02
9.865000000000000213e+00,4.035547953162468143e-02,2.334761862912178645e-03,9.573097586054631902e-01,1.056452953976791953e-01,1.316760139647859835e-03,8.930379444626729279e-01,9.816644048874744177e-01,8.033228583743888193e-03,1.030236652878169408e-02,9.801179513599573845e-01,7.981104631165684971e-03,1.190094400887693055e-02
9.870000000000000995e+00,4.040854033871910111e-02,2.329243192192894350e-03,9.572622164690880453e-01,1.058384050897499262e-01,1.316314602028915504e-03,8.928452803082210787e-01,9.816730834858754529e-01,8.032951872042965596e-03,1.029396464208158155e-02,9.801255067135059562e-01,7.981585781108808952e-03,1.189290750538523483e-02
9.875000000000000000e+00,4.046127468207191130e-02,2.323779927964204385e-03,9.572149453899638782e-01,1.060314236353518819e-01,1.315871523313926188e-03,8.926527048413341880e-01,9.816817851616552737e-01,8.032662760710952005e-03,1.028555207763377430e-02,9.801331044522051394e-01,7.982050108044442399e-03,1.188484543975041816e-02
9.880000000000000782e+00,4.051368517489901955e-02,2.318371389420740506e-03,9.571679434356802352e-01,1.062243512345258101e-01,1.315430893417316718e-03,8.924602178720568713e-01,9.816905098901765880e-01,8.032361252258929038e-03,1.027712885756448292e-02,9.801407443797897079e-01,7.982497657750610778e-03,1.187675796245968134e-02
9.884999999999999787e+00,4.056577441512936727e-02,2.313016906450712871e-03,9.571212086784199879e-01,1.064171880869507480e-01,1.314992702308005225e-03,8.922678192107411643e-01,9.816992576445197072e-01,8.032047350061004981e-03,1.026869500541928784e-02,9.801484262999404784e-01,7.982928476132501727e-03,1.186864522392701987e-02
9.890000000000000568e+00,4.061754498528930002e-02,2.307715819435460138e-03,9.570747391952753036e-01,1.066099343919384435e-01,1.314556940009007410e-03,8.920755086680525192e-01,9.817080283955177400e-01,8.031721058336657032e-03,1.026025054614560297e-02,9.801561500163135099e-01,7.983342609220608899e-03,1.186050737446588121e-02
9.894999999999999574e+00,4.066899945240283476e-02,2.302467479053632148e-03,9.570285330685435188e-01,1.068025903484292605e-01,1.314123596597084175e-03,8.918832860549735786e-01,9.817168221118274252e-01,8.031382382133680706e-03,1.025179550603889413e-02,9.801639153325402143e-01,7.983740103168528862e-03,1.185234456429125685e-02
9.900000000000000355e+00,4.072014036789062263e-02,2.297271246088884982e-03,9.569825883860204607e-01,1.069951561549937757e-01,1.313692662202392298e-03,8.916911511828038428e-01,9.817256387599663237e-01,8.031031327311260667e-03,1.024332991272241568e-02,9.801717220522271345e-01,7.984121004251066786e-03,1.184415694352179867e-02
9.904999999999999361e+00,4.077097026748911779e-02,2.292126491242613227e-03,9.569369032412682330e-01,1.071876320098273244e-01,1.313264127008131410e-03,8.914991038631645548e-01,9.817344783043495671e-01,8.030667900523678210e-03,1.023485379512675472e-02,9.801795699789680461e-01,7.984485358862125279e-03,1.183594466216982867e-02
9.910000000000000142e+00,4.082149167116965599e-02,2.287032594949759638e-03,9.568914757338805588e-01,1.073800181107462670e-01,1.312837981250143497e-03,8.913071439080035852e-01,9.817433407073457019e-01,8.030292109204103732e-03,1.022636718345019437e-02,9.801874589163619422e-01,7.984833213512754560e-03,1.182770787012530321e-02
9.914999999999999147e+00,4.087170708308245776e-02,2.281988947199369705e-03,9.568463039697182593e-01,1.075723146551885168e-01,1.312414215216636424e-03,8.911152711295947659e-01,9.817522259293187670e-01,8.029903961548999838e-03,1.021787010913223319e-02,9.801953886679950489e-01,7.985164614829155794e-03,1.181944671717579526e-02
9.919999999999999929e+00,4.092161899148558102e-02,2.276994947358454771e-03,9.568013860611559451e-01,1.077645218402101812e-01,1.311992819247789505e-03,8.909234853405421095e-01,9.817611339286663741e-01,8.029503466502415157e-03,1.020936260483121076e-02,9.802033590374649163e-01,7.985479609550620236e-03,1.181116135298446342e-02
9.925000000000000711e+00,4.097122986870356531e-02,2.272050003999862792e-03,9.567567201272965116e-01,1.079566398624808438e-01,1.311573783735397233e-03,8.907317863537838054e-01,9.817700646618661153e-01,8.029090633741168062e-03,1.020084470439271661e-02,9.802113698283838605e-01,7.985778244527660941e-03,1.180285192708847852e-02
9.929999999999999716e+00,4.102054217107946321e-02,2.267153534733442905e-03,9.567123042941871880e-01,1.081486689182836747e-01,1.311157099122562449e-03,8.905401739825937746e-01,9.817790180835184177e-01,8.028665473659882951e-03,1.019231644282169932e-02,9.802194208443832935e-01,7.986060566719837411e-03,1.179451858889686913e-02
9.935000000000000497e+00,4.106955833894134628e-02,2.262304966041386346e-03,9.566681366950172682e-01,1.083406092035151813e-01,1.310742755903367618e-03,8.903486480405814474e-01,9.817879941463836246e-01,8.028227997356505302e-03,1.018377785625987006e-02,9.802275118891162764e-01,7.986326623193975779e-03,1.178616148768974782e-02
9.939999999999999503e+00,4.111828079657452867e-02,2.257503733116420983e-03,9.566242154703090694e-01,1.085324609136764928e-01,1.310330744622468895e-03,8.901572083417009784e-01,9.817969928014215197e-01,8.027778216618163681e-03,1.017522898196031658e-02,9.802356427662699545e-01,7.986576461122133971e-03,1.177778077260791152e-02
9.945000000000000284e+00,4.116671195220081986e-02,2.252749279703691269e-03,9.565805387680955674e-01,1.087242242438779954e-01,1.309921055874846765e-03,8.899658547002472497e-01,9.818060139978292966e-01,8.027316143907191337e-03,1.016666985826351205e-02,9.802438132795749937e-01,7.986810127779611981e-03,1.176937659264539436e-02
9.949999999999999289e+00,4.121485419795725691e-02,2.248041057946050837e-03,9.565371047440967001e-01,1.089158993888321852e-01,1.309513680305344607e-03,8.897745869308625322e-01,9.818150576830946274e-01,8.026841792347579746e-03,1.015810052455779280e-02,9.802520232327973648e-01,7.987027670542993368e-03,1.176094909665964180e-02
9.955000000000000071e+00,4.126270990989588938e-02,2.243378528232311923e-03,9.564939115618718013e-01,1.091074865428563745e-01,1.309108608608563953e-03,8.895834048485350420e-01,9.818241238030090967e-01,8.026355175711468587e-03,1.014952102127943470e-02,9.802602724297623249e-01,7.987229136888271755e-03,1.175249843334940335e-02
9.960000000000000853e+00,4.131028144797273954e-02,2.238761159048849748e-03,9.564509573929783626e-01,1.092989858998654473e-01,1.308705831528312203e-03,8.893923082686062687e-01,9.818332123017179391e-01,8.025856308406336542e-03,1.014093138987572432e-02,9.802685606743449798e-01,7.987414574388899263e-03,1.174402475126612097e-02
9.964999999999999858e+00,4.135757115605861317e-02,2.234188426834341976e-03,9.564082404171070362e-01,1.094903976533751627e-01,1.308305339857418958e-03,8.892012970067674216e-01,9.818423231217668912e-01,8.025345205461772297e-03,1.013233167277133653e-02,9.802768877704840511e-01,7.987584030713739541e-03,1.173552819880220935e-02
9.970000000000000639e+00,4.140458136193306271e-02,2.229659815837161871e-03,9.563657588222298500e-01,1.096817219964958678e-01,1.307907124437285426e-03,8.890103708790668691e-01,9.818514562041087412e-01,8.024821882517303717e-03,1.012372191337395505e-02,9.802852535221924235e-01,7.987737553625339978e-03,1.172700892418223652e-02
9.974999999999999645e+00,4.145131437731706947e-02,2.225174817976422609e-03,9.563235108047064559e-01,1.098729591219330670e-01,1.307511176157737402e-03,8.888195297019092500e-01,9.818606114881690550e-01,8.024286355809815904e-03,1.011510215602112912e-02,9.802936577335469304e-01,7.987875190977874323e-03,1.171846707547519531e-02
9.980000000000000426e+00,4.149777249787354322e-02,2.220732932705003510e-03,9.562814945694214641e-01,1.100641092219856038e-01,1.307117485956560366e-03,8.886287732920578053e-01,9.818697889118562783e-01,8.023738642161614559e-03,1.010647244598210717e-02,9.803021002087132230e-01,7.987996990715255305e-03,1.170990280057152173e-02
9.984999999999999432e+00,4.154395800323525123e-02,2.216333666876111209e-03,9.562397083298885825e-01,1.102551724885427048e-01,1.306726044819235153e-03,8.884381014666381526e-01,9.818789884116183586e-01,8.023178758968423432e-03,1.009783282941321796e-02,9.803105807519453263e-01,7.988103000869306233e-03,1.170131624718536746e-02
9.990000000000000213e+00,4.158987315703567555e-02,2.211976534612118076e-03,9.561981503083522016e-01,1.104461491130834805e-01,1.306336843778663865e-03,8.882475140431378424e-01,9.818882099224472970e-01,8.022606724187931679e-03,1.008918335336477130e-02,9.803190991675748700e-01,7.988193269557818110e-03,1.169270756286731189e-02
9.995000000000000995e+00,4.163552020693560285e-02,2.207661057176535293e-03,9.561568187358878701e-01,1.106370392866749264e-01,1.305949873914840059e-03,8.880570108394102435e-01,9.818974533779415426e-01,8.022022556328320397e-03,1.008052406573013704e-02,9.803276552600483917e-01,7.988267844982721230e-03,1.168407689496888703e-02
1.000000000000000000e+01,4.168090138466000460e-02,2.203386762848012943e-03,9.561157118524920007e-01,1.108278431999685787e-01,1.305565126354470791e-03,8.878665916736769859e-01,9.819067187103112104e-01,8.021426274437127441e-03,1.007185501525166213e-02,9.803362488339075753e-01,7.988326775428085044e-03,1.167542439066433964e-02
1.000499999999999901e+01,4.172481918569842518e-02,2.199346111416588222e-03,9.560758347028849302e-01,1.110120477671401318e-01,1.305233468201214605e-03,8.876827187646586514e-01,9.819155959806674661e-01,8.021103940864358559e-03,1.006330007846817538e-02,9.803445588055493820e-01,7.988637487560526496e-03,1.166680370689009150e-02
1.000999999999999979e+01,4.176849694707918115e-02,2.195343331837188144e-03,9.560361597210835782e-01,1.111961715818154256e-01,1.304903871238235038e-03,8.874989245469463439e-01,9.819244935915066863e-01,8.020770021803097505e-03,1.005473638669021619e-02,9.803529035146711923e-01,7.988933322071027979e-03,1.165816316325777972e-02
1.001500000000000057e+01,4.181193665879813504e-02,2.191378008942983409e-03,9.559966853322588998e-01,1.113802148406183856e-01,1.304576327428820601e-03,8.873152088319526953e-01,9.819334114810801539e-01,8.020424533784769813e-03,1.004616398513507626e-02,9.803612827849907951e-01,7.989214321479955194e-03,1.164950289352924967e-02
1.001999999999999957e+01,4.185514029692163906e-02,2.187449733454479607e-03,9.559574099696238614e-01,1.115641777396410989e-01,1.304250828777615617e-03,8.871315714315812784e-01,9.819423495864896267e-01,8.020067493803739733e-03,1.003758291970663352e-02,9.803696964403204595e-01,7.989480528385212513e-03,1.164082303129432804e-02
1.002500000000000036e+01,4.189810982363913888e-02,2.183558101879253237e-03,9.559183320744816248e-01,1.117480604744427453e-01,1.303927367330297120e-03,8.869480121582269394e-01,9.819513078436864495e-01,8.019698919308100582e-03,1.002899323700544992e-02,9.803781443045810340e-01,7.989731985460634886e-03,1.163212370995833113e-02
1.003000000000000114e+01,4.194084718729571698e-02,2.179702716413778503e-03,9.558794500962904950e-01,1.119318632400505276e-01,1.303605935173343276e-03,8.867645308247761315e-01,9.819602861875216249e-01,8.019318828191056639e-03,1.002039498428731849e-02,9.803866262018124944e-01,7.989968735454443943e-03,1.162340506273306165e-02
1.003500000000000014e+01,4.198335432244997695e-02,2.175883184847198729e-03,9.558407624927028889e-01,1.121155862309596296e-01,1.303286524433765366e-03,8.865811272446065816e-01,9.819692845517543622e-01,8.018927238782110750e-03,1.001178820946352702e-02,9.803951419561570679e-01,7.990190821187596534e-03,1.161466722265533554e-02
1.003999999999999915e+01,4.202563314992751459e-02,2.172099120466821232e-03,9.558022677296057479e-01,1.122992296411312874e-01,1.302969127278844107e-03,8.863978012315898436e-01,9.819783028690874938e-01,8.018524169838579796e-03,1.000317296107392645e-02,9.804036913918861007e-01,7.990398285552376134e-03,1.160591032256152316e-02
1.004499999999999993e+01,4.206768557687216858e-02,2.168350141965785793e-03,9.557639642811620595e-01,1.124827936639951204e-01,1.302653735915874000e-03,8.862145526000889673e-01,9.819873410711765782e-01,8.018109640537311386e-03,9.994549288286110403e-03,9.804122743333942847e-01,7.990591171510704957e-03,1.159713449509501039e-02
1.005000000000000071e+01,4.210951349680032429e-02,2.164635873352161680e-03,9.557258506298474954e-01,1.126662784924478966e-01,1.302340342591909624e-03,8.860313811649601634e-01,9.819963990886745320e-01,8.017683670466391882e-03,9.985917240859076144e-03,9.804208906052066519e-01,7.990769522092704136e-03,1.158833987270064397e-02
1.005499999999999972e+01,4.215111878966409931e-02,2.160955943860111157e-03,9.556879252664757241e-01,1.128496843188539073e-01,1.302028939593544241e-03,8.858482867415525819e-01,9.820054768512360699e-01,8.017246279617149321e-03,9.977276869146780788e-03,9.804295400319789078e-01,7.990933380395090838e-03,1.157952658762600139e-02
1.006000000000000050e+01,4.219250332190498803e-02,2.157309987862536180e-03,9.556501866902324949e-01,1.130330113350439675e-01,1.301719519246576301e-03,8.856652691457094217e-01,9.820145742875499018e-01,8.016797488376145933e-03,9.968628224073952313e-03,9.804382224385089772e-01,7.991082789579695075e-03,1.157069477191132768e-02
1.006499999999999950e+01,4.223366894651633952e-02,2.153697644785623321e-03,9.556126334086980645e-01,1.132162597323174980e-01,1.301412073915854612e-03,8.854823281937665991e-01,9.820236913253523880e-01,8.016337317517543623e-03,9.959971357130068328e-03,9.804469376497422228e-01,7.991217792871834272e-03,1.156184455738594290e-02
1.007000000000000028e+01,4.227461750312012934e-02,2.150118559024946033e-03,9.555752639378549684e-01,1.133994297014400826e-01,1.301106596004968042e-03,8.852994637025548563e-01,9.820328278914637332e-01,8.015865788195401798e-03,9.951306320340864986e-03,9.804556854907617858e-01,7.991338433559036503e-03,1.155297607567917773e-02
1.007499999999999929e+01,4.231535081800386067e-02,2.146572379863088704e-03,9.555380768021330962e-01,1.135825214326466326e-01,1.300803077956048850e-03,8.851166754893972088e-01,9.820419839117973115e-01,8.015382921936127850e-03,9.942633166266560615e-03,9.804644657868094582e-01,7.991444754989208629e-03,1.154408945820133321e-02
1.008000000000000007e+01,4.235587070421663325e-02,2.143058761389080458e-03,9.555010705343942590e-01,1.137655351156391381e-01,1.300501512249492521e-03,8.849339633721113874e-01,9.820511593113818716e-01,8.014888740631180911e-03,9.933951947986947514e-03,9.804732783632787996e-01,7.991536800569392501e-03,1.153518483615180792e-02
1.008500000000000085e+01,4.239617896161797239e-02,2.139577362419109625e-03,9.554642436759629431e-01,1.139484709395852113e-01,1.300201891403686286e-03,8.847513271690110592e-01,9.820603540143842958e-01,8.014383266529858871e-03,9.925262719085845356e-03,9.804821230457249071e-01,7.991614613764123909e-03,1.152626234051096904e-02
1.008999999999999986e+01,4.243627737695129104e-02,2.136127846418947335e-03,9.554275947766297516e-01,1.141313290931233321e-01,1.299904207974868827e-03,8.845687666989018316e-01,9.820695679441396875e-01,8.013866522232101011e-03,9.916565533628211512e-03,9.804909996598765165e-01,7.991678238094095110e-03,1.151732210202938839e-02
1.009500000000000064e+01,4.247616772391465262e-02,2.132709881427819181e-03,9.553911223946576214e-01,1.143141097643597948e-01,1.299608454556798725e-03,8.843862817810833610e-01,9.820788010231512599e-01,8.013338530681618499e-03,9.907860446167121582e-03,9.804999080316155746e-01,7.991727717134454803e-03,1.150836425124997058e-02
1.009999999999999964e+01,4.251585176323378207e-02,2.129323139983590497e-03,9.553548250967826005e-01,1.144968131408668766e-01,1.299314623780558221e-03,8.842038722353525726e-01,9.820880531731217555e-01,8.012799315158879165e-03,9.899147511719365300e-03,9.805088479870089913e-01,7.991763094513493204e-03,1.149938891847751554e-02
1.010500000000000043e+01,4.255533124273107315e-02,2.125967299049516361e-03,9.553187014582193992e-01,1.146794394096886105e-01,1.299022708314318377e-03,8.840215378819971104e-01,9.820973243149809795e-01,8.012248899274567598e-03,9.890426785744452914e-03,9.805178193522992025e-01,7.991784413911209167e-03,1.149039623378958833e-02
1.010999999999999943e+01,4.259460789740104197e-02,2.122642039942383707e-03,9.552827500626566160e-01,1.148619887573365805e-01,1.298732700863094048e-03,8.838392785418003328e-01,9.821066143688880201e-01,8.011687306962736455e-03,9.881698324149243429e-03,9.805268219539078345e-01,7.991791719057717708e-03,1.148138632703444781e-02
1.011500000000000021e+01,4.263368344948017391e-02,2.119347048261819612e-03,9.552469695022580698e-01,1.150444613697907820e-01,1.298444594168517716e-03,8.836570940360407578e-01,9.821159232542561179e-01,8.011114562474427880e-03,9.872962183269454184e-03,9.805358556184399221e-01,7.991785053731858754e-03,1.147235932782821911e-02
1.012000000000000099e+01,4.267255960853207075e-02,2.116082013821245830e-03,9.552113583776465910e-01,1.152268574325016337e-01,1.298158381008630673e-03,8.834749841864897313e-01,9.821252508897759803e-01,8.010530690371282792e-03,9.864218419852736897e-03,9.805449201726913477e-01,7.991764461759731306e-03,1.146331536554892096e-02
1.012500000000000000e+01,4.271123807150743745e-02,2.112846630579732782e-03,9.551759152979127920e-01,1.154091771303892844e-01,1.297874054197612837e-03,8.832929488154130926e-01,9.821345971934299923e-01,8.009935715519155355e-03,9.855467091050852321e-03,9.805540154436518385e-01,7.991729987013328207e-03,1.145425456933483327e-02
1.012999999999999901e+01,4.274972052283713964e-02,2.109640596575486794e-03,9.551406388805874226e-01,1.155914206478433764e-01,1.297591606585593452e-03,8.831109877455710633e-01,9.821439620825100913e-01,8.009329663081999826e-03,9.846708254407908825e-03,9.805631412585178452e-01,7.991681673409085918e-03,1.144517706807306884e-02
1.013499999999999979e+01,4.278800863450064884e-02,2.106463613860474430e-03,9.551055277516389275e-01,1.157735881687243784e-01,1.297311031058400203e-03,8.829291008002172481e-01,9.821533454736343094e-01,8.008712558515779928e-03,9.837941967849910679e-03,9.805722974446717810e-01,7.991619564906337139e-03,1.143608299042188185e-02
1.014000000000000057e+01,4.282610406610087156e-02,2.103315388436004848e-03,9.550705805454631214e-01,1.159556798763643759e-01,1.297032320537380538e-03,8.827472878030983017e-01,9.821627472827665351e-01,8.008084427562393859e-03,9.829168289671071090e-03,9.805814838297045588e-01,7.991543705506032325e-03,1.142697246478940887e-02
1.014499999999999957e+01,4.286400846494728412e-02,2.100195630189994819e-03,9.550357959048626499e-01,1.161376959535648790e-01,1.296755467979126067e-03,8.825655485784559273e-01,9.821721674252262835e-01,8.007445296243982658e-03,9.820387278529733865e-03,9.805907002414268048e-01,7.991454139249303326e-03,1.141784561932389190e-02
1.015000000000000036e+01,4.290172346614114229e-02,2.097104052834899892e-03,9.550011724810238967e-01,1.163196365826007495e-01,1.296480466375295832e-03,8.823838829510239901e-01,9.821816058157224472e-01,8.006795190856980104e-03,9.811598993420572734e-03,9.805999465078520938e-01,7.991350910216044393e-03,1.140870258193186181e-02
1.015500000000000114e+01,4.293925069263770933e-02,2.094040373847247567e-03,9.549667089335150960e-01,1.165015019452175227e-01,1.296207308752342444e-03,8.822022907460300711e-01,9.821910623683431929e-01,8.006134137966507830e-03,9.802803493690299269e-03,9.806092224572136029e-01,7.991234062523423776e-03,1.139954348026297332e-02
1.016000000000000014e+01,4.297659175534553067e-02,2.091004314407779365e-03,9.549324039302466982e-01,1.166832922226332114e-01,1.295935988171378721e-03,8.820207717891954680e-01,9.822005369966003707e-01,8.005462164400714911e-03,9.794000838998914368e-03,9.806185279179655545e-01,7.991103640324726670e-03,1.139036844170971882e-02
1.016499999999999915e+01,4.301374825319163875e-02,2.087995599343298123e-03,9.548982561474651520e-01,1.168650075955416506e-01,1.295666497727912059e-03,8.818393259067304202e-01,9.822100296134216313e-01,8.004779297245396760e-03,9.785191089332971950e-03,9.806278627187817731e-01,7.990959687807740186e-03,1.138117759341048668e-02
1.016999999999999993e+01,4.305072177320764387e-02,2.085013957068971961e-03,9.548642642697233729e-01,1.170466482441049616e-01,1.295398830551603960e-03,8.816579529253434355e-01,9.822195401311772933e-01,8.004085563838480438e-03,9.776374304984226243e-03,9.806372266885774458e-01,7.990802249193549450e-03,1.137197106222900475e-02
1.017500000000000071e+01,4.308751389061554748e-02,2.082059119532139214e-03,9.548304269898523211e-01,1.172282143479649041e-01,1.295132979806143392e-03,8.814766526722289663e-01,9.822290684616942213e-01,8.003380991764688646e-03,9.767550546541090006e-03,9.806466196564781468e-01,7.990631368735102991e-03,1.136274897478675022e-02
1.017999999999999972e+01,4.312412616889851891e-02,2.079130822156990271e-03,9.547967430089445706e-01,1.174097060862331621e-01,1.294868938688953407e-03,8.812954249750779567e-01,9.822386145162780302e-01,8.002665608850505555e-03,9.758719874871464237e-03,9.806560414518660229e-01,7.990447090715762507e-03,1.135351145741821458e-02
1.018500000000000050e+01,4.316056015988765232e-02,2.076228803790103328e-03,9.547632110363222235e-01,1.175911236374983376e-01,1.294606700431013332e-03,8.811142696620706261e-01,9.822481782057069788e-01,8.001939443158719370e-03,9.749882351134301836e-03,9.806654919043414909e-01,7.990249459448144076e-03,1.134425863621036507e-02
1.018999999999999950e+01,4.319681740384589963e-02,2.073352806647271642e-03,9.547298297895068231e-01,1.177724671798249800e-01,1.294346258296681391e-03,8.809331865618782453e-01,9.822577594402734924e-01,8.001202522983624082e-03,9.741038036742883516e-03,9.806749708437646484e-01,7.990038519272633227e-03,1.133499063696271833e-02
1.019500000000000028e+01,4.323289942954842285e-02,2.070502576261094504e-03,9.546965979941904878e-01,1.179537368907513650e-01,1.294087605583431680e-03,8.807521755036651356e-01,9.822673581297739487e-01,8.000454876845952343e-03,9.732186993380098974e-03,9.806844781002325151e-01,7.989814314556165434e-03,1.132570758521131947e-02
1.019999999999999929e+01,4.326880775435927584e-02,2.067677861429434698e-03,9.546635143842112647e-01,1.181349329472962673e-01,1.293830735621732519e-03,8.805712363170820067e-01,9.822769741835435386e-01,7.999696533487825681e-03,9.723329282968635676e-03,9.806940135040962403e-01,7.989576889690734249e-03,1.131640960621302545e-02
1.020500000000000007e+01,4.330477370033019441e-02,2.064835594002853957e-03,9.546303907056670202e-01,1.183178412347509201e-01,1.293562204938107120e-03,8.803885965603108765e-01,9.822867286366229189e-01,7.998845413111015101e-03,9.714425950266065979e-03,9.807036779363214052e-01,7.989248496650697140e-03,1.130707356702789768e-02
1.021000000000000085e+01,4.334160020393392626e-02,2.061824789772953061e-03,9.545965750062931354e-01,1.185088062712064683e-01,1.293234348629089450e-03,8.801979593801644297e-01,9.822970530868092576e-01,7.997609263166673491e-03,9.705337650024068938e-03,9.807138322351546256e-01,7.988552114515585709e-03,1.129761565032978872e-02
1.021499999999999986e+01,4.337823107738282558e-02,2.058841301090017558e-03,9.545629276215271686e-01,1.186996899642362990e-01,1.292908453097738530e-03,8.800074015826659934e-01,9.823073963395365649e-01,7.996361933486352894e-03,9.696241726977082240e-03,9.807240170640293409e-01,7.987841855591600038e-03,1.128814108037905911e-02
1.022000000000000064e+01,4.341466801956264665e-02,2.055884855424082707e-03,9.545294471250133084e-01,1.188904924812199115e-01,1.292584510887822115e-03,8.798169230078921599e-01,9.823177582840358912e-01,7.995103461026312544e-03,9.687138254937796220e-03,9.807342322263407075e-01,7.987117773531927922e-03,1.127865000012736457e-02
1.022499999999999964e+01,4.345091271606475736e-02,2.052955183813150002e-03,9.544961321001221854e-01,1.190812139891516963e-01,1.292262514580441593e-03,8.796265234962677981e-01,9.823281388091064104e-01,7.993833882951485031e-03,9.678027307942104612e-03,9.807444775258057357e-01,7.986379921991852704e-03,1.126914255220241162e-02
1.023000000000000043e+01,4.348696683927908563e-02,2.050052020806743171e-03,9.544629811399141239e-01,1.192718546546353842e-01,1.291942456793733832e-03,8.794362028885708282e-01,9.823385378031155302e-01,7.992553236629946004e-03,9.668908960254523829e-03,9.807547527664934872e-01,7.985628354627540698e-03,1.125961887887897209e-02
1.023499999999999943e+01,4.352283204849849430e-02,2.047175104410894897e-03,9.544299928470906247e-01,1.194624146438835327e-01,1.291624330182657371e-03,8.792459610259337754e-01,9.823489551540418585e-01,7.991261559627911223e-03,9.659783286330230270e-03,9.807650577528053137e-01,7.984863125094186775e-03,1.125007912210049948e-02
1.024000000000000021e+01,4.355850999002820745e-02,2.044324176033972262e-03,9.543971658339378550e-01,1.196528941227184561e-01,1.291308127438775804e-03,8.790557977498427711e-01,9.823593907494673205e-01,7.989958889704383213e-03,9.650650360828296262e-03,9.807753922894993925e-01,7.984084287044635256e-03,1.124052342345597220e-02
1.024500000000000099e+01,4.359400229728171289e-02,2.041498980433318830e-03,9.543644987222850151e-01,1.198432932565730302e-01,1.290993841290041799e-03,8.788657129021368863e-01,9.823698444765965876e-01,7.988645264806070248e-03,9.641510258597342162e-03,9.807857561816814007e-01,7.983291894127773555e-03,1.123095192419082573e-02
1.025000000000000000e+01,4.362931059088547003e-02,2.038699265663379469e-03,9.543319901434511587e-01,1.200336122104869174e-01,1.290681464500545786e-03,8.786757063250125732e-01,9.823803162222812801e-01,7.987320723062418110e-03,9.632363054656301743e-03,9.807961492348220567e-01,7.982485999987033384e-03,1.122136476519090993e-02
1.025499999999999901e+01,4.366443647877839285e-02,2.035924783024055038e-03,9.542996387381975643e-01,1.202238511491057482e-01,1.290370989870275476e-03,8.784857778610239976e-01,9.823908058730184134e-01,7.985985302780640102e-03,9.623208824200946490e-03,9.808065712547388015e-01,7.981666658258656025e-03,1.121176208700254244e-02
1.025999999999999979e+01,4.369938155631949289e-02,2.033175287010532874e-03,9.542674431566700033e-01,1.204140102366855480e-01,1.290062410234967330e-03,8.782959273530794864e-01,9.824013133149749333e-01,7.984639042440811255e-03,9.614047642584255468e-03,9.808170220476214451e-01,7.980833922570481492e-03,1.120214402980807336e-02
1.026500000000000057e+01,4.373414740638014581e-02,2.030450535263977722e-03,9.542354020583558860e-01,1.206040896370871723e-01,1.289755718465813170e-03,8.781061546444470789e-01,9.824118384339991517e-01,7.983281980691189772e-03,9.604879585309658574e-03,9.808275014200266151e-01,7.979987846540257182e-03,1.119251073343312773e-02
1.026999999999999957e+01,4.376873559945753528e-02,2.027750288522686684e-03,9.542035141120198682e-01,1.207940895137769588e-01,1.289450907469275650e-03,8.779164595787538605e-01,9.824223811156334030e-01,7.981914156343443076e-03,9.595704728023153954e-03,9.808380091788777566e-01,7.979128483774029779e-03,1.118286233734821361e-02
1.027500000000000036e+01,4.380314769376504602e-02,2.025074310574733003e-03,9.541717779956602197e-01,1.209840100298280874e-01,1.289147970186860356e-03,8.777268419999850746e-01,9.824329412451285881e-01,7.980535608368007419e-03,9.586523146503404466e-03,9.808485451314779002e-01,7.978255887865003809e-03,1.117319898065709596e-02
1.028000000000000114e+01,4.383738523533744352e-02,2.022422368210858787e-03,9.541401923964517584e-01,1.211738513479183044e-01,1.288846899594907206e-03,8.775373017524867869e-01,9.824435187074458398e-01,7.979146375889633117e-03,9.577334916664527117e-03,9.808591090855033334e-01,7.977370112391737531e-03,1.116352080210492904e-02
1.028500000000000014e+01,4.387144975812815734e-02,2.019794231178709525e-03,9.541087560106931154e-01,1.213636136303296031e-01,1.288547688704368621e-03,8.773478386809661078e-01,9.824541133872893850e-01,7.977746498182723342e-03,9.568140114527891663e-03,9.808697008490202540e-01,7.976471210916772497e-03,1.115382794006297348e-02
1.028999999999999915e+01,4.390534278411598740e-02,2.017189672137533526e-03,9.540774675437465602e-01,1.215532970389486267e-01,1.288250330560615020e-03,8.771584526304908591e-01,9.824647251691037697e-01,7.976336014667085791e-03,9.558938816229144500e-03,9.808803202304731128e-01,7.975559236985283948e-03,1.114412053254160324e-02
1.029499999999999993e+01,4.393906582339675987e-02,2.014608466613902662e-03,9.540463257099892624e-01,1.217429017352674447e-01,1.287954818243206272e-03,8.769691434464893520e-01,9.824753539370908451e-01,7.974914964903566383e-03,9.549731098005588559e-03,9.808909670386948276e-01,7.974634244123493532e-03,1.113439871718167884e-02
1.030000000000000071e+01,4.397262037428731341e-02,2.012050392958029867e-03,9.540153292327546719e-01,1.219324278803798900e-01,1.287661144865686561e-03,8.767799109747543840e-01,9.824859995752279751e-01,7.973483388589715920e-03,9.540517036182308980e-03,9.809016410829174415e-01,7.973696285837354389e-03,1.112466263124520412e-02
1.030499999999999972e+01,4.400600792341973627e-02,2.009515232301094072e-03,9.539844768442792278e-01,1.221218756349821688e-01,1.287369303575356273e-03,8.765907550614424615e-01,9.824966619672547141e-01,7.972041325555574709e-03,9.531296707189711170e-03,9.809123421727654613e-01,7.972745415610991634e-03,1.111491241162354711e-02
1.031000000000000050e+01,4.403922994584453382e-02,2.007002768513088588e-03,9.539537672856424066e-01,1.223112451593760530e-01,1.287079287553121072e-03,8.764016755530708025e-01,9.825073409967252092e-01,7.970588815759634127e-03,9.522070187515156714e-03,9.809230701182590773e-01,7.971781686905442948e-03,1.110514819483547980e-02
1.031499999999999950e+01,4.407228790512565664e-02,2.004512788161536430e-03,9.539231993067128768e-01,1.225005366134647722e-01,1.286791090013237335e-03,8.762126722965218883e-01,9.825180365469892152e-01,7.969125899284711448e-03,9.512837553726073356e-03,9.809338247298299285e-01,7.970805153157178857e-03,1.109537011701289266e-02
1.032000000000000028e+01,4.410518325343749935e-02,2.002045080470928572e-03,9.538927716660915435e-01,1.226897501567537074e-01,1.286504704203124362e-03,8.760237451390432417e-01,9.825287485012018651e-01,7.967652616333852425e-03,9.503598882464282457e-03,9.809446058183067807e-01,7.969815867776681995e-03,1.108557831391653731e-02
1.032499999999999929e+01,4.413791743166346065e-02,1.999599437282781941e-03,9.538624831310537067e-01,1.228788859483512658e-01,1.286220123403173125e-03,8.758348939282455392e-01,9.825394767423630826e-01,7.966169007226501023e-03,9.494354250410416349e-03,9.809554131949295153e-01,7.968813884147106161e-03,1.107577292092337858e-02
1.033000000000000007e+01,4.417049186949001394e-02,1.997175653016566941e-03,9.538323324774933276e-01,1.230679441469665347e-01,1.285937340926512733e-03,8.756461185121069413e-01,9.825502211532919361e-01,7.964675112394636186e-03,9.485103734313427709e-03,9.809662466713515716e-01,7.967799255623006505e-03,1.106595407302542189e-02
1.033500000000000085e+01,4.420290798549974393e-02,1.994773524631085135e-03,9.538023184898691831e-01,1.232569249109110865e-01,1.285656350118857989e-03,8.754574187389699835e-01,9.825609816166627208e-01,7.963170972378776774e-03,9.475847410958502387e-03,9.809771060596399472e-01,7.966772035528712353e-03,1.105612190483134041e-02
1.033999999999999986e+01,4.423516718727617258e-02,1.992392851586737706e-03,9.537724399611371418e-01,1.234458283980985338e-01,1.285377144358278460e-03,8.752687944575431311e-01,9.825717580150096220e-01,7.961656627824364660e-03,9.466585357166013362e-03,9.809879911722863000e-01,7.965732277157324542e-03,1.104627655055637550e-02
1.034500000000000064e+01,4.426727087148939893e-02,1.990033435808323016e-03,9.537426956927023136e-01,1.236346547660424899e-01,1.285099717055002014e-03,8.750802455169024441e-01,9.825825502307358184e-01,7.960132119478090587e-03,9.457317649786091060e-03,9.809989018221980661e-01,7.964680033769103856e-03,1.103641814403283003e-02
1.034999999999999964e+01,4.429922042399207782e-02,1.987695081648478170e-03,9.537130844943594310e-01,1.238234041718606904e-01,1.284824061651272144e-03,8.748917717664880245e-01,9.825933581461155919e-01,7.958597488184069105e-03,9.448044365700338995e-03,9.810098378227052329e-01,7.963615358590272336e-03,1.102654681870449474e-02
1.035500000000000043e+01,4.433101721991949962e-02,1.985377595851850040e-03,9.536836051842286777e-01,1.240120767722679151e-01,1.284550171621050025e-03,8.747033730561110110e-01,9.826041816433279674e-01,7.957052774880351773e-03,9.438765581791680806e-03,9.810207989875699974e-01,7.962538304811707032e-03,1.101666270761829554e-02
1.035999999999999943e+01,4.436266262376784703e-02,1.983080787519705609e-03,9.536542565887123901e-01,1.242006727235817065e-01,1.284278040469937539e-03,8.745150492359483607e-01,9.826150206044317326e-01,7.955498020595457714e-03,9.429481374972809721e-03,9.810317851309855453e-01,7.961448925587553960e-03,1.100676594342690079e-02
1.036500000000000021e+01,4.439415798950695213e-02,1.980804468075361962e-03,9.536250375424176751e-01,1.243891921817238955e-01,1.284007661734907525e-03,8.743268001565411840e-01,9.826258749114029634e-01,7.953933266444732433e-03,9.420191822152304204e-03,9.810427960675749404e-01,7.960347274034029405e-03,1.099685665839103023e-02
1.037000000000000099e+01,4.442550466065230824e-02,1.978548451230098103e-03,9.535959468881175516e-01,1.245776353022117755e-01,1.283739028984158927e-03,8.741386256688040701e-01,9.826367444461374667e-01,7.952358553627037960e-03,9.410897000235495316e-03,9.810538316123991187e-01,7.959233403228096332e-03,1.098693498437278496e-02
1.037500000000000000e+01,4.445670397037143617e-02,1.976312552949591097e-03,9.535669834766790087e-01,1.247660022401661517e-01,1.283472135816899956e-03,8.739505256240168718e-01,9.826476290904508915e-01,7.950773923421352793e-03,9.401596986127755753e-03,9.810648915809565551e-01,7.958107366206166808e-03,1.097700105283727808e-02
1.037999999999999901e+01,4.448775724156458361e-02,1.974096591421023970e-03,9.535381461670143777e-01,1.249542931503097032e-01,1.283206975863174833e-03,8.737624998738271476e-01,9.826585287261048185e-01,7.949179417183352761e-03,9.392291856711828743e-03,9.810759757891969191e-01,7.956969215962891168e-03,1.096705499484018978e-02
1.038499999999999979e+01,4.451866578696023202e-02,1.971900387020733992e-03,9.535094338260189373e-01,1.251425081869629585e-01,1.282943542783690320e-03,8.735745482702533815e-01,9.826694432347975461e-01,7.947575076342328418e-03,9.382981688860125499e-03,9.810870840534934301e-01,7.955819005449870848e-03,1.095709694105669908e-02
1.039000000000000057e+01,4.454943090920467086e-02,1.969723762282372254e-03,9.534808453285129604e-01,1.253306475040504298e-01,1.282681830269603645e-03,8.733866706656799872e-01,9.826803724981862942e-01,7.945960942397732943e-03,9.373666559415972863e-03,9.810982161906930399e-01,7.954656787574433674e-03,1.094712702173252644e-02
1.039499999999999957e+01,4.458005390095216847e-02,1.967566541865707272e-03,9.534523795571820948e-01,1.255187112550945061e-01,1.282421832042363995e-03,8.731988669128630809e-01,9.826913163978852062e-01,7.944337056916177600e-03,9.364346545198616242e-03,9.811093720180710243e-01,7.953482615198421285e-03,1.093714536673055446e-02
1.040000000000000036e+01,4.461053604493589453e-02,1.965428552525684460e-03,9.534240354025383946e-01,1.257066995932211162e-01,1.282163541853526033e-03,8.730111368649253745e-01,9.827022748154934373e-01,7.942703461528212092e-03,9.355021722978350621e-03,9.811205513533669542e-01,7.952296541136978300e-03,1.092715210549606748e-02
1.040500000000000114e+01,4.464087861409020419e-02,1.963309623082461815e-03,9.533958117628273943e-01,1.258946126711547597e-01,1.281906953484561679e-03,8.728234803753607274e-01,9.827132476325681765e-01,7.941060197925313077e-03,9.345692169506510452e-03,9.811317540147719285e-01,7.951098618157187090e-03,1.091714736707088441e-02
1.041000000000000014e+01,4.467108287160293650e-02,1.961209584391419153e-03,9.533677075440056825e-01,1.260824506412227819e-01,1.281652060746684037e-03,8.726358972980304829e-01,9.827242347306787140e-01,7.939407307856836266e-03,9.336357961464449712e-03,9.811429798209357900e-01,7.949888898977271537e-03,1.090713128008693848e-02
1.041499999999999915e+01,4.470115007102602733e-02,1.959128269314144855e-03,9.533397216596598556e-01,1.262702136553510990e-01,1.281398857480669584e-03,8.724483874871682421e-01,9.827352359913725799e-01,7.937744833126909524e-03,9.327019175500510587e-03,9.811542285909686800e-01,7.948667436264850172e-03,1.089710397276646980e-02
1.041999999999999993e+01,4.473102775864191971e-02,1.957079145321288446e-03,9.533118930960368109e-01,1.264572058111507191e-01,1.281152377072217663e-03,8.722616418117770110e-01,9.827462009267855514e-01,7.936106124611985724e-03,9.317692948602462888e-03,9.811654560915291645e-01,7.947466189424361865e-03,1.088707771904647362e-02
1.042500000000000071e+01,4.476074513965014323e-02,1.955055276798470243e-03,9.532841995835513726e-01,1.266437655109261540e-01,1.280910153881427470e-03,8.720753243351924144e-01,9.827571537328695372e-01,7.934475105391239000e-03,9.308371161739223756e-03,9.811766833086362771e-01,7.946269788388152233e-03,1.087704690297557064e-02
1.042999999999999972e+01,4.479033148170093181e-02,1.953049448339892443e-03,9.532566190699591768e-01,1.268302516369657351e-01,1.280669582493800061e-03,8.718890787805404496e-01,9.827681202189728626e-01,7.932834663837925321e-03,9.299045117189212034e-03,9.811879327197191580e-01,7.945061857675371486e-03,1.086700542260547048e-02
1.043500000000000050e+01,4.481978798233959144e-02,1.951061502849859436e-03,9.532291505148106081e-01,1.270166643401719475e-01,1.280430656952400402e-03,8.717029050028756165e-01,9.827791002687734645e-01,7.931184841118456980e-03,9.289714890108078521e-03,9.811992041485951832e-01,7.943842448780614671e-03,1.085695340262420212e-02
1.043999999999999950e+01,4.484911583008866637e-02,1.949091285066197879e-03,9.532017928848451893e-01,1.272030037710368544e-01,1.280193371328530207e-03,8.715168028576345538e-01,9.827900937659760361e-01,7.929525678441511072e-03,9.280380555582452839e-03,9.812104974195637874e-01,7.942611613145507052e-03,1.084689096729070552e-02
1.044500000000000028e+01,4.487831620449812819e-02,1.947138641534303712e-03,9.531745451539676006e-01,1.273892700796440958e-01,1.279957719721532992e-03,8.713307722006343736e-01,9.828011005943209089e-01,7.927857217055259142e-03,9.271042188623832003e-03,9.812218123573590578e-01,7.941369402157404805e-03,1.083681824048353740e-02
1.044999999999999929e+01,4.490739027625686303e-02,1.945203420581952027e-03,9.531474063031611932e-01,1.275754634156658074e-01,1.279723696258615838e-03,8.711448128880755482e-01,9.828121206376013719e-01,7.926179498244817143e-03,9.261699864153810982e-03,9.812331487872136826e-01,7.940115867148437451e-03,1.082673534563787995e-02
1.045500000000000007e+01,4.493633920724869613e-02,1.943285472294019323e-03,9.531203753204572360e-01,1.277615839283664234e-01,1.279491295094733593e-03,8.709589247765388009e-01,9.828231537796574546e-01,7.924492563329447320e-03,9.252353657013098059e-03,9.812445065347946693e-01,7.938851059394354259e-03,1.081664240581097641e-02
1.046000000000000085e+01,4.496516415063938482e-02,1.941384648487934350e-03,9.530934512008727433e-01,1.279476317666026763e-01,1.279260510412386781e-03,8.707731077229849959e-01,9.828341999043864741e-01,7.922796453660270119e-03,9.243003641953255814e-03,9.812558854262642960e-01,7.937575030113547606e-03,1.080653954362215639e-02
1.046499999999999986e+01,4.499386625096517961e-02,1.939500802689696646e-03,9.530666329463451936e-01,1.281336070788200443e-01,1.279031336421472412e-03,8.705873615847584679e-01,9.828452588957529157e-01,7.921091210617582298e-03,9.233649893629502017e-03,9.812672852882448060e-01,7.936287830465887233e-03,1.079642688128930675e-02
1.047000000000000064e+01,4.502244664418673936e-02,1.937633790109711618e-03,9.530399195657035527e-01,1.283195100130582189e-01,1.278803767359120054e-03,8.704016862195826931e-01,9.828563306377996467e-01,7.919376875608431787e-03,9.224292486591921525e-03,9.812787059478398355e-01,7.934989511551727992e-03,1.078630454060843652e-02
1.047499999999999964e+01,4.505090645779298575e-02,1.935783467619625045e-03,9.530133100745874497e-01,1.285053407169495232e-01,1.278577797489537224e-03,8.702160814855609550e-01,9.828674150146388122e-01,7.917653490064142235e-03,9.214931495297045555e-03,9.812901472326263086e-01,7.933680124410848189e-03,1.077617264296284322e-02
1.048000000000000043e+01,4.507924681085362373e-02,1.933949693729187288e-03,9.529868034954172007e-01,1.286910993377166079e-01,1.278353421103820952e-03,8.700305472411795638e-01,9.828785119104813672e-01,7.915921095437939911e-03,9.205566994080692858e-03,9.813016089706533274e-01,7.932359720021401814e-03,1.076603130932527082e-02
1.048499999999999943e+01,4.510746881411334397e-02,1.932132328563608212e-03,9.529603988573230877e-01,1.288767860221773642e-01,1.278130632519874086e-03,8.698450833453027498e-01,9.828896212096166485e-01,7.914179733202592743e-03,9.196199057180758779e-03,9.813130909904573818e-01,7.931028349298990462e-03,1.075588066024362778e-02
1.049000000000000021e+01,4.513557357005751336e-02,1.930331233841171877e-03,9.529340951961013939e-01,1.290624009167417041e-01,1.277909426082147028e-03,8.696596896571761048e-01,9.829007427964412402e-01,7.912429444847983440e-03,9.186827758710776337e-03,9.813245931210576867e-01,7.929686063095553114e-03,1.074572081584676021e-02
1.049500000000000099e+01,4.516356217298837794e-02,1.928546272851476388e-03,9.529078915541602246e-01,1.292479441674147800e-01,1.277689796161563147e-03,8.694743660364235849e-01,9.829118765554494264e-01,7.910670271878939355e-03,9.177453172671634282e-03,9.813361151919535175e-01,7.928332912198297541e-03,1.073555189584818499e-02
1.050000000000000000e+01,4.519143570910138380e-02,1.926777310433599793e-03,9.528817869804651064e-01,1.294334159197949030e-01,1.277471737155352893e-03,8.692891123430497302e-01,9.829230223712517311e-01,7.908902255812895812e-03,9.168075372935373044e-03,9.813476570331338689e-01,7.926968947329074075e-03,1.072537401953705706e-02
1.050499999999999901e+01,4.521919525655368477e-02,1.925024212955108414e-03,9.528557805304911366e-01,1.296188163190749032e-01,1.277255243486839342e-03,8.691039284374382223e-01,9.829341801285687019e-01,7.907125438177627086e-03,9.158694433253670997e-03,9.813592184750686842e-01,7.925594219142803945e-03,1.071518730578851185e-02
1.050999999999999979e+01,4.524684188554196906e-02,1.923286848290845733e-03,9.528298712661672498e-01,1.298041455100452379e-01,1.277040309605365336e-03,8.689188141803493304e-01,9.829453497122458971e-01,7.905339860509216776e-03,9.149310427244886079e-03,9.813707993487256198e-01,7.924208778227016109e-03,1.070499187304736408e-02
1.051500000000000057e+01,4.527437665837075187e-02,1.921565085802706381e-03,9.528040582558265914e-01,1.299894036370862205e-01,1.276826929986084672e-03,8.687337694329276827e-01,9.829565310072613249e-01,7.903545564349630931e-03,9.139923428389044174e-03,9.813823994855557231e-01,7.922812675100631211e-03,1.069478783934364567e-02
1.051999999999999957e+01,4.530180062952834236e-02,1.919858796319133445e-03,9.527783405741524492e-01,1.301745908441812871e-01,1.276615099129851071e-03,8.685487940566889442e-01,9.829677238987135635e-01,7.901742591244825462e-03,9.130533510041611081e-03,9.813940187175139718e-01,7.921405960213196568e-03,1.068457532227283166e-02
1.052500000000000036e+01,4.532911484575356809e-02,1.918167852115273877e-03,9.527527173021311802e-01,1.303597072749060337e-01,1.276404811563047964e-03,8.683638879135308075e-01,9.829789282718524035e-01,7.899930982742511820e-03,9.121140745405084682e-03,9.814056568770332944e-01,7.919988683943644109e-03,1.067435443902306144e-02
1.053000000000000114e+01,4.535632034610858482e-02,1.916492126893467630e-03,9.527271875269979207e-01,1.305447530724329619e-01,1.276196061837441258e-03,8.681790508657295513e-01,9.829901440120613065e-01,7.898110780390063188e-03,9.111745207548630279e-03,9.814173137970561012e-01,7.918560896599730059e-03,1.066412530634416878e-02
1.053500000000000014e+01,4.538341816204408824e-02,1.914831495763790348e-03,9.527017503421921774e-01,1.307297283795337273e-01,1.275988844530028194e-03,8.679942827759362656e-01,9.830013710048799425e-01,7.896282025732720769e-03,9.102346969387336770e-03,9.814289893110200724e-01,7.917122648416801550e-03,1.065388804056312602e-02
1.053999999999999915e+01,4.541040931748339254e-02,1.913185835225134253e-03,9.526764048472914359e-01,1.309146333385780292e-01,1.275783154242924808e-03,8.678095835071790720e-01,9.830126091360039675e-01,7.894444760311189468e-03,9.092946103684843018e-03,9.814406832528580482e-01,7.915673989556996915e-03,1.064364275758495487e-02
1.054499999999999993e+01,4.543729482886282867e-02,1.911555023146576564e-03,9.526511501479906219e-01,1.310994680915312516e-01,1.275578985603162321e-03,8.676249529228655666e-01,9.830238582912819156e-01,7.892599025660014186e-03,9.083542683058070180e-03,9.814523954570022468e-01,7.914214970108447711e-03,1.063338957288930547e-02
1.055000000000000071e+01,4.546407570523201130e-02,1.909938938748880410e-03,9.526259853560190560e-01,1.312842327799602637e-01,1.275376333262578498e-03,8.674403908867771573e-01,9.830351183567294093e-01,7.890744863305390600e-03,9.074136779965200073e-03,9.814641257583957001e-01,7.912745640084121665e-03,1.062312860152017820e-02
1.055499999999999972e+01,4.549075294829658944e-02,1.908337462586464110e-03,9.526009095891169176e-01,1.314689275450319217e-01,1.275175191897706195e-03,8.672558972630703966e-01,9.830463892185345998e-01,7.888882314763452988e-03,9.064728466701947249e-03,9.814758739924804853e-01,7.911266049421272761e-03,1.061285995809824190e-02
1.056000000000000050e+01,4.551732755249837670e-02,1.906750476529509237e-03,9.525759219709720726e-01,1.316535525275112639e-01,1.274975556209559553e-03,8.670714719162790907e-01,9.830576707630560573e-01,7.887011421538206446e-03,9.055317815405736215e-03,9.814876399952001673e-01,7.909776247980332756e-03,1.060258375681949992e-02
1.056499999999999950e+01,4.554380050507912669e-02,1.905177863746491517e-03,9.525510216311744438e-01,1.318381078677635099e-01,1.274777420923535985e-03,8.668871147113129672e-01,9.830689628768323196e-01,7.885132225119755728e-03,9.045904898047924664e-03,9.814994236030122332e-01,7.908276285544036874e-03,1.059230011144372992e-02
1.057000000000000028e+01,4.557017278614185207e-02,1.903619508686822323e-03,9.525262077051713794e-01,1.320225937057574184e-01,1.274580780789285423e-03,8.667028255134533454e-01,9.830802654465902179e-01,7.883244766982464707e-03,9.036489786427317344e-03,9.815112246528790996e-01,7.906766211816816659e-03,1.058200913530408377e-02
1.057499999999999929e+01,4.559644536871791665e-02,1.902075297063874617e-03,9.525014793342182484e-01,1.322070101810604859e-01,1.274385630580530991e-03,8.665186041883589096e-01,9.830915783592404367e-01,7.881349088583160939e-03,9.027072552176402392e-03,9.815230429822645597e-01,7.905246076423552704e-03,1.057171094131188760e-02
1.058000000000000007e+01,4.562261921883602883e-02,1.900545115838276266e-03,9.524768356653257051e-01,1.323913574328440812e-01,1.274191965094986605e-03,8.663344506020608238e-01,9.831029015018841744e-01,7.879445231359192767e-03,9.017653266756632882e-03,9.815348784291619832e-01,7.903715928909166993e-03,1.056140564192884976e-02
1.058500000000000085e+01,4.564869529557757932e-02,1.899028853201413037e-03,9.524522758512210530e-01,1.325756355998826963e-01,1.273999779154148587e-03,8.661503646209631757e-01,9.831142347618252453e-01,7.877533236727091853e-03,9.008232001447662868e-03,9.815467308320525719e-01,7.902175818737334004e-03,1.055109334921009411e-02
1.058999999999999986e+01,4.567467455115307995e-02,1.897526398559133687e-03,9.524277990502878488e-01,1.327598448205526971e-01,1.273809067603239292e-03,8.659663461118440875e-01,9.831255780265705235e-01,7.875613146080337121e-03,8.998808827349139353e-03,9.815586000299544311e-01,7.900625795290255188e-03,1.054077417475531367e-02
1.059500000000000064e+01,4.570055793094958407e-02,1.896037642515867273e-03,9.524034044265344834e-01,1.329439852328355431e-01,1.273619825310991997e-03,8.657823949418533838e-01,9.831369311838231706e-01,7.873685000788019014e-03,8.989383815388810386e-03,9.815704858623850448e-01,7.899065907867238237e-03,1.053044822974771692e-02
1.059999999999999964e+01,4.572634637360054044e-02,1.894562476858852344e-03,9.523790911495406686e-01,1.331280569743162334e-01,1.273432047169576961e-03,8.655985109785141463e-01,9.831482941215079485e-01,7.871748842192985082e-03,8.979957036299066400e-03,9.815823881693717112e-01,7.897496205684197482e-03,1.052011562494409129e-02
1.060500000000000043e+01,4.575204081105448822e-02,1.893100794542624610e-03,9.523548583944029255e-01,1.333120601821856099e-01,1.273245728094449204e-03,8.654146940897200491e-01,9.831596667277574531e-01,7.869804711610303011e-03,8.970528560632243936e-03,9.815943067914787434e-01,7.895916737872965205e-03,1.050977647064829136e-02
1.060999999999999943e+01,4.577764216861843205e-02,1.891652489673784337e-03,9.523307053417077173e-01,1.334959949932397749e-01,1.273060863024201052e-03,8.652309441437360249e-01,9.831710488909209955e-01,7.867852650325579678e-03,8.961098458753424811e-03,9.816062415697734966e-01,7.894327553480285503e-03,1.049943087674621786e-02
1.061500000000000021e+01,4.580315136504004708e-02,1.890217457495966267e-03,9.523066311774639470e-01,1.336798615438810622e-01,1.272877446920432469e-03,8.650472610091985981e-01,9.831824404995795907e-01,7.865892699593375614e-03,8.951666800827033643e-03,9.816181923458515701e-01,7.892728701467182847e-03,1.048907895268124703e-02
1.062000000000000099e+01,4.582856931254872257e-02,1.888795594375087964e-03,9.522826350930762018e-01,1.338636599701192587e-01,1.272695474767652395e-03,8.648636445551131091e-01,9.831938414425307471e-01,7.863924900635584775e-03,8.942233656833668137e-03,9.816301589618141588e-01,7.891120230708020128e-03,1.047872080747782111e-02
1.062500000000000000e+01,4.585389691692624142e-02,1.887386797784714821e-03,9.522587162852891307e-01,1.340473904075703271e-01,1.272514941573111126e-03,8.646800946508566010e-01,9.832052516088044536e-01,7.861949294639956551e-03,8.932799096555589860e-03,9.816421412603010266e-01,7.889502189990012931e-03,1.046835654970896048e-02
1.062999999999999901e+01,4.587913507756310322e-02,1.885990966291757262e-03,9.522348739561451447e-01,1.342310529914609307e-01,1.272335842366691680e-03,8.644966111661722685e-01,9.832166708876636241e-01,7.859965922758564011e-03,8.923363189577811910e-03,9.816541390844608639e-01,7.887874628012372588e-03,1.045798628752676353e-02
1.063499999999999979e+01,4.590428468751255042e-02,1.884607999542358336e-03,9.522111073129451153e-01,1.344146478566243808e-01,1.272158172200771016e-03,8.643131939711748979e-01,9.832280991686159766e-01,7.857974826106282548e-03,8.913926005277740885e-03,9.816661522779677185e-01,7.886237593385372890e-03,1.044761012864690863e-02
1.064000000000000057e+01,4.592933468462562230e-02,1.883243520644790458e-03,9.521874217947294827e-01,1.345978268289589053e-01,1.271984363063778569e-03,8.641301888079773175e-01,9.832395098923152332e-01,7.855993236894395076e-03,8.904496870790371693e-03,9.816781567725895163e-01,7.884607742836004587e-03,1.043723548457447907e-02
1.064499999999999957e+01,4.595427593502130620e-02,1.881902723948775894e-03,9.521638213410299478e-01,1.347802628433635852e-01,1.271816692337786542e-03,8.639479204642985799e-01,9.832508780080455590e-01,7.854037385670215726e-03,8.895084606284225232e-03,9.816901298050726421e-01,7.883000776447116054e-03,1.042686941848024185e-02
1.065000000000000036e+01,4.597913310451866992e-02,1.880574359295219536e-03,9.521402925361861502e-01,1.349626324677158373e-01,1.271650419161212938e-03,8.637657171131229994e-01,9.832622547264258106e-01,7.852073946561241927e-03,8.885671327012947471e-03,9.817021175905313868e-01,7.881384512493577049e-03,1.041649789697503617e-02
1.065500000000000114e+01,4.600390704846404194e-02,1.879258331937465982e-03,9.521168346195985066e-01,1.351449358355056585e-01,1.271485538745357937e-03,8.635835786257489710e-01,9.832736399397590255e-01,7.850102959780556541e-03,8.876257100460418006e-03,9.817141199771833859e-01,7.879758998388662269e-03,1.040612102442795180e-02
1.066000000000000014e+01,4.602859861627139892e-02,1.877954548121812950e-03,9.520934468356068159e-01,1.353271730798260575e-01,1.271322046323027956e-03,8.634015048738509224e-01,9.832850335405998177e-01,7.848124465499740909e-03,8.866841993900441421e-03,9.817261368137435440e-01,7.878124281456729688e-03,1.039573890479972632e-02
1.066499999999999915e+01,4.605320865149446774e-02,1.876662915074918262e-03,9.520701284334306402e-01,1.355093443333735825e-01,1.271159937148399468e-03,8.632194957294779813e-01,9.832964354217539338e-01,7.846138503847251144e-03,8.857426074398815075e-03,9.817381679494601165e-01,7.876480408932570038e-03,1.038535164160731342e-02
1.066999999999999993e+01,4.607773799185686803e-02,1.875383340991386601e-03,9.520468786671517636e-01,1.356914497284526788e-01,1.270999206496884783e-03,8.630375510650504234e-01,9.833078454762766984e-01,7.844145114907365157e-03,8.848009408815936394e-03,9.817502132340945042e-01,7.874827427960933227e-03,1.037495933794456253e-02
1.067500000000000071e+01,4.610218746931651901e-02,1.874115735021498292e-03,9.520236967956620111e-01,1.358734893969734403e-01,1.270839849665058099e-03,8.628556707533615588e-01,9.833192635974866702e-01,7.842144338718687324e-03,8.838592063794642462e-03,9.817622725179134813e-01,7.873165385595494448e-03,1.036456209649102428e-02
1.067999999999999972e+01,4.612655791012307965e-02,1.872860007259103754e-03,9.520005820826178411e-01,1.360554634704521648e-01,1.270681861970486591e-03,8.626738546675774000e-01,9.833306896789603124e-01,7.840136215273034795e-03,8.829174105766652778e-03,9.817743456517240563e-01,7.871494328798502027e-03,1.035416001947744163e-02
1.068500000000000050e+01,4.615085013485765997e-02,1.871616068729758204e-03,9.519775337964125894e-01,1.362373720800151289e-01,1.270525238751649307e-03,8.624921026812332192e-01,9.833421236145314381e-01,7.838120784513968181e-03,8.819755600954593683e-03,9.817864324868437187e-01,7.869814304440133843e-03,1.034375320871614747e-02
1.068999999999999950e+01,4.617506495849627718e-02,1.870383831379147368e-03,9.519545512101245111e-01,1.364192153563942855e-01,1.270369975367787764e-03,8.623104146682378790e-01,9.833535652983064201e-01,7.836098086335703886e-03,8.810336615357875975e-03,9.817985328750973295e-01,7.868125359297600471e-03,1.033334176560507002e-02
1.069500000000000028e+01,4.619920319045302259e-02,1.869163208061282904e-03,9.519316336014856939e-01,1.366009934299354522e-01,1.270216067198848492e-03,8.621287905028656162e-01,9.833650146246579737e-01,7.834068160581774895e-03,8.800917214760251364e-03,9.818106466688545364e-01,7.866427540054893655e-03,1.032292579109056994e-02
1.069999999999999929e+01,4.622326563462997306e-02,1.867954112527375884e-03,9.519087802528426456e-01,1.367827064305911500e-01,1.270063509645267489e-03,8.619472300597635916e-01,9.833764714882287095e-01,7.832031047044068009e-03,8.791497464727222530e-03,9.818227737209906936e-01,7.864720893301795773e-03,1.031250538570751066e-02
1.070500000000000007e+01,4.624725308947984920e-02,1.866756459414465252e-03,9.518859904511056680e-01,1.369643544879256825e-01,1.269912298127965885e-03,8.617657332139463389e-01,9.833879357839375723e-01,7.829986785461233098e-03,8.782077430601194570e-03,9.818349138849046254e-01,7.863005465533652594e-03,1.030208064956172204e-02
1.071000000000000085e+01,4.627116634803338929e-02,1.865570164234543055e-03,9.518632634877320919e-01,1.371459377311173844e-01,1.269762428088163026e-03,8.615842998407944320e-01,9.833994074069762892e-01,7.827935415517928500e-03,8.772657177505782319e-03,9.818470670145296175e-01,7.861281303150381011e-03,1.029165168232000147e-02
1.071499999999999986e+01,4.629500619797225630e-02,1.864395143363471946e-03,9.518405986586643275e-01,1.373274562889543471e-01,1.269613894987298413e-03,8.614029298160583714e-01,9.834108862528215811e-01,7.825876976843355176e-03,8.763236770335063736e-03,9.818592329643026639e-01,7.859548452456233125e-03,1.028121858324110294e-02
1.072000000000000064e+01,4.631877342166278166e-02,1.863231314030447828e-03,9.518179952643067709e-01,1.375089102898395255e-01,1.269466694306890320e-03,8.612216230158535879e-01,9.834223722172281690e-01,7.823811509010311291e-03,8.753816273761519731e-03,9.818714115892033245e-01,7.857806959658954898e-03,1.027078145113772059e-02
1.072499999999999964e+01,4.634246879620608495e-02,1.862078594307333681e-03,9.517954526094866141e-01,1.376902998617909879e-01,1.269320821548455130e-03,8.610403793166605535e-01,9.834338651962353239e-01,7.821739051534049025e-03,8.744395752230627039e-03,9.818836027447274128e-01,7.856056870869409722e-03,1.026034038440317743e-02
1.073000000000000043e+01,4.636609309348792979e-02,1.860936903098266192e-03,9.517729700034137652e-01,1.378716251324397235e-01,1.269176272233368125e-03,8.608591985953270020e-01,9.834453650861716412e-01,7.819659643871079355e-03,8.734975269957279478e-03,9.818958062868916592e-01,7.854298232100820343e-03,1.024989548100752046e-02
1.073499999999999943e+01,4.638964708023350647e-02,1.859806160129446901e-03,9.517505467596369950e-01,1.380528862290352210e-01,1.269033041902787803e-03,8.606780807290620450e-01,9.834568717836545959e-01,7.817573325418250910e-03,8.725554890927153182e-03,9.819080220722476993e-01,7.852531089268321302e-03,1.023944683848397944e-02
1.074000000000000021e+01,4.641313151803924675e-02,1.858686285938962847e-03,9.517281821960217325e-01,1.382340832784405282e-01,1.268891126117510822e-03,8.604970255954419445e-01,9.834683851855878789e-01,7.815480135511566895e-03,8.716134678900554211e-03,9.819202499578675303e-01,7.850755488188462805e-03,1.022899455394400692e-02
1.074500000000000099e+01,4.643654716343016686e-02,1.857577201866828604e-03,9.517058756347029913e-01,1.384152164071399960e-01,1.268750520457883084e-03,8.603160330724022309e-01,9.834799051891742749e-01,7.813380113425172011e-03,8.706714697400553052e-03,9.819324898013422898e-01,7.848971474578437038e-03,1.021853872407927320e-02
1.075000000000000000e+01,4.645989476790379769e-02,1.856478830045216752e-03,9.516836264020509528e-01,1.385962857412312843e-01,1.268611220523684817e-03,8.601351030382450302e-01,9.834914316919198818e-01,7.811273298370391416e-03,8.697295009709726799e-03,9.819447414608070135e-01,7.847179094055925508e-03,1.020807944513706100e-02
1.075499999999999901e+01,4.648317507797117276e-02,1.855391093388669699e-03,9.516614338286402131e-01,1.387772914064367979e-01,1.268473221934028443e-03,8.599542353716291831e-01,9.835029645916109065e-01,7.809159729494554586e-03,8.687875678894538961e-03,9.819570047949056635e-01,7.845378392138115456e-03,1.019761681295622106e-02
1.075999999999999979e+01,4.650638883521239497e-02,1.854313915584686855e-03,9.516392972492029312e-01,1.389582335280938885e-01,1.268336520327247117e-03,8.597734299515789047e-01,9.835145037863551876e-01,7.807039445880264994e-03,8.678456767764547442e-03,9.819692796628192166e-01,7.843569414241580162e-03,1.018715092293920321e-02
1.076500000000000057e+01,4.652953677630794482e-02,1.853247221084253910e-03,9.516172160026078464e-01,1.391391122311642081e-01,1.268201111360796720e-03,8.595926866574749026e-01,9.835260491745394518e-01,7.804912486544109476e-03,8.669038338916438755e-03,9.819815659242522310e-01,7.841752205681515667e-03,1.017668187006625334e-02
1.076999999999999957e+01,4.655261963309283851e-02,1.852190935092536258e-03,9.515951894318145365e-01,1.393199276402282694e-01,1.268066990711136811e-03,8.594120053690605943e-01,9.835376006548801620e-01,7.802778890436030262e-03,8.659620454683807783e-03,9.819938634394453914e-01,7.839926811671331375e-03,1.016620974888327728e-02
1.077500000000000036e+01,4.657563813259955887e-02,1.851144983559780809e-03,9.515732168838406668e-01,1.395006798794904967e-01,1.267934154073635652e-03,8.592313859664358899e-01,9.835491581263822169e-01,7.800638696438095925e-03,8.650203177179686259e-03,9.820061720691505291e-01,7.838093277322162600e-03,1.015573465352730825e-02
1.078000000000000114e+01,4.659859299709478986e-02,1.850109293172276341e-03,9.515512977097329017e-01,1.396813690727793655e-01,1.267802597162471546e-03,8.590508283300580805e-01,9.835607214883701488e-01,7.798491943363672178e-03,8.640786568266178164e-03,9.820184916746664827e-01,7.836251647642265145e-03,1.014525667769125214e-02
1.078500000000000014e+01,4.662148494413297095e-02,1.849083791343528313e-03,9.515294312645234953e-01,1.398619953435458474e-01,1.267672315710520079e-03,8.588703323407436141e-01,9.835722906404718024e-01,7.796338669956714117e-03,8.631370689571482568e-03,9.820308221178093433e-01,7.834401967536767236e-03,1.013477591465388947e-02
1.078999999999999915e+01,4.664431468658592622e-02,1.848068406205414594e-03,9.515076169072086421e-01,1.400425588148658251e-01,1.267543305469256325e-03,8.586898978796648763e-01,9.835838654826298821e-01,7.794178914890377563e-03,8.621955602479740299e-03,9.820431632609230022e-01,7.832544281807027678e-03,1.012429245726997017e-02
1.079499999999999993e+01,4.666708293270355190e-02,1.847063066599608340e-03,9.514858540006967402e-01,1.402230596094410364e-01,1.267415562208636451e-03,8.585095248283503011e-01,9.835954459151038387e-01,7.792012716766715495e-03,8.612541368129444930e-03,9.820555149668872552e-01,7.830678635150016553e-03,1.011380639796272823e-02
1.080000000000000071e+01,4.668979038613634003e-02,1.846067702069055516e-03,9.514641419117946253e-01,1.404034978496005448e-01,1.267289081717035268e-03,8.583292130686824839e-01,9.836070318384675382e-01,7.789840114115355318e-03,8.603128047417106516e-03,9.820678770991040363e-01,7.828805072158218081e-03,1.010331782873774564e-02
1.080499999999999972e+01,4.671243774598267395e-02,1.845082242849578179e-03,9.514424800111677127e-01,1.405838736572994074e-01,1.267163859801098994e-03,8.581489624828995133e-01,9.836186231536107050e-01,7.787661145392930744e-03,8.593715700996363421e-03,9.820802495215125161e-01,7.826923637319032137e-03,1.009282684116845179e-02
1.081000000000000050e+01,4.673502570684339580e-02,1.844106619861599419e-03,9.514208676732950343e-01,1.407641871541235323e-01,1.267039892285698856e-03,8.579687729535907526e-01,9.836302197617470267e-01,7.785475848982033147e-03,8.584304389270939334e-03,9.820926320985703395e-01,7.825034375014068219e-03,1.008233352641559229e-02
1.081499999999999950e+01,4.675755495884321988e-02,1.843140764701943317e-03,9.513993042764548047e-01,1.409444384612843215e-01,1.266917175013769752e-03,8.577886443637018354e-01,9.836418215644060492e-01,7.783284263190573191e-03,8.574894172403377604e-03,9.821050246952712781e-01,7.823137329519140246e-03,1.007183797520958164e-02
1.082000000000000028e+01,4.678002618768582060e-02,1.842184609635874734e-03,9.513777892026782368e-01,1.411246276996262483e-01,1.266795703846267541e-03,8.576085765965274499e-01,9.836534284634428360e-01,7.781086426250875300e-03,8.565485110306289562e-03,9.821174271771422326e-01,7.821232545003562256e-03,1.006134027785420514e-02
1.082499999999999929e+01,4.680244007467662670e-02,1.841238087589089226e-03,9.513563218377343311e-01,1.413047549896233601e-01,1.266675474662034813e-03,8.574285695357145576e-01,9.836650403610376348e-01,7.778882376318853667e-03,8.556077262643511580e-03,9.821298394102256912e-01,7.819320065529711261e-03,1.005084052424459751e-02
1.083000000000000007e+01,4.682479729678718644e-02,1.840301132139936929e-03,9.513349015710728107e-01,1.414848204513790841e-01,1.266556483357695728e-03,8.572486230652631711e-01,9.836766571596969877e-01,7.776672151473316627e-03,8.546670688829695675e-03,9.821422612611054870e-01,7.817399935052805199e-03,1.004033880384170782e-02
1.083500000000000085e+01,4.684709852667309077e-02,1.839373677511624977e-03,9.513135277958152392e-01,1.416648242046337214e-01,1.266438725847637142e-03,8.570687370695186935e-01,9.836882787622540647e-01,7.774455789715107971e-03,8.537265448030826459e-03,9.821546925968948072e-01,7.815472197420342618e-03,1.002983520568485019e-02
1.083999999999999986e+01,4.686934443271953410e-02,1.838455658564755370e-03,9.512921999087157188e-01,1.418447663687579241e-01,1.266322198063801752e-03,8.568889114331783574e-01,9.836999050718673310e-01,7.772233328966444282e-03,8.527861599166224743e-03,9.821671332852325298e-01,7.813536896371653384e-03,1.001932981839581682e-02
1.084500000000000064e+01,4.689153567908178888e-02,1.837547010789700652e-03,9.512709173101284721e-01,1.420246470627576363e-01,1.266206895955664666e-03,8.567091460412866732e-01,9.837115359920318713e-01,7.770004807070107419e-03,8.518459200898021236e-03,9.821795831942847776e-01,7.811594075537814548e-03,1.000882273017740867e-02
1.084999999999999964e+01,4.691367292572624914e-02,1.836647670299235017e-03,9.512496794039745351e-01,1.422044664052726781e-01,1.266092815490124125e-03,8.565294407792372056e-01,9.837231714265687321e-01,7.767770261788709864e-03,8.509058311642558881e-03,9.821920421927483602e-01,7.809643778440647673e-03,9.998314028810992987e-03
1.085500000000000043e+01,4.693575682845678443e-02,1.835757573821260183e-03,9.512284855977219955e-01,1.423842245145796881e-01,1.265979952651394595e-03,8.563497955327689093e-01,9.837348112796342470e-01,7.765529730804053739e-03,8.499658989561700156e-03,9.822045101498527719e-01,7.807686048493106545e-03,9.987803801654121516e-03
1.085999999999999943e+01,4.695778803896543535e-02,1.834876658691568779e-03,9.512073353023430267e-01,1.425639215085918177e-01,1.265868303440934343e-03,8.561702101879672400e-01,9.837464554557231455e-01,7.763283251716354520e-03,8.490261292560499079e-03,9.822169869353537530e-01,7.805720928998474001e-03,9.977292135647772980e-03
1.086500000000000021e+01,4.697976720485926017e-02,1.834004862846809383e-03,9.511862279322939040e-01,1.427435575048612848e-01,1.265757863877327262e-03,8.559906846312614892e-01,9.837581038596581173e-01,7.761030862043575770e-03,8.480865278298306900e-03,9.822294724195401727e-01,7.803748463149716603e-03,9.966779117310111541e-03
1.087000000000000099e+01,4.700169417622595408e-02,1.833138284501328310e-03,9.511651675392727157e-01,1.429234063743138883e-01,1.265646773063161708e-03,8.558109468526229335e-01,9.837697779072743787e-01,7.758758775910053369e-03,8.471463316815568828e-03,9.822419864056407546e-01,7.801755246290844985e-03,9.956258348068399572e-03
1.087500000000000000e+01,4.702355847888903262e-02,1.832236730939703837e-03,9.511442047901712549e-01,1.431063409244917040e-01,1.265515556904733526e-03,8.556281435186036122e-01,9.837817034003074612e-01,7.756321899648132949e-03,8.461974700044404968e-03,9.822547382095022650e-01,7.799600109004664952e-03,9.945661681493070047e-03
1.087999999999999901e+01,4.704536752630842505e-02,1.831344466371034180e-03,9.511232880073205997e-01,1.432892116356005996e-01,1.265385589614400220e-03,8.554454027747849798e-01,9.837936328972842759e-01,7.753879251830110564e-03,8.452487850885613552e-03,9.822674986064394709e-01,7.797437735379116920e-03,9.935063658181413071e-03
1.088499999999999979e+01,4.706712198297348382e-02,1.830461427864205895e-03,9.511024165891622806e-01,1.434720186236967121e-01,1.265256867075617879e-03,8.552627245092276898e-01,9.838055662990543571e-01,7.751430871828336212e-03,8.443002829117307595e-03,9.822802674618408281e-01,7.795268170622240457e-03,9.924464367536932341e-03
1.089000000000000057e+01,4.708882250919266960e-02,1.829587553093139571e-03,9.510815899377141891e-01,1.436547620044997808e-01,1.265129385189561490e-03,8.550801086103106963e-01,9.838175035068443819e-01,7.748976798918339771e-03,8.433519694237279207e-03,9.822930446416624495e-01,7.793091459817394484e-03,9.913863898520156037e-03
1.089499999999999957e+01,4.711046976113839047e-02,1.828722780329685924e-03,9.510608074585319427e-01,1.438374418933879295e-01,1.265003139875007414e-03,8.548975549667371387e-01,9.838294444222450696e-01,7.746517072278184812e-03,8.424038505476745542e-03,9.823058300124345443e-01,7.790907647923304112e-03,9.903262339642150691e-03
1.090000000000000036e+01,4.713206439086906063e-02,1.827867048436662180e-03,9.510400685606943405e-01,1.440200584054061039e-01,1.264878127068272233e-03,8.547150634675255709e-01,9.838413889472253926e-01,7.744051730987772109e-03,8.414559321786835300e-03,9.823186234412442097e-01,7.788716779773530684e-03,9.892659778982258734e-03
1.090500000000000114e+01,4.715360704638595774e-02,1.827020296860943976e-03,9.510193726567530703e-01,1.442026116552634074e-01,1.264754342723106500e-03,8.545326340020135136e-01,9.838533369841251375e-01,7.741580814028362588e-03,8.405082201846499068e-03,9.823314247957619649e-01,7.786518900076038092e-03,9.882056304161997845e-03
1.091000000000000014e+01,4.717509837165854980e-02,1.826182465626797081e-03,9.509987191627146119e-01,1.443851017573314632e-01,1.264631782810609522e-03,8.543502664598580099e-01,9.838652884356594575e-01,7.739104360281890381e-03,8.395607204058651296e-03,9.823442339442071125e-01,7.784314053413228345e-03,9.871452002379658280e-03
1.091499999999999915e+01,4.719653900665735091e-02,1.825353495329062751e-03,9.509781074980135918e-01,1.445675288256473845e-01,1.264510443319087976e-03,8.541679607310335154e-01,9.838772432049260885e-01,7.736622408530458885e-03,8.386134386543453445e-03,9.823570507553814890e-01,7.782102284241357824e-03,9.860846960377152304e-03
1.091999999999999993e+01,4.721792958740454044e-02,1.824533327126633651e-03,9.509575370854688181e-01,1.447498929739169937e-01,1.264390320254038351e-03,8.539857167058289011e-01,9.838892011953956906e-01,7.734134997455637331e-03,8.376663807148672022e-03,9.823698750986487038e-01,7.779883636890323924e-03,9.850241264460973117e-03
1.092500000000000071e+01,4.723927074599951897e-02,1.823721902735939105e-03,9.509370073512645183e-01,1.449321943155094661e-01,1.264271409638002743e-03,8.538035342748524492e-01,9.839011623109094051e-01,7.731642165637970729e-03,8.367195523452624142e-03,9.823827068439295873e-01,7.777658155563442997e-03,9.839635000506968820e-03
1.092999999999999972e+01,4.726056311065564980e-02,1.822919164424563259e-03,9.509165177249198075e-01,1.451144329634628249e-01,1.264153707510477570e-03,8.536214133290267458e-01,9.839131264557010592e-01,7.729143951556520162e-03,8.357729592742420624e-03,9.823955458617200653e-01,7.775425884337056580e-03,9.829028253942877214e-03
1.093500000000000050e+01,4.728180730573808277e-02,1.822125055004803190e-03,9.508960676392571587e-01,1.452966090304852464e-01,1.264037209927874102e-03,8.534393537595869050e-01,9.839250935343744064e-01,7.726640393588218338e-03,8.348266072037376084e-03,9.824083920230828326e-01,7.773186867160398680e-03,9.818421109756768697e-03
1.093999999999999950e+01,4.730300395179955902e-02,1.821339517827552266e-03,9.508756565303728703e-01,1.454787226289483426e-01,1.263921912963335671e-03,8.532573554580883401e-01,9.839370634519101211e-01,7.724131530007338764e-03,8.338805018082540155e-03,9.824212451996356954e-01,7.770941147855051946e-03,9.807813652509253521e-03
1.094500000000000028e+01,4.732415366560766001e-02,1.820562496776107842e-03,9.508552838376161942e-01,1.456607738709003730e-01,1.263807812706765855e-03,8.530754183163928861e-01,9.839490361136864482e-01,7.721617398985030842e-03,8.329346487328520912e-03,9.824341052635695570e-01,7.768688770115176646e-03,9.797205966315267189e-03
1.094999999999999929e+01,4.734525706018997970e-02,1.819793936259991732e-03,9.508349490035500340e-01,1.458427628680534216e-01,1.263694905264623998e-03,8.528935422266819000e-01,9.839610114254457862e-01,7.719098038588778632e-03,8.319890535965435152e-03,9.824469720876372048e-01,7.766429777506749996e-03,9.786598134856045253e-03
1.095500000000000007e+01,4.736631474486682064e-02,1.819033781209121329e-03,9.508146514739240773e-01,1.460246897317939163e-01,1.263583186759917191e-03,8.527117270814461580e-01,9.839729892933204436e-01,7.716573486781992328e-03,8.310437219897564079e-03,9.824598455451538648e-01,7.764164213467657227e-03,9.775990241378477996e-03
1.096000000000000085e+01,4.738732732526837466e-02,1.818281977067739584e-03,9.507943906976638049e-01,1.462065545731809357e-01,1.263472653332081003e-03,8.525299727734869659e-01,9.839849696238323062e-01,7.714043781423375948e-03,8.300986594744317812e-03,9.824727255099954260e-01,7.761892121307201534e-03,9.765382368697372514e-03
1.096499999999999986e+01,4.740829540339336345e-02,1.817538469788662668e-03,9.507741661268178657e-01,1.463883575029424899e-01,1.263363301136878440e-03,8.523482791959205995e-01,9.839969523238707438e-01,7.711508960266673200e-03,8.291538715862582093e-03,9.824856118566034358e-01,7.759613544206083249e-03,9.754774599190480996e-03
1.097000000000000064e+01,4.742921957762391560e-02,1.816803205827509848e-03,9.507539772165485292e-01,1.465700986314814602e-01,1.263255126346346817e-03,8.521666462421720878e-01,9.840089373007255835e-01,7.708969060959944969e-03,8.282093638314471512e-03,9.824985044599803263e-01,7.757328525216237655e-03,9.744167014803436014e-03
1.097499999999999964e+01,4.745010044275951161e-02,1.816076132136992122e-03,9.507338234251034859e-01,1.467517780688754603e-01,1.263148125148694538e-03,8.519850738059758788e-01,9.840209244620619078e-01,7.706424121045444414e-03,8.272651416892647797e-03,9.825114031956881933e-01,7.755037107260211345e-03,9.733559697051596266e-03
1.098000000000000043e+01,4.747093859006442512e-02,1.815357196161379539e-03,9.507137042137742133e-01,1.469333959248749766e-01,1.263042293748202439e-03,8.518035617813768390e-01,9.840329137159342654e-01,7.703874177958805990e-03,8.263212106106927746e-03,9.825243079398546797e-01,7.752739333131298399e-03,9.722952727014021884e-03
1.098499999999999943e+01,4.749173460728380036e-02,1.814646345830776830e-03,9.506936190468854297e-01,1.471149523089070321e-01,1.262937628365155265e-03,8.516221100627278107e-01,9.840449049707800100e-01,7.701319269028978655e-03,8.253775760191012223e-03,9.825372185691578775e-01,7.750435245493397275e-03,9.712346185348726124e-03
1.099000000000000021e+01,4.751248907867607063e-02,1.813943529555933978e-03,9.506735673917680041e-01,1.472964473300734656e-01,1.262834125235758184e-03,8.514407185446907222e-01,9.840568981354301803e-01,7.698759431477547599e-03,8.244342433092272104e-03,9.825501349608448676e-01,7.748124886880468701e-03,9.701740152274663728e-03
1.099500000000000099e+01,4.753320258505601414e-02,1.813248696222667785e-03,9.506535487187213196e-01,1.474778810971553999e-01,1.262731780612048101e-03,8.512593871222324804e-01,9.840688931190937350e-01,7.696194702418540819e-03,8.234912178487725082e-03,9.825630569927216174e-01,7.745808299696606801e-03,9.691134707581774976e-03
1.100000000000000000e+01,4.755387570381784668e-02,1.812561795186575300e-03,9.506335625009955104e-01,1.476592537186074416e-01,1.262630590761797600e-03,8.510781156906307432e-01,9.840808898313730957e-01,7.693625118857714412e-03,8.225485049769189899e-03,9.825759845431472073e-01,7.743485526215889911e-03,9.680529930636902827e-03
1.100499999999999901e+01,4.757450900896392776e-02,1.811882776267805363e-03,9.506136082147683686e-01,1.478405653025645639e-01,1.262530551968440778e-03,8.508969041454670368e-01,9.840928881822523788e-01,7.691050717692595080e-03,8.216061100055026961e-03,9.825889174910354962e-01,7.741156608581830668e-03,9.669925900382674022e-03
1.100999999999999979e+01,4.759510307114127314e-02,1.811211589745894768e-03,9.505936853391129260e-01,1.480218159568414127e-01,1.262431660531019260e-03,8.507157523826276435e-01,9.841048880821109401e-01,7.688471535711766287e-03,8.206640382177294440e-03,9.826018557158640032e-01,7.738821588807729031e-03,9.659322695328268621e-03
1.101500000000000057e+01,4.761565845767239818e-02,1.810548186354655597e-03,9.505737933559730291e-01,1.482030057889314190e-01,1.262333912764039947e-03,8.505346602983044901e-01,9.841168894417111623e-01,7.685887609594704330e-03,8.197222948694134204e-03,9.826147990976706881e-01,7.736480508776111958e-03,9.648720393553199964e-03
1.101999999999999957e+01,4.763617573257859783e-02,1.809892517277106793e-03,9.505539317501442431e-01,1.483841349060069925e-01,1.262237304997444872e-03,8.503536277889955919e-01,9.841288921722075589e-01,7.683298975911220623e-03,8.187808851881219624e-03,9.826277475170328568e-01,7.734133410238618056e-03,9.638119072728525139e-03
1.102500000000000036e+01,4.765665545661031122e-02,1.809244534140467099e-03,9.505341000092492054e-01,1.485652034149226308e-01,1.262141833576504741e-03,8.501726547515008336e-01,9.841408961851366710e-01,7.680705671121362821e-03,8.178398143741966164e-03,9.826407008550964717e-01,7.731780334816125075e-03,9.627518810087403248e-03
1.103000000000000114e+01,4.767709818729010118e-02,1.808604189011337945e-03,9.505142976236986563e-01,1.487462114222165566e-01,1.262047494861754521e-03,8.499917410829216369e-01,9.841529013924350533e-01,7.678107731574818073e-03,8.168990875990128631e-03,9.826536589935541688e-01,7.729421323998095054e-03,9.616919682447735290e-03
1.103500000000000014e+01,4.769750447892034256e-02,1.807971434390752766e-03,9.504945240866889966e-01,1.489271590341062490e-01,1.261954285228891097e-03,8.498108866806648454e-01,9.841649077064228424e-01,7.675505193510865319e-03,8.159587100066291454e-03,9.826666218146611342e-01,7.727056419143053106e-03,9.606321766195812656e-03
1.103999999999999915e+01,4.771787488262776988e-02,1.807346223209430796e-03,9.504747788941627640e-01,1.491080463564942171e-01,1.261862201068718846e-03,8.496300914424370632e-01,9.841769150398036459e-01,7.672898093057799358e-03,8.150186867138555641e-03,9.826795892012136768e-01,7.724685661477858831e-03,9.595725137308464339e-03
1.104499999999999993e+01,4.773820994639103171e-02,1.806728508823051034e-03,9.504550615447859840e-01,1.492888734949678886e-01,1.261771238787058559e-03,8.494493552662450986e-01,9.841889233056861919e-01,7.670286466232733961e-03,8.140790228081073304e-03,9.826925610365681019e-01,7.722309092098043719e-03,9.585129871333853552e-03
1.105000000000000071e+01,4.775851021506082039e-02,1.806118245007635494e-03,9.504353715399315172e-01,1.494696405547972229e-01,1.261681394804658974e-03,8.492686780503980737e-01,9.842009324175551299e-01,7.667670348941389366e-03,8.131397233503480718e-03,9.827055372046247239e-01,7.719926751967281196e-03,9.574536043407994024e-03
1.105499999999999972e+01,4.777877623039224891e-02,1.805515385954827067e-03,9.504157083836528574e-01,1.496503476409395128e-01,1.261592665557133243e-03,8.490880596935033164e-01,9.842129422892886836e-01,7.665049776977583135e-03,8.122007933733733226e-03,9.827185175898440761e-01,7.717538681917636423e-03,9.563943728238287478e-03
1.106000000000000050e+01,4.779900853107933029e-02,1.804919886267439526e-03,9.503960715826532679e-01,1.498309948580379414e-01,1.261505047494882814e-03,8.489075000944671379e-01,9.842249528351623145e-01,7.662424786023236227e-03,8.112622378814448448e-03,9.827315020772280363e-01,7.715144922649136081e-03,9.553353000122827635e-03
1.106499999999999950e+01,4.781920765276957697e-02,1.804331700954961122e-03,9.503764606462754561e-01,1.500115823104213042e-01,1.261418537083008971e-03,8.487269991524956092e-01,9.842369639698312911e-01,7.659795411647740693e-03,8.103240618520968219e-03,9.827444905523203822e-01,7.712745514729734547e-03,9.542763932949883260e-03
1.107000000000000028e+01,4.783937412810021494e-02,1.803750785429070755e-03,9.503568750864707093e-01,1.501921101021079230e-01,1.261333130801232374e-03,8.485465567670907872e-01,9.842489756083518948e-01,7.657161689308055949e-03,8.093862702340049245e-03,9.827574829012359903e-01,7.710340498595642626e-03,9.532176600168366237e-03
1.107499999999999929e+01,4.785950848672136659e-02,1.803177095499373592e-03,9.503373144177792442e-01,1.503725783368025370e-01,1.261248825143839077e-03,8.483661728380536005e-01,9.842609876661587709e-01,7.654523654348154536e-03,8.084488679493073704e-03,9.827704790106084332e-01,7.707929914550441103e-03,9.521591074841125740e-03
1.108000000000000007e+01,4.787961125533059942e-02,1.802610587368931551e-03,9.503177781573004523e-01,1.505529871179024926e-01,1.261165616619585759e-03,8.481858472654778547e-01,9.842730000590880213e-01,7.651881341999002169e-03,8.075118598912977425e-03,9.827834787676377193e-01,7.705513802765582079e-03,9.511007429596698634e-03
1.108500000000000085e+01,4.789968295768404216e-02,1.802051217630119698e-03,9.502982658246857950e-01,1.507333365484921361e-01,1.261083501751641620e-03,8.480055799497561164e-01,9.842850127033611063e-01,7.649234787378214259e-03,8.065752509260679451e-03,9.827964820600587625e-01,7.703092203280187747e-03,9.500425736661049711e-03
1.108999999999999986e+01,4.791972411464011372e-02,1.801498943260387234e-03,9.502787769420995012e-01,1.509136267313455626e-01,1.261002477077466507e-03,8.478253707915769377e-01,9.842970255155897297e-01,7.646584025489747138e-03,8.056390458920523190e-03,9.828094887761533727e-01,7.700665156000746810e-03,9.489846067845881389e-03
1.109500000000000064e+01,4.793973524417145804e-02,1.800953721618078545e-03,9.502593110342104632e-01,1.510938577689323048e-01,1.260922539148817863e-03,8.476452196919189719e-01,9.843090384127775039e-01,7.643929091223859024e-03,8.047032495998637097e-03,9.828224988047495891e-01,7.698232700701347804e-03,9.479268494549063923e-03
1.109999999999999964e+01,4.795971686139902795e-02,1.800415510438393681e-03,9.502398676281625933e-01,1.512740297634113107e-01,1.260843684531608470e-03,8.474651265520570798e-01,9.843210513123137329e-01,7.641270019356711032e-03,8.037678668329556117e-03,9.828355120352132435e-01,7.695794877023343430e-03,9.468693087763413105e-03
1.110500000000000043e+01,4.797966947861812687e-02,1.799884267829249523e-03,9.502204462535526197e-01,1.514541428166346904e-01,1.260765909805850946e-03,8.472850912735594431e-01,9.843330641319907315e-01,7.638606844550263966e-03,8.028329023459004551e-03,9.828485283574531772e-01,7.693351724475462443e-03,9.458119918071359461e-03
1.110999999999999943e+01,4.799959360531176611e-02,1.799359952267317892e-03,9.502010464424208713e-01,1.516341970301482989e-01,1.260689211565598541e-03,8.471051137582861212e-01,9.843450767899730725e-01,7.635939601352065807e-03,8.018983608674860875e-03,9.828615476619155800e-01,7.690903282433656993e-03,9.447549055650763042e-03
1.111500000000000021e+01,4.801952270410238255e-02,1.798853078099279211e-03,9.501816242177983929e-01,1.518133181460138148e-01,1.260619344757273226e-03,8.469260625092288608e-01,9.843570190067356673e-01,7.633313119255569906e-03,8.009667874008762761e-03,9.828745035335024749e-01,7.688493428342756467e-03,9.437003038154768639e-03
1.112000000000000099e+01,4.803943488778754378e-02,1.798355945756531645e-03,9.501622091664559955e-01,1.519921349673939992e-01,1.260552158228045753e-03,8.467473128743778776e-01,9.843689411289147095e-01,7.630695244120590769e-03,8.000363626964698827e-03,9.828874434455645570e-01,7.686090711214946768e-03,9.426465843220495355e-03
1.112500000000000000e+01,4.805932151150246745e-02,1.797865528324730155e-03,9.501428129601727779e-01,1.521708943271978254e-01,1.260486022841335926e-03,8.465686196499608851e-01,9.843808628802386274e-01,7.628073371641116290e-03,7.991063748120256355e-03,9.829003859908604923e-01,7.683682802738043410e-03,9.415931206401464276e-03
1.112999999999999901e+01,4.807918306546750398e-02,1.797381786426183311e-03,9.501234351481062657e-01,1.523495963255812602e-01,1.260420935303768622e-03,8.463899827391150321e-01,9.843927841818775892e-01,7.625447535308301633e-03,7.981768282814109133e-03,9.829133310638724641e-01,7.681269741083713611e-03,9.405399195043823157e-03
1.113499999999999979e+01,4.809902003728228764e-02,1.796904681024914406e-03,9.501040752816928281e-01,1.525282410623954865e-01,1.260356892335388543e-03,8.462114020452691232e-01,9.844047049553628081e-01,7.622817768502075826e-03,7.972477276135116891e-03,9.829262785596075691e-01,7.678851564294969685e-03,9.394869876097462075e-03
1.114000000000000057e+01,4.811883291194485324e-02,1.796434173423134759e-03,9.500847329146320241e-01,1.527068286371836003e-01,1.260293890669549402e-03,8.460328774721469491e-01,9.844166251226207365e-01,7.620184104490734973e-03,7.963190772888529417e-03,9.829392283735914893e-01,7.676428310285857669e-03,9.384343316122652212e-03
1.114499999999999957e+01,4.813862217188705217e-02,1.795970225257700979e-03,9.500654076028552941e-01,1.528853591491831643e-01,1.260231927052890511e-03,8.458544089237638453e-01,9.844285446059475309e-01,7.617546576430793935e-03,7.953908817621674343e-03,9.829521804018739317e-01,7.674000016841821606e-03,9.373819581284246680e-03
1.115000000000000036e+01,4.815838829698577961e-02,1.795512798496466840e-03,9.500460989045177440e-01,1.530638326973268182e-01,1.260170998245192580e-03,8.456759963044280237e-01,9.844404633280230410e-01,7.614905217366872703e-03,7.944631454610086296e-03,9.829651345410257424e-01,7.671566721619312371e-03,9.363298737354945264e-03
1.115500000000000114e+01,4.817813176458413116e-02,1.795061855434948494e-03,9.500268063799808260e-01,1.532422493802430286e-01,1.260111101019409591e-03,8.454976395187375759e-01,9.844523812119001516e-01,7.612260060231690328e-03,7.935358727868158102e-03,9.829780906881304681e-01,7.669128462146032263e-03,9.352780849723499670e-03
1.116000000000000014e+01,4.819785304952570182e-02,1.794617358692727951e-03,9.500075295917815854e-01,1.534206092962563384e-01,1.260052232161526335e-03,8.453193384715821379e-01,9.844642981810134419e-01,7.609611137845685887e-03,7.926090681140873090e-03,9.829910487407969022e-01,7.666685275820774546e-03,9.342265983382322392e-03
1.116499999999999915e+01,4.821755262416695803e-02,1.794179271210265313e-03,9.499882681046227795e-01,1.535989125433875335e-01,1.259994388470499866e-03,8.451410930681420020e-01,9.844762141591745230e-01,7.606958482917036690e-03,7.916827357908440277e-03,9.830040085971433195e-01,7.664237199913374876e-03,9.331754202943305654e-03
1.116999999999999993e+01,4.823723095839621555e-02,1.793747556245353430e-03,9.499690214853583337e-01,1.537771592193596937e-01,1.259937566758264054e-03,8.449629032138820106e-01,9.844881290705729260e-01,7.604302128041638340e-03,7.907568801385435678e-03,9.830169701558130191e-01,7.661784271564836199e-03,9.321245572622144718e-03
1.117500000000000071e+01,4.825688851966836862e-02,1.793322177369952031e-03,9.499497893029617002e-01,1.539553494215886165e-01,1.259881763849538113e-03,8.447847688145618816e-01,9.845000428397788772e-01,7.601642105702747371e-03,7.898315054518375428e-03,9.830299333159500108e-01,7.659326527787163955e-03,9.310740156262825237e-03
1.117999999999999972e+01,4.827652577301194681e-02,1.792903098466833850e-03,9.499305711285211951e-01,1.541334832471952521e-01,1.259826976581886020e-03,8.446066897762228853e-01,9.845119553917327515e-01,7.598978448271046307e-03,7.889066159996202185e-03,9.830428979772297682e-01,7.656864005463614141e-03,9.300238017306616811e-03
1.118500000000000050e+01,4.829614318106584259e-02,1.792490283726314243e-03,9.499113665352079128e-01,1.543115607929981814e-01,1.259773201805575128e-03,8.444286660051962823e-01,9.845238666517535098e-01,7.596311188004413809e-03,7.879822160242076420e-03,9.830558640398213699e-01,7.654396741348349839e-03,9.289739218830280268e-03
1.118999999999999950e+01,4.831574120408038686e-02,1.792083697643261824e-03,9.498921750982762813e-01,1.544895821555170579e-01,1.259720436383539094e-03,8.442506974080994375e-01,9.845357765455324817e-01,7.593640357048073858e-03,7.870583097419444479e-03,9.830688314044200293e-01,7.651924772066805505e-03,9.279243823513165165e-03
1.119500000000000028e+01,4.833532029995519369e-02,1.791683305013689297e-03,9.498729963950310884e-01,1.546675474309756049e-01,1.259668677191308483e-03,8.440727838918331560e-01,9.845476849991485757e-01,7.590965987434159477e-03,7.861349013417263942e-03,9.830817999722218925e-01,7.649448134115366914e-03,9.268751893662739716e-03
1.119999999999999929e+01,4.835488092425895695e-02,1.791289070931822861e-03,9.498538300048091632e-01,1.548454567152984518e-01,1.259617921116953313e-03,8.438949253635845693e-01,9.845595919390435213e-01,7.588288111081904416e-03,7.852119949874574248e-03,9.830947696449386930e-01,7.646966863861681674e-03,9.258263491199625328e-03
1.120500000000000007e+01,4.837442353023764519e-02,1.790900960786979707e-03,9.498346755089753790e-01,1.550233101041158523e-01,1.259568165060999129e-03,8.437171217308231386e-01,9.845714972920422969e-01,7.585606759797452331e-03,7.842895948160250735e-03,9.831077403247890922e-01,7.644480997544537797e-03,9.247778677666369102e-03
1.121000000000000085e+01,4.839394856883941221e-02,1.790518940260484547e-03,9.498155324909001163e-01,1.552011076927581612e-01,1.259519405936386244e-03,8.435393729013054287e-01,9.845834009853356994e-01,7.582921965273842907e-03,7.833677049390457697e-03,9.831207119144940165e-01,7.641990571273880178e-03,9.237297514232103296e-03
1.121499999999999986e+01,4.841345648875216429e-02,1.790142975322662035e-03,9.497964005359251782e-01,1.553788495762681854e-01,1.259471640668411623e-03,8.433616787830633399e-01,9.845953029464986628e-01,7.580233759090807162e-03,7.824463294410530928e-03,9.831336843172833184e-01,7.639495621030783709e-03,9.226820061685897870e-03
1.122000000000000064e+01,4.843294773639146567e-02,1.789773032229997896e-03,9.497772792313784462e-01,1.555565358493878614e-01,1.259424866194631520e-03,8.431840392844174303e-01,9.846072031034742711e-01,7.577542172714879336e-03,7.815254723810848708e-03,9.831466574368937783e-01,7.636996182667709146e-03,9.216346380438512551e-03
1.122499999999999964e+01,4.845242275594924958e-02,1.789409077522127441e-03,9.497581681665285824e-01,1.557341666065695795e-01,1.259379079464834376e-03,8.430064543139655919e-01,9.846191013845755347e-01,7.574847237499295408e-03,7.806051377925169940e-03,9.831596311775656627e-01,7.634492291908246374e-03,9.205876530526090062e-03
1.123000000000000043e+01,4.847188198940099307e-02,1.789051078018866377e-03,9.497390669325801449e-01,1.559117419419723261e-01,1.259334277440963840e-03,8.428289237805867140e-01,9.846309977184953821e-01,7.572148984683908964e-03,7.796853296820708927e-03,9.831726054440332874e-01,7.631983984347463085e-03,9.195410571619249546e-03
1.123499999999999943e+01,4.849132587651269755e-02,1.788699000817412692e-03,9.497199751226698128e-01,1.560892619494645417e-01,1.259290457097071280e-03,8.426514475934384629e-01,9.846428920342933377e-01,7.569447445394992570e-03,7.787660520311669686e-03,9.831855801415435581e-01,7.629471295451744316e-03,9.184948563004696753e-03
1.124000000000000021e+01,4.851075485489673988e-02,1.788352813289656972e-03,9.497008923318135398e-01,1.562667267226204582e-01,1.259247615419215385e-03,8.424740256619603906e-01,9.846547842614030710e-01,7.566742650645641964e-03,7.778473087951287036e-03,9.831985551758368747e-01,7.626954260558848828e-03,9.174490563604276519e-03
1.124500000000000099e+01,4.853016935999078518e-02,1.788012483079162241e-03,9.496818181569300910e-01,1.564441363547285913e-01,1.259205749405462385e-03,8.422966578958659412e-01,9.846666743296250690e-01,7.564034631335292067e-03,7.769291039039638927e-03,9.832115304531532374e-01,7.624432914877975025e-03,9.164036631968786734e-03
1.125000000000000000e+01,4.854956982509240487e-02,1.787677978098513309e-03,9.496627521968090679e-01,1.566214909387861065e-01,1.259164856065789987e-03,8.421193442051481126e-01,9.846785621691416246e-01,7.561323418249902596e-03,7.760114412608472810e-03,9.832245058802377979e-01,7.621907293490092286e-03,9.153586826272109775e-03
1.125499999999999901e+01,4.856895668138334898e-02,1.787349266526644647e-03,9.496436940520899261e-01,1.567987905675009286e-01,1.259124932422000858e-03,8.419420845000771259e-01,9.846904477104856390e-01,7.558609042061882610e-03,7.750943247452478368e-03,9.832374813643148803e-01,7.619377431347389325e-03,9.143141204337731226e-03
1.125999999999999979e+01,4.858833035795174365e-02,1.787026316806058319e-03,9.496246433252422126e-01,1.569760353332951275e-01,1.259085975507729998e-03,8.417648786911970937e-01,9.847023308845805900e-01,7.555891533330114790e-03,7.741777582089295201e-03,9.832504568131247291e-01,7.616843363274048741e-03,9.132699823601223010e-03
1.126500000000000057e+01,4.860769128178437509e-02,1.786709097640207591e-03,9.496055996205754468e-01,1.571532253283023928e-01,1.259047982368328945e-03,8.415877266893293518e-01,9.847142116227047826e-01,7.553170922499908603e-03,7.732617454795308841e-03,9.832634321348862061e-01,7.614305123965770840e-03,9.122262741148023935e-03
1.126999999999999957e+01,4.862703987781274995e-02,1.786397577990880533e-03,9.495865625441962665e-01,1.573303606443702540e-01,1.259010950060834768e-03,8.414106284055689056e-01,9.847260898565066700e-01,7.550447239903054081e-03,7.723462903590275902e-03,9.832764072383188836e-01,7.611762747990170018e-03,9.111830013690945529e-03
1.127500000000000036e+01,4.864637656892553674e-02,1.786091727075527456e-03,9.495675317039988794e-01,1.575074413730624401e-01,1.258974875653905015e-03,8.412335837512837644e-01,9.847379655180108493e-01,7.547720515757708193e-03,7.714313966231442499e-03,9.832893820326326084e-01,7.609216269786719250e-03,9.101401697580672329e-03
1.128000000000000114e+01,4.866570177596643565e-02,1.785791514364839898e-03,9.495485067096687271e-01,1.576844676056567973e-01,1.258939756227764372e-03,8.410565926381153856e-01,9.847498385395977438e-01,7.544990780168443420e-03,7.705170680233812755e-03,9.833023564275260586e-01,7.606665723666832489e-03,9.090977848807108019e-03
1.128500000000000014e+01,4.868501591778338911e-02,1.785496909580028399e-03,9.495294871726365216e-01,1.578614394331476767e-01,1.258905588874130932e-03,8.408796549779782303e-01,9.847617088540205899e-01,7.542258063126379593e-03,7.696033082853030553e-03,9.833153303331887418e-01,7.604111143813956607e-03,9.080558522997300708e-03
1.128999999999999915e+01,4.870431941121936004e-02,1.785207882690449189e-03,9.495104727060902361e-01,1.580383569462461557e-01,1.258872370696175217e-03,8.407027706830576541e-01,9.847735763943991083e-01,7.539522394508988735e-03,7.686901211091902962e-03,9.833283036602959992e-01,7.601552564283783897e-03,9.070143775420216881e-03
1.129499999999999993e+01,4.872361267114516670e-02,1.784924403911112688e-03,9.494914629249436855e-01,1.582152202353815373e-01,1.258840098808458813e-03,8.405259396658100179e-01,9.847854410942107339e-01,7.536783804080309304e-03,7.677775101708956759e-03,9.833412763200179985e-01,7.598990019004108962e-03,9.059733660977892580e-03
1.130000000000000071e+01,4.874289611046626891e-02,1.784646443700180088e-03,9.494724574458336397e-01,1.583920293907010168e-01,1.258808770336869746e-03,8.403491618389620221e-01,9.847973028873078238e-01,7.534042321490751030e-03,7.668654791201425132e-03,9.833542482239949756e-01,7.596423541775049887e-03,9.049328234229974538e-03
1.130499999999999972e+01,4.876217014014732481e-02,1.784373972756593497e-03,9.494534558870961760e-01,1.585687845020726794e-01,1.258778382418595165e-03,8.401724371155087079e-01,9.848091617078985616e-01,7.531297976277424519e-03,7.659540315824013915e-03,9.833672192843639914e-01,7.593853166269005743e-03,9.038927549367001962e-03
1.131000000000000050e+01,4.878143516923012096e-02,1.784106962017667931e-03,9.494344578687521352e-01,1.587454856590819752e-01,1.258748932202004246e-03,8.399957654087160108e-01,9.848210174905562830e-01,7.528550797863805578e-03,7.650431711579911385e-03,9.833801894137453870e-01,7.591278926031392107e-03,9.028531660223220942e-03
1.131499999999999950e+01,4.880069160484221125e-02,1.783845382656674625e-03,9.494154630125011263e-01,1.589221329510372982e-01,1.258720416846669660e-03,8.398191466321159870e-01,9.848328701702225851e-01,7.525800815560123799e-03,7.641329014217291063e-03,9.833931585252325691e-01,7.588700854479760692e-03,9.018140620287669329e-03
1.132000000000000028e+01,4.881993985222404103e-02,1.783589206080628395e-03,9.493964709416953252e-01,1.590987264669698753e-01,1.258692833523272162e-03,8.396425806995068131e-01,9.848447196821864535e-01,7.523048058563086733e-03,7.632232259250459720e-03,9.834061265324044454e-01,7.586118984904558285e-03,9.007754482690996309e-03
1.132499999999999929e+01,4.883918031473193089e-02,1.783338403927886562e-03,9.493774812813402519e-01,1.592752662956291310e-01,1.258666179413506269e-03,8.394660675249573378e-01,9.848565659621166812e-01,7.520292555956294492e-03,7.623141481927024274e-03,9.834190933493198727e-01,7.583533350469152771e-03,8.997373300210973618e-03
1.133000000000000007e+01,4.885841339386266802e-02,1.783092948065861504e-03,9.493584936580714562e-01,1.594517525254917634e-01,1.258640451710122104e-03,8.392896070227982008e-01,9.848684089460248980e-01,7.517534336709884128e-03,7.614056717265217829e-03,9.834320588905143268e-01,7.580943984209742928e-03,8.986997125275930295e-03
1.133500000000000085e+01,4.887763948927312252e-02,1.782852810588840325e-03,9.493395077001379745e-01,1.596281852447559435e-01,1.258615647616778167e-03,8.391131991076272723e-01,9.848802485702914389e-01,7.514773429680841020e-03,7.604978000027720099e-03,9.834450230710001239e-01,7.578350919035681081e-03,8.976626009964194103e-03
1.133999999999999986e+01,4.889685899879213371e-02,1.782617963815624328e-03,9.493205230373922276e-01,1.598045645413468940e-01,1.258591764348039599e-03,8.389368436943051011e-01,9.848920847716620131e-01,7.512009863613087340e-03,7.595905364724899606e-03,9.834579858062622026e-01,7.575754187729543364e-03,8.966260006008253125e-03
1.134500000000000064e+01,4.891607231843105030e-02,1.782388380287538640e-03,9.493015393012813607e-01,1.599808905029124206e-01,1.258568799129311392e-03,8.387605406979582456e-01,9.849039174872249447e-01,7.509243667137199298e-03,7.586838845637856009e-03,9.834709470122665609e-01,7.573153822947212982e-03,8.955899164786226135e-03
1.134999999999999964e+01,4.893527984240769735e-02,1.782164032765993838e-03,9.492825561248263710e-01,1.601571632168277692e-01,1.258546749196777894e-03,8.385842900339754991e-01,9.849157466544351536e-01,7.506474868771079341e-03,7.577778476793767086e-03,9.834839066054393841e-01,7.570549857218053687e-03,8.945543537342563051e-03
1.135500000000000043e+01,4.895448196315474454e-02,1.781944894230541327e-03,9.492635731426146695e-01,1.603333827701975411e-01,1.258525611797354886e-03,8.384080916180050025e-01,9.849275722111022757e-01,7.503703496919329925e-03,7.568724291978394351e-03,9.834968645026929135e-01,7.567942322944921051e-03,8.935193174362164592e-03
1.135999999999999943e+01,4.897367907134457521e-02,1.781730937876635111e-03,9.492445899907788753e-01,1.605095492498501697e-01,1.258505384188644480e-03,8.382319453659612396e-01,9.849393940953955484e-01,7.500929579873919645e-03,7.559676324730531943e-03,9.835098206213988004e-01,7.565331252404556249e-03,8.924848126196642528e-03
1.136500000000000021e+01,4.899281901498913488e-02,1.781514010767784985e-03,9.492256669742431541e-01,1.606864334951931261e-01,1.258481115689941881e-03,8.380550853891168828e-01,9.849512746897230997e-01,7.498113398473497081e-03,7.550611911803403221e-03,9.835228347060678278e-01,7.562677590568176247e-03,8.914487703363995971e-03
1.137000000000000099e+01,4.901181769972094010e-02,1.781281430959371064e-03,9.492069008693196919e-01,1.608652450480497764e-01,1.258445050154384732e-03,8.378763099017958460e-01,9.849633119378842228e-01,7.495192600683048788e-03,7.541495461432728455e-03,9.835360006388350618e-01,7.559920009875791512e-03,8.904079351289145849e-03
1.137500000000000000e+01,4.903080955033656263e-02,1.781054132019949457e-03,9.491881363176435382e-01,1.610440010874068517e-01,1.258409920407303805e-03,8.376975889921859375e-01,9.849753451388364445e-01,7.492269467790110653e-03,7.532385393373444878e-03,9.835491644678593381e-01,7.557159088633945594e-03,8.893676443506717127e-03
1.137999999999999901e+01,4.904979496711087128e-02,1.780832086769706642e-03,9.491693729461193607e-01,1.612227016997899443e-01,1.258375723626859550e-03,8.375189225765832246e-01,9.849873742294372736e-01,7.489344028791929120e-03,7.523281741770797282e-03,9.835623261087520497e-01,7.554394859936021563e-03,8.883279031311929613e-03
1.138499999999999979e+01,4.906877434854924058e-02,1.780615268246694321e-03,9.491506103832040298e-01,1.614013469714651317e-01,1.258342457002216419e-03,8.373403105715326866e-01,9.849993991469294663e-01,7.486416312564143916e-03,7.514184540506389787e-03,9.835754854776064260e-01,7.551627356740185995e-03,8.872887165653388017e-03
1.139000000000000057e+01,4.908774809136821210e-02,1.780403649704762926e-03,9.491318482589270467e-01,1.615799369884430015e-01,1.258310117733473475e-03,8.371617528938235520e-01,9.850114198289171563e-01,7.483486347861013563e-03,7.505093823221830121e-03,9.835886424910201820e-01,7.548856611869210302e-03,8.862500897110606873e-03
1.139499999999999957e+01,4.910671659053622573e-02,1.780197204611429652e-03,9.491130862048523520e-01,1.617584718364696861e-01,1.258278703031588067e-03,8.369832494604986239e-01,9.850234362133861721e-01,7.480554163315382421e-03,7.496009623298445501e-03,9.836017970660706489e-01,7.546082658011075278e-03,8.852120275918275855e-03
1.140000000000000036e+01,4.912568023928347988e-02,1.779995906645768155e-03,9.490943238540707760e-01,1.619369516010388255e-01,1.258248210118360433e-03,8.368048001888428455e-01,9.850354482386908250e-01,7.477619787438845485e-03,7.486931973870329486e-03,9.836149491203214357e-01,7.543305527718648443e-03,8.841745351959915886e-03
1.140500000000000114e+01,4.914463942911170141e-02,1.779799729696404306e-03,9.490755608411918232e-01,1.621153763673865988e-01,1.258218636226351300e-03,8.366264049963870741e-01,9.850474558435587946e-01,7.474683248622100533e-03,7.477860907819104848e-03,9.836280985718330871e-01,7.540525253410321552e-03,8.831376174756591299e-03
1.141000000000000014e+01,4.916359454981719668e-02,1.779608647859474632e-03,9.490567968023233547e-01,1.622937462204919745e-01,1.258189978598864105e-03,8.364480638009091917e-01,9.850594589670784718e-01,7.471744575134601184e-03,7.468796457786927058e-03,9.836412453391332189e-01,7.537741867369870084e-03,8.821012793496910143e-03
1.141499999999999915e+01,4.918254598949838713e-02,1.779422635436615774e-03,9.490380313750650387e-01,1.624720612450794577e-01,1.258162234489831801e-03,8.362697765204307743e-01,9.850714575487258262e-01,7.468803795125223896e-03,7.459738656148949890e-03,9.836543893412539319e-01,7.534955401747068203e-03,8.810655256998999041e-03
1.141999999999999993e+01,4.920149413457385740e-02,1.779241666932950255e-03,9.490192641984931399e-01,1.626503215256168700e-01,1.258135401163832908e-03,8.360915430732193121e-01,9.850834515283330983e-01,7.465860936622158682e-03,7.450687535044742994e-03,9.836675304976874035e-01,7.532165888557297573e-03,8.800303613755298959e-03
1.142500000000000071e+01,4.922043936980384504e-02,1.779065717055185875e-03,9.490004949131409795e-01,1.628285271463216777e-01,1.258109475896006073e-03,8.359133633777823258e-01,9.850954408460970146e-01,7.462916027533095589e-03,7.441643126369889769e-03,9.836806687284213035e-01,7.529373359682340998e-03,8.789957911896354587e-03
1.142999999999999972e+01,4.923938207828661845e-02,1.778894760709608851e-03,9.489817231610038206e-01,1.630066781911533869e-01,1.258084455971975263e-03,8.357352373528745826e-01,9.851074254425866705e-01,7.459969095645386031e-03,7.432605461767943442e-03,9.836938039539174783e-01,7.526577846870206347e-03,8.779618199212316232e-03
1.143500000000000050e+01,4.925832264149609951e-02,1.778728773000237424e-03,9.489629485855036739e-01,1.631847747438238960e-01,1.258060338687860174e-03,8.355571649174883264e-01,9.851194052587330940e-01,7.457020168626231002e-03,7.423574572640674954e-03,9.837069360951113950e-01,7.523779381735402373e-03,8.769284523153203503e-03
1.143999999999999950e+01,4.927726143927614599e-02,1.778567729226845787e-03,9.489441708314970692e-01,1.633628168877886422e-01,1.258037121350163252e-03,8.353791459908611605e-01,9.851313802358392380e-01,7.454069274022657662e-03,7.414550490138104369e-03,9.837200650734168050e-01,7.520977995759472144e-03,8.758956930823721954e-03
1.144500000000000028e+01,4.929619884986796707e-02,1.778411604883113790e-03,9.489253895452489651e-01,1.635408047062539560e-01,1.258014801275754305e-03,8.352011804924702743e-01,9.851433503155621052e-01,7.451116439262057967e-03,7.405533245175836832e-03,9.837331908107229683e-01,7.518173720290538542e-03,8.748635468986493136e-03
1.144999999999999929e+01,4.931513524992009456e-02,1.778260375654846896e-03,9.489066043744249779e-01,1.637187382821741755e-01,1.257993375791802192e-03,8.350232683420339974e-01,9.851553154399215195e-01,7.448161691651902436e-03,7.396522868426578037e-03,9.837463132293851054e-01,7.515366586544228872e-03,8.738320184070665769e-03
1.145500000000000007e+01,4.933407101449902021e-02,1.778114017418058225e-03,9.488878149680829432e-01,1.638966176982555589e-01,1.257972842235750540e-03,8.348454094595086916e-01,9.851672755513110058e-01,7.445205058380407158e-03,7.387519390308587043e-03,9.837594322522422718e-01,7.512556625603502257e-03,8.728011122154225032e-03
1.146000000000000085e+01,4.935300651710584907e-02,1.777972506237158806e-03,9.488690209766570405e-01,1.640744430369542872e-01,1.257953197955244884e-03,8.346676037650904156e-01,9.851792305924678139e-01,7.442246566516194650e-03,7.378522841015991429e-03,9.837725478025880488e-01,7.509743868418940205e-03,8.717708328993011013e-03
1.146499999999999986e+01,4.937194212969142626e-02,1.777835818363275111e-03,9.488502220519452468e-01,1.642522143804764911e-01,1.257934440308084096e-03,8.344898511792153695e-01,9.851911805064983430e-01,7.439286243008921828e-03,7.369533250492735221e-03,9.837856598041959666e-01,7.506928345808991203e-03,8.707411849995041336e-03
1.147000000000000064e+01,4.939087822266420569e-02,1.777703930232259330e-03,9.488314178471035643e-01,1.644299318107830810e-01,1.257916566662187208e-03,8.343121516225546763e-01,9.852031252368644854e-01,7.436324114689097861e-03,7.360550648446416780e-03,9.837987681812977447e-01,7.504110088460265622e-03,8.697121730241990506e-03
1.147499999999999964e+01,4.940981516491656927e-02,1.777576818463188395e-03,9.488126080166202625e-01,1.646075954095827798e-01,1.257899574395506459e-03,8.341345050160217101e-01,9.852150647273890671e-01,7.433360208268556882e-03,7.351575064342375995e-03,9.838118728585986128e-01,7.501289126927508828e-03,8.686838014473879238e-03
1.148000000000000043e+01,4.942875332382122566e-02,1.777454459856442782e-03,9.487937922163223181e-01,1.647852052583433091e-01,1.257883460896035751e-03,8.339569112807606599e-01,9.852269989222508517e-01,7.430394550340448448e-03,7.342606527408699832e-03,9.838249737612603241e-01,7.498465491634269918e-03,8.676560747105405147e-03
1.148499999999999943e+01,4.944769306525013952e-02,1.777336831392112293e-03,9.487749701033577621e-01,1.649627614382823126e-01,1.257868223561712856e-03,8.337793703381560784e-01,9.852389277659752143e-01,7.427427167379542852e-03,7.333645066645242891e-03,9.838380708148990461e-01,7.495639212872716971e-03,8.666289972228236049e-03
1.149000000000000021e+01,4.946663475360563167e-02,1.777223910228220355e-03,9.487561413361661478e-01,1.651402640303744063e-01,1.257853859800402499e-03,8.336018821098252207e-01,9.852508512034565680e-01,7.424458085742356890e-03,7.324690710801075137e-03,9.838511639456168911e-01,7.492810320804065526e-03,8.656025733579042480e-03
1.149500000000000099e+01,4.948557875179550314e-02,1.777115673699055862e-03,9.487373055745054184e-01,1.653177131153472645e-01,1.257840367029827407e-03,8.334244465176229300e-01,9.852627691799242804e-01,7.421487331667378506e-03,7.315743488408341100e-03,9.838642530799458497e-01,7.489978845458865678e-03,8.645768074595284666e-03
1.150000000000000000e+01,4.950452542128593730e-02,1.777012099313632961e-03,9.487184624794005039e-01,1.654951087736875603e-01,1.257827742677543803e-03,8.332470634836348644e-01,9.852746816409780894e-01,7.418514931275176083e-03,7.306803427746734469e-03,9.838773381448944200e-01,7.487144816737022895e-03,8.635517038368557136e-03
1.150499999999999901e+01,4.952347512209186176e-02,1.776913164753871760e-03,9.486996117131542006e-01,1.656724510856369681e-01,1.257815984180864211e-03,8.330697329301821608e-01,9.852865885325591266e-01,7.415540910568873753e-03,7.297870556871999606e-03,9.838904190679151895e-01,7.484308264408510991e-03,8.625272667676299465e-03
1.150999999999999979e+01,4.954242821278846687e-02,1.776818847873095839e-03,9.486807529393385119e-01,1.658497401311932462e-01,1.257805088986832520e-03,8.328924547798198796e-01,9.852984898009584658e-01,7.412565295434010888e-03,7.288944903607523333e-03,9.839034957769290379e-01,7.481469218112838694e-03,8.615035004958124243e-03
1.151500000000000057e+01,4.956138505053114818e-02,1.776729126694435871e-03,9.486618858227743312e-01,1.660269759901148445e-01,1.257795054552183654e-03,8.327152289553330089e-01,9.853103853928180111e-01,7.409588111638940218e-03,7.280026495543048641e-03,9.839165682002899427e-01,7.478627707360143394e-03,8.604804092349913058e-03
1.151999999999999957e+01,4.958034599107150053e-02,1.776643979409143689e-03,9.486430100295193402e-01,1.662041587419155197e-01,1.257785878343254879e-03,8.325380553797412375e-01,9.853222752551280550e-01,7.406609384835010843e-03,7.271115360036934164e-03,9.839296362668217277e-01,7.475783761530861542e-03,8.594579971647409861e-03
1.152500000000000036e+01,4.959931138875826873e-02,1.776563384375153985e-03,9.486241252268665658e-01,1.663812884658696922e-01,1.257777557835982772e-03,8.323609339762942927e-01,9.853341593352288319e-01,7.403629140556661908e-03,7.262211524214506192e-03,9.839426999057824252e-01,7.472937409876288101e-03,8.584362684341286659e-03
1.153000000000000114e+01,4.961828159655962134e-02,1.776487320115384709e-03,9.486052310833250623e-01,1.665583652410162485e-01,1.257770090515880016e-03,8.321838646684678320e-01,9.853460375807988614e-01,7.400647404221994199e-03,7.253315014979144423e-03,9.839557590468942516e-01,7.470088681518562666e-03,8.574152271587184848e-03
1.153500000000000014e+01,4.963725696606452464e-02,1.776415765316389193e-03,9.485863272686190228e-01,1.667353891461456072e-01,1.257763473877890770e-03,8.320068473799765441e-01,9.853579099398654950e-01,7.397664201132476101e-03,7.244425859002028879e-03,9.839688136203081914e-01,7.467237605451247130e-03,8.563948774240562334e-03
1.153999999999999915e+01,4.965623784750883979e-02,1.776348698826700576e-03,9.485674134536644653e-01,1.669123602598164002e-01,1.257757705426445528e-03,8.318298820347571620e-01,9.853697763608038063e-01,7.394679556473577643e-03,7.235544082722616087e-03,9.839818635566344174e-01,7.464384210539326547e-03,8.553752232826256074e-03
1.154499999999999993e+01,4.967522458977446931e-02,1.776286099655319988e-03,9.485484893105702309e-01,1.670892786603473956e-01,1.257752782675378286e-03,8.316529685569772345e-01,9.853816367923213804e-01,7.391693495314734068e-03,7.226669712363885563e-03,9.839949087869199751e-01,7.461528525519580367e-03,8.543562687560443680e-03
1.155000000000000071e+01,4.969421754040369982e-02,1.776227946970365202e-03,9.485295545126258832e-01,1.672661444258193297e-01,1.257748703147868645e-03,8.314761068710327940e-01,9.853934911834761889e-01,7.388706042609776044e-03,7.217802773914035012e-03,9.840079492426558883e-01,7.458670579000906825e-03,8.533380178343204919e-03
1.155499999999999972e+01,4.971321704562596533e-02,1.776174220097447585e-03,9.485106087342766168e-01,1.674429576340763781e-01,1.257745464376423383e-03,8.312992969015472466e-01,9.854053394836623792e-01,7.385717223196967829e-03,7.208943293140653019e-03,9.840209848557681660e-01,7.455810399464336824e-03,8.523204744767497176e-03
1.156000000000000050e+01,4.973222345033521952e-02,1.776124898518344599e-03,9.484916516511464613e-01,1.676197183627262388e-01,1.257743063902803157e-03,8.311225385733709281e-01,9.854171816426167130e-01,7.382727061799316051e-03,7.200091295583970971e-03,9.840340155586299042e-01,7.452948015263624604e-03,8.513036426106471155e-03
1.156499999999999950e+01,4.975123709814531503e-02,1.776079961869484304e-03,9.484726829399852122e-01,1.677964266891421308e-01,1.257741499278012100e-03,8.309458318115798825e-01,9.854290176104105736e-01,7.379735583024970430e-03,7.191246806564455946e-03,9.840470412840431891e-01,7.450083454625344020e-03,8.502875261331466900e-03
1.157000000000000028e+01,4.977025833136100585e-02,1.776039389940531994e-03,9.484537022786984073e-01,1.679730826904619057e-01,1.257740768062219974e-03,8.307691765414758622e-01,9.854408473374547395e-01,7.376742811367063314e-03,7.182409851178197212e-03,9.840600619652515313e-01,7.447216745649062018e-03,8.492721289099405824e-03
1.157499999999999929e+01,4.978928749101858842e-02,1.776003162673078090e-03,9.484347093463082468e-01,1.681496864435879091e-01,1.257740867824737666e-03,8.305925726885874383e-01,9.854526707744950542e-01,7.373748771204237037e-03,7.173580454300708745e-03,9.840730775359306515e-01,7.444347916307799198e-03,8.482574547761549330e-03
1.158000000000000007e+01,4.980832491687414709e-02,1.775971260159064317e-03,9.484157038229668046e-01,1.683262380251922541e-01,1.257741796143986828e-03,8.304160201786637829e-01,9.854644878726055435e-01,7.370753486800919740e-03,7.164758640593536787e-03,9.840860879301889241e-01,7.441476994448234517e-03,8.472435075362841350e-03
1.158500000000000085e+01,4.982737094743408535e-02,1.775943662639639003e-03,9.483966853899262750e-01,1.685027375117097714e-01,1.257743550607412063e-03,8.302395189376828855e-01,9.854762985832105082e-01,7.367756982307367870e-03,7.155944434482123910e-03,9.840990930825593841e-01,7.438604007791121617e-03,8.462302909649494290e-03
1.158999999999999986e+01,4.984642591996032990e-02,1.775920350503599077e-03,9.483776537295360853e-01,1.686791849793468634e-01,1.257746128811492413e-03,8.300630688918416711e-01,9.854881028580474434e-01,7.364759281760114608e-03,7.147137860192442037e-03,9.841120929280204876e-01,7.435728983931019082e-03,8.452178088048493271e-03
1.159500000000000064e+01,4.986549017046642412e-02,1.775901304286131750e-03,9.483586085252474485e-01,1.688555805040772850e-01,1.257749528361673920e-03,8.298866699675611081e-01,9.854999006492012326e-01,7.361760409081995887e-03,7.138338941716771552e-03,9.841250874019559225e-01,7.432851950337532494e-03,8.442060647706545878e-03
1.159999999999999964e+01,4.988456403374980780e-02,1.775886504667478554e-03,9.483395494615827204e-01,1.690319241616403678e-01,1.257753746872283763e-03,8.297103220914873178e-01,9.855116919090785021e-01,7.358760388082466117e-03,7.129547702839031734e-03,9.841380764401970183e-01,7.429972934354539885e-03,8.431950625448441858e-03
1.160500000000000043e+01,4.990364784339015869e-02,1.775875932471633221e-03,9.483204762241381758e-01,1.692082160275519831e-01,1.257758781966582728e-03,8.295340251904814721e-01,9.855234765904159477e-01,7.355759242458015379e-03,7.120764167126036881e-03,9.841510599789866642e-01,7.427091963201136286e-03,8.421848057812198612e-03
1.160999999999999943e+01,4.992274193176170216e-02,1.775869568664986209e-03,9.483013884995733500e-01,1.693844561770913026e-01,1.257764631276649635e-03,8.293577791916320052e-01,9.855352546462787799e-01,7.352756995792217136e-03,7.111988357929002920e-03,9.841640379549927431e-01,7.424209063971893077e-03,8.411752981035363827e-03
1.161500000000000021e+01,4.994184663004608282e-02,1.775867394355067682e-03,9.482822859755988265e-01,1.695606446853135663e-01,1.257771292443353797e-03,8.291815840222431788e-01,9.855470260300620566e-01,7.349753671556010989e-03,7.103220298381932377e-03,9.841770103053100183e-01,7.421324263636797265e-03,8.401665431053185334e-03
1.162000000000000099e+01,4.996096226824318920e-02,1.775869390789312600e-03,9.482631683409674661e-01,1.697367816270429763e-01,1.257778763116334858e-03,8.290054396098407441e-01,9.855587906954834665e-01,7.346749293108019267e-03,7.094460011408514240e-03,9.841899769674431475e-01,7.418437589041897672e-03,8.391585443514953946e-03
1.162500000000000000e+01,4.998008917517058475e-02,1.775875539353714795e-03,9.482440352854756282e-01,1.699128670768772775e-01,1.257787040953926459e-03,8.288293458821688331e-01,9.855705485965831070e-01,7.343743883694880958e-03,7.085707519722012071e-03,9.842029378793284433e-01,7.415549066909291054e-03,8.381513053762265630e-03
1.162999999999999901e+01,4.999927618998033230e-02,1.775890422764670514e-03,9.482248333872549395e-01,1.700884027080426797e-01,1.257799247946829501e-03,8.286537980440105144e-01,9.855822593880219085e-01,7.340763136198273295e-03,7.076977475779818241e-03,9.842158539359149305e-01,7.412684072517093138e-03,8.371461991567977212e-03
1.163499999999999979e+01,5.001854290021931493e-02,1.775915730507275202e-03,9.482055413692733747e-01,1.702631995703144940e-01,1.257816562403537728e-03,8.284789838672819151e-01,9.855939077581726826e-01,7.337816801696808375e-03,7.068275440130509027e-03,9.842287102620768113e-01,7.409852244699771488e-03,8.361437493223416312e-03
1.164000000000000057e+01,5.003782295307826478e-02,1.775945072263033359e-03,9.481862319746586776e-01,1.704379463496927538e-01,1.257834663587464917e-03,8.283042189867197980e-01,9.856055493498212527e-01,7.334869433320938097e-03,7.059581216857809156e-03,9.842415607393959487e-01,7.407018586059417598e-03,8.351420674544633715e-03
1.164499999999999957e+01,5.005711666673373639e-02,1.775978430328975250e-03,9.481669049029373131e-01,1.706126431194017745e-01,1.257853549236690816e-03,8.281295033313615939e-01,9.856171841191262439e-01,7.331921053509325367e-03,7.050894827364430698e-03,9.842544053086093037e-01,7.404183122402254076e-03,8.341411568988443132e-03
1.165000000000000036e+01,5.007642435826659133e-02,1.776015787131116075e-03,9.481475598546023065e-01,1.707872899524368049e-01,1.257873217097604714e-03,8.279548368304656680e-01,9.856288120225671356e-01,7.328971684593247639e-03,7.042216292839616719e-03,9.842672439108584026e-01,7.401345879415564821e-03,8.331410209726032579e-03
1.165500000000000114e+01,5.009574634366024959e-02,1.776057125223414043e-03,9.481281965311163518e-01,1.709618869215681902e-01,1.257893664924863595e-03,8.277802194135068792e-01,9.856404330169273864e-01,7.326021348796978548e-03,7.033545634275635040e-03,9.842800764876724617e-01,7.398506882668690748e-03,8.321416629658847514e-03
1.166000000000000014e+01,5.011508293782650225e-02,1.776102427286576236e-03,9.481088146348869428e-01,1.711364340993387079e-01,1.257914890481363077e-03,8.276056510101800212e-01,9.856520470592985417e-01,7.323070068238039451e-03,7.024882872463418873e-03,9.842929029809879271e-01,7.395666157612721010e-03,8.311430861399352749e-03
1.166499999999999915e+01,5.013443445460601805e-02,1.776151676126944915e-03,9.480894138692670392e-01,1.713109315580670089e-01,1.257936891538194478e-03,8.274311315503948272e-01,9.856636541070837865e-01,7.320117864927519480e-03,7.016228027988694049e-03,9.843057233331323763e-01,7.392823729581212040e-03,8.301452937286412509e-03
1.166999999999999993e+01,5.015380120676746212e-02,1.776204854675423076e-03,9.480699939385570651e-01,1.714853793698455642e-01,1.257959665874589742e-03,8.272566609642798552e-01,9.856752541179820692e-01,7.317164760770007020e-03,7.007581121247923733e-03,9.843185374868215209e-01,7.389979623790250869e-03,8.291482889388229055e-03
1.167500000000000071e+01,5.017318350603860305e-02,1.776261945986354254e-03,9.480505545479750440e-01,1.716597776065442171e-01,1.257983211277923386e-03,8.270822391821778252e-01,9.856868470500100843e-01,7.314210777564228091e-03,6.998942172425687627e-03,9.843313453851816330e-01,7.387133865338717069e-03,8.281520749479649030e-03
1.167999999999999972e+01,5.019258166309717439e-02,1.776322933236375648e-03,9.480310954036664794e-01,1.718341263398090180e-01,1.258007525543637260e-03,8.269078661346473957e-01,9.856984328614780688e-01,7.311255937003140887e-03,6.990311201518790291e-03,9.843441469717066905e-01,7.384286479208648779e-03,8.271566549084660713e-03
1.168500000000000050e+01,5.021199598758423893e-02,1.776387799723447552e-03,9.480116162126923651e-01,1.720084256410623624e-01,1.258032606475224281e-03,8.267335417524623864e-01,9.857100115110027927e-01,7.308300260674256699e-03,6.981688228322950607e-03,9.843569421902956806e-01,7.381437490265617407e-03,8.261620319438701954e-03
1.168999999999999950e+01,5.023142678811944734e-02,1.776456528865709731e-03,9.479921166830148627e-01,1.721826755815043519e-01,1.258058451884166637e-03,8.265592659666114450e-01,9.857215829575036725e-01,7.305343770059802982e-03,6.973073272436524500e-03,9.843697309852239563e-01,7.378586923258804824e-03,8.251682091517237999e-03
1.169500000000000028e+01,5.025087437230753989e-02,1.776529104200400694e-03,9.479725965234919727e-01,1.723568762321158743e-01,1.258085059589944456e-03,8.263850387082941618e-01,9.857331471601967765e-01,7.302386486536974024e-03,6.964466353266249472e-03,9.843825133011683270e-01,7.375734802821535922e-03,8.241751896010136164e-03
1.169999999999999929e+01,5.027033904673765957e-02,1.776605509382911830e-03,9.479530554438794221e-01,1.725310276636529139e-01,1.258112427419937366e-03,8.262108599089271754e-01,9.857447040786031511e-01,7.299428431378421865e-03,6.955867490018427003e-03,9.843952890831719760e-01,7.372881153471432143e-03,8.231829763356592750e-03
1.170500000000000007e+01,5.028982111699766694e-02,1.776685728185668518e-03,9.479334931548166754e-01,1.727051299466560996e-01,1.258140553209441403e-03,8.260367295001345145e-01,9.857562536725346103e-01,7.296469625752127069e-03,6.947276701713262642e-03,9.844080582766756571e-01,7.370025999610508617e-03,8.221915723713835167e-03
1.171000000000000085e+01,5.030932088769133476e-02,1.776769744497144364e-03,9.479139093678115024e-01,1.728791831514424338e-01,1.258169434801613288e-03,8.258626474137559237e-01,9.857677959021058367e-01,7.293510090722123834e-03,6.938694007172039463e-03,9.844208208274946026e-01,7.367169365525969536e-03,8.212009806979427007e-03
1.171499999999999986e+01,5.032883866243677284e-02,1.776857542320811481e-03,9.478943037952424211e-01,1.730531873481118421e-01,1.258199070047417946e-03,8.256886135818407579e-01,9.857793307277222805e-01,7.290549847248405449e-03,6.930119425029314037e-03,9.844335766818250733e-01,7.364311275390117949e-03,8.202112042784807933e-03
1.172000000000000064e+01,5.034837474387630907e-02,1.776949105774197450e-03,9.478746761503494822e-01,1.732271426065450926e-01,1.258229456805615935e-03,8.255146279366493145e-01,9.857908581100931489e-01,7.287588916187272975e-03,6.921552973719578145e-03,9.844463257862443584e-01,7.361451753260635916e-03,8.192222460495005715e-03
1.172499999999999964e+01,5.036792943368074982e-02,1.777044419087861612e-03,9.478550261472313831e-01,1.734010489964073476e-01,1.258260592942725496e-03,8.253406904106499464e-01,9.858023780102069811e-01,7.284627318291870407e-03,6.912994671501148519e-03,9.844590680877038924e-01,7.358590823081087584e-03,8.182341089215020014e-03
1.173000000000000043e+01,5.038750303257845398e-02,1.777143466604334506e-03,9.478353535008172681e-01,1.735749065871429742e-01,1.258292476332949477e-03,8.251668009365240586e-01,9.858138903893544081e-01,7.281665074211992120e-03,6.904444536433599830e-03,9.844718035335350281e-01,7.355728508681116072e-03,8.172467957783854930e-03
1.173499999999999943e+01,5.040709584032639079e-02,1.777246232777364345e-03,9.478156579268961490e-01,1.737487154479834817e-01,1.258325104858214367e-03,8.249929594471582250e-01,9.858253952091222683e-01,7.278702204494755940e-03,6.895902586382975791e-03,9.844845320714363801e-01,7.352864833776884095e-03,8.162603094786734931e-03
1.174000000000000021e+01,5.042670815575348020e-02,1.777352702170673657e-03,9.477959391420758273e-01,1.739224756479435807e-01,1.258358476408055369e-03,8.248191658756482969e-01,9.858368924313731796e-01,7.275738729584695086e-03,6.887368839042125324e-03,9.844972536494833726e-01,7.349999821970958601e-03,8.152746528545667948e-03
1.174500000000000099e+01,5.044634027675518051e-02,1.777462859457193184e-03,9.477761968637875567e-01,1.740961872558215995e-01,1.258392588879631143e-03,8.246454201552988472e-01,9.858483820182700752e-01,7.272774669824029654e-03,6.878843311905895146e-03,9.845099682161271293e-01,7.347133496753205893e-03,8.142898287119663958e-03
1.175000000000000000e+01,5.046599250029357858e-02,1.777576689418072222e-03,9.477564308102883750e-01,1.742698503402022592e-01,1.258427440177675022e-03,8.244717222196200623e-01,9.858598639322571078e-01,7.269810045452982337e-03,6.870326022289909886e-03,9.845226757201785972e-01,7.344265881500558306e-03,8.133058398320843624e-03
1.175499999999999901e+01,5.048566512241389748e-02,1.777694176941782859e-03,9.477366407006443394e-01,1.744434649694578399e-01,1.258463028214457276e-03,8.242980720023277419e-01,9.858713381360723060e-01,7.266844876610039500e-03,6.861816987317654465e-03,9.845353761108177615e-01,7.341396999477530286e-03,8.123226889704708228e-03
1.175999999999999979e+01,5.050535843826070570e-02,1.777815307023018852e-03,9.477168262547163158e-01,1.746170312117448775e-01,1.258499350909751289e-03,8.241244694373454083e-01,9.858828045927349182e-01,7.263879183332277306e-03,6.853316223932804513e-03,9.845480693376016390e-01,7.338526873836789116e-03,8.113403788561571878e-03
1.176500000000000057e+01,5.052507274206224919e-02,1.777940064762134880e-03,9.476969871931755218e-01,1.747905491350094376e-01,1.258536406190810791e-03,8.239509144587997547e-01,9.858942632655443017e-01,7.260912985555538664e-03,6.844823748900159648e-03,9.845607553504429621e-01,7.335655527619173999e-03,8.103589121937863904e-03
1.176999999999999957e+01,5.054480832716003180e-02,1.778068435363804956e-03,9.476771232374762155e-01,1.749640188069832569e-01,1.258574191992301982e-03,8.237774070010245309e-01,9.859057141180951334e-01,7.257946303114889454e-03,6.836339578789977188e-03,9.845734340996217249e-01,7.332782983753558144e-03,8.093782916624717855e-03
1.177500000000000036e+01,5.056456548600798268e-02,1.778200404136456468e-03,9.476572341098555841e-01,1.751374402951881570e-01,1.258612706256308526e-03,8.236039469985555472e-01,9.859171571142523183e-01,7.254979155744590777e-03,6.827863730003090950e-03,9.845861055357751912e-01,7.329909265058368387e-03,8.083985199166440413e-03
1.178000000000000114e+01,5.058434451017781996e-02,1.778335956491275752e-03,9.476373195333309685e-01,1.753108136669365158e-01,1.258651946932293599e-03,8.234305343861311188e-01,9.859285922181698636e-01,7.252011563078622838e-03,6.819396218751513569e-03,9.845987696099094411e-01,7.327034394240602468e-03,8.074195995849957341e-03
1.178500000000000014e+01,5.060414569037065963e-02,1.778475077941282616e-03,9.476173792316880951e-01,1.754841389893287973e-01,1.258691911977046331e-03,8.232571690986941748e-01,9.859400193942748913e-01,7.249043544651081333e-03,6.810937061074027327e-03,9.846114262733836053e-01,7.324158393896921040e-03,8.064415332719473625e-03
1.178999999999999915e+01,5.062396931641703623e-02,1.778617754100535403e-03,9.475974129294825188e-01,1.756574163292549673e-01,1.258732599354641041e-03,8.230838510713903711e-01,9.859514386072836256e-01,7.246075119896113262e-03,6.802486272820261123e-03,9.846240754779111981e-01,7.321281286513697112e-03,8.054643235575104782e-03
1.179499999999999993e+01,5.064381567730133482e-02,1.778763970683209855e-03,9.475774203520154204e-01,1.758306457533998501e-01,1.258774007036445909e-03,8.229105802395637603e-01,9.859628498221773008e-01,7.243106308148422601e-03,6.794043869674276648e-03,9.846367171755727732e-01,7.318403094467433243e-03,8.044879729959793571e-03
1.180000000000000071e+01,5.066368506115023068e-02,1.778913713502802219e-03,9.475574012253469292e-01,1.760038273282353294e-01,1.258816133001039927e-03,8.227373565387635646e-01,9.859742530042221453e-01,7.240137128643498420e-03,6.785609867134356245e-03,9.846493513187901669e-01,7.315523840024750271e-03,8.035124841185082786e-03
1.180499999999999972e+01,5.068357775524437447e-02,1.779066968471200959e-03,9.475373552762844653e-01,1.761769611200297292e-01,1.258858975234227861e-03,8.225641799047360703e-01,9.859856481189612776e-01,7.237167600517969632e-03,6.777184280520752793e-03,9.846619778603504791e-01,7.312643545343221717e-03,8.025378594306298297e-03
1.181000000000000050e+01,5.070349404603419208e-02,1.779223721597987442e-03,9.475172822323677524e-01,1.763500471948419301e-01,1.258902531728964790e-03,8.223910502734290695e-01,9.859970351322031590e-01,7.234197742809805355e-03,6.768767124987035665e-03,9.846745967533818700e-01,7.309762232471402402e-03,8.015641014146727625e-03
1.181499999999999950e+01,5.072343421914003031e-02,1.779383958989501791e-03,9.474971818218704822e-01,1.765230856185263653e-01,1.258946800485368465e-03,8.222179675809883070e-01,9.860084140100375816e-01,7.231227574458585529e-03,6.760358415503832895e-03,9.846872079513742104e-01,7.306879923348955086e-03,8.005912125276834490e-03
1.182000000000000028e+01,5.074339855936310650e-02,1.779547666848015639e-03,9.474770537737888798e-01,1.766960764567291897e-01,1.258991779510628241e-03,8.220449317637602560e-01,9.860197847188266751e-01,7.228257114305975360e-03,6.751958166867349544e-03,9.846998114081513265e-01,7.303996639807235070e-03,7.996191952041438455e-03
1.182499999999999929e+01,5.076338735068355867e-02,1.779714831470961692e-03,9.474568978178454781e-01,1.768690197748917781e-01,1.259037466819013743e-03,8.218719427582892312e-01,9.860311472251961362e-01,7.225286381095579608e-03,6.743566393708284173e-03,9.847124070779016414e-01,7.301112403569544329e-03,7.986480518528814299e-03
1.183000000000000007e+01,5.078340087627333799e-02,1.779885439250207318e-03,9.474367136844764614e-01,1.770419156382533887e-01,1.259083860431857741e-03,8.216990005013147247e-01,9.860425014960496615e-01,7.222315393473855913e-03,6.735183110476482618e-03,9.847249949151419823e-01,7.298227236251492341e-03,7.976777848606526194e-03
1.183500000000000085e+01,5.080343941851378498e-02,1.780059476671077461e-03,9.474165011048152341e-01,1.772147641118464456e-01,1.259130958377473533e-03,8.215261049297760687e-01,9.860538474985525159e-01,7.219344169989897093e-03,6.726808331457586991e-03,9.847375748747448920e-01,7.295341159361200777e-03,7.967083965893906328e-03
1.183999999999999986e+01,5.082350325898191135e-02,1.780236930311734043e-03,9.473962598107064093e-01,1.773875652605020337e-01,1.259178758691176193e-03,8.213532559808067735e-01,9.860651852001427464e-01,7.216372729095944620e-03,6.718442070761308955e-03,9.847501469119179784e-01,7.292454194299631369e-03,7.957398893782389321e-03
1.184500000000000064e+01,5.084359267846849662e-02,1.780417786842293211e-03,9.473759895346891557e-01,1.775603191488483168e-01,1.259227259415209282e-03,8.211804535917365255e-01,9.860765145685239652e-01,7.213401089147571631e-03,6.710084342328463160e-03,9.847627109822185698e-01,7.289566362361036937e-03,7.947722655420392385e-03
1.184999999999999964e+01,5.086370795699228509e-02,1.780602033024109541e-03,9.473556900099836531e-01,1.777330258413083730e-01,1.259276458598731401e-03,8.210076977000929643e-01,9.860878355716666821e-01,7.210429268404157377e-03,6.701735159929160524e-03,9.847752670415370613e-01,7.286677684732971796e-03,7.938055273729966929e-03
1.185500000000000043e+01,5.088384937378404721e-02,1.780789655708999103e-03,9.473353609705068568e-01,1.779056854021081047e-01,1.259326354297791257e-03,8.208349882435940215e-01,9.860991481778001999e-01,7.207457285028837785e-03,6.693394537170962305e-03,9.847878150461053526e-01,7.283788182496946616e-03,7.928396771397699938e-03
1.185999999999999943e+01,5.090401720732082302e-02,1.780980641838476397e-03,9.473150021508406349e-01,1.780782978952691331e-01,1.259376944575284077e-03,8.206623251601556923e-01,9.861104523554173884e-01,7.204485157089263528e-03,6.685062487493348068e-03,9.848003549524894096e-01,7.280897876628727658e-03,7.918747170881862765e-03
1.186500000000000021e+01,5.092421173530270462e-02,1.781174978443037264e-03,9.472946132862543056e-01,1.782508633846141000e-01,1.259428227500924719e-03,8.204897083878850417e-01,9.861217480732777929e-01,7.201512902557545386e-03,6.676739024164661702e-03,9.848128867175942602e-01,7.278006787998338514e-03,7.909106494407401253e-03
1.187000000000000099e+01,5.094443323469419194e-02,1.781372652641334455e-03,9.472741941126644472e-01,1.784233819337662230e-01,1.259480201151231627e-03,8.203171378650826462e-01,9.861330353004025273e-01,7.198540539310573430e-03,6.668424160286899258e-03,9.848254102986535585e-01,7.275114937370773943e-03,7.899474763975667529e-03
1.187500000000000000e+01,5.096468198169773478e-02,1.781573651639509551e-03,9.472537443666626533e-01,1.785958536061484359e-01,1.259532863609468716e-03,8.201446135302420393e-01,9.861443140060665025e-01,7.195568085130413412e-03,6.660117908803084123e-03,9.848379256532396875e-01,7.272222345405805581e-03,7.889852001354506067e-03
1.187999999999999901e+01,5.098495825177591645e-02,1.781777962730478034e-03,9.472332637854935511e-01,1.787682784649863299e-01,1.259586212965634099e-03,8.199721353220480458e-01,9.861555841598068639e-01,7.192595557704705746e-03,6.651820282488430346e-03,9.848504327392539892e-01,7.269329032659019307e-03,7.880238228086991481e-03
1.188499999999999979e+01,5.100526231965932245e-02,1.781985573293179675e-03,9.472127521070474732e-01,1.789406565733065169e-01,1.259640247316428860e-03,8.197997031793771150e-01,9.861668457314202163e-01,7.189622974626668113e-03,6.643531293953115584e-03,9.848629315149179941e-01,7.266435019581497790e-03,7.870633465500508075e-03
1.189000000000000057e+01,5.102559445934719273e-02,1.782196470791892013e-03,9.471922090698609020e-01,1.791129879939386549e-01,1.259694964765221059e-03,8.196273170412962106e-01,9.861780986909507440e-01,7.186650353395634960e-03,6.635250955653620997e-03,9.848754219387969577e-01,7.263540326520512638e-03,7.861037734682529629e-03
1.189499999999999957e+01,5.104595494411931500e-02,1.782410642775438241e-03,9.471716344131052567e-01,1.792852727895135612e-01,1.259750363422005833e-03,8.194549768470644757e-01,9.861893430087099732e-01,7.183677711417330719e-03,6.626979279872696055e-03,9.848879039697728821e-01,7.260644973719532214e-03,7.851451056507585680e-03
1.190000000000000036e+01,5.106634404653041803e-02,1.782628076876587205e-03,9.471510278765929991e-01,1.794575110224711501e-01,1.259806441403416456e-03,8.192826825361253507e-01,9.862005786552561215e-01,7.180705066003889754e-03,6.618716278739988738e-03,9.849003775670577276e-01,7.257748981318794083e-03,7.841873451623477403e-03
1.190500000000000114e+01,5.108675125177927073e-02,1.782848051551270269e-03,9.471304006966694278e-01,1.796297900306850770e-01,1.259862660752371702e-03,8.191103473085624698e-01,9.862118125779455458e-01,7.177727973454726615e-03,6.610459448599727630e-03,9.849128495061834077e-01,7.254847949083747388e-03,7.832302544732844957e-03
1.191000000000000014e+01,5.110692785472027710e-02,1.783054292941738204e-03,9.471100178523379487e-01,1.798041160634868407e-01,1.259906701590826975e-03,8.189359772349222855e-01,9.862232050643369163e-01,7.174643931485920161e-03,6.602151004177163503e-03,9.849254763972423721e-01,7.251840305292905388e-03,7.822683297464723406e-03
1.191499999999999915e+01,5.112713219692574529e-02,1.783263858217935295e-03,9.470896039448563064e-01,1.799783935045133343e-01,1.259951438859851060e-03,8.187616550566267914e-01,9.862345885148897651e-01,7.171560094966487366e-03,6.593851390143747569e-03,9.849380945064842852e-01,7.248832225536720568e-03,7.813073267978993403e-03
1.191999999999999993e+01,5.114736455822140038e-02,1.783476734856695662e-03,9.470691587069218764e-01,1.801526224164802237e-01,1.259996870630151512e-03,8.185873807128896118e-01,9.862459629001840700e-01,7.168476481277306217e-03,6.585560618538623817e-03,9.849507037929651210e-01,7.245823730081433871e-03,7.803472476953445154e-03
1.192500000000000071e+01,5.116762521771074657e-02,1.783692910419586207e-03,9.470486818718696354e-01,1.803268028619090246e-01,1.260042994979164877e-03,8.184131541431117762e-01,9.862573281910606005e-01,7.165393107701775385e-03,6.577278701237624162e-03,9.849633042160659269e-01,7.242814839085337866e-03,7.793880944848735268e-03
1.192999999999999972e+01,5.118791445380026922e-02,1.783912372552212081e-03,9.470281731736475139e-01,1.805009349031340138e-01,1.260089809991089219e-03,8.182389752868749477e-01,9.862686843586170315e-01,7.162309991426474287e-03,6.569005649956494164e-03,9.849758957355049249e-01,7.239805572599769014e-03,7.784298691895306065e-03
1.193500000000000050e+01,5.120823254419416826e-02,1.784135108983467494e-03,9.470076323468223922e-01,1.806750186023014515e-01,1.260137313756813432e-03,8.180648440839417557e-01,9.862800313742194902e-01,7.159227149541153544e-03,6.560741476239356253e-03,9.849884783113291853e-01,7.236795950569170979e-03,7.774725738101643732e-03
1.193999999999999950e+01,5.122857976590479423e-02,1.784361107524932684e-03,9.469870591265703297e-01,1.808490540213674447e-01,1.260185504373917452e-03,8.178907604742586823e-01,9.862913692094762430e-01,7.156144599039399382e-03,6.552486191484357611e-03,9.850010519039185120e-01,7.233785992831393008e-03,7.765162103250095038e-03
1.194500000000000028e+01,5.124895639525377244e-02,1.784590356070153575e-03,9.469664532486761210e-01,1.810230412221049412e-01,1.260234379946652749e-03,8.177167243979484024e-01,9.863026978362700037e-01,7.153062356818796694e-03,6.544239806911199622e-03,9.850136164739753397e-01,7.230775719118134014e-03,7.755607806906526271e-03
1.194999999999999929e+01,5.126936270788732403e-02,1.784822842593986698e-03,9.469458144495187524e-01,1.811969802660941542e-01,1.260283938585834117e-03,8.175427357953199969e-01,9.863140172267276240e-01,7.149980439681163230e-03,6.536002333591212771e-03,9.850261719825321727e-01,7.227765149055289523e-03,7.746062868412537800e-03
1.195500000000000007e+01,5.128979897877229688e-02,1.785058555151905089e-03,9.469251424660758421e-01,1.813708712147343860e-01,1.260334178408924026e-03,8.173687946068567411e-01,9.863253273532313070e-01,7.146898864333072615e-03,6.527773782435620370e-03,9.850387183909463662e-01,7.224754302163397500e-03,7.736527306890236301e-03
1.196000000000000085e+01,5.131026548221020306e-02,1.785297481879339742e-03,9.469044370359104290e-01,1.815447141292349797e-01,1.260385097539917917e-03,8.171949007732250969e-01,9.863366281884213826e-01,7.143817647386075526e-03,6.519554164192541829e-03,9.850512556608937986e-01,7.221743197857690387e-03,7.727001141248510986e-03
1.196499999999999986e+01,5.133076249183184114e-02,1.785539610991046435e-03,9.468836978971770790e-01,1.817185090706227024e-01,1.260436694109345933e-03,8.170210542352679406e-01,9.863479197051883141e-01,7.140736805357070921e-03,6.511343489454615024e-03,9.850637837543809727e-01,7.218731855448984151e-03,7.717484390170043125e-03
1.197000000000000064e+01,5.135129028061979906e-02,1.785784930780477111e-03,9.468629247885996802e-01,1.818922560997393023e-01,1.260488966254254273e-03,8.168472549340063393e-01,9.863592018766644820e-01,7.137656354668541966e-03,6.503141768666976033e-03,9.850763026337234773e-01,7.215720294143268890e-03,7.707977072133253768e-03
1.197499999999999964e+01,5.137184912089999556e-02,1.786033429619046089e-03,9.468421174494809911e-01,1.820659552772412315e-01,1.260541912118148811e-03,8.166735028106406613e-01,9.863704746762531617e-01,7.134576311649088592e-03,6.494949012097749746e-03,9.850888122615677478e-01,7.212708533042826858e-03,7.698479205389425345e-03
1.198000000000000043e+01,5.139243928434943098e-02,1.786285095955597070e-03,9.468212756196949798e-01,1.822396066636012557e-01,1.260595529850988810e-03,8.164997978065476891e-01,9.863817380775810051e-01,7.131496692533464792e-03,6.486765229885530122e-03,9.851013126008688614e-01,7.209696591146058132e-03,7.688990807985080465e-03
1.198499999999999943e+01,5.141306104201019689e-02,1.786539918315751315e-03,9.468003990396740566e-01,1.824132103191097865e-01,1.260649817609135965e-03,8.163261398632810639e-01,9.863929920545377872e-01,7.128417513463152812e-03,6.478590431999060005e-03,9.851138036148989752e-01,7.206684487348226538e-03,7.679511897752798293e-03
1.199000000000000021e+01,5.143371466428797029e-02,1.786797885301248667e-03,9.467794874504108504e-01,1.825867663038748256e-01,1.260704773555384106e-03,8.161525289225698421e-01,9.864042365812544233e-01,7.125338790486622498e-03,6.470424628258954203e-03,9.851262852672459935e-01,7.203672240441450110e-03,7.670042492312556352e-03
1.199500000000000099e+01,5.145440042095870276e-02,1.787058985589324136e-03,9.467585405934519915e-01,1.827602746778220211e-01,1.260760395858824328e-03,8.159789649263190503e-01,9.864154716321110739e-01,7.122260539559573285e-03,6.462267828329352863e-03,9.851387575218122361e-01,7.200659869115342074e-03,7.660582609072421820e-03
1.200000000000000000e+01,5.147511858117915368e-02,1.787323207932094019e-03,9.467375582108887855e-01,1.829337355006930288e-01,1.260816682694925438e-03,8.158054478166120171e-01,9.864266971817274854e-01,7.119182776545401707e-03,6.454120041727112907e-03,9.851512203428103298e-01,7.197647391957041202e-03,7.651132265232628987e-03
1.200499999999999901e+01,5.149586941347722435e-02,1.787590541156081677e-03,9.467165400453666502e-01,1.831071488320527574e-01,1.260873632245448515e-03,8.156319775357017132e-01,9.864379132049624355e-01,7.116105517215391349e-03,6.445981277822173186e-03,9.851636736947606554e-01,7.194634827452073972e-03,7.641691477787270620e-03
1.200999999999999979e+01,5.151665318577881847e-02,1.787860974161436470e-03,9.466954858400598027e-01,1.832805147312841221e-01,1.260931242698439545e-03,8.154585540260174126e-01,9.864491196769293868e-01,7.113028777249283570e-03,6.437851545821329617e-03,9.851761175424913475e-01,7.191622193984193237e-03,7.632260263524459284e-03
1.201500000000000057e+01,5.153747016539747539e-02,1.788134495921400767e-03,9.466743953386811405e-01,1.834538332575865183e-01,1.260989512248161977e-03,8.152851772301652478e-01,9.864603165729683987e-01,7.109952572235143063e-03,6.429730854796458263e-03,9.851885518511436235e-01,7.188609509836025278e-03,7.622838639020351227e-03
1.201999999999999957e+01,5.155832061904807445e-02,1.788411095481727726e-03,9.466532682854701397e-01,1.836271044699854249e-01,1.261048439095145517e-03,8.151118470909194391e-01,9.864715038686641124e-01,7.106876917670298943e-03,6.421619213665588632e-03,9.852009765861572399e-01,7.185596793189156541e-03,7.613426620653603559e-03
1.202500000000000036e+01,5.157920481284719583e-02,1.788690761960182998e-03,9.466321044251926331e-01,1.838003284273259097e-01,1.261108021446089413e-03,8.149385635512279569e-01,9.864826815398399784e-01,7.103801828961048108e-03,6.413516631198973479e-03,9.852133917132814833e-01,7.182584062125047832e-03,7.604024224593468849e-03
1.203000000000000114e+01,5.160012301231516746e-02,1.788973484545810285e-03,9.466109035031390340e-01,1.839735051882703809e-01,1.261168257513853351e-03,8.147653265542157408e-01,9.864938495625554804e-01,7.100727321423644031e-03,6.405423116020875565e-03,9.852257971985638463e-01,7.179571334624651816e-03,7.594631466811501905e-03
1.203500000000000014e+01,5.162107548239457805e-02,1.789259252498434562e-03,9.465896652651070164e-01,1.841466348113071361e-01,1.261229145517442926e-03,8.145921360431754854e-01,9.865050079131090222e-01,7.097653410283912521e-03,6.397338676607065323e-03,9.852381930083540240e-01,7.176558628569302059e-03,7.585248363076673925e-03
1.203999999999999915e+01,5.164206248744449002e-02,1.789548055148158789e-03,9.465683894574072887e-01,1.843197173547489187e-01,1.261290683681995763e-03,8.144189919615690831e-01,9.865161565680271583e-01,7.094580110678237912e-03,6.389263321294603830e-03,9.852505791093018050e-01,7.173545961740906453e-03,7.575874928957288500e-03
1.204499999999999993e+01,5.166308429124455426e-02,1.789839881894661347e-03,9.465470758268608176e-01,1.844927528767253966e-01,1.261352870238697382e-03,8.142458942530359511e-01,9.865272955040762515e-01,7.091507437653379181e-03,6.381197058270369343e-03,9.852629554683571822e-01,7.170533351822212624e-03,7.566511179820605178e-03
1.205000000000000071e+01,5.168414115700482869e-02,1.790134722206748697e-03,9.465257241207883920e-01,1.846657414351967619e-01,1.261415703424837147e-03,8.140728428613783763e-01,9.865384246982495942e-01,7.088435406167152564e-03,6.373139895583253278e-03,9.852753220527601385e-01,7.167520816397293659e-03,7.557157130842567794e-03
1.205499999999999972e+01,5.170523334737520127e-02,1.790432565621784874e-03,9.465043340870029631e-01,1.848386830879427123e-01,1.261479181483698324e-03,8.138998377305736165e-01,9.865495441277821742e-01,7.085364031088558188e-03,6.365091841129267604e-03,9.852876788300586330e-01,7.164508372951777955e-03,7.547812796989589006e-03
1.206000000000000050e+01,5.172636112443698697e-02,1.790733401745134854e-03,9.464829054738178593e-01,1.850115778925707499e-01,1.261543302664600366e-03,8.137268788047646861e-01,9.865606537701226975e-01,7.082293327198215492e-03,6.357052902679087049e-03,9.853000257680796237e-01,7.161496038873276827e-03,7.538478193047099506e-03
1.206500000000000128e+01,5.174752474971924809e-02,1.791037220249576270e-03,9.464614380300312435e-01,1.851844259065085208e-01,1.261608065222809792e-03,8.135539660282686825e-01,9.865717536029623425e-01,7.079223309188560111e-03,6.349023087849097434e-03,9.853123628349529373e-01,7.158483831451921409e-03,7.529153333595141329e-03
1.207000000000000028e+01,5.176872448420536538e-02,1.791344010874857274e-03,9.464399315049197847e-01,1.853572271870166377e-01,1.261673467419585290e-03,8.133810993455637961e-01,9.865828436042126670e-01,7.076153991664432819e-03,6.341002404122900171e-03,9.853246899990946162e-01,7.155471767880077286e-03,7.519838233025306559e-03
1.207499999999999929e+01,5.178996058831918103e-02,1.791653763427102173e-03,9.464183856482537571e-01,1.855299817911779392e-01,1.261739507522099436e-03,8.132082787012999692e-01,9.865939237520175986e-01,7.073085389143107284e-03,6.332990858839294100e-03,9.853370072292115811e-01,7.152459865253660287e-03,7.510532905534758608e-03
1.208000000000000007e+01,5.181123332195853443e-02,1.791966467778266731e-03,9.463968002102631782e-01,1.857026897758997930e-01,1.261806183803409207e-03,8.130355040402967859e-01,9.866049940247441086e-01,7.070017516054676911e-03,6.324988459201214518e-03,9.853493144942966353e-01,7.149448140571593516e-03,7.501237365131771181e-03
1.208500000000000085e+01,5.183254294448115529e-02,1.792282113865655046e-03,9.463751749416532411e-01,1.858753511979207296e-01,1.261873494542472022e-03,8.128627753075368112e-01,9.866160544009816569e-01,7.066950386742667199e-03,6.316995212275675932e-03,9.853616117636390115e-01,7.146436610736862059e-03,7.491951625624126455e-03
1.208999999999999986e+01,5.185388971469949426e-02,1.792600691691478929e-03,9.463535095936089769e-01,1.860479661138068064e-01,1.261941438024090237e-03,8.126900924481691435e-01,9.866271048595491866e-01,7.063884015463969823e-03,6.309011124986843577e-03,9.853738990067943959e-01,7.143425292556008187e-03,7.482675700649595897e-03
1.209499999999999886e+01,5.187527389091903252e-02,1.792922191322135613e-03,9.463318039177588403e-01,1.862205345799468059e-01,1.262010012538866471e-03,8.125174554075142996e-01,9.866381453794805800e-01,7.060818416389422029e-03,6.301036204129997938e-03,9.853861761936211217e-01,7.140414202740687395e-03,7.473409603638190950e-03
1.209999999999999964e+01,5.189669573091262866e-02,1.793246602887897667e-03,9.463100576661994667e-01,1.863930566525679455e-01,1.262079216383257168e-03,8.123448641310487828e-01,9.866491759400324302e-01,7.057753603603991385e-03,6.293070456363578438e-03,9.853984432942509697e-01,7.137403357906858294e-03,7.464153347842172014e-03
1.210500000000000043e+01,5.191815549193239815e-02,1.793573916582349428e-03,9.462882705914853476e-01,1.865655323877174199e-01,1.262149047859440756e-03,8.121723185644230680e-01,9.866601965206889258e-01,7.054689591107340431e-03,6.285113888203733810e-03,9.854107002790963854e-01,7.134392774575826907e-03,7.454906946327787692e-03
1.210999999999999943e+01,5.193965343072613761e-02,1.793904122661848372e-03,9.462664424466119550e-01,1.867379618412782771e-01,1.262219505275385739e-03,8.119998186534462814e-01,9.866712071011394247e-01,7.051626392813823210e-03,6.277166506046752067e-03,9.854229471188549194e-01,7.131382469174154734e-03,7.445670411970925842e-03
1.211500000000000021e+01,5.196118980352921329e-02,1.794237211445081455e-03,9.462445729850256226e-01,1.869103450689591772e-01,1.262290586944746175e-03,8.118273643440960807e-01,9.866822076613072090e-01,7.048564022552945840e-03,6.269228316139845159e-03,9.854351837844956830e-01,7.128372458034663156e-03,7.436443757469653887e-03
1.212000000000000099e+01,5.198276486607215918e-02,1.794573173312547084e-03,9.462226619606153299e-01,1.870826821263034401e-01,1.262362291186917189e-03,8.116549555825096629e-01,9.866931981813188424e-01,7.045502494069823610e-03,6.261299324611334025e-03,9.854474102472681185e-01,7.125362757396030110e-03,7.427226995335851380e-03
1.212500000000000000e+01,5.200437887358468070e-02,1.794911998706110812e-03,9.462007091277092607e-01,1.872549730686848823e-01,1.262434616326949975e-03,8.114825923149882048e-01,9.867041786415277071e-01,7.042441821025450729e-03,6.253379537446842121e-03,9.854596264786976700e-01,7.122353383403568980e-03,7.418020137898760982e-03
1.212999999999999901e+01,5.202603208080611857e-02,1.795253678128486434e-03,9.461787142410653662e-01,1.874272179513059855e-01,1.262507560695534442e-03,8.113102744879984174e-01,9.867151490224916888e-01,7.039382016996719414e-03,6.245468960511591817e-03,9.854718324505840066e-01,7.119344352109445440e-03,7.408823197306547981e-03
1.213499999999999979e+01,5.204772474198540722e-02,1.795598202142691937e-03,9.461566770558719197e-01,1.875994168292049735e-01,1.262581122629014832e-03,8.111380020481659958e-01,9.867261093049863874e-01,7.036323095477344490e-03,6.237567599536268138e-03,9.854840281349932507e-01,7.116335679473181387e-03,7.399636185533567910e-03
1.214000000000000057e+01,5.206945711087875017e-02,1.795945561371792547e-03,9.461345973277495158e-01,1.877715697572527875e-01,1.262655300469322497e-03,8.109657749422778394e-01,9.867370594700003439e-01,7.033265069877601451e-03,6.229675460122054663e-03,9.854962135042752980e-01,7.113327381361750357e-03,7.390459114362951665e-03
1.214499999999999957e+01,5.209122944076531592e-02,1.796295746498204017e-03,9.461124748127365258e-01,1.879436767901509209e-01,1.262730092563971130e-03,8.107935931172851607e-01,9.867479994987383707e-01,7.030207953525007339e-03,6.221792547736621978e-03,9.855083885310407243e-01,7.110319473550045892e-03,7.381291995409229763e-03
1.215000000000000036e+01,5.211304198444395575e-02,1.796648748263352620e-03,9.460903092672926507e-01,1.881157379824365261e-01,1.262805497266020986e-03,8.106214565202974898e-01,9.867589293726000133e-01,7.027151759664452581e-03,6.213918867735534167e-03,9.855205531881673364e-01,7.107311971721496507e-03,7.372134840111167070e-03
1.215500000000000114e+01,5.213489499424790730e-02,1.797004557467200706e-03,9.460681004482848211e-01,1.882877533884799726e-01,1.262881512934072806e-03,8.104493650985860054e-01,9.867698490732126348e-01,7.024096501458625130e-03,6.206054425328740021e-03,9.855327074488076100e-01,7.104304891467934716e-03,7.362987659724455278e-03
1.216000000000000014e+01,5.215678872202611505e-02,1.797363164967768785e-03,9.460458481130060715e-01,1.884597230624876496e-01,1.262958137932235301e-03,8.102773187995802040e-01,9.867807585824011074e-01,7.021042191988318380e-03,6.198199225610574216e-03,9.855448512863698163e-01,7.101298248290101832e-03,7.353850465340081889e-03
1.216499999999999915e+01,5.217872341918285140e-02,1.797724561680686013e-03,9.460235520191364600e-01,1.886316470584995519e-01,1.263035370630089796e-03,8.101053175708703424e-01,9.867916578821978035e-01,7.017988844252809333e-03,6.190353273549387136e-03,9.855569846745415585e-01,7.098292057598304568e-03,7.344723267860136899e-03
1.216999999999999993e+01,5.220069933664676920e-02,1.798088738578767143e-03,9.460012119247744877e-01,1.888035254303939425e-01,1.263113209402690453e-03,8.099333613602034410e-01,9.868025469548475925e-01,7.014936471170028602e-03,6.182516573982378867e-03,9.855691075872552442e-01,7.095286334712402020e-03,7.335606078032353740e-03
1.217500000000000071e+01,5.222271672488927596e-02,1.798455686691570812e-03,9.459788275884191133e-01,1.889753582318819958e-01,1.263191652630524372e-03,8.097614501154873912e-01,9.868134257827885225e-01,7.011885085577033126e-03,6.174689131634444363e-03,9.855812199987206146e-01,7.092281094862239350e-03,7.326498906417146066e-03
1.217999999999999972e+01,5.224477583393963981e-02,1.798825397104916214e-03,9.459563987689554310e-01,1.891471455165129600e-01,1.263270698699476245e-03,8.095895837847875143e-01,9.868242943486731367e-01,7.008834700230265509e-03,6.166870951096597823e-03,9.855933218834023180e-01,7.089276353188150859e-03,7.317401763409531190e-03
1.218500000000000050e+01,5.226687691336581731e-02,1.799197860960505138e-03,9.459339252256736552e-01,1.893188873376727699e-01,1.263350346000830958e-03,8.094177623163264501e-01,9.868351526353509318e-01,7.005785327805723155e-03,6.159062036843345085e-03,9.856054132160205761e-01,7.086272124740964316e-03,7.308314659238459611e-03
1.219000000000000128e+01,5.228902021230903696e-02,1.799573069455459020e-03,9.459114067182354813e-01,1.894905837485869604e-01,1.263430592931262314e-03,8.092459856584818256e-01,9.868460006258794603e-01,7.002736980899719813e-03,6.151262393220819844e-03,9.856174939715587335e-01,7.083268424482750368e-03,7.299237603958516098e-03
1.219500000000000028e+01,5.231120597945186634e-02,1.799951013841904774e-03,9.458888430067062814e-01,1.896622348023158100e-01,1.263511437892744131e-03,8.090742537597914730e-01,9.868568383035076774e-01,6.999689672028685215e-03,6.143472024463637361e-03,9.856295641252528217e-01,7.080265267286937891e-03,7.290170607460240426e-03
1.219999999999999929e+01,5.233405743581626135e-02,1.800361461460807605e-03,9.458655811027230076e-01,1.898296521698151218e-01,1.263618133483044052e-03,8.089067296967018539e-01,9.868673377894652265e-01,6.996854375181821642e-03,6.135807835352951808e-03,9.856413012541405116e-01,7.077472321506126859e-03,7.281226424353361495e-03
1.220500000000000007e+01,5.235696715584804012e-02,1.800775071592484664e-03,9.458422577725594804e-01,1.899969431125495267e-01,1.263725899537825785e-03,8.087393309879126191e-01,9.868778208449009437e-01,6.994024110591716067e-03,6.128155044507340235e-03,9.856530216900946106e-01,7.074683911461223350e-03,7.272294398444166010e-03
1.221000000000000085e+01,5.237992268084615266e-02,1.801191226985786450e-03,9.458188860921681318e-01,1.901641932013521386e-01,1.263834218800285319e-03,8.085719725798475865e-01,9.868882941518408725e-01,6.991194581342543603e-03,6.120511266816583938e-03,9.856647319957675402e-01,7.071895769312713277e-03,7.263372234919746560e-03
1.221499999999999986e+01,5.240292423917521092e-02,1.801609919769929947e-03,9.457954658410547832e-01,1.903314024862155229e-01,1.263943089812607015e-03,8.084046544239719134e-01,9.868987576953159868e-01,6.988365799175973517e-03,6.112876505508039668e-03,9.856764321490525393e-01,7.069107908969675391e-03,7.254459941977785264e-03
1.221999999999999886e+01,5.242597205880809852e-02,1.802031142121679605e-03,9.457719967990703136e-01,1.904985710169742608e-01,1.264052511121759818e-03,8.082373764719040787e-01,9.869092114605219068e-01,6.985537775763535004e-03,6.105250763714558174e-03,9.856881221280864303e-01,7.066320344262844860e-03,7.245557527650724888e-03
1.222499999999999964e+01,5.244906636731591631e-02,1.802454886264913446e-03,9.457484787464190967e-01,1.906656988432938182e-01,1.264162481279417242e-03,8.080701386754268745e-01,9.869196554328374393e-01,6.982710522707323217e-03,6.097634044455237448e-03,9.856998019112190867e-01,7.063533088945522266e-03,7.236664999835390986e-03
1.223000000000000043e+01,5.247220739186547050e-02,1.802881144470438318e-03,9.457249114636641085e-01,1.908327860146799282e-01,1.264272998841970167e-03,8.079029409864780797e-01,9.869300895978072585e-01,6.979884051539923806e-03,6.090026350652817666e-03,9.857114714770253139e-01,7.060746156693669014e-03,7.227782366281017105e-03
1.223499999999999943e+01,5.249539535923847949e-02,1.803309909055470991e-03,9.457012947317060547e-01,1.909998325804768415e-01,1.264384062370519680e-03,8.077357833571526813e-01,9.869405139411677741e-01,6.977058373724886499e-03,6.082427685107339409e-03,9.857231308043086226e-01,7.057959561105932485e-03,7.218909634585444872e-03
1.224000000000000021e+01,5.251863049582954079e-02,1.803741172383397902e-03,9.456776283317871457e-01,1.911668385898663003e-01,1.264495670430812024e-03,8.075686657397028734e-01,9.869509284488104939e-01,6.974233500656807500e-03,6.074838050532698625e-03,9.857347798720885734e-01,7.055173315704306100e-03,7.210046812207120473e-03
1.224500000000000099e+01,5.254191302763530635e-02,1.804174926863349277e-03,9.456539120455013103e-01,1.913338040918682037e-01,1.264607821593268303e-03,8.074015880865385020e-01,9.869613331068085582e-01,6.971409443661668627e-03,6.067257449529773160e-03,9.857464186596067712e-01,7.052387433934334884e-03,7.201193906458893887e-03
1.225000000000000000e+01,5.256524318027877563e-02,1.804611164949988800e-03,9.456301456547712148e-01,1.915007291353428842e-01,1.264720514432929191e-03,8.072345503502241781e-01,9.869717279013979772e-01,6.968586213997281405e-03,6.059685884604741439e-03,9.857580471463257554e-01,7.049601929165360929e-03,7.192350924508883643e-03
1.225499999999999901e+01,5.258862117899827660e-02,1.805049879142954809e-03,9.456063289418586981e-01,1.916676137689913850e-01,1.264833747529454065e-03,8.070675524834790560e-01,9.869821128189980586e-01,6.965763822853230681e-03,6.052123358148710740e-03,9.857696653119267793e-01,7.046816814690506046e-03,7.183517873382714615e-03
1.225999999999999979e+01,5.261204724865710392e-02,1.805491061986791781e-03,9.455824616893561130e-01,1.918344580413515188e-01,1.264947519467089559e-03,8.069005944391813845e-01,9.869924878461875384e-01,6.962942281351464438e-03,6.044569872460997181e-03,9.857812731363062575e-01,7.044032103727490557e-03,7.174694759966251945e-03
1.226500000000000057e+01,5.263552161373802329e-02,1.805934706070423191e-03,9.455585436801916543e-01,1.920012620008054172e-01,1.265061828834666748e-03,8.067336761703599590e-01,9.870028529697112418e-01,6.960121600546218326e-03,6.037025429742539848e-03,9.857928705995743224e-01,7.041247809418567372e-03,7.165881591007110252e-03
1.226999999999999957e+01,5.265904449836231876e-02,1.806380804026846195e-03,9.455345746976108190e-01,1.921680256955767274e-01,1.265176674225579681e-03,8.065667976301977848e-01,9.870132081764932952e-01,6.957301791424543892e-03,6.029490032082160909e-03,9.858044576820588212e-01,7.038463944831102256e-03,7.157078373110076566e-03
1.227500000000000036e+01,5.268261612627267443e-02,1.806829348532934748e-03,9.455105545251943910e-01,1.923347491737291137e-01,1.265292054237733121e-03,8.063999587720331874e-01,9.870235534536159205e-01,6.954482864906573990e-03,6.021963681477505471e-03,9.858160343643094237e-01,7.035680522957310154e-03,7.148285112733266181e-03
1.228000000000000114e+01,5.270623672085411604e-02,1.807280332308904003e-03,9.454864829468369036e-01,1.925014324831681445e-01,1.265407967473569434e-03,8.062331595493582581e-01,9.870338887883256529e-01,6.951664831845560943e-03,6.014446379828786160e-03,9.858276006270735303e-01,7.032897556715254385e-03,7.139501816211215289e-03
1.228500000000000014e+01,5.272990650513184607e-02,1.807733748118193215e-03,9.454623597467499696e-01,1.926680756716458165e-01,1.265524412540045603e-03,8.060663999158141912e-01,9.870442141680442205e-01,6.948847703028374415e-03,6.006938128927405071e-03,9.858391564513153682e-01,7.030115058948502305e-03,7.130728489736129494e-03
1.228999999999999915e+01,5.275362570176159172e-02,1.808189588767031633e-03,9.454381847094713853e-01,1.928346787867535883e-01,1.265641388048562759e-03,8.058996798251978344e-01,9.870545295803434538e-01,6.946031489175677476e-03,5.999438930480868737e-03,9.858507018182152137e-01,7.027333042426890317e-03,7.121965139357895949e-03
1.229499999999999993e+01,5.277739453304648720e-02,1.808647847104159637e-03,9.454139576198493655e-01,1.930012418759305404e-01,1.265758892615018432e-03,8.057329992314543610e-01,9.870648350129715975e-01,6.943216200942028959e-03,5.991948786086373491e-03,9.858622367091591787e-01,7.024551519846340859e-03,7.113211770994480425e-03
1.230000000000000071e+01,5.280121322094565028e-02,1.809108516020446885e-03,9.453896782630338835e-01,1.931677649864564639e-01,1.265876924859726327e-03,8.055663580886838204e-01,9.870751304538307735e-01,6.940401848916475866e-03,5.984467697252750587e-03,9.858737611057384331e-01,7.021770503829678593e-03,7.104468390431888276e-03
1.230499999999999972e+01,5.282508198704928548e-02,1.809571588448729684e-03,9.453653464245019844e-01,1.933342481654582445e-01,1.265995483407450365e-03,8.053997563511342550e-01,9.870854158909877496e-01,6.937588443622652243e-03,5.976995665389598159e-03,9.858852749897570877e-01,7.018990006926430041e-03,7.095735003316482221e-03
1.231000000000000050e+01,5.284900105262173298e-02,1.810037057363334586e-03,9.453409618900149303e-01,1.935006914599069761e-01,1.266114566887336810e-03,8.052331939732056965e-01,9.870956913126716081e-01,6.934775995518813879e-03,5.969532691809577990e-03,9.858967783432213139e-01,7.016210041613409054e-03,7.087011615165277056e-03
1.231500000000000128e+01,5.287297063856115364e-02,1.810504915779906441e-03,9.453165244456589456e-01,1.936670949166209854e-01,1.266234173932947234e-03,8.050666709094460582e-01,9.871059567072670848e-01,6.931964514998356121e-03,5.962078777734559042e-03,9.859082711483448946e-01,7.013430620294874678e-03,7.078298231360230681e-03
1.232000000000000028e+01,5.289699096543740153e-02,1.810975156755013742e-03,9.452920338778075804e-01,1.938334585822646949e-01,1.266354303182198665e-03,8.049001871145530229e-01,9.871162120633192316e-01,6.929154012390377655e-03,5.954633924290390727e-03,9.859197533875366792e-01,7.010651755302814772e-03,7.069594857160505993e-03
1.232499999999999929e+01,5.292106225348242043e-02,1.811447773385895573e-03,9.452674899731317026e-01,1.939997825033475953e-01,1.266474953277352961e-03,8.047337425433750413e-01,9.871264573695341937e-01,6.926344497959088103e-03,5.947198132506718166e-03,9.859312250434264513e-01,7.007873458897142041e-03,7.060901497676406666e-03
1.233000000000000007e+01,5.294518472257711550e-02,1.811922758810136569e-03,9.452428925186127096e-01,1.941660667262287976e-01,1.266596122865032642e-03,8.045673371509061145e-01,9.871366926147713272e-01,6.923535981904819364e-03,5.939771403323853421e-03,9.859426860988274033e-01,7.005095743266407868e-03,7.052218157906188847e-03
1.233500000000000085e+01,5.296935859228248111e-02,1.812400106205458959e-03,9.452182413015121076e-01,1.943323112971136191e-01,1.266717810596147816e-03,8.044009708922902346e-01,9.871469177880511925e-01,6.920728474364091533e-03,5.932353737584715979e-03,9.859541365367645582e-01,7.002318620527467515e-03,7.043544842707974256e-03
1.233999999999999986e+01,5.299358408182348185e-02,1.812879808789237285e-03,9.451935361093872778e-01,1.944985162620572194e-01,1.266840015125933255e-03,8.042346437228169442e-01,9.871571328785420096e-01,6.917921985409659739e-03,5.924945136048330625e-03,9.859655763404606699e-01,6.999542102726001407e-03,7.034881556813328725e-03
1.234499999999999886e+01,5.301786141010238207e-02,1.813361859818423153e-03,9.451687767300792631e-01,1.946646816669609370e-01,1.266962735113886379e-03,8.040683555979252217e-01,9.871673378755779771e-01,6.915116525051017218e-03,5.917545599371005702e-03,9.859770054933290062e-01,6.996766201837057234e-03,7.026228304833936553e-03
1.235000000000000142e+01,5.304219079568023298e-02,1.813846252589148417e-03,9.451439629517306429e-01,1.948308075575782838e-01,1.267085969223779619e-03,8.039021064731979305e-01,9.871775327686329593e-01,6.912312103234558372e-03,5.910155128132482324e-03,9.859884239789897808e-01,6.993990929764977091e-03,7.017585091245242060e-03
1.235500000000000043e+01,5.306657245681420387e-02,1.814332980436422034e-03,9.451190945627493400e-01,1.949968939795105882e-01,1.267209716123623769e-03,8.037358963043658155e-01,9.871877175473493526e-01,6.909508729843730560e-03,5.902773722806916798e-03,9.859998317812560531e-01,6.991216298343848508e-03,7.008951920400098394e-03
1.235999999999999943e+01,5.309100661142769628e-02,1.814822036733914961e-03,9.450941713518383747e-01,1.951629409782095481e-01,1.267333974485667552e-03,8.035697250473048392e-01,9.871978922015103297e-01,6.906706414699591810e-03,5.895401383790078477e-03,9.860112288841371697e-01,6.988442319337723023e-03,7.000328796525107262e-03
1.236500000000000021e+01,5.311549347712833657e-02,1.815313414893616681e-03,9.450691931079781005e-01,1.953289485989804231e-01,1.267458742986377236e-03,8.034035926580331832e-01,9.872080567210526070e-01,6.903905167560646025e-03,5.888038111386747001e-03,9.860226152718357673e-01,6.985669004440917158e-03,6.991715723723315561e-03
1.237000000000000099e+01,5.314003327121608056e-02,1.815807108365567616e-03,9.450441596204183226e-01,1.954949168869727916e-01,1.267584020306376791e-03,8.032374990927207969e-01,9.872182110960693313e-01,6.901104998123473548e-03,5.880683905807195140e-03,9.860339909287477722e-01,6.982896365278101758e-03,6.983112705974126033e-03
1.237500000000000000e+01,5.316462621067126471e-02,1.816303110637696285e-03,9.450190706786909534e-01,1.956608458871955114e-01,1.267709805130518572e-03,8.030714443076739650e-01,9.872283553167939818e-01,6.898305916022806628e-03,5.873338767183211573e-03,9.860453558394599582e-01,6.980124413405109501e-03,6.974519747134932252e-03
1.237999999999999901e+01,5.318927251216704066e-02,1.816801415235331845e-03,9.449939260725976897e-01,1.958267356445057006e-01,1.267836096147779675e-03,8.029054282593465208e-01,9.872384893736160238e-01,6.895507930831796563e-03,5.866002695552179590e-03,9.860567099887582732e-01,6.977353160308547193e-03,6.965936850933179651e-03
1.238499999999999979e+01,5.321397239206650254e-02,1.817302015721085481e-03,9.449687255922124551e-01,1.959925862036125122e-01,1.267962892051291424e-03,8.027394509043361825e-01,9.872486132570732487e-01,6.892711052062214065e-03,5.858675690864537274e-03,9.860680533616043020e-01,6.974582617406640574e-03,6.957364020989057450e-03
1.239000000000000057e+01,5.323872606642802985e-02,1.817804905694604288e-03,9.449434690278774029e-01,1.961583976090808257e-01,1.268090191538321591e-03,8.025735121993808896e-01,9.872587269578441127e-01,6.889915289164925440e-03,5.851357752990961857e-03,9.860793859431629116e-01,6.971812796049001865e-03,6.948801260788086548e-03
1.239499999999999957e+01,5.326353375100761900e-02,1.818310078792182696e-03,9.449181561702001408e-01,1.963241699053260014e-01,1.268217993310229944e-03,8.024076121013637986e-01,9.872688304667605053e-01,6.887120651529942891e-03,5.844048881709551849e-03,9.860907077187777148e-01,6.969043707517211771e-03,6.940248573705073455e-03
1.240000000000000036e+01,5.328839566126390703e-02,1.818817528686558424e-03,9.448927868100496230e-01,1.964899031366185711e-01,1.268346296072470850e-03,8.022417505673090643e-01,9.872789237747997548e-01,6.884327148486573712e-03,5.836749076713671457e-03,9.861020186739837268e-01,6.966275363025160351e-03,6.931705962991112878e-03
1.240500000000000114e+01,5.331331201235725570e-02,1.819327249086692818e-03,9.448673607385560391e-01,1.966555973470850704e-01,1.268475098534592189e-03,8.020759275543803968e-01,9.872890068730729718e-01,6.881534789303974525e-03,5.829458337623053682e-03,9.861133187945028133e-01,6.963507773719057430e-03,6.923173431778129223e-03
1.241000000000000014e+01,5.333828301915082004e-02,1.819839233737442557e-03,9.448418777471118135e-01,1.968212525807026825e-01,1.268604399410177240e-03,8.019101430198871672e-01,9.872990797528526929e-01,6.878743583191288327e-03,5.822176663956018725e-03,9.861246080662351421e-01,6.960740950677892294e-03,6.914650983086965616e-03
1.241499999999999915e+01,5.336330889621471174e-02,1.820353476419322427e-03,9.448163376273660541e-01,1.969868688813084245e-01,1.268734197416865935e-03,8.017443969212746380e-01,9.873091424055401299e-01,6.875953539297666173e-03,5.814904055162203877e-03,9.861358864752728381e-01,6.957974904913505690e-03,6.906138619813656163e-03
1.241999999999999993e+01,5.338838985782672769e-02,1.820869970948304963e-03,9.447907401712249964e-01,1.971524462925942911e-01,1.268864491276338376e-03,8.015786892161292920e-01,9.873191948226858194e-01,6.873164666712948921e-03,5.807640510601231633e-03,9.861471540078854403e-01,6.955209647371307126e-03,6.897636344743252566e-03
1.242500000000000071e+01,5.341352611798429184e-02,1.821388711175432737e-03,9.447650851708402353e-01,1.973179848581055607e-01,1.268995279714253688e-03,8.014130198621801648e-01,9.873292369959779657e-01,6.870376974467461671e-03,5.800386029554572588e-03,9.861584106505306702e-01,6.952445188929945279e-03,6.889144160539384561e-03
1.242999999999999972e+01,5.343871789038698306e-02,1.821909690986774338e-03,9.447393724186262665e-01,1.974834846212477624e-01,1.269126561460289697e-03,8.012473888172919612e-01,9.873392689172536540e-01,6.867590471532580149e-03,5.793140611213765806e-03,9.861696563898398882e-01,6.949681540402055657e-03,6.880662069758056165e-03
1.243500000000000050e+01,5.346396538846366620e-02,1.822432904302896802e-03,9.447136017072333969e-01,1.976489456252806254e-01,1.269258335248081787e-03,8.010817960394713833e-01,9.873492905784779783e-01,6.864805166820961424e-03,5.785904254701060290e-03,9.861808912126321935e-01,6.946918712534186011e-03,6.872190074833620446e-03
1.244000000000000128e+01,5.348926882535420813e-02,1.822958345078870600e-03,9.446877728295669518e-01,1.978143679133241850e-01,1.269390599815255639e-03,8.009162414868605806e-01,9.873593019717665786e-01,6.862021069186483198e-03,5.778676959046938170e-03,9.861921151058936630e-01,6.944156716007295060e-03,6.863728178099041954e-03
1.244500000000000028e+01,5.351462841392358449e-02,1.823486007303944806e-03,9.446618855787723978e-01,1.979797515283547304e-01,1.269523353903358491e-03,8.007507251177418128e-01,9.873693030893659905e-01,6.859238187424882179e-03,5.771458723209127277e-03,9.862033280568027749e-01,6.941395561437072557e-03,6.855276381760152561e-03
1.244999999999999929e+01,5.354004436675290080e-02,1.824015885001250030e-03,9.446359397482458897e-01,1.981450965132082465e-01,1.269656596257871936e-03,8.005852468905338970e-01,9.873792939236624155e-01,6.856456530273863370e-03,5.764249546063721086e-03,9.862145300527034308e-01,6.938635259373914996e-03,6.846834687922654164e-03
1.245500000000000007e+01,5.356551689615902945e-02,1.824547972227560325e-03,9.446099351316133985e-01,1.983104029105769994e-01,1.269790325628189151e-03,8.004198067637947611e-01,9.873892744671839417e-01,6.853676106413161655e-03,5.757049426402896693e-03,9.862257210811262720e-01,6.935875820303470315e-03,6.838403098570257702e-03
1.246000000000000085e+01,5.359104621418234182e-02,1.825082263073099119e-03,9.445838715227445892e-01,1.984756707630165873e-01,1.269924540767620536e-03,8.002544046962157820e-01,9.873992447125843341e-01,6.850896924465030118e-03,5.749858362950635744e-03,9.862369011297658083e-01,6.933117254646698618e-03,6.829981615587493032e-03
1.246499999999999986e+01,5.361663253259330020e-02,1.825618751661355543e-03,9.445577487157453822e-01,1.986409001129401108e-01,1.270059240433329311e-03,8.000890406466265592e-01,9.874092046526595778e-01,6.848118992994432601e-03,5.742676354345989560e-03,9.862480701864948518e-01,6.930359572760294573e-03,6.821570240744853630e-03
1.246999999999999886e+01,5.364227606288995975e-02,1.826157432148693693e-03,9.445315665049613951e-01,1.988060910026228645e-01,1.270194423386375102e-03,7.999237145739908073e-01,9.874191542803438804e-01,6.845342320509256208e-03,5.735503399146863433e-03,9.862592282393657372e-01,6.927602784936885173e-03,6.813168975697377582e-03
1.247500000000000142e+01,5.366797701631396966e-02,1.826698298724234231e-03,9.445053246849617334e-01,1.989712434741959801e-01,1.270330088391642383e-03,7.997584264374124619e-01,9.874290935886941289e-01,6.842566915460361610e-03,5.728339495845509444e-03,9.862703752765915599e-01,6.924846901405359335e-03,6.804777822003080755e-03
1.248000000000000043e+01,5.369373560383634142e-02,1.827241345609600465e-03,9.444790230505539785e-01,1.991363575696578070e-01,1.270466234217861945e-03,7.995931761961242445e-01,9.874390225709108737e-01,6.839792786242271730e-03,5.721184642846854559e-03,9.862815112865672695e-01,6.922091932330942492e-03,6.796396781101787972e-03
1.248499999999999943e+01,5.371955203616581020e-02,1.827786567058707580e-03,9.444526613967754169e-01,1.993014333308662234e-01,1.270602859637606340e-03,7.994279638094961005e-01,9.874489412203180105e-01,6.837019941193001743e-03,5.714038838488987720e-03,9.862926362578472439e-01,6.919337887815775988e-03,6.788025854336980115e-03
1.249000000000000021e+01,5.374542652376546048e-02,1.828333957357458194e-03,9.444262395188770531e-01,1.994664707995379982e-01,1.270739963427203363e-03,7.992627892370348652e-01,9.874588495303810998e-01,6.834248388594587297e-03,5.706902081024312935e-03,9.863037501791664940e-01,6.916584777898619578e-03,6.779665042934886372e-03
1.249500000000000099e+01,5.377135927682763494e-02,1.828883510823517281e-03,9.443997572123488116e-01,1.996314700172569512e-01,1.270877544366821703e-03,7.990976524383761603e-01,9.874687474946868271e-01,6.831478136672962213e-03,5.699774368640210705e-03,9.863148530394199032e-01,6.913832612556075272e-03,6.771314348024021559e-03
1.250000000000000000e+01,5.379735050528765966e-02,1.829435221806309563e-03,9.443732142729059920e-01,1.997964310254678466e-01,1.271015601240370330e-03,7.989325533732918316e-01,9.874786351069595458e-01,6.828709193598699219e-03,5.692655699441754973e-03,9.863259448276682217e-01,6.911081401701756402e-03,6.762973770630021850e-03
1.250499999999999901e+01,5.382261886358102876e-02,1.829960374271819316e-03,9.443474207621470606e-01,1.999659706898759270e-01,1.271126687384254578e-03,7.987629026227397455e-01,9.874888640769203807e-01,6.825713266204290995e-03,5.685422656875328308e-03,9.863373729853593952e-01,6.908103741194678189e-03,6.754523273445926616e-03
1.250999999999999979e+01,5.384794401648381607e-02,1.830487832505229033e-03,9.443215681510108706e-01,2.001354674888978225e-01,1.271238287026008051e-03,7.985932942240762111e-01,9.874990819709789092e-01,6.822719056803050637e-03,5.678198972218040201e-03,9.863487893897333603e-01,6.905127430923484882e-03,6.746083179343154851e-03
1.251500000000000057e+01,5.387332619356455243e-02,1.831017590429490777e-03,9.442956562160059741e-01,2.003049214664158750e-01,1.271350398848967826e-03,7.984237281347351667e-01,9.875092887829343136e-01,6.819726573563862984e-03,5.670984643501823450e-03,9.863601940295030346e-01,6.902152480915368232e-03,6.737653489581597183e-03
1.251999999999999957e+01,5.389876562414309263e-02,1.831549642002320254e-03,9.442696847338546418e-01,2.004743326661788672e-01,1.271463021540621087e-03,7.982542043122805575e-01,9.875194845067367666e-01,6.816735824594445659e-03,5.663779668668787737e-03,9.863715868935633013e-01,6.899178901128900400e-03,6.729234205307798276e-03
1.252500000000000036e+01,5.392426253729717955e-02,1.832083981215964575e-03,9.442436534814868665e-01,2.006437011318080721e-01,1.271576153792597320e-03,7.980847227143993416e-01,9.875296691364710000e-01,6.813746817941391566e-03,5.656584045587608432e-03,9.863829679709935627e-01,6.896206701453635839e-03,6.720825327552801438e-03
1.253000000000000114e+01,5.394981716185280607e-02,1.832620602096881332e-03,9.442175622360503562e-01,2.008130269067897045e-01,1.271689794300629502e-03,7.979152832989097055e-01,9.875398426663670737e-01,6.810759561590478545e-03,5.649397772042447780e-03,9.863943372510585172e-01,6.893235891711224986e-03,6.712426857230257768e-03
1.253500000000000014e+01,5.397542972641446168e-02,1.833159498705543011e-03,9.441914107748800022e-01,2.009823100344799440e-01,1.271803941764545424e-03,7.977458860237555127e-01,9.875500050907919380e-01,6.807774063467064013e-03,5.642220845740997942e-03,9.864056947231890637e-01,6.890266481655208698e-03,6.704038795155727558e-03
1.253999999999999915e+01,5.400110045934036068e-02,1.833700665136200414e-03,9.441651988755234148e-01,2.011515505581008556e-01,1.271918594888241235e-03,7.975765308470108561e-01,9.875601564042464364e-01,6.804790331436227219e-03,5.635053264317336358e-03,9.864170403770013973e-01,6.887298480971615865e-03,6.695661142026986846e-03
1.254499999999999993e+01,5.402682958875909547e-02,1.834244095516569329e-03,9.441389263157242695e-01,2.013207485207508252e-01,1.272033752379695543e-03,7.974072177268693995e-01,9.875702966013801820e-01,6.801808373303168224e-03,5.627895025316649764e-03,9.864283742022926793e-01,6.884331899278874935e-03,6.687293898428445758e-03
1.255000000000000071e+01,5.405261734256043560e-02,1.834789784007760487e-03,9.441125928734318551e-01,2.014899039653905710e-01,1.272149412950912594e-03,7.972379466216584776e-01,9.875804256769662448e-01,6.798828196813415208e-03,5.620746126220339985e-03,9.864396961890273818e-01,6.881366746128604953e-03,6.678937064844013213e-03
1.255499999999999972e+01,5.407846394841515913e-02,1.835337724803807503e-03,9.440861983267809787e-01,2.016590169348571882e-01,1.272265575317936374e-03,7.970687174898248850e-01,9.875905436259247994e-01,6.795849809653001401e-03,5.613606564422199234e-03,9.864510063273567164e-01,6.878403031005640711e-03,6.670590641637642870e-03
1.256000000000000050e+01,5.410436963376492880e-02,1.835887912131684875e-03,9.440597424541032900e-01,2.018280874718542950e-01,1.272382238200817865e-03,7.968995302899448685e-01,9.876006504433031408e-01,6.792873219449168526e-03,5.606476337247690706e-03,9.864623046075919888e-01,6.875440763328318113e-03,6.662254629079693118e-03
1.256500000000000128e+01,5.413033462582179933e-02,1.836440340250835267e-03,9.440332250339272813e-01,2.019971156189590000e-01,1.272499400323611786e-03,7.967303849807173544e-01,9.876107461242865648e-01,6.789898433770130866e-03,5.599355441943304305e-03,9.864735910202266922e-01,6.872479952448651112e-03,6.653929027324656693e-03
1.257000000000000028e+01,5.415635915157517022e-02,1.836995003453123325e-03,9.440066458449717368e-01,2.021661014186180161e-01,1.272617060414341257e-03,7.965612815209676123e-01,9.876208306641950374e-01,6.786925460125572268e-03,5.592243875679390325e-03,9.864848655559285140e-01,6.869520607653325714e-03,6.645613836418160295e-03
1.257499999999999929e+01,5.418244343780033445e-02,1.837551896062468784e-03,9.439800046661371846e-01,2.023350449131514628e-01,1.272735217205004299e-03,7.963922198696434807e-01,9.876309040584808630e-01,6.783954305966988750e-03,5.585141635552148300e-03,9.864961282055261238e-01,6.866562738162929752e-03,6.637309056310946448e-03
1.258000000000000007e+01,5.420858771105143553e-02,1.838111012434747371e-03,9.439533012765138897e-01,2.025039461447517009e-01,1.272853869431550197e-03,7.962231999858166986e-01,9.876409663027216901e-01,6.780984978687740541e-03,5.578048718590569374e-03,9.865073789600214971e-01,6.863606353133331131e-03,6.629014686845171797e-03
1.258500000000000085e+01,5.423479219766242504e-02,1.838672346957524522e-03,9.439265354553799670e-01,2.026728051554819166e-01,1.272973015833840692e-03,7.960542218286842386e-01,9.876510173926349445e-01,6.778017485623778933e-03,5.570965121741276553e-03,9.865186178105944670e-01,6.860651461654898066e-03,6.620730727750634946e-03
1.258999999999999986e+01,5.426105712375751261e-02,1.839235894049697168e-03,9.438997069821928321e-01,2.028416219872808679e-01,1.273092655155684018e-03,7.958852853575634212e-01,9.876610573240652835e-01,6.775051834053339231e-03,5.563890841881377267e-03,9.865298447485809641e-01,6.857698072753839157e-03,6.612457178665196757e-03
1.259499999999999886e+01,5.428738271524877201e-02,1.839801648161520616e-03,9.438728156365896460e-01,2.030103966819577499e-01,1.273212786144765083e-03,7.957163905318974662e-01,9.876710860929804880e-01,6.772088031197460306e-03,5.556825875822051647e-03,9.865410597654867830e-01,6.854746195391788789e-03,6.604194039121428182e-03
1.260000000000000142e+01,5.431376919784271923e-02,1.840369603774111773e-03,9.438458611983832069e-01,2.031791292811969130e-01,1.273333407552670405e-03,7.955475373112504966e-01,9.876811036954884493e-01,6.769126084220693229e-03,5.549770220290857481e-03,9.865522628529905802e-01,6.851795838466209591e-03,6.595941308543210209e-03
1.260500000000000043e+01,5.434021679702413787e-02,1.840939755399520483e-03,9.438188434475762723e-01,2.033478198265583625e-01,1.273454518134843009e-03,7.953787256553067619e-01,9.876911101278145200e-01,6.766166000230466361e-03,5.542723871955013669e-03,9.865634540029233346e-01,6.848847010811155711e-03,6.587698986265509704e-03
1.260999999999999943e+01,5.436672573809364639e-02,1.841512097580245109e-03,9.437917621643261423e-01,2.035164683594745394e-01,1.273576116650595872e-03,7.952099555238748563e-01,9.877011053863153922e-01,6.763207786278190373e-03,5.535686827406417418e-03,9.865746332072913294e-01,6.845899721196875565e-03,6.579467071511795051e-03
1.261500000000000021e+01,5.439329624612623815e-02,1.842086624889186994e-03,9.437646171289846286e-01,2.036850749212526512e-01,1.273698201863060096e-03,7.950412268768842772e-01,9.877110894674785424e-01,6.760251449359083037e-03,5.528659083162374560e-03,9.865858004582608309e-01,6.842953978330543890e-03,6.571245563408625173e-03
1.262000000000000099e+01,5.441992854600630897e-02,1.842663331929436654e-03,9.437374081220643030e-01,2.038536395530777257e-01,1.273820772539222641e-03,7.948725396743830940e-01,9.877210623679059109e-01,6.757296996412496225e-03,5.521640635681592836e-03,9.865969557481519825e-01,6.840009790856643387e-03,6.563034460991374122e-03
1.262500000000000000e+01,5.444662286242326482e-02,1.843242213333920335e-03,9.437101349242428272e-01,2.040221622960054215e-01,1.273943827449839587e-03,7.947038938765447202e-01,9.877310240843345523e-01,6.754344434322358259e-03,5.514631481343089392e-03,9.866080990694556796e-01,6.837067167356786906e-03,6.554833763187533496e-03
1.262999999999999901e+01,5.447337941986349352e-02,1.843823263765299175e-03,9.436827973163711691e-01,2.041906431909728536e-01,1.274067365369495330e-03,7.945352894436576996e-01,9.877409746136127655e-01,6.751393769917284071e-03,5.507631616469950420e-03,9.866192304148175829e-01,6.834126116350466851e-03,6.546643468831950252e-03
1.263499999999999979e+01,5.450019844261204394e-02,1.844406477915840840e-03,9.436553950794721590e-01,2.043590822787912376e-01,1.274191385076541005e-03,7.943667263361321451e-01,9.877509139527307358e-01,6.748445009970855356e-03,5.500641037298408843e-03,9.866303497770417819e-01,6.831186646295006604e-03,6.538463576663211541e-03
1.264000000000000057e+01,5.452708015476855768e-02,1.844991850507004269e-03,9.436279279947243914e-01,2.045274796001469442e-01,1.274315885353066507e-03,7.941982045144999613e-01,9.877608420987810112e-01,6.745498161201943232e-03,5.493659740017045601e-03,9.866414571490964569e-01,6.828248765586139059e-03,6.530294085317404039e-03
1.264499999999999957e+01,5.455402478024234947e-02,1.845579376289384387e-03,9.436003958434683314e-01,2.046958351956077171e-01,1.274440864984960993e-03,7.940297239394072948e-01,9.877707590489928080e-01,6.742553230274814929e-03,5.486687720732377066e-03,9.866525525240980032e-01,6.825312482558176623e-03,6.522134993343820138e-03
1.265000000000000036e+01,5.458103254274421223e-02,1.846169050042522145e-03,9.435727984072131980e-01,2.048641491056132913e-01,1.274566322761804243e-03,7.938612845716248589e-01,9.877806648007043666e-01,6.739610223799675018e-03,5.479724975495958370e-03,9.866636358953251307e-01,6.822377805484134382e-03,6.513986299190734942e-03
1.265500000000000114e+01,5.460810366580211295e-02,1.846760866574600514e-03,9.435451354676231972e-01,2.050324213704850518e-01,1.274692257476903526e-03,7.936928863720380534e-01,9.877905593513847116e-01,6.736669148332825006e-03,5.472771500282463432e-03,9.866747072562090937e-01,6.819444742576321640e-03,6.505848001214584696e-03
1.266000000000000014e+01,5.463523837275749417e-02,1.847354820722346041e-03,9.435174068065201869e-01,2.052006520304219817e-01,1.274818667927290995e-03,7.935245293016507384e-01,9.878004426986127795e-01,6.733730010376596554e-03,5.465827291010623944e-03,9.866857666003312488e-01,6.816513301986354065e-03,6.497720097682397125e-03
1.266499999999999915e+01,5.466243688676941659e-02,1.847950907350700981e-03,9.434896122058799017e-01,2.053688411255003565e-01,1.274945552913659286e-03,7.933562133215860124e-01,9.878103148400865230e-01,6.730792816380151179e-03,5.458892343533325829e-03,9.866968139214392641e-01,6.813583491805507569e-03,6.489602586755228303e-03
1.266999999999999993e+01,5.468969943081454510e-02,1.848549121352781668e-03,9.434617514478326195e-01,2.055369886956766035e-01,1.275072911240399684e-03,7.931879383930829919e-01,9.878201757736312372e-01,6.727857572739395255e-03,5.451966653629367575e-03,9.867078492134122580e-01,6.810655320065277761e-03,6.481495466522464201e-03
1.267500000000000071e+01,5.471702622769218649e-02,1.849149457649590768e-03,9.434338243146582759e-01,2.057050947807867458e-01,1.275200741715547476e-03,7.930197044774977000e-01,9.878300254971780214e-01,6.724924285797409355e-03,5.445050217024569213e-03,9.867188724702971037e-01,6.807728794737138815e-03,6.473398734965757524e-03
1.267999999999999972e+01,5.474441750000524909e-02,1.849751911189861583e-03,9.434058305888048945e-01,2.058731594205440718e-01,1.275329043150789541e-03,7.928515115363051757e-01,9.878398640087827642e-01,6.721992961844351980e-03,5.438143029372883783e-03,9.867298836862868905e-01,6.804803923733286804e-03,6.465312389979822709e-03
1.268500000000000050e+01,5.477187347020580355e-02,1.850356476949780067e-03,9.433777700528443999e-01,2.060411826545454628e-01,1.275457814361445489e-03,7.926833595310931457e-01,9.878496913066092677e-01,6.719063607118310431e-03,5.431245086272421842e-03,9.867408828557228118e-01,6.801880714906764595e-03,6.457236429370423643e-03
1.269000000000000128e+01,5.479939436055067392e-02,1.850963149932955331e-03,9.433496424895163601e-01,2.062091645222660641e-01,1.275587054166463100e-03,7.925152484235674644e-01,9.878595073889370193e-01,6.716136227805109132e-03,5.424356383257871589e-03,9.867518699730946086e-01,6.798959176051543388e-03,6.449170850853848044e-03
1.269500000000000028e+01,5.482698039313274596e-02,1.851571925170072703e-03,9.433214476816972338e-01,2.063771050630622272e-01,1.275716761388365639e-03,7.923471781755493382e-01,9.878693122541671867e-01,6.713210830038605394e-03,5.417476915794207891e-03,9.867628450330343526e-01,6.796039314903395273e-03,6.441115652062252145e-03
1.269999999999999929e+01,5.485463178987654703e-02,1.852182797718751476e-03,9.432931854124047000e-01,2.065450043161700666e-01,1.275846934853289150e-03,7.921791487489766581e-01,9.878791059008008579e-01,6.710287419901155188e-03,5.410606679297986880e-03,9.867738080303306569e-01,6.793121139138997254e-03,6.433070830530345820e-03
1.270500000000000007e+01,5.488234877252605448e-02,1.852795762663472486e-03,9.432648554648104255e-01,2.067128623207100668e-01,1.275977573390932361e-03,7.920111601058990036e-01,9.878888883274665744e-01,6.707366003423630499e-03,5.403745669109795077e-03,9.867847589599076930e-01,6.790204656377683314e-03,6.425036383714623732e-03
1.271000000000000085e+01,5.491013156266265349e-02,1.853410815115219892e-03,9.432364576222220798e-01,2.068806791156820868e-01,1.276108675834561465e-03,7.918432122084833047e-01,9.878986595328910214e-01,6.704446586585974428e-03,5.396893880523004165e-03,9.867956978168459514e-01,6.787289874180806037e-03,6.417012308973242540e-03
1.271499999999999986e+01,5.493798038170788489e-02,1.854027950211360612e-03,9.432079916680807807e-01,2.070484547399679687e-01,1.276240241020974112e-03,7.916753050190109553e-01,9.879084195159217874e-01,6.701529175317012116e-03,5.390051308761200505e-03,9.868066245963608152e-01,6.784376800052028915e-03,6.408998603587155903e-03
1.271999999999999886e+01,5.496589545091283557e-02,1.854647163115532215e-03,9.431794573859716424e-01,2.072161892323345356e-01,1.276372267790526309e-03,7.915074384998749268e-01,9.879181682755094895e-01,6.698613775495153300e-03,5.383217948995357161e-03,9.868175392938079993e-01,6.781465441438002013e-03,6.400995264753998708e-03
1.272500000000000142e+01,5.499387699135876995e-02,1.855268449017420445e-03,9.431508545596238857e-01,2.073838826314293171e-01,1.276504754987065624e-03,7.913396126135835429e-01,9.879279058107212075e-01,6.695700392948387980e-03,5.376393796330404540e-03,9.868284419046937650e-01,6.778555805728189373e-03,6.393002289578045630e-03
1.273000000000000043e+01,5.502192522397609392e-02,1.855891803132495325e-03,9.431221829728914097e-01,2.075515349757847128e-01,1.276637701457973475e-03,7.911718273227572595e-01,9.879376321207296030e-01,6.692789033454462494e-03,5.369578845815934504e-03,9.868393324246583775e-01,6.775647900255593256e-03,6.385019675086029203e-03
1.273499999999999943e+01,5.505004036953670826e-02,1.856517220701944370e-03,9.430934424097613400e-01,2.077191463038149388e-01,1.276771106054095956e-03,7.910040825901309969e-01,9.879473472048063698e-01,6.689879702741576874e-03,5.362773092452053324e-03,9.868502108494894287e-01,6.772741732296558986e-03,6.377047418214012303e-03
1.274000000000000021e+01,5.507822264864888767e-02,1.857144696992466806e-03,9.430646326543585811e-01,2.078867166538190259e-01,1.276904967629769643e-03,7.908363783785512524e-01,9.879570510623483237e-01,6.686972406487939891e-03,5.355976531163736398e-03,9.868610771751029631e-01,6.769837309071683080e-03,6.369085515825353809e-03
1.274500000000000099e+01,5.510647228175780815e-02,1.857774227296086871e-03,9.430357534909461492e-01,2.080542460639809299e-01,1.277039285042790148e-03,7.906687146509763231e-01,9.879667436928463164e-01,6.684067150322608661e-03,5.349189156831074890e-03,9.868719313975633511e-01,6.766934637745099408e-03,6.361133964691549451e-03
1.275000000000000000e+01,5.513478948917183153e-02,1.858405806929965161e-03,9.430068047038981938e-01,2.082217345723674784e-01,1.277174057154406702e-03,7.905010913704780817e-01,9.879764250959007788e-01,6.681163939825519871e-03,5.342410964273701379e-03,9.868827735130744072e-01,6.764033725425748142e-03,6.353192761499844646e-03
1.275499999999999901e+01,5.516317449103300130e-02,1.859039431236262242e-03,9.429777860777307508e-01,2.083891822169329222e-01,1.277309282829311313e-03,7.903335085002377580e-01,9.879860952712140598e-01,6.678262780527668453e-03,5.335641948258271726e-03,9.868936035179615152e-01,6.761134579167283817e-03,6.345261902871201024e-03
1.275999999999999979e+01,5.519162750733546535e-02,1.859675095581960402e-03,9.429486973970826469e-01,2.085565890355156882e-01,1.277444960935608404e-03,7.901659660035487143e-01,9.879957542185993091e-01,6.675363677911485757e-03,5.328882103489205116e-03,9.869044214087037137e-01,6.758237205967867166e-03,6.337341385328419154e-03
1.276500000000000057e+01,5.522014875792445598e-02,1.860312795358627517e-03,9.429195384467169427e-01,2.087239550658387399e-01,1.277581090344814384e-03,7.899984638438164453e-01,9.880054019379671537e-01,6.672466637410814395e-03,5.322131424622031891e-03,9.869152271818990574e-01,6.755341612771312634e-03,6.329431205329629981e-03
1.276999999999999957e+01,5.524873846249674092e-02,1.860952525982337465e-03,9.428903090115209329e-01,2.088912803455109657e-01,1.277717669931845504e-03,7.898310019845571350e-01,9.880150384293387988e-01,6.669571664411720960e-03,5.315389906249480198e-03,9.869260208342913732e-01,6.752447806466593989e-03,6.321531359242032848e-03
1.277500000000000036e+01,5.527739684059860409e-02,1.861594282893506633e-03,9.428610088765079222e-01,2.090585649120337564e-01,1.277854698575016769e-03,7.896635803893912176e-01,9.880246636928302628e-01,6.666678764252031118e-03,5.308657542917706064e-03,9.869368023627532738e-01,6.749555793888445399e-03,6.313641843358280825e-03
1.278000000000000114e+01,5.530612411163445680e-02,1.862238061556637176e-03,9.428316378268088993e-01,2.092258088027845186e-01,1.277992175155986000e-03,7.894961990220594750e-01,9.880342777286632572e-01,6.663787942222045187e-03,5.301934329114697635e-03,9.869475717642876011e-01,6.746665581817698834e-03,6.305762653894700018e-03
1.278500000000000014e+01,5.533492049486732345e-02,1.862883857460225509e-03,9.428021956476724252e-01,2.093930120550355212e-01,1.278130098559775944e-03,7.893288578464046079e-01,9.880438805371594135e-01,6.660899203564619661e-03,5.295220259275966804e-03,9.869583290360343097e-01,6.743777176981367340e-03,6.297893786984322916e-03
1.278999999999999915e+01,5.536378620941157652e-02,1.863531666116612041e-03,9.427726821244717392e-01,2.095601747059454845e-01,1.278268467674775798e-03,7.891615568263797842e-01,9.880534721187392844e-01,6.658012553475572276e-03,5.288515327785143355e-03,9.869690741752545904e-01,6.740890586052932995e-03,6.290035238692476618e-03
1.279499999999999993e+01,5.539272147424946502e-02,1.864181483061660895e-03,9.427430970426888823e-01,2.097272967925594145e-01,1.278407281392685479e-03,7.889942959260478617e-01,9.880630524739303366e-01,6.655127997103518073e-03,5.281819528966145288e-03,9.869798071793474126e-01,6.738005815652667839e-03,6.282187004999919590e-03
1.280000000000000071e+01,5.542172650821093616e-02,1.864833303854931219e-03,9.427134401879341263e-01,2.098943783518084638e-01,1.278546538608518659e-03,7.888270751095830535e-01,9.880726216033464127e-01,6.652245539550551146e-03,5.275132857103036199e-03,9.869905280458393104e-01,6.735122872347986886e-03,6.274349081812702691e-03
1.280499999999999972e+01,5.545080153000520040e-02,1.865487124079119249e-03,9.426837113459156647e-01,2.100614194205179530e-01,1.278686238220613173e-03,7.886598943412614915e-01,9.880821795077171510e-01,6.649365185872275867e-03,5.268455306410573143e-03,9.870012367723813851e-01,6.732241762653224347e-03,6.266521464965390566e-03
1.281000000000000050e+01,5.547994675819248322e-02,1.866142939340205333e-03,9.426539103024673683e-01,2.102284200353952692e-01,1.278826379130591122e-03,7.884927535854742153e-01,9.880917261878494617e-01,6.646486941078007249e-03,5.261786871072531013e-03,9.870119333567544118e-01,6.729362493030748189e-03,6.258704150214840049e-03
1.281500000000000128e+01,5.550916241120094907e-02,1.866800745267132352e-03,9.426240368435319095e-01,2.103953802330416067e-01,1.278966960243347597e-03,7.883256528067150715e-01,9.881012616446606112e-01,6.643610810131166458e-03,5.255127545208222381e-03,9.870226177968673964e-01,6.726485069890418902e-03,6.250897133242184697e-03
1.282000000000000028e+01,5.553844870732814465e-02,1.867460537511708360e-03,9.425940907551600967e-01,2.105623000499466657e-01,1.279107980467063038e-03,7.881585919695862641e-01,9.881107858791646770e-01,6.640736797949315512e-03,5.248477322886007518e-03,9.870332900907501372e-01,6.723609499590172366e-03,6.243100409659690410e-03
1.282499999999999929e+01,5.556844905602653650e-02,1.868140608974118867e-03,9.425634103349993520e-01,2.107257519151998770e-01,1.279269557283122839e-03,7.879949785275169871e-01,9.881200467219575234e-01,6.638030247957745975e-03,5.241923030084730609e-03,9.870437003159833189e-01,6.720900799206141508e-03,6.235398884810539576e-03
1.283000000000000007e+01,5.559859293906484201e-02,1.868824576853119141e-03,9.425325824840820044e-01,2.108887863780667948e-01,1.279433777496998383e-03,7.878317798444361975e-01,9.881292689035879873e-01,6.635343877195635717e-03,5.235387219216377022e-03,9.870540711742822326e-01,6.718211988106949535e-03,6.227716837610817839e-03
1.283500000000000085e+01,5.562880914343542454e-02,1.869510398124140001e-03,9.425016804584405161e-01,2.110517845149361138e-01,1.279598403184160167e-03,7.876686170818797406e-01,9.881384804744660633e-01,6.632659302733213448e-03,5.228860222800723288e-03,9.870644304621223331e-01,6.715524721622786325e-03,6.220044816254880621e-03
1.283999999999999986e+01,5.565909786901793166e-02,1.870198068833607216e-03,9.424707040621485010e-01,2.112147463593279650e-01,1.279763433345281701e-03,7.875054902073268526e-01,9.881476814357244010e-01,6.629976529405182117e-03,5.222342034870416927e-03,9.870747781780881969e-01,6.712839005917147807e-03,6.212382815994655326e-03
1.284499999999999886e+01,5.568945931556048418e-02,1.870887585047689011e-03,9.424396530993918164e-01,2.113776719446546493e-01,1.279928866983949098e-03,7.873423991883614637e-01,9.881568717885749198e-01,6.627295562005350305e-03,5.215832649419729905e-03,9.870851143208728695e-01,6.710154847107276978e-03,6.204730832019853502e-03
1.285000000000000142e+01,5.571989368266577758e-02,1.871578942852240770e-03,9.424085273744819968e-01,2.115405613042158073e-01,1.280094703106647407e-03,7.871793439926775271e-01,9.881660515343183571e-01,6.624616405286934059e-03,5.209332060394708877e-03,9.870954388892865250e-01,6.707472251264447530e-03,6.197088859449027473e-03
1.285500000000000043e+01,5.575040116979175508e-02,1.872272138352735864e-03,9.423773266918554770e-01,2.117034144712039989e-01,1.280260940722748693e-03,7.870163245880732461e-01,9.881752206743354972e-01,6.621939063962920327e-03,5.202840261701582522e-03,9.871057518822440313e-01,6.704791224413874512e-03,6.189456893342094174e-03
1.285999999999999943e+01,5.578098197627383292e-02,1.872967167673969665e-03,9.423460508560522753e-01,2.118662314787023715e-01,1.280427578844530248e-03,7.868533409424531833e-01,9.881843792100957202e-01,6.619263542706197920e-03,5.196357247198081855e-03,9.871160532987699465e-01,6.702111772535174899e-03,6.181834928694878578e-03
1.286500000000000021e+01,5.581163630129885173e-02,1.873664026960078629e-03,9.423146996717410850e-01,2.120290123596842990e-01,1.280594616487102386e-03,7.866903930238285936e-01,9.881935271431454559e-01,6.616589846149507209e-03,5.189883010705036853e-03,9.871263431379961872e-01,6.699433901562741427e-03,6.174222960441071335e-03
1.287000000000000099e+01,5.584236434391733062e-02,1.874362712374349040e-03,9.422832729437082833e-01,2.121917571470153807e-01,1.280762052668463517e-03,7.865274808003162033e-01,9.882026644751173983e-01,6.613917978885913707e-03,5.183417545996688025e-03,9.871366213991592531e-01,6.696757617385301967e-03,6.166620983455444946e-03
1.287500000000000000e+01,5.587316630306111975e-02,1.875063220099076281e-03,9.422517704768397229e-01,2.123544658734511925e-01,1.280929886409433146e-03,7.863646042401393199e-01,9.882117912077234001e-01,6.611247945468882656e-03,5.176960846807717245e-03,9.871468880816089975e-01,6.694082925846968173e-03,6.159028992544034360e-03
1.287999999999999901e+01,5.590404237750684624e-02,1.875765546335484823e-03,9.422201920761577032e-01,2.125171385716433936e-01,1.281098116733688300e-03,7.862017633116229476e-01,9.882209073427562496e-01,6.608579750412580875e-03,5.170512906831169556e-03,9.871571431847960820e-01,6.691409832746854705e-03,6.151446982457063270e-03
1.288499999999999979e+01,5.593499276591979569e-02,1.876469687303517235e-03,9.421885375467766721e-01,2.126797752741322878e-01,1.281266742667723632e-03,7.860389579832000040e-01,9.882300128820935559e-01,6.605913398192002524e-03,5.164073719714441617e-03,9.871673867082756404e-01,6.688738343839552812e-03,6.143874947884806793e-03
1.289000000000000057e+01,5.596601766681807283e-02,1.877175639241916152e-03,9.421568066939399744e-01,2.128423760133554554e-01,1.281435763240871802e-03,7.858761882234036600e-01,9.882391078276823171e-01,6.603248893242955227e-03,5.157643279074727687e-03,9.871776186517089435e-01,6.686068464835348037e-03,6.136312883455708432e-03
1.289499999999999957e+01,5.599711727859821991e-02,1.877883398407813147e-03,9.421249993229939834e-01,2.130049408216377893e-01,1.281605177485219127e-03,7.857134540008769985e-01,9.882481921815613468e-01,6.600586239962759165e-03,5.151221578475894021e-03,9.871878390148605131e-01,6.683400201400152563e-03,6.128760783739334306e-03
1.290000000000000036e+01,5.602829179953251748e-02,1.878592961076791393e-03,9.420931152393906549e-01,2.131674697312055944e-01,1.281774984435707062e-03,7.855507552843586927e-01,9.882572659458422892e-01,6.597925442709874980e-03,5.144808611447835786e-03,9.871980477976014523e-01,6.680733559156081143e-03,6.121218643242466555e-03
1.290500000000000114e+01,5.605954142775372573e-02,1.879304323542753397e-03,9.420611542487035139e-01,2.133299627741717663e-01,1.281945183130012720e-03,7.853880920426982160e-01,9.882663291227122837e-01,6.595266505804575109e-03,5.138404371483141185e-03,9.872082449998976772e-01,6.678068543681485794e-03,6.113686456420837009e-03
1.291000000000000014e+01,5.609086636127991882e-02,1.880017482117724318e-03,9.420291161566023419e-01,2.134924199825461166e-01,1.282115772608606119e-03,7.852254642448452948e-01,9.882753817144417363e-01,6.592609433528691387e-03,5.132008852029572299e-03,9.872184306218207972e-01,6.675405160511316618e-03,6.106164217667886182e-03
1.291499999999999915e+01,5.612226679798902607e-02,1.880732433131822052e-03,9.419970007688791558e-01,2.136548413882358444e-01,1.282286751914735005e-03,7.850628718598493538e-01,9.882844237233728846e-01,6.589954230126107704e-03,5.125622046501007723e-03,9.872286046635454504e-01,6.672743415136894556e-03,6.098651921317655052e-03
1.291999999999999993e+01,5.615374293564941166e-02,1.881449172933067054e-03,9.419648078914174549e-01,2.138172270230387917e-01,1.282458120094367819e-03,7.849003148568668431e-01,9.882934551519291233e-01,6.587300899802901386e-03,5.119243948267975311e-03,9.872387671253408659e-01,6.670083313006636497e-03,6.091149561652497643e-03
1.292500000000000071e+01,5.618529497190433847e-02,1.882167697887288885e-03,9.419325373302083193e-01,2.139795769186522145e-01,1.282629876196245741e-03,7.847377932051515792e-01,9.883024760026073441e-01,6.584649446727509729e-03,5.112874550665146185e-03,9.872489180075826321e-01,6.667424859526087377e-03,6.083657132891280572e-03
1.292999999999999972e+01,5.621692310425855515e-02,1.882888004377998711e-03,9.419001888913635101e-01,2.141418911066657049e-01,1.282802019271824792e-03,7.845753068740625169e-01,9.883114862779833754e-01,6.581999875030809799e-03,5.106513846985814842e-03,9.872590573107440370e-01,6.664768060057764051e-03,6.076174629198198909e-03
1.293500000000000050e+01,5.624862753011852790e-02,1.883610088806352001e-03,9.418677623810751687e-01,2.143041696185642442e-01,1.282974548375273886e-03,7.844128558330605294e-01,9.883204859807018794e-01,6.579352188806502667e-03,5.100161830491617941e-03,9.872691850353886300e-01,6.662112919922125003e-03,6.068702044689244963e-03
1.294000000000000128e+01,5.628040844674819104e-02,1.884333947590855363e-03,9.418352576056608916e-01,2.144664124857346699e-01,1.283147462563516460e-03,7.842504400517017471e-01,9.883294751134876766e-01,6.576706392111058772e-03,5.093818494401264677e-03,9.872793011821850984e-01,6.659459444397124520e-03,6.061239373417777118e-03
1.294500000000000028e+01,5.631226605130906782e-02,1.885059577167459786e-03,9.418026743715234295e-01,2.146286197394529083e-01,1.283320760896111646e-03,7.840880594996509911e-01,9.883384536791377517e-01,6.574062488964327669e-03,5.087483831897920625e-03,9.872894057519020494e-01,6.656807638718512804e-03,6.053786609379437772e-03
1.294999999999999929e+01,5.634420054083094653e-02,1.885786973989333603e-03,9.417700124851796639e-01,2.147907914108982408e-01,1.283494442435373101e-03,7.839257141466664525e-01,9.883474216805224755e-01,6.571420483349054917e-03,5.081157836128469621e-03,9.872994987453974636e-01,6.654157508080111791e-03,6.046343746522424636e-03
1.295500000000000007e+01,5.637621211223607653e-02,1.886516134526722852e-03,9.417372717532371817e-01,2.149529275311438115e-01,1.283668506246265356e-03,7.837634039626099058e-01,9.883563791205849380e-01,6.568780379211669636e-03,5.074840500203392328e-03,9.873095801636249114e-01,6.651509057634581897e-03,6.038910778740506739e-03
1.296000000000000085e+01,5.640830096232579693e-02,1.887247055266899447e-03,9.417044519824073756e-01,2.151150281311596801e-01,1.283842951396412272e-03,7.836011289174439343e-01,9.883653260023392839e-01,6.566142180462317471e-03,5.068531817198398612e-03,9.873196500076408810e-01,6.648862292492407206e-03,6.031487699866711766e-03
1.296499999999999986e+01,5.644046728778359667e-02,1.887979732714035845e-03,9.416715529795023354e-01,2.152770932418178740e-01,1.284017776956134990e-03,7.834388889812260448e-01,9.883742623288742646e-01,6.563505890974732221e-03,5.062231780151003196e-03,9.873297082785841283e-01,6.646217217723302331e-03,6.024074503692569346e-03
1.296999999999999886e+01,5.647271128518185912e-02,1.888714163389120047e-03,9.416385745514290750e-01,2.154391228938833391e-01,1.284192981998366926e-03,7.832766841241183275e-01,9.883831881033493527e-01,6.560871514586810900e-03,5.055940382063836384e-03,9.873397549777016557e-01,6.643573838355597456e-03,6.016671183942746796e-03
1.297500000000000142e+01,5.650503315097653995e-02,1.889450343829775615e-03,9.416055165051936404e-01,2.156011171180237662e-01,1.284368565598721645e-03,7.831145143163774636e-01,9.883921033289930769e-01,6.558239055100714351e-03,5.049657615906208777e-03,9.873497901063170712e-01,6.640932159376818598e-03,6.009277734306110209e-03
1.298000000000000043e+01,5.653743308151136515e-02,1.890188270590180799e-03,9.415723786478984447e-01,2.157630759448035396e-01,1.284544526835404389e-03,7.829523795283611642e-01,9.884010080091085726e-01,6.555608516282807399e-03,5.043383474608620007e-03,9.873598136658638946e-01,6.638292185733730977e-03,6.001894148402374396e-03
1.298499999999999943e+01,5.656991127302135602e-02,1.890927940241002173e-03,9.415391607867376056e-01,2.159249994046890386e-01,1.284720864789291222e-03,7.827902797305217319e-01,9.884099021470632573e-01,6.552979901863979773e-03,5.037117951072762889e-03,9.873698256578529175e-01,6.635653922332884584e-03,5.994520419814197872e-03
1.299000000000000021e+01,5.660246792162076934e-02,1.891669349369302705e-03,9.415058627290098237e-01,2.160868875280416712e-01,1.284897578543822347e-03,7.826282148934144978e-01,9.884187857463009319e-01,6.550353215540167390e-03,5.030861038158900705e-03,9.873798260838951846e-01,6.633017374040196118e-03,5.987156542064619308e-03
1.299500000000000099e+01,5.663510322332980518e-02,1.892412494578271567e-03,9.414724842820919593e-01,2.162487403451257006e-01,1.285074667185062604e-03,7.824661849876892727e-01,9.884276588103264594e-01,6.547728460971851024e-03,5.024612728701689617e-03,9.873898149456890039e-01,6.630382545681811138e-03,5.979802508629184984e-03
1.300000000000000000e+01,5.666781737404509578e-02,1.893157372487334726e-03,9.414390252534675652e-01,2.164105578861065249e-01,1.285252129801676968e-03,7.823041899840917912e-01,9.884365213427168673e-01,6.545105641784760599e-03,5.018373015498372135e-03,9.873997922450191700e-01,6.627749442043598394e-03,5.972458312937231617e-03
1.300499999999999901e+01,5.670061056955170986e-02,1.893903979731935937e-03,9.414054854507164505e-01,2.165723401810463467e-01,1.285429965484902355e-03,7.821422298534688178e-01,9.884453733471193493e-01,6.542484761569961060e-03,5.012141891310689656e-03,9.874097579837681771e-01,6.625118067872082239e-03,5.965123948359740691e-03
1.300999999999999979e+01,5.673348300554718893e-02,1.894652312963391455e-03,9.413718646814894786e-01,2.167340872599121393e-01,1.285608173328554133e-03,7.819803045667592656e-01,9.884542148272463802e-01,6.539865823883766506e-03,5.005919348869853312e-03,9.874197121639015640e-01,6.622488427874119107e-03,5.957799408224316931e-03
1.301500000000000057e+01,5.676643487760019841e-02,1.895402368848919314e-03,9.413381627535508667e-01,2.168957991525692908e-01,1.285786752429013326e-03,7.818184140950017458e-01,9.884630457868766040e-01,6.537248832248364686e-03,4.999705380875031288e-03,9.874296547874723551e-01,6.619860526717106543e-03,5.950484685810538375e-03
1.301999999999999957e+01,5.679946638118847646e-02,1.896154144071406870e-03,9.413043794747401050e-01,2.170574758887857114e-01,1.285965701885208399e-03,7.816565584093290164e-01,9.884718662298562775e-01,6.534633790151522965e-03,4.993499979992199571e-03,9.874395858566235029e-01,6.617234369029726532e-03,5.943179774346770555e-03
1.302500000000000036e+01,5.683257771167364580e-02,1.896907635329401912e-03,9.412705146529970479e-01,2.172191174982308903e-01,1.286145020798620245e-03,7.814947374809705360e-01,9.884806761600964942e-01,6.532020701046991652e-03,4.987303138856514183e-03,9.874495053735832251e-01,6.614609959401258552e-03,5.935884667015516383e-03
1.303000000000000114e+01,5.686576906432339040e-02,1.897662839336897340e-03,9.412365680963397097e-01,2.173807240104762006e-01,1.286324708273266140e-03,7.813329512812505762e-01,9.884894755815770706e-01,6.529409568354862213e-03,4.981114850068067181e-03,9.874594133406675578e-01,6.611987302382670711e-03,5.928599356949771498e-03
1.303500000000000014e+01,5.689904063429954140e-02,1.898419752823385376e-03,9.412025396128771426e-01,2.175422954549973698e-01,1.286504763415692804e-03,7.811711997815868891e-01,9.884982644983375533e-01,6.526800395461294924e-03,4.974935106201151813e-03,9.874693097602801339e-01,6.609366402485979640e-03,5.921323837233886424e-03
1.303999999999999915e+01,5.693239261664853612e-02,1.899178372533647224e-03,9.411684290108178752e-01,2.177038318611681789e-01,1.286685185334952549e-03,7.810094829534969252e-01,9.885070429144856563e-01,6.524193185719097399e-03,4.968763899795246297e-03,9.874791946349017469e-01,6.606747264185166418e-03,5.914058100913086730e-03
1.304499999999999993e+01,5.696582520633323293e-02,1.899938695227635765e-03,9.411342360984391586e-01,2.178653332582695945e-01,1.286865973142619973e-03,7.808478007685877298e-01,9.885158108341945971e-01,6.521587942447603162e-03,4.962601223357799782e-03,9.874890679671076699e-01,6.604129891915922444e-03,5.906802140976407690e-03
1.305000000000000071e+01,5.699933859820610627e-02,1.900700717680494202e-03,9.410999606841133902e-01,2.180267996754842730e-01,1.287047125952754450e-03,7.806861531985629377e-01,9.885245682616978780e-01,6.518984668933242368e-03,4.956447069368879674e-03,9.874989297595510029e-01,6.601514290075845455e-03,5.899555950373151607e-03
1.305499999999999972e+01,5.703293298702058478e-02,1.901464436682349197e-03,9.410656025762970112e-01,2.181882311418997800e-01,1.287228642881925282e-03,7.805245402152183321e-01,9.885333152012958369e-01,6.516383368429133280e-03,4.950301430275029849e-03,9.875087800149702222e-01,6.598900463024933924e-03,5.892319522004843893e-03
1.306000000000000050e+01,5.706660856743177301e-02,1.902229849038229552e-03,9.410311615835300625e-01,2.183496276865039554e-01,1.287410523049151417e-03,7.803629617904468407e-01,9.885420516573445449e-01,6.513784044155742324e-03,4.944164298499712819e-03,9.875186187361848500e-01,6.596288415085563642e-03,5.885092848729586365e-03
1.306500000000000128e+01,5.710036553399493175e-02,1.902996951568056670e-03,9.409966375144370732e-01,2.185109893381948221e-01,1.287592765575964983e-03,7.802014178962292101e-01,9.885507776342710162e-01,6.511186699300847668e-03,4.938035666428136107e-03,9.875284459260991188e-01,6.593678150542564044e-03,5.877875923358317177e-03
1.307000000000000028e+01,5.713420408116734461e-02,1.903765741106378060e-03,9.409620301777262830e-01,2.186723161257678738e-01,1.287775369586321517e-03,7.800399085046457737e-01,9.885594931365560001e-01,6.508591337019714422e-03,4.931915526424285497e-03,9.875382615876950876e-01,6.591069673643548676e-03,5.870668738661363739e-03
1.307499999999999929e+01,5.716812440331023315e-02,1.904536214502478356e-03,9.409273393821873110e-01,2.188336080779297865e-01,1.287958334206657212e-03,7.798784335878634622e-01,9.885681981687497455e-01,6.505997960435383476e-03,4.925803870814871033e-03,9.875480657240401916e-01,6.588462988599293364e-03,5.863471287360515032e-03
1.308000000000000007e+01,5.720212669468288658e-02,1.905308368620146431e-03,9.408925649366969290e-01,2.189948652232891479e-01,1.288141658565832752e-03,7.797169931181450186e-01,9.885768927354574576e-01,6.503406572638537921e-03,4.919700691904004518e-03,9.875578583382799147e-01,6.585858099583430034e-03,5.856283562136655255e-03
1.308500000000000085e+01,5.723621114945860039e-02,1.906082200337633767e-03,9.408577066502037400e-01,2.191560875903590666e-01,1.288325341795163457e-03,7.795555870678457788e-01,9.885855768413451816e-01,6.500817176688091989e-03,4.913605981966726391e-03,9.875676394336412312e-01,6.583255010733177030e-03,5.849105555625591819e-03
1.308999999999999986e+01,5.727037796171463579e-02,1.906857706547431322e-03,9.408227643317379485e-01,2.193172752075611687e-01,1.288509383028372439e-03,7.793942154094104513e-01,9.885942504911428008e-01,6.498229775611041870e-03,4.907519733246157312e-03,9.875774090134263883e-01,6.580653726149026869e-03,5.841937260424584846e-03
1.309499999999999886e+01,5.730462732542423304e-02,1.907634884156462953e-03,9.407877377904193539e-01,2.194784281032206852e-01,1.288693781401620102e-03,7.792328781153776696e-01,9.886029136896323788e-01,6.495644372402785763e-03,4.901441937964835446e-03,9.875871670810179026e-01,6.578054249895407164e-03,5.834778669086690232e-03
1.310000000000000142e+01,5.733895943447371579e-02,1.908413730085733269e-03,9.407526268354404753e-01,2.196395463055718644e-01,1.288878536053459029e-03,7.790715751583747739e-01,9.886115664416658122e-01,6.493060970027087452e-03,4.895372588307100349e-03,9.875969136398818904e-01,6.575456586000335418e-03,5.827629774117774192e-03
1.310500000000000043e+01,5.737337448266023598e-02,1.909194241270270815e-03,9.407174312760695489e-01,2.198006298427516159e-01,1.289063646124851987e-03,7.789103065111235846e-01,9.886202087521425153e-01,6.490479571416552483e-03,4.889311676440932265e-03,9.876066486935548561e-01,6.572860738456151944e-03,5.820490567988991990e-03
1.310999999999999943e+01,5.740787266368691660e-02,1.909976414659199850e-03,9.406821509216538590e-01,2.199616787428074760e-01,1.289249110759151757e-03,7.787490721464334076e-01,9.886288406260291817e-01,6.487900179472594342e-03,4.883259194498223987e-03,9.876163722456566818e-01,6.570266711219009854e-03,5.813361043124308340e-03
1.311500000000000021e+01,5.744245417115920876e-02,1.910760247215458020e-03,9.406467855816252888e-01,2.201226930336928622e-01,1.289434929102096800e-03,7.785878720372051420e-01,9.886374620683422432e-01,6.485322797065503839e-03,4.877215134592252990e-03,9.876260842998750844e-01,6.567674508210198658e-03,5.806241191914716937e-03
1.312000000000000099e+01,5.747711919859720131e-02,1.911545735915809582e-03,9.406113350654869976e-01,2.202836727432681552e-01,1.289621100301788920e-03,7.784267061564299484e-01,9.886460730841623024e-01,6.482747427034893199e-03,4.871179488802804443e-03,9.876357848599820466e-01,6.565084133314882248e-03,5.799131006703071162e-03
1.312500000000000000e+01,5.751186793943081910e-02,1.912332877750733736e-03,9.405757991828184172e-01,2.204446178993027250e-01,1.289807623508704973e-03,7.782655744771885820e-01,9.886546736786209211e-01,6.480174072189556420e-03,4.865152249189522507e-03,9.876454739298217156e-01,6.562495590383423359e-03,5.792030479794861055e-03
1.312999999999999901e+01,5.754670058700370877e-02,1.913121669724391228e-03,9.405401777432719213e-01,2.206055285294722390e-01,1.289994497875679739e-03,7.781044769726520594e-01,9.886632638569137210e-01,6.477602735308000959e-03,4.859133407778278013e-03,9.876551515133137338e-01,6.559908883230895250e-03,5.784939603455370970e-03
1.313499999999999979e+01,5.758161733456290676e-02,1.913912108854360890e-03,9.405044705565827057e-01,2.207664046613612707e-01,1.290181722557878601e-03,7.779434136160807700e-01,9.886718436242832864e-01,6.475033419138033139e-03,4.853122956578680494e-03,9.876648176144511293e-01,6.557324015637642015e-03,5.777858369911228684e-03
1.314000000000000057e+01,5.761661837527609631e-02,1.914704192171831328e-03,9.404686774325520249e-01,2.209272463224660754e-01,1.290369296712844810e-03,7.777823843808210347e-01,9.886804129860308210e-01,6.472466126397576937e-03,4.847120887571602053e-03,9.876744722372998719e-01,6.554740991349184906e-03,5.770786771350943159e-03
1.314499999999999957e+01,5.765170390221802110e-02,1.915497916721207788e-03,9.404327981810608472e-01,2.210880535401866798e-01,1.290557219500405167e-03,7.776213892403128769e-01,9.886889719475167038e-01,6.469900859774359130e-03,4.841127192708937106e-03,9.876841153860004274e-01,6.552159814076795666e-03,5.763724799922776906e-03
1.315000000000000036e+01,5.768687410838008178e-02,1.916293279560265031e-03,9.403968326120597521e-01,2.212488263418359857e-01,1.290745490082755671e-03,7.774604281680812523e-01,9.886975205141552703e-01,6.467337621926354252e-03,4.835141863918375471e-03,9.876937470647655370e-01,6.549580487497013402e-03,5.756672447737449551e-03
1.315500000000000114e+01,5.772212918666852488e-02,1.917090277759914661e-03,9.403607805355715943e-01,2.214095647546387435e-01,1.290934107624383455e-03,7.772995011377368257e-01,9.887060586914099281e-01,6.464776415481688319e-03,4.829164893108383629e-03,9.877033672778823270e-01,6.547003015252434756e-03,5.749629706865238242e-03
1.316000000000000014e+01,5.775695946161353567e-02,1.917877411512847359e-03,9.403251631268736421e-01,2.215728234522796603e-01,1.291108207444360530e-03,7.771360683402759317e-01,9.887147672488960648e-01,6.462097312665578304e-03,4.823135438438356896e-03,9.877131555492435488e-01,6.544307531867138948e-03,5.742536918889312204e-03
1.316499999999999915e+01,5.779117057548051328e-02,1.918650427441143938e-03,9.402901789970783408e-01,2.217395711079794551e-01,1.291262158819259445e-03,7.769691667332012663e-01,9.887237143552422003e-01,6.459255020633174540e-03,4.817030624124625168e-03,9.877231795904569678e-01,6.541448760941395886e-03,5.735371648601636334e-03
1.316999999999999993e+01,5.782546672167158952e-02,1.919425251836196855e-03,9.402551080264922589e-01,2.219062780474026775e-01,1.291416500380473693e-03,7.768023054522168458e-01,9.887326501045635707e-01,6.456415319962418610e-03,4.810934575474010676e-03,9.877331912203523023e-01,6.538592396273727562e-03,5.728216383373970107e-03
1.317500000000000071e+01,5.785984812446398617e-02,1.920201881465908363e-03,9.402199499940701033e-01,2.220729443016757898e-01,1.291571231189240967e-03,7.766354844671349289e-01,9.887415745035327275e-01,6.453578212724986676e-03,4.804847283742285854e-03,9.877431904441329458e-01,6.535738441039682343e-03,5.721071114827371885e-03
1.317999999999999972e+01,5.789431500810819642e-02,1.920980313113519137e-03,9.401847046787783491e-01,2.222395699018337167e-01,1.291726350309444632e-03,7.764687037478568143e-01,9.887504875588755127e-01,6.450743700959273366e-03,4.798768740165213972e-03,9.877531772670760102e-01,6.532886898376744425e-03,5.713935834547245393e-03
1.318500000000000050e+01,5.792886759680031250e-02,1.921760543577575100e-03,9.401493718596221072e-01,2.224061548788263676e-01,1.291881856807629118e-03,7.763019632643660684e-01,9.887593892773791637e-01,6.447911786671302499e-03,4.792698935949533771e-03,9.877631516945429846e-01,6.530037771384494295e-03,5.706810534072521111e-03
1.319000000000000128e+01,5.796350611469445330e-02,1.922542569671883408e-03,9.401139513156336891e-01,2.225726992635156942e-01,1.292037749752995802e-03,7.761352629867313002e-01,9.887682796658938678e-01,6.445082471833927379e-03,4.786637862272204863e-03,9.877731137319711863e-01,6.527191063124893229e-03,5.699695204903920502e-03
1.319500000000000028e+01,5.799823078590614356e-02,1.923326388225286062e-03,9.400784428258686098e-01,2.227392030866769679e-01,1.292194028217388477e-03,7.759686028851057182e-01,9.887771587313241017e-01,6.442255758387897650e-03,4.780585510288000613e-03,9.877830633848875275e-01,6.524346776622016141e-03,5.692589838490456390e-03
1.319999999999999929e+01,5.803304183451524212e-02,1.924111996081590524e-03,9.400428461694032567e-01,2.229056663789965864e-01,1.292350691275255406e-03,7.758019829297282399e-01,9.887860264806372923e-01,6.439431648241677152e-03,4.774541871121030547e-03,9.877930006588839795e-01,6.521504914863382983e-03,5.685494426252637491e-03
1.320500000000000007e+01,5.806793948455988424e-02,1.924899390099554753e-03,9.400071611253405512e-01,2.230720891710772646e-01,1.292507738003689658e-03,7.756354030909190511e-01,9.887948829208532686e-01,6.436610143271367587e-03,4.768506935875363797e-03,9.878029255596350033e-01,6.518665480799230166e-03,5.678408959565766495e-03
1.321000000000000085e+01,5.810292396002733617e-02,1.925688567152739972e-03,9.399713874728199414e-01,2.232384714934332326e-01,1.292665167482381179e-03,7.754688633390843799e-01,9.888037280590560307e-01,6.433791245321602778e-03,4.762480695622366492e-03,9.878128380928948848e-01,6.515828477342563464e-03,5.671333429762551691e-03
1.321499999999999986e+01,5.813799548489038960e-02,1.926479524129350637e-03,9.399355249909802090e-01,2.234048133764931499e-01,1.292822978793630026e-03,7.753023636447131661e-01,9.888125619023843127e-01,6.430974956204792321e-03,4.756463141410894983e-03,9.878227382644932941e-01,6.512993907370219666e-03,5.664267828136486209e-03
1.321999999999999886e+01,5.817315428305384895e-02,1.927272257932286046e-03,9.398995734590138706e-01,2.235711148506007162e-01,1.292981171022312969e-03,7.751359039783769500e-01,9.888213844580290290e-01,6.428161277702369725e-03,4.750454264268601234e-03,9.878326260803338421e-01,6.510161773722527440e-03,5.657212145943630449e-03
1.322500000000000142e+01,5.820840057842023574e-02,1.928066765478820286e-03,9.398635326561008974e-01,2.237373759460133116e-01,1.293139743255906048e-03,7.749694843107307607e-01,9.888301957332427117e-01,6.425350211564090711e-03,4.744454055193197614e-03,9.878425015463967451e-01,6.507332079203388860e-03,5.650166374399866014e-03
1.323000000000000043e+01,5.824373459482762999e-02,1.928863043700802153e-03,9.398274023614715533e-01,2.239035966929028842e-01,1.293298694584438160e-03,7.748031046125127830e-01,9.888389957353320714e-01,6.422541759508639501e-03,4.738462505159289108e-03,9.878523646687353832e-01,6.504504826580920392e-03,5.643130504683696418e-03
1.323499999999999943e+01,5.827915655609366974e-02,1.929661089544298458e-03,9.397911823543620979e-01,2.240697771213581158e-01,1.293458024100521426e-03,7.746367648545413598e-01,9.888477844716569987e-01,6.419735923223727700e-03,4.732479605119273638e-03,9.878622154534798527e-01,6.501680018587406920e-03,5.636104527932740346e-03
1.324000000000000021e+01,5.831466668599794012e-02,1.930460899969575587e-03,9.397548724140324383e-01,2.242359172613787865e-01,1.293617730899290904e-03,7.744704650077218755e-01,9.888565619496336723e-01,6.416932704366357966e-03,4.726505345999969764e-03,9.878720539068295281e-01,6.498857657919424047e-03,5.629088435251047851e-03
1.324500000000000099e+01,5.835026520828457547e-02,1.931262471951102327e-03,9.397184723197643530e-01,2.244020171428851573e-01,1.293777814078461621e-03,7.743042050430364309e-01,9.888653281767322278e-01,6.414132104562909886e-03,4.720539718704862275e-03,9.878818800350664953e-01,6.496037747238271771e-03,5.622082217695232968e-03
1.325000000000000000e+01,5.838595234666346667e-02,1.932065802477435802e-03,9.396819818508591604e-01,2.245680767957085044e-01,1.293938272738247904e-03,7.741379849315531692e-01,9.888740831604764248e-01,6.411334125409264874e-03,4.714582714114310368e-03,9.878916938445311269e-01,6.493220289169942400e-03,5.615085866298930722e-03
1.325499999999999901e+01,5.842172832482350059e-02,1.932870888550937416e-03,9.396454007866255065e-01,2.247340962496001682e-01,1.294099105981423234e-03,7.739718046444183930e-01,9.888828269084417588e-01,6.408538768471230308e-03,4.708634323087010874e-03,9.879014953416449529e-01,6.490405286305501315e-03,5.608099372049545756e-03
1.325999999999999979e+01,5.845759336640990456e-02,1.933677727187897103e-03,9.396087289064022352e-01,2.249000755342255853e-01,1.294260312913255839e-03,7.738056641528611168e-01,9.888915594282621235e-01,6.405746035284358257e-03,4.702694536453518211e-03,9.879112845328953396e-01,6.487592741201212744e-03,5.601122725903447640e-03
1.326500000000000057e+01,5.849354769503380819e-02,1.934486315418413628e-03,9.395719659895478415e-01,2.250660146791659821e-01,1.294421892641516286e-03,7.736395634281925116e-01,9.889002807276173757e-01,6.402955927354512730e-03,4.696763345028111616e-03,9.879210614248521427e-01,6.484782656378593538e-03,5.594155918769263755e-03
1.326999999999999957e+01,5.852959153429267841e-02,1.935296650286182519e-03,9.395351118154211534e-01,2.252319137139199567e-01,1.294583844276489841e-03,7.734735024418035731e-01,9.889089908142418839e-01,6.400168446157824577e-03,4.690840739600291541e-03,9.879308260241360662e-01,6.481975034324872001e-03,5.587198941539061811e-03
1.327500000000000036e+01,5.856572510773978835e-02,1.936108728848541169e-03,9.394981661634116410e-01,2.253977726679053939e-01,1.294746166930948062e-03,7.733074811651636793e-01,9.889176896959207541e-01,6.397383593140697558e-03,4.684926710938548330e-03,9.879405783374528571e-01,6.479169877493333972e-03,5.580251785053808901e-03
1.328000000000000114e+01,5.860194863890161310e-02,1.936922548176313362e-03,9.394611288129220972e-01,2.255635915704521932e-01,1.294908859720122997e-03,7.731414995698276948e-01,9.889263773804912727e-01,6.394601369720519582e-03,4.679021249788207701e-03,9.879503183715721004e-01,6.476367188302636739e-03,5.573314440125262843e-03
1.328500000000000014e+01,5.863826235127873182e-02,1.937738105353699553e-03,9.394239995433675272e-01,2.257293704508122612e-01,1.295071921761739922e-03,7.729755576274259798e-01,9.889350538758424625e-01,6.391821777285337444e-03,4.673124346872200088e-03,9.879600461333293282e-01,6.473566969138217636e-03,5.566386897532454164e-03
1.328999999999999915e+01,5.867466646834959554e-02,1.938555397478299198e-03,9.393867781341720402e-01,2.258951093381531272e-01,1.295235352175976148e-03,7.728096553096708288e-01,9.889437191899075330e-01,6.389044817194234997e-03,4.667235992898231996e-03,9.879697616296305718e-01,6.470769222351460508e-03,5.559469148017967717e-03
1.329499999999999993e+01,5.871116121355130640e-02,1.939374421660881561e-03,9.393494643647877229e-01,2.260608082615607750e-01,1.295399150085461016e-03,7.726437925883538060e-01,9.889523733306760933e-01,6.386270490777371314e-03,4.661356178546535375e-03,9.879794648674489199e-01,6.467973950260632460e-03,5.552561182290447622e-03
1.330000000000000071e+01,5.874774681030782431e-02,1.940195175025307642e-03,9.393120580146668841e-01,2.262264672500384766e-01,1.295563314615267659e-03,7.724779694353463011e-01,9.889610163061857140e-01,6.383498799336482024e-03,4.655484894477803989e-03,9.879891558538265173e-01,6.465181155150566406e-03,5.545662991022916322e-03
1.330499999999999972e+01,5.878442348201227963e-02,1.941017654708683060e-03,9.392745588632790410e-01,2.263920863325088739e-01,1.295727844892906495e-03,7.723121858225981962e-01,9.889696481245183746e-01,6.380729744144703237e-03,4.649622131336922197e-03,9.879988345958631291e-01,6.462390839273075664e-03,5.538774564863795276e-03
1.331000000000000050e+01,5.882119145203459215e-02,1.941841857860876226e-03,9.392369666901045910e-01,2.265576655378144233e-01,1.295892740048320462e-03,7.721464417221373111e-01,9.889782687938110106e-01,6.377963326446853438e-03,4.643767879742135944e-03,9.880085011007325724e-01,6.459603004847189016e-03,5.531895894420238609e-03
1.331500000000000128e+01,5.885805094371106272e-02,1.942667781644856397e-03,9.391992812746440267e-01,2.267232048947126211e-01,1.296057999213859205e-03,7.719807371060735113e-01,9.889868783222425241e-01,6.375199547459734460e-03,4.637922130297741398e-03,9.880181553756726132e-01,6.456817654059265194e-03,5.525026970268121645e-03
1.332000000000000028e+01,5.889500218036845119e-02,1.943495423236184108e-03,9.391615023963953979e-01,2.268887044318841362e-01,1.296223621524284506e-03,7.718150719465916021e-01,9.889954767180414441e-01,6.372438408372108933e-03,4.632084873586446959e-03,9.880277974279821906e-01,6.454034789062980740e-03,5.518167782954828612e-03
1.332499999999999929e+01,5.893204538529201592e-02,1.944324779823351172e-03,9.391236298348846212e-01,2.270541641779263986e-01,1.296389606116765724e-03,7.716494462159567691e-01,9.890040639894857044e-01,6.369679910344922327e-03,4.626256100169373262e-03,9.880374272650249701e-01,6.451254411980032570e-03,5.511318322994997361e-03
1.333000000000000007e+01,5.896918078176322658e-02,1.945155848607307315e-03,9.390856633696293976e-01,2.272195841613569578e-01,1.296555952130841200e-03,7.714838598865122465e-01,9.890126401448965376e-01,6.366924054511588320e-03,4.620435800591874038e-03,9.880470448942300088e-01,6.448476524899882101e-03,5.504478580870109106e-03
1.333500000000000085e+01,5.900640859303254299e-02,1.945988626801705866e-03,9.390476027801657466e-01,2.273849644106145096e-01,1.296722658708464228e-03,7.713183129306769859e-01,9.890212051926448034e-01,6.364170841978044300e-03,4.614623965377152338e-03,9.880566503230909792e-01,6.445701129880037142e-03,5.497648547028983687e-03
1.333999999999999986e+01,5.904372904231799946e-02,1.946823111632615781e-03,9.390094478460493388e-01,2.275503049540564815e-01,1.296889724993942773e-03,7.711528053209495415e-01,9.890297591411439937e-01,6.361420273822987297e-03,4.608820585033019009e-03,9.880662435591568427e-01,6.442928228946125623e-03,5.490828211897031720e-03
1.334499999999999886e+01,5.908114235284420146e-02,1.947659300338464624e-03,9.389711983468173040e-01,2.277156058199604483e-01,1.297057150133953778e-03,7.709873370299056283e-01,9.890383019988523428e-01,6.358672351097865300e-03,4.603025650049791945e-03,9.880758246100426190e-01,6.440157824092577338e-03,5.484017565864803684e-03
1.335000000000000142e+01,5.911864874778061107e-02,1.948497190170083880e-03,9.389328540620492936e-01,2.278808670365242151e-01,1.297224933277527342e-03,7.708219080301982329e-01,9.890468337742766014e-01,6.355927074827317017e-03,4.597239150896081580e-03,9.880853934834264996e-01,6.437389917282170318e-03,5.477216599291330132e-03
1.335500000000000043e+01,5.915624845030198475e-02,1.949336778390434004e-03,9.388944147713075283e-01,2.280460886318690650e-01,1.297393073576052136e-03,7.706565182945549486e-01,9.890553544759683735e-01,6.353184446009144115e-03,4.591461078022482378e-03,9.880949501870524010e-01,6.434624510446640584e-03,5.470425302500958424e-03
1.335999999999999943e+01,5.919394168355178454e-02,1.950178062274713709e-03,9.388558802541735471e-01,2.282112706340333474e-01,1.297561570183255238e-03,7.704911677957834160e-01,9.890638641125194530e-01,6.350444465614601790e-03,4.585691421865945201e-03,9.881044947287023206e-01,6.431861605486762813e-03,5.463643665810916615e-03
1.336500000000000021e+01,5.923172867066481273e-02,1.951021039110151581e-03,9.388172502902250027e-01,2.283764130709814433e-01,1.297730422255185872e-03,7.703258565067633290e-01,9.890723626925672640e-01,6.347707134588283402e-03,4.579930172844452578e-03,9.881140271162480726e-01,6.429101204272259264e-03,5.456871679479668134e-03
1.337000000000000099e+01,5.926960963473985877e-02,1.951865706196020608e-03,9.387785246590641952e-01,2.285415159705927457e-01,1.297899628950223427e-03,7.701605844004569823e-01,9.890808502247948608e-01,6.344972453848694675e-03,4.574177321356444510e-03,9.881235473575994410e-01,6.426343308642401726e-03,5.450109333758157253e-03
1.337500000000000000e+01,5.930758479887460188e-02,1.952712060843439122e-03,9.387397031402818781e-01,2.287065793606744557e-01,1.298069189429078545e-03,7.699953514498965035e-01,9.890893267179237114e-01,6.342240424288193845e-03,4.568432857788094770e-03,9.881330554607292704e-01,6.423587920406132086e-03,5.443356618864597478e-03
1.337999999999999901e+01,5.934565438613974286e-02,1.953560100375402019e-03,9.387007855134849033e-01,2.288716032689516733e-01,1.298239102854730452e-03,7.698301576281935121e-01,9.890977921807233564e-01,6.339511046773103550e-03,4.562696772503540069e-03,9.881425514336804605e-01,6.420835041341809921e-03,5.436613524977729553e-03
1.338499999999999979e+01,5.938381861959152186e-02,1.954409822126672129e-03,9.386617715582817878e-01,2.290365877230738367e-01,1.298409368392493095e-03,7.696650029085336797e-01,9.891062466219997518e-01,6.336784322143886906e-03,4.556969055856361327e-03,9.881520352845392097e-01,6.418084673197769346e-03,5.429880042263020984e-03
1.339000000000000057e+01,5.942207772227720008e-02,1.955261223443670489e-03,9.386226610542791615e-01,2.292015327506132516e-01,1.298579985209967220e-03,7.694998872641767296e-01,9.891146900506039286e-01,6.334060251215563840e-03,4.551249698180507598e-03,9.881615070214508911e-01,6.415336817692698056e-03,5.423156160856410814e-03
1.339499999999999957e+01,5.946043191720337684e-02,1.956114301684522966e-03,9.385834537811120759e-01,2.293664383790613437e-01,1.298750952477008497e-03,7.693348106684616550e-01,9.891231224754275519e-01,6.331338834777364144e-03,4.545538689795083909e-03,9.881709666526243829e-01,6.412591476515191492e-03,5.416441870860425577e-03
1.340000000000000036e+01,5.949888142739379049e-02,1.956969054218723938e-03,9.385441495183874938e-01,2.295313046358355702e-01,1.298922269365774141e-03,7.691697730947986145e-01,9.891315439054061409e-01,6.328620073593475143e-03,4.539836021000383942e-03,9.881804141863247404e-01,6.409848651324446742e-03,5.409737162350812881e-03
1.340500000000000114e+01,5.953742647583691594e-02,1.957825478427360072e-03,9.385047480457356928e-01,2.296961315482780597e-01,1.299093935050690167e-03,7.690047745166712634e-01,9.891399543495107416e-01,6.325903968402704289e-03,4.534141682086554118e-03,9.881898496308614277e-01,6.407108343750203550e-03,5.403042025388368752e-03
1.341000000000000014e+01,5.957606728551229081e-02,1.958683571702835805e-03,9.384652491427848409e-01,2.298609191436477572e-01,1.299265948708413229e-03,7.688398149076437482e-01,9.891483538167538114e-01,6.323190519918906773e-03,4.528455663327281798e-03,9.881992729946140752e-01,6.404370555392954224e-03,5.396356449992970560e-03
1.341499999999999915e+01,5.961480407938139769e-02,1.959543331448905870e-03,9.384256525891697676e-01,2.300256674491333309e-01,1.299438309517872252e-03,7.686748942413488273e-01,9.891567423161913286e-01,6.320479728831145116e-03,4.522777954977526271e-03,9.882086842860098308e-01,6.401635287824220324e-03,5.389680426165948876e-03
1.341999999999999993e+01,5.965363708039581048e-02,1.960404755080486644e-03,9.383859581645236370e-01,2.301903764918451223e-01,1.299611016660239373e-03,7.685100124914946429e-01,9.891651198569164638e-01,6.317771595803681368e-03,4.517108547279854829e-03,9.882180835135281338e-01,6.398902542586675825e-03,5.383013943885190354e-03
1.342500000000000071e+01,5.969256651149111581e-02,1.961267840023794059e-03,9.383461656484850533e-01,2.303550462988183667e-01,1.299784069318911947e-03,7.683451696318626123e-01,9.891734864480611344e-01,6.315066121476239913e-03,4.511447430462625641e-03,9.882274706857014923e-01,6.396172321194122830e-03,5.376356993104384856e-03
1.342999999999999972e+01,5.973159259559186751e-02,1.962132583715980611e-03,9.383062748206920656e-01,2.305196768970082799e-01,1.299957466679506910e-03,7.681803656363122013e-01,9.891818420987926741e-01,6.312363306464210434e-03,4.505794594743115465e-03,9.882368458111271403e-01,6.393444625132076176e-03,5.369709563740783509e-03
1.343500000000000050e+01,5.977071555561042776e-02,1.962998983605308400e-03,9.382662854607842773e-01,2.306842683133017990e-01,1.300131207929890263e-03,7.680156004787682678e-01,9.891901868183233804e-01,6.309663151358673068e-03,4.500150030317946574e-03,9.882462088984412807e-01,6.390719455857306330e-03,5.363071645701412982e-03
1.344000000000000128e+01,5.980993561445016593e-02,1.963867037150932721e-03,9.382261973483989603e-01,2.308488205745028998e-01,1.300305292260093811e-03,7.678508741332369381e-01,9.891985206158988575e-01,6.306965656726567539e-03,4.494513727374574961e-03,9.882555599563435100e-01,6.387996814798681602e-03,5.356443228857808367e-03
1.344500000000000028e+01,5.984925299499335716e-02,1.964736741822904666e-03,9.381860102631837117e-01,2.310133337073454474e-01,1.300479718862389972e-03,7.676861865737921731e-01,9.892068435008045668e-01,6.304270823111023624e-03,4.488885676084409561e-03,9.882648989935737260e-01,6.385276703357033699e-03,5.349824303069240262e-03
1.344999999999999929e+01,5.988866792011992429e-02,1.965608095102118653e-03,9.381457239847779128e-01,2.311778077384872288e-01,1.300654486931222386e-03,7.675215377745816525e-01,9.892151554823613857e-01,6.301578651031334265e-03,4.483265866607280027e-03,9.882742260189354422e-01,6.382559122905339874e-03,5.343214858159217942e-03
1.345500000000000007e+01,5.992818061269730712e-02,1.966481094480119433e-03,9.381053382928224993e-01,2.313422426945108135e-01,1.300829595663242780e-03,7.673569277098258867e-01,9.892234565699283833e-01,6.298889140982954701e-03,4.477654289088662046e-03,9.882835410412738053e-01,6.379844074788650066e-03,5.336614883937544629e-03
1.346000000000000085e+01,5.996779129558205135e-02,1.967355737459136784e-03,9.380648529669588509e-01,2.315066386019267175e-01,1.301005044257275622e-03,7.671923563538161073e-01,9.892317467728990454e-01,6.296202293438189421e-03,4.472050933662765140e-03,9.882928440694924710e-01,6.377131560324703595e-03,5.330024370182825412e-03
1.346499999999999986e+01,6.000750019161352200e-02,1.968232021552025236e-03,9.380242677868344536e-01,2.316709954871642441e-01,1.301180831914285812e-03,7.670278236809213723e-01,9.892400261007079365e-01,6.293518108845699496e-03,4.466455790446363996e-03,9.883021351125380605e-01,6.374421580803850233e-03,5.323443306658089298e-03
1.346999999999999886e+01,6.004730752363399149e-02,1.969109944282142199e-03,9.379835825320839149e-01,2.318353133765882201e-01,1.301356957837457827e-03,7.668633296655742448e-01,9.892482945628189306e-01,6.290836587631171324e-03,4.460868849549898089e-03,9.883114141794115959e-01,6.371714137489228880e-03,5.316871683099175239e-03
1.347500000000000142e+01,6.008721351447261078e-02,1.969989503183323682e-03,9.379427969823440625e-01,2.319995922964821489e-01,1.301533421232085137e-03,7.666988742822857805e-01,9.892565521687346486e-01,6.288157730197071159e-03,4.455290101068280252e-03,9.883206812791612839e-01,6.369009231616918482e-03,5.310309489221797657e-03
1.348000000000000043e+01,6.012721838694480569e-02,1.970870695799698240e-03,9.379019109172554991e-01,2.321638322730609771e-01,1.301710221305645444e-03,7.665344575056333154e-01,9.892647989279944598e-01,6.285481536923129102e-03,4.449719535082411088e-03,9.883299364208832927e-01,6.366306864396147069e-03,5.303756714720560261e-03
1.348499999999999943e+01,6.016732236385831378e-02,1.971753519685840936e-03,9.378609241164558297e-01,2.323280333324624358e-01,1.301887357267727825e-03,7.663700793102697917e-01,9.892730348501669324e-01,6.282808008166023382e-03,4.444157141667044210e-03,9.883391796137253049e-01,6.363607037009330787e-03,5.297213349265364295e-03
1.349000000000000021e+01,6.020752566801640393e-02,1.972637972406473227e-03,9.378198363595772191e-01,2.324921955007524521e-01,1.302064828330071764e-03,7.662057396709175405e-01,9.892812599448617128e-01,6.280137144260236441e-03,4.438602910878050763e-03,9.883484108668818546e-01,6.360909750612404358e-03,5.290679382505741012e-03
1.349500000000000099e+01,6.024782852221476082e-02,1.973524051536525419e-03,9.377786474262487237e-01,2.326563188039250107e-01,1.302242633706540914e-03,7.660414385623683931e-01,9.892894742217182014e-01,6.277468945517457322e-03,4.433056832764341315e-03,9.883576301895894423e-01,6.358215006335082159e-03,5.284154804075475581e-03
1.350000000000000000e+01,6.028823114924167226e-02,1.974411754661082024e-03,9.377373570960972904e-01,2.328204032679017099e-01,1.302420772613117460e-03,7.658771759594851236e-01,9.892976776904092162e-01,6.274803412227107288e-03,4.427518897363676501e-03,9.883668375911420778e-01,6.355522805280676077e-03,5.277639603577246111e-03
1.350499999999999901e+01,6.032873377187018826e-02,1.975301079375293718e-03,9.376959651487545289e-01,2.329844489185300960e-01,1.302599244267895395e-03,7.657129518372020049e-01,9.893058703606425475e-01,6.272140544656585291e-03,4.421989094700867241e-03,9.883760330808673000e-01,6.352833148526350511e-03,5.271133770606349460e-03
1.350999999999999979e+01,6.036933661288124142e-02,1.976192023284111064e-03,9.376544713638346185e-01,2.331484557815858838e-01,1.302778047891077918e-03,7.655487661705230318e-01,9.893140522421581817e-01,6.269480343051078881e-03,4.416467414790739392e-03,9.883852166681554863e-01,6.350146037123513554e-03,5.264637294721000171e-03
1.351500000000000057e+01,6.041012163100668853e-02,1.977086007174061119e-03,9.376127923618192694e-01,2.333120273297281666e-01,1.302959472206000882e-03,7.653850131980657334e-01,9.893221965473421031e-01,6.266840811142316593e-03,4.410962641515580283e-03,9.883943617220848354e-01,6.347479487288519052e-03,5.258158790626645505e-03
1.351999999999999957e+01,6.045119787150127905e-02,1.977984901052780905e-03,9.375708172274458407e-01,2.334746357835370822e-01,1.303146562902301846e-03,7.652222176535605769e-01,9.893302676952889785e-01,6.264245874399520554e-03,4.405486430311500966e-03,9.884034328691062576e-01,6.344857441866526629e-03,5.251709689027215730e-03
1.352500000000000036e+01,6.049237474817621696e-02,1.978885368306825682e-03,9.375287398835169261e-01,2.336372069602772883e-01,1.303333973714212394e-03,7.650594590660085847e-01,9.893383282977636917e-01,6.261653482169296514e-03,4.400018220067011820e-03,9.884124923533348372e-01,6.342237824265676248e-03,5.245269822399486505e-03
1.353000000000000114e+01,6.053365247573972568e-02,1.979787406636309040e-03,9.374865601176239904e-01,2.337997408844481040e-01,1.303521703892279509e-03,7.648967374116596440e-01,9.893463783643273723e-01,6.259063634757331372e-03,4.394558000915296282e-03,9.884215401840709125e-01,6.339620635565238263e-03,5.238839180363849199e-03
1.353500000000000014e+01,6.057503126889158401e-02,1.980691013750428015e-03,9.374442777173579433e-01,2.339622375804705778e-01,1.303709752688996318e-03,7.647340526668403582e-01,9.893544179045619114e-01,6.256476332448438968e-03,4.389105762989649676e-03,9.884305763706633385e-01,6.337005876819496071e-03,5.232417752517165392e-03
1.353999999999999915e+01,6.061651134230282290e-02,1.981596187367702048e-03,9.374018924703294564e-01,2.341246970727005883e-01,1.303898119358876031e-03,7.645714048079406133e-01,9.893624469280931644e-01,6.253891575506716205e-03,4.383661496400119428e-03,9.884396009224931667e-01,6.334393549058730567e-03,5.226005528448102698e-03
1.354499999999999993e+01,6.065809291064278019e-02,1.982502925215739661e-03,9.373594041641414298e-01,2.342871193854215717e-01,1.304086803158402506e-03,7.644087938114200176e-01,9.893704654445644175e-01,6.251309364175740811e-03,4.378225191259841644e-03,9.884486138489938511e-01,6.331783653289020652e-03,5.219602497717128198e-03
1.355000000000000071e+01,6.069977618855756929e-02,1.983411225031182952e-03,9.373168125864111966e-01,2.344495045428473257e-01,1.304275803346037184e-03,7.642462196538066799e-01,9.893784734636539291e-01,6.248729698678563531e-03,4.372796837667507382e-03,9.884576151596283777e-01,6.329176190492032464e-03,5.213208649879589804e-03
1.355499999999999972e+01,6.074156139067247995e-02,1.984321084559752257e-03,9.372741175247678580e-01,2.346118525691194279e-01,1.304465119182202613e-03,7.640836823116983201e-01,9.893864709950705993e-01,6.246152579218051601e-03,4.367376425711349056e-03,9.884666048639159097e-01,6.326571161626004698e-03,5.206823974458085584e-03
1.356000000000000050e+01,6.078344873159993722e-02,1.985232501556082226e-03,9.372313187668439571e-01,2.347741634883078743e-01,1.304654749929269435e-03,7.639211817617629352e-01,9.893944580485456441e-01,6.243578005976806351e-03,4.361963945477549502e-03,9.884755829714007014e-01,6.323968567625013089e-03,5.200448460974285529e-03
1.356500000000000128e+01,6.082543842594270722e-02,1.986145473783669339e-03,9.371884161002737024e-01,2.349364373244169080e-01,1.304844694851584139e-03,7.637587179807314719e-01,9.894024346338463616e-01,6.241005979117444230e-03,4.356559387036194192e-03,9.884845494916777442e-01,6.321368409399744960e-03,5.194082098922510847e-03
1.357000000000000028e+01,6.086753068827709112e-02,1.987059999014985107e-03,9.371454093127079554e-01,2.350986741013757486e-01,1.305034953215411823e-03,7.635962909454088177e-01,9.894104007607618101e-01,6.238436498782484914e-03,4.351162740455704996e-03,9.884935044343780008e-01,6.318770687837127129e-03,5.187724877784872027e-03
1.357499999999999929e+01,6.090972573318499672e-02,1.987976075031009423e-03,9.371022981917840333e-01,2.352608738430489732e-01,1.305225524288983674e-03,7.634339006326620325e-01,9.894183564391133556e-01,6.235869565094924634e-03,4.345773995791719739e-03,9.885024478091702926e-01,6.316175403801014589e-03,5.181376787028692775e-03
1.358000000000000007e+01,6.095202377520945319e-02,1.988893699621723660e-03,9.370590825251687850e-01,2.354230365732301600e-01,1.305416407342458373e-03,7.632715470194273433e-01,9.894263016787492315e-01,6.233305178157915252e-03,4.340393143092853220e-03,9.885113796257696261e-01,6.313582558131896477e-03,5.175037816098477378e-03
1.358500000000000085e+01,6.099442502889261541e-02,1.989812870585625382e-03,9.370157621005217319e-01,2.355851623156406116e-01,1.305607601647897379e-03,7.631092300827114761e-01,9.894342364895418740e-01,6.230743338054917785e-03,4.335020172403208222e-03,9.885202998939179864e-01,6.310992151647271640e-03,5.168707954434741993e-03
1.358999999999999986e+01,6.103692970875849999e-02,1.990733585729826359e-03,9.369723367055116103e-01,2.357472510939361832e-01,1.305799106479303738e-03,7.629469497995844396e-01,9.894421608813931401e-01,6.228184044850374607e-03,4.329655073756485256e-03,9.885292086234065412e-01,6.308404185141698942e-03,5.162387191451759880e-03
1.359499999999999886e+01,6.107953802932530873e-02,1.991655842870008759e-03,9.369288061278047142e-01,2.359093029317038681e-01,1.305990921112588909e-03,7.627847061471835222e-01,9.894500748642311994e-01,6.225627298589156942e-03,4.324297837179643701e-03,9.885381058240592100e-01,6.305818659386988947e-03,5.156075516553801016e-03
1.360000000000000142e+01,6.112225020508023354e-02,1.992579639830385253e-03,9.368851701550894306e-01,2.360713178524596056e-01,1.306183044825559103e-03,7.626224991027148459e-01,9.894579784480118656e-01,6.223073099296918750e-03,4.318948452691215648e-03,9.885469915057397694e-01,6.303235575132024385e-03,5.149772919128206214e-03
1.360500000000000043e+01,6.116506645051776603e-02,1.993504974443522509e-03,9.368414285750387149e-01,2.362332958796529436e-01,1.306375476897934365e-03,7.624603286434491478e-01,9.894658716427124912e-01,6.220521446980420248e-03,4.313606910307088600e-03,9.885558656783446363e-01,6.300654933103741993e-03,5.143479388551621713e-03
1.360999999999999943e+01,6.120798698010249117e-02,1.994431844550424889e-03,9.367975811753470605e-01,2.363952370366644851e-01,1.306568216611322768e-03,7.622981947467242225e-01,9.894737544583448452e-01,6.217972341627500156e-03,4.308273200027654647e-03,9.885647283518113060e-01,6.298076734006066539e-03,5.137194914182627477e-03
1.361500000000000021e+01,6.125101200829392856e-02,1.995360248000418221e-03,9.367536277437056302e-01,2.365571413468065542e-01,1.306761263249212827e-03,7.621360973899441449e-01,9.894816269049324653e-01,6.215425783207081771e-03,4.302947311860452935e-03,9.885735795361163536e-01,6.295500978521169355e-03,5.130919485362477050e-03
1.362000000000000099e+01,6.129414174953362604e-02,1.996290182651067838e-03,9.367095680678153569e-01,2.367190088333248899e-01,1.306954616096972846e-03,7.619740365505781599e-01,9.894894889925407444e-01,6.212881771669468735e-03,4.297629235789786860e-03,9.885824192412613343e-01,6.292927667308957466e-03,5.124653091429708270e-03
1.362500000000000000e+01,6.133737641825788567e-02,1.997221646368191154e-03,9.366654019353739535e-01,2.368808395193972294e-01,1.307148274441858292e-03,7.618120122061609045e-01,9.894973407312454006e-01,6.210340306946407485e-03,4.292318961808191946e-03,9.885912474772976521e-01,6.290356801007207163e-03,5.118395721695140690e-03
1.362999999999999901e+01,6.138071622888240098e-02,1.998154637025793476e-03,9.366211291340917899e-01,2.370426334281331704e-01,1.307342237572973846e-03,7.616500243342938514e-01,9.895051821311574569e-01,6.207801388951304095e-03,4.287016479891238990e-03,9.886000642543045780e-01,6.287788380232243145e-03,5.112147365463178862e-03
1.363499999999999979e+01,6.142416139582340673e-02,1.999089152505857669e-03,9.365767494516706870e-01,2.372043905825758914e-01,1.307536504781296608e-03,7.614880729126427550e-01,9.895130132024042569e-01,6.205265017578956259e-03,4.281721780016786889e-03,9.886088695823916916e-01,6.285222405578415501e-03,5.105908012029892855e-03
1.364000000000000057e+01,6.146771213346434448e-02,2.000025190698639498e-03,9.365322626758370017e-01,2.373661110057012080e-01,1.307731075359644867e-03,7.613261579189390948e-01,9.895208339551440080e-01,6.202731192706342593e-03,4.276434852149649420e-03,9.886176634717163125e-01,6.282658877618549874e-03,5.099677650665137597e-03
1.364499999999999957e+01,6.151136865619155625e-02,2.000962749502223966e-03,9.364876685943062107e-01,2.375277947204203766e-01,1.307925948602714755e-03,7.611642793309768562e-01,9.895286443995506831e-01,6.200199914192048439e-03,4.271155686257268463e-03,9.886264459324536347e-01,6.280097796904045467e-03,5.093456270642319865e-03
1.365000000000000036e+01,6.155513117837990711e-02,2.001901826822660626e-03,9.364429669947973434e-01,2.376894417495735712e-01,1.308121123807005426e-03,7.610024371266194132e-01,9.895364445458317837e-01,6.197671181876931133e-03,4.265884272291285174e-03,9.886352169748289231e-01,6.277539163965143929e-03,5.087243861205932929e-03
1.365500000000000114e+01,6.159899991438487488e-02,2.002842420573990902e-03,9.363981576650410865e-01,2.378510521159411806e-01,1.308316600270881518e-03,7.608406312837879826e-01,9.895442344042104654e-01,6.195144995583825101e-03,4.260620600205709471e-03,9.886439766090915349e-01,6.274982979310682156e-03,5.081040411597782976e-03
1.366000000000000014e+01,6.164297507855547031e-02,2.003784528678045993e-03,9.363532403927665726e-01,2.380126258422289309e-01,1.308512377294507442e-03,7.606788617804766117e-01,9.895520139849326435e-01,6.192621355117989418e-03,4.255364659949367051e-03,9.886527248455245775e-01,6.272429243428678629e-03,5.074845911046743825e-03
1.366499999999999915e+01,6.168705688522942154e-02,2.004728149064401339e-03,9.363082149657061537e-01,2.381741629510848446e-01,1.308708454179901594e-03,7.605171285947353033e-01,9.895597832982738762e-01,6.190100260266831120e-03,4.250116441459292696e-03,9.886614616944500167e-01,6.269877956786095753e-03,5.068660348763887567e-03
1.366999999999999993e+01,6.173124554872946174e-02,2.005673279670466391e-03,9.362630811716000645e-01,2.383356634650857786e-01,1.308904830230872823e-03,7.603554317046834488e-01,9.895675423545252647e-01,6.187581710800580011e-03,4.244875934674155298e-03,9.886701871662108010e-01,6.267329119829388902e-03,5.062483713959810110e-03
1.367500000000000071e+01,6.177554128337642975e-02,2.006619918441265599e-03,9.362178387981822114e-01,2.384971274067469726e-01,1.309101504753066832e-03,7.601937710884999477e-01,9.895752911640028904e-01,6.185065706471841104e-03,4.239643129525268520e-03,9.886789012711978408e-01,6.264782732984036304e-03,5.056315995818122869e-03
1.367999999999999972e+01,6.181994430345977287e-02,2.007568063329547275e-03,9.361724876332107037e-01,2.386585547985134448e-01,1.309298477053908501e-03,7.600321467244327556e-01,9.895830297370442619e-01,6.182552247016226930e-03,4.234418015939511205e-03,9.886876040198180338e-01,6.262238796655165279e-03,5.050157183526800958e-03
1.368500000000000050e+01,6.186445482328555012e-02,2.008517712295537251e-03,9.361270274644190037e-01,2.388199456627712602e-01,1.309495746442632894e-03,7.598705585907860049e-01,9.895907580840092033e-01,6.180041332151845791e-03,4.229200583838950943e-03,9.886962954225207989e-01,6.259697311227518414e-03,5.044007266251682685e-03
1.369000000000000128e+01,6.190907305713118369e-02,2.009468863307121902e-03,9.360814580795616680e-01,2.389813000218367622e-01,1.309693312230269862e-03,7.597090066659328844e-01,9.895984762152757463e-01,6.177532961580006927e-03,4.223990823144246724e-03,9.887049754897814235e-01,6.257158277065594937e-03,5.037866233152981515e-03
1.369500000000000028e+01,6.195379921926386091e-02,2.010421514339594436e-03,9.360357792663965837e-01,2.391426178979625949e-01,1.309891173729620844e-03,7.595474909283078668e-01,9.896061841412473470e-01,6.175027134984975921e-03,4.218788723767677093e-03,9.887136442321097229e-01,6.254621694513635109e-03,5.031734073376641948e-03
1.369999999999999929e+01,6.199863352395107441e-02,2.011375663375683520e-03,9.359899908126732004e-01,2.393038993133412007e-01,1.310089330255302447e-03,7.593860113564034897e-01,9.896138818723473340e-01,6.172523852034349397e-03,4.213594275618316558e-03,9.887223016600446002e-01,6.252087563895967169e-03,5.025610776059432662e-03
1.370500000000000007e+01,6.204357618543993036e-02,2.012331308405528561e-03,9.359440925061546235e-01,2.394651442900916916e-01,1.310287781123644323e-03,7.592245679287846771e-01,9.896215694190179102e-01,6.170023112378870273e-03,4.208407468603219542e-03,9.887309477841507155e-01,6.249555885517257998e-03,5.019496330332026517e-03
1.371000000000000085e+01,6.208862741796972173e-02,2.013288447426653249e-03,9.358980841346036250e-01,2.396263528502770579e-01,1.310486525652804733e-03,7.590631606240700879e-01,9.896292467917213731e-01,6.167524915652853636e-03,4.203228292625773264e-03,9.887395826150319200e-01,6.247026659661953675e-03,5.013390725306126304e-03
1.371499999999999986e+01,6.213378743577378099e-02,2.014247078443784714e-03,9.358519654857824221e-01,2.397875250158922888e-01,1.310685563162656934e-03,7.589017894209451054e-01,9.896369140009415588e-01,6.165029261473971636e-03,4.198056737584469553e-03,9.887482061633147135e-01,6.244499886595152906e-03,5.007293950090133637e-03
1.371999999999999886e+01,6.217905645306567169e-02,2.015207199468991000e-03,9.358057363474653334e-01,2.399486608088711170e-01,1.310884892974876776e-03,7.587404542981539546e-01,9.896445710571820653e-01,6.162536149443580483e-03,4.192892793374354207e-03,9.887568184396540172e-01,6.241975566562455238e-03,5.001205993783527579e-03
1.372500000000000142e+01,6.222443468406356482e-02,2.016168808521455556e-03,9.357593965074150200e-01,2.401097602510833262e-01,1.311084514412854882e-03,7.585791552345038102e-01,9.896522179709652534e-01,6.160045579146893914e-03,4.187736449887852729e-03,9.887654194547369491e-01,6.239453699790006164e-03,4.995126845473044780e-03
1.373000000000000043e+01,6.226992234296255257e-02,2.017131903627521466e-03,9.357129457534099082e-01,2.402708233643334745e-01,1.311284426801736982e-03,7.584178922088647967e-01,9.896598547528316914e-01,6.157557550152795850e-03,4.182587697015512779e-03,9.887740092192761621e-01,6.236934286484877021e-03,4.989056494238960915e-03
1.373499999999999943e+01,6.231551964395816434e-02,2.018096482820654590e-03,9.356663838732210969e-01,2.404318501703635036e-01,1.311484629468400928e-03,7.582566652001681007e-01,9.896674814133477049e-01,6.155072062014287949e-03,4.177446524638007107e-03,9.887825877440218347e-01,6.234417326834599225e-03,4.982994929143566044e-03
1.374000000000000021e+01,6.236122680122573730e-02,2.019062544141427083e-03,9.356197106546328968e-01,2.405928406908544592e-01,1.311685121741467536e-03,7.580954741874040836e-01,9.896750979630875023e-01,6.152589114268381190e-03,4.172312922644116559e-03,9.887911550397386895e-01,6.231902821008014279e-03,4.976942139253296218e-03
1.374500000000000099e+01,6.240704402894448055e-02,2.020030085637267159e-03,9.355729258854182939e-01,2.407537949474203853e-01,1.311885902951276514e-03,7.579343191496283882e-01,9.896827044126519368e-01,6.150108706436142707e-03,4.167186880911920473e-03,9.887997111172265319e-01,6.229390769154924228e-03,4.970898113618543897e-03
1.375000000000000000e+01,6.245297154126909500e-02,2.020999105362676802e-03,9.355260293533682603e-01,2.409147129616184269e-01,1.312086972429892971e-03,7.577732000659516132e-01,9.896903007726584045e-01,6.147630838023179778e-03,4.162068389318415718e-03,9.888082559873148103e-01,6.226881171406423859e-03,4.964862841278765843e-03
1.375499999999999901e+01,6.249900955235985350e-02,2.021969601379039645e-03,9.354790208462611112e-01,2.410755947549371170e-01,1.312288329511086815e-03,7.576121169155517476e-01,9.896978870537390671e-01,6.145155508519202676e-03,4.156957437741730203e-03,9.888167896608506258e-01,6.224374027875103667e-03,4.958836311274270568e-03
1.375999999999999979e+01,6.254515827634819780e-02,2.022941571754615763e-03,9.354319001518971444e-01,2.412364403488113096e-01,1.312489973530365280e-03,7.574510696776582952e-01,9.897054632665499563e-01,6.142682717398633557e-03,4.151854016051410162e-03,9.888253121487213804e-01,6.221869338654501674e-03,4.952818512624117958e-03
1.376500000000000057e+01,6.259141792737872578e-02,2.023915014564441495e-03,9.353846670580567846e-01,2.413972497646033888e-01,1.312691903824899200e-03,7.572900583315717027e-01,9.897130294217597601e-01,6.140212464120437322e-03,4.146758114119802538e-03,9.888338234618260225e-01,6.219367103820243152e-03,4.946809434353734332e-03
1.376999999999999957e+01,6.263778871957131900e-02,2.024889927890390160e-03,9.353373213525383312e-01,2.415580230236215598e-01,1.312894119733594564e-03,7.571290828566448194e-01,9.897205855300557076e-01,6.137744748128215293e-03,4.141669721816077128e-03,9.888423236110983616e-01,6.216867323429626016e-03,4.940809065472012360e-03
1.377500000000000036e+01,6.268427086704836393e-02,2.025866309820966056e-03,9.352898628231307576e-01,2.417187601471079139e-01,1.313096620597009470e-03,7.569681432322951098e-01,9.897281316021447894e-01,6.135279568850473229e-03,4.136588829004737324e-03,9.888508126074999627e-01,6.214369997521233119e-03,4.934817394978804200e-03
1.378000000000000114e+01,6.273086458390977893e-02,2.026844158451480971e-03,9.352422912576388025e-01,2.418794611562480878e-01,1.313299405757434790e-03,7.568072394379945500e-01,9.897356676487418792e-01,6.132816925700534591e-03,4.131515425557586232e-03,9.888592904620097102e-01,6.211875126116270587e-03,4.928834411874019258e-03
1.378500000000000014e+01,6.277757008425549623e-02,2.027823471883785297e-03,9.351946064438607653e-01,2.420401260721611880e-01,1.313502474558800488e-03,7.566463714532800644e-01,9.897431936805923813e-01,6.130356818076763449e-03,4.126449501330855217e-03,9.888677571856416826e-01,6.209382709217555613e-03,4.922860105140761805e-03
1.378999999999999915e+01,6.282438758217025188e-02,2.028804248226378625e-03,9.351468081696033829e-01,2.422007549159071738e-01,1.313705826346730707e-03,7.564855392577460869e-01,9.897507097084484728e-01,6.127899245362688520e-03,4.121391046188838635e-03,9.888762127894251686e-01,6.206892746810239829e-03,4.916894463764591612e-03
1.379499999999999993e+01,6.287131729174164074e-02,2.029786485594193765e-03,9.350988962226641776e-01,2.423613477084873291e-01,1.313909460468529015e-03,7.563247428310441167e-01,9.897582157430834249e-01,6.125444206927029185e-03,4.116340049989545939e-03,9.888846572844217642e-01,6.204405238861541300e-03,4.910937476716694533e-03
1.380000000000000071e+01,6.291835942703409568e-02,2.030770182108877775e-03,9.350508703908571029e-01,2.425219044708377125e-01,1.314113376273139599e-03,7.561639821528890471e-01,9.897657117952797234e-01,6.122991702123800443e-03,4.111296502596476117e-03,9.888930906817130495e-01,6.201920185321277076e-03,4.904989132965673418e-03
1.380499999999999972e+01,6.296551420211221606e-02,2.031755335898341366e-03,9.350027304619894508e-01,2.426824252238417301e-01,1.314317573111202552e-03,7.560032572030470632e-01,9.897731978758433913e-01,6.120541730292502862e-03,4.106260393864105858e-03,9.889015129924046965e-01,6.199437586121880547e-03,4.899049421473422941e-03
1.381000000000000050e+01,6.301278183102426711e-02,2.032741945097008701e-03,9.349544762238787277e-01,2.428429099883106512e-01,1.314522050334952829e-03,7.558425679613542947e-01,9.897806739955888888e-01,6.118094290758176353e-03,4.101231713652934811e-03,9.889099242276239154e-01,6.196957441178077043e-03,4.893118331198007508e-03
1.381500000000000128e+01,6.306016252782091491e-02,2.033730007845656936e-03,9.349061074643334468e-01,2.430033587850069510e-01,1.314726807298323029e-03,7.556819144076948325e-01,9.897881401653521038e-01,6.115649382831300426e-03,4.096210451816595724e-03,9.889183243985343319e-01,6.194479750387410326e-03,4.887195851078257776e-03
1.382000000000000028e+01,6.310765650652845615e-02,2.034719522291362007e-03,9.348576239711801072e-01,2.431637716346259637e-01,1.314931843356863814e-03,7.555212965220171606e-01,9.897955963959824688e-01,6.113207005808351906e-03,4.091196598209179310e-03,9.889267135163057887e-01,6.192004513630402183e-03,4.881281970063809129e-03
1.382499999999999929e+01,6.315526398118204154e-02,2.035710486587516844e-03,9.348090255322303310e-01,2.433241485578059304e-01,1.315137157867768414e-03,7.553607142843262734e-01,9.898030426983421837e-01,6.110767158971353030e-03,4.086190142686463300e-03,9.889350915921368834e-01,6.189531730770598400e-03,4.875376677092518179e-03
1.383000000000000007e+01,6.320298516579632431e-02,2.036702898893761986e-03,9.347603119353098400e-01,2.434844895751253901e-01,1.315342750189872623e-03,7.552001676746847858e-01,9.898104790833054389e-01,6.108329841588421363e-03,4.081191075106139696e-03,9.889434586372544134e-01,6.187061401654289465e-03,4.869479961091297167e-03
1.383500000000000085e+01,6.325082027437453625e-02,2.037696757375931800e-03,9.347114829682494630e-01,2.436447947071044839e-01,1.315548619683613819e-03,7.550396566732118231e-01,9.898179055617681854e-01,6.105895052913796681e-03,4.076199385318017912e-03,9.889518146629022732e-01,6.184593526111118594e-03,4.863591810986608172e-03
1.383999999999999986e+01,6.329876952091903486e-02,2.038692060206012853e-03,9.346625384188749219e-01,2.438050639742032066e-01,1.315754765711082139e-03,7.548791812600856854e-01,9.898253221446368100e-01,6.103462792187495760e-03,4.071215063175694267e-03,9.889601596803455630e-01,6.182128103954124231e-03,4.857712215700312787e-03
1.384499999999999886e+01,6.334683311942668205e-02,2.039688805562063674e-03,9.346134780750112725e-01,2.439652973968198801e-01,1.315961187635931355e-03,7.547187414155442919e-01,9.898327288428312443e-01,6.101033058636014944e-03,4.066238098532740791e-03,9.889684937008756949e-01,6.179665134979478100e-03,4.851841164144827037e-03
1.385000000000000142e+01,6.339501128386966500e-02,2.040686991628318844e-03,9.345643017245020001e-01,2.441254949952965658e-01,1.316167884823478190e-03,7.545583371198799627e-01,9.898401256672860749e-01,6.098605851472155802e-03,4.061268481241769347e-03,9.889768167358004014e-01,6.177204618967186041e-03,4.845978645232412556e-03
1.385500000000000043e+01,6.344330422822812288e-02,2.041686616594976487e-03,9.345150091551769345e-01,2.442856567899188702e-01,1.316374856640618613e-03,7.543979683534405289e-01,9.898475126289466575e-01,6.096181169894869870e-03,4.056306201158472666e-03,9.889851287964515070e-01,6.174746555680469574e-03,4.840124647868023454e-03
1.385999999999999943e+01,6.349171216646287697e-02,2.042687678658191772e-03,9.344656001548788948e-01,2.444457828009071743e-01,1.316582102455839121e-03,7.542376350966368825e-01,9.898548897387766665e-01,6.093759013089999378e-03,4.051351248133334103e-03,9.889934298941840396e-01,6.172290944866666226e-03,4.834279160949294177e-03
1.386500000000000021e+01,6.354023531253064072e-02,2.043690176020154532e-03,9.344160745114492572e-01,2.446058730484346189e-01,1.316789621639256197e-03,7.540773373299261007e-01,9.898622570077483251e-01,6.091339380229689182e-03,4.046403612021985674e-03,9.890017200403691255e-01,6.169837786256581608e-03,4.828442173374292851e-03
1.387000000000000099e+01,6.358887388037529065e-02,2.044694106888973479e-03,9.343664320127357259e-01,2.447659275526017364e-01,1.316997413562519823e-03,7.539170750338357596e-01,9.898696144468456248e-01,6.088922270472797889e-03,4.041463282681577278e-03,9.890099992463975420e-01,6.167387079565322949e-03,4.822613674037135034e-03
1.387500000000000000e+01,6.363762808393852444e-02,2.045699469478512705e-03,9.343166724465828965e-01,2.449259463334640952e-01,1.317205477598917991e-03,7.537568481889369565e-01,9.898769620670757607e-01,6.086507682965147659e-03,4.036530249959091599e-03,9.890182675236885990e-01,6.164938824491645979e-03,4.816793651819755058e-03
1.387999999999999901e+01,6.368649813714402641e-02,2.046706262008564283e-03,9.342667956008474661e-01,2.450859294110093733e-01,1.317413813123260481e-03,7.535966567758674017e-01,9.898842998794441517e-01,6.084095616839315171e-03,4.031604503716533158e-03,9.890265248836689338e-01,6.162493020718629727e-03,4.810982095612436477e-03
1.388499999999999979e+01,6.373548425391366290e-02,2.047714482704651381e-03,9.342168012633816909e-01,2.452458768051759275e-01,1.317622419511988146e-03,7.534365007753121013e-01,9.898916278949766445e-01,6.081686071214710554e-03,4.026686033808644927e-03,9.890347713377991568e-01,6.160049667913706020e-03,4.805178994287137226e-03
1.389000000000000057e+01,6.378472796046361082e-02,2.048725979580139599e-03,9.341665460599561932e-01,2.454050867138234671e-01,1.317835330381050916e-03,7.532770779557954599e-01,9.898989009846885789e-01,6.079309790712509112e-03,4.021789224598911958e-03,9.890429620143894596e-01,6.157639556763406553e-03,4.799398428847133878e-03
1.389499999999999957e+01,6.383458815170006684e-02,2.049745404779175842e-03,9.341156664435207313e-01,2.455617747738362278e-01,1.318062801460982269e-03,7.531201624247028104e-01,9.899060045545520214e-01,6.077044865179085688e-03,4.016950580268892866e-03,9.890509829726312763e-01,6.155340894771701640e-03,4.793676132597022091e-03
1.390000000000000036e+01,6.388456335556025323e-02,2.050766163366381060e-03,9.340646704810733336e-01,2.457184306066695634e-01,1.318290520890583227e-03,7.529632788724398562e-01,9.899130988466765535e-01,6.074782178116890086e-03,4.012118975206556415e-03,9.890589935437625879e-01,6.153044405364661851e-03,4.787962050872750230e-03
1.390500000000000114e+01,6.393465376492885044e-02,2.051788253680182032e-03,9.340135579813910738e-01,2.458750542295992103e-01,1.318518488096449403e-03,7.528064272823042913e-01,9.899201838713068691e-01,6.072521728986518715e-03,4.007294399706612213e-03,9.890669937385513366e-01,6.150750088510973691e-03,4.782256172937689696e-03
1.391000000000000014e+01,6.398485957265101498e-02,2.052811674064050976e-03,9.339623287532849982e-01,2.460316456598453105e-01,1.318746702506568089e-03,7.526496076376482103e-01,9.899272596386985423e-01,6.070263517236256651e-03,4.002476844065201017e-03,9.890749835677954405e-01,6.148457944164972301e-03,4.776558488039587234e-03
1.391499999999999915e+01,6.403518097153118593e-02,2.053836422866218460e-03,9.339109826056025687e-01,2.461882049145657780e-01,1.318975163550317395e-03,7.524928199218838820e-01,9.899343261591232457e-01,6.068007542302519125e-03,3.997666298574235194e-03,9.890829630423048080e-01,6.146167972266552114e-03,4.770868985428639887e-03
1.391999999999999993e+01,6.408561815435118159e-02,2.054862498439931438e-03,9.338595193472088996e-01,2.463447320108741456e-01,1.319203870658517200e-03,7.523360641184673181e-01,9.899413834428486547e-01,6.065753803609894024e-03,3.992862753541451259e-03,9.890909321729036696e-01,6.143880172740975171e-03,4.765187654355355212e-03
1.392500000000000071e+01,6.413617131383271552e-02,2.055889899143271971e-03,9.338079387870239501e-01,2.465012269658163613e-01,1.319432823263320519e-03,7.521793402109203663e-01,9.899484315001723100e-01,6.063502300570967549e-03,3.988066199256722413e-03,9.890988909704397924e-01,6.141594545499773176e-03,4.759514484060434376e-03
1.392999999999999972e+01,6.418684064267038414e-02,2.056918623339137279e-03,9.337562407339904391e-01,2.466576897963908832e-01,1.319662020798317370e-03,7.520226481828107268e-01,9.899554703413838697e-01,6.061253032586959126e-03,3.983276626029171215e-03,9.891068394457684931e-01,6.139311090439892281e-03,4.753849463791614584e-03
1.393500000000000050e+01,6.423762633352694817e-02,2.057948669395245379e-03,9.337044249970778420e-01,2.468141205195354959e-01,1.319891462698455408e-03,7.518659880177659405e-01,9.899624999767924205e-01,6.059005999046898280e-03,3.978494024160681222e-03,9.891147776097622968e-01,6.137029807444472837e-03,4.748192582793230379e-03
1.394000000000000128e+01,6.428852857900568818e-02,2.058980035684068299e-03,9.336524913853102570e-01,2.469705191521376908e-01,1.320121148400083076e-03,7.517093596994622873e-01,9.899695204167131557e-01,6.056761199328641182e-03,3.973718383958203121e-03,9.891227054733165991e-01,6.134750696382521538e-03,4.742543830300879372e-03
1.394500000000000028e+01,6.433954757169388361e-02,2.060012720582783501e-03,9.336004397077233286e-01,2.471268857110271444e-01,1.320351077340910142e-03,7.515527632116318912e-01,9.899765316714730368e-01,6.054518632798476865e-03,3.968949695728486368e-03,9.891306230473335681e-01,6.132473757109156015e-03,4.736903195557275875e-03
1.394999999999999929e+01,6.439068350412724406e-02,2.061046722473316821e-03,9.335482697733994417e-01,2.472832202129793266e-01,1.320581248960013120e-03,7.513961985380606112e-01,9.899835337514055755e-01,6.052278298811128096e-03,3.964187949783296375e-03,9.891385303427329134e-01,6.130198989465858103e-03,4.731270667801228472e-03
1.395500000000000007e+01,6.444193656879490528e-02,2.062082039742290859e-03,9.334959813914627258e-01,2.474395226747135301e-01,1.320811662697842209e-03,7.512396656625887070e-01,9.899905266668533876e-01,6.050040196710067091e-03,3.959433136436545271e-03,9.891464273704563270e-01,6.127926393280283893e-03,4.725646236263389074e-03
1.396000000000000085e+01,6.449330695817308279e-02,2.063118670780809440e-03,9.334435743710460809e-01,2.475957931128971168e-01,1.321042317996221288e-03,7.510831645691066205e-01,9.899975104281710792e-01,6.047804325827542404e-03,3.954685246001378440e-03,9.891543141414443907e-01,6.125655968366390362e-03,4.720029890189218931e-03
1.396499999999999986e+01,6.454479486466850602e-02,2.064156613984729962e-03,9.333910485213468000e-01,2.477520315441427146e-01,1.321273214298310196e-03,7.509266952415589724e-01,9.900044850457192513e-01,6.045570685484466175e-03,3.949944268796282479e-03,9.891621906666717701e-01,6.123387714524673037e-03,4.714421618803556896e-03
1.396999999999999886e+01,6.459640048066753182e-02,2.065195867754476486e-03,9.333384036515780524e-01,2.479082379850064133e-01,1.321504351048638764e-03,7.507702576639450065e-01,9.900114505298659440e-01,6.043339274990720301e-03,3.945210195143335728e-03,9.891700569571122426e-01,6.121121631542198079e-03,4.708821411345559364e-03
1.397500000000000142e+01,6.464812399851255220e-02,2.066236430494847176e-03,9.332856395709925312e-01,2.480644124519952309e-01,1.321735727693087526e-03,7.506138518203115950e-01,9.900184068909927415e-01,6.041110093645177259e-03,3.940483015362081232e-03,9.891779130237597917e-01,6.118857719192658667e-03,4.703229257047549655e-03
1.398000000000000043e+01,6.469996561049970452e-02,2.067278300615358212e-03,9.332327560888848961e-01,2.482205549615551510e-01,1.321967343678855621e-03,7.504574776947660064e-01,9.900253541394841150e-01,6.038883140735617702e-03,3.935762719780267274e-03,9.891857588776182819e-01,6.116595977236541533e-03,4.697645145145176553e-03
1.398499999999999943e+01,6.475192550889821708e-02,2.068321476529855641e-03,9.331797530145719000e-01,2.483766655300863602e-01,1.322199198454520209e-03,7.503011352714591409e-01,9.900322922857297536e-01,6.036658415539169348e-03,3.931049298731077030e-03,9.891935945297170019e-01,6.114336405420695009e-03,4.692069064862303129e-03
1.399000000000000021e+01,6.480400388592062744e-02,2.069365956656720948e-03,9.331266301574225874e-01,2.485327441739312859e-01,1.322431291469976624e-03,7.501448245345986310e-01,9.900392213401392194e-01,6.034435917321939215e-03,3.926342742538841378e-03,9.892014199910804662e-01,6.112079003479586707e-03,4.686501005439947139e-03
1.399500000000000099e+01,6.485620093376244510e-02,2.070411739418632092e-03,9.330733873268188816e-01,2.486887909093796201e-01,1.322663622176446611e-03,7.499885454684439567e-01,9.900461413131189659e-01,6.032215645339240005e-03,3.921643041541794140e-03,9.892092352727585025e-01,6.109823771134193296e-03,4.680940956107304193e-03
1.400000000000000000e+01,6.490851684455513360e-02,2.071458823242766471e-03,9.330200243322021025e-01,2.488448057526684576e-01,1.322896190026489607e-03,7.498322980573051133e-01,9.900530522150877699e-01,6.029997598835945723e-03,3.916950186076284361e-03,9.892170403858152605e-01,6.107570708092622397e-03,4.675388906092117075e-03
