wavelength_um,R_plus,T_plus,A_plus,R_minus,T_minus,A_minus,emissivity_same_channel,eta,conservation_plus,conservation_minus
1.500000000000000000e+01,9.646433017763130779e-01,0.000000000000000000e+00,3.535669822368692206e-02,9.635687384049014259e-01,0.000000000000000000e+00,3.643126159509857409e-02,3.643126159509857409e-02,1.074563371411652035e-03,1.000000000000000000e+00,1.000000000000000000e+00
1.500200000000000067e+01,9.646430468113046386e-01,0.000000000000000000e+00,3.535695318869536141e-02,9.635431210142502145e-01,0.000000000000000000e+00,3.645687898574978547e-02,3.645687898574978547e-02,1.099925797054424059e-03,1.000000000000000000e+00,1.000000000000000000e+00
1.500399999999999956e+01,9.646414504372095022e-01,0.000000000000000000e+00,3.535854956279049777e-02,9.635152743217850757e-01,0.000000000000000000e+00,3.648472567821492429e-02,3.648472567821492429e-02,1.126176115424426527e-03,1.000000000000000000e+00,1.000000000000000000e+00
1.500600000000000023e+01,9.646384832357078887e-01,0.000000000000000000e+00,3.536151676429211133e-02,9.634851252857008497e-01,0.000000000000000000e+00,3.651487471429915033e-02,3.651487471429915033e-02,1.153357950007039001e-03,1.000000000000000000e+00,1.000000000000000000e+00
1.500799999999999912e+01,9.646341139814816890e-01,0.000000000000000000e+00,3.536588601851831104e-02,9.634525961655572290e-01,0.000000000000000000e+00,3.654740383444277096e-02,3.654740383444277096e-02,1.181517815924459924e-03,1.000000000000000000e+00,1.000000000000000000e+00
1.500999999999999979e+01,9.646283095456351653e-01,0.000000000000000000e+00,3.537169045436483472e-02,9.634176041948122604e-01,0.000000000000000000e+00,3.658239580518773959e-02,3.658239580518773959e-02,1.210705350822904869e-03,1.000000000000000000e+00,1.000000000000000000e+00
1.501200000000000045e+01,9.646210346762521537e-01,0.000000000000000000e+00,3.537896532374784631e-02,9.633800611189881069e-01,0.000000000000000000e+00,3.661993888101189309e-02,3.661993888101189309e-02,1.240973557264046789e-03,1.000000000000000000e+00,1.000000000000000000e+00
1.501399999999999935e+01,9.646122518902481291e-01,0.000000000000000000e+00,3.538774810975187091e-02,9.633398728165781799e-01,0.000000000000000000e+00,3.666012718342182009e-02,3.666012718342182009e-02,1.272379073669949179e-03,1.000000000000000000e+00,1.000000000000000000e+00
1.501600000000000001e+01,9.646019212631077311e-01,0.000000000000000000e+00,3.539807873689226891e-02,9.632969388013922218e-01,0.000000000000000000e+00,3.670306119860777816e-02,3.670306119860777816e-02,1.304982461715509245e-03,1.000000000000000000e+00,1.000000000000000000e+00
1.501800000000000068e+01,9.645900002287112196e-01,0.000000000000000000e+00,3.540999977128878040e-02,9.632511517099393572e-01,0.000000000000000000e+00,3.674884829006064280e-02,3.674884829006064280e-02,1.338848518771862395e-03,1.000000000000000000e+00,1.000000000000000000e+00
1.501999999999999957e+01,9.645764433776913283e-01,0.000000000000000000e+00,3.542355662230867175e-02,9.632023967622387328e-01,0.000000000000000000e+00,3.679760323776126718e-02,3.679760323776126718e-02,1.374046615452595432e-03,1.000000000000000000e+00,1.000000000000000000e+00
1.502200000000000024e+01,9.645612022138994046e-01,0.000000000000000000e+00,3.543879778610059539e-02,9.631505511562070687e-01,0.000000000000000000e+00,3.684944884379293129e-02,3.684944884379293129e-02,1.410651057692335897e-03,1.000000000000000000e+00,1.000000000000000000e+00
1.502399999999999913e+01,9.645442249187722306e-01,0.000000000000000000e+00,3.545577508122776944e-02,9.630954834398468556e-01,0.000000000000000000e+00,3.690451656015314441e-02,3.690451656015314441e-02,1.448741478925374970e-03,1.000000000000000000e+00,1.000000000000000000e+00
1.502599999999999980e+01,9.645254560768229402e-01,0.000000000000000000e+00,3.547454392317705985e-02,9.630370528192073731e-01,0.000000000000000000e+00,3.696294718079262687e-02,3.696294718079262687e-02,1.488403257615567021e-03,1.000000000000000000e+00,1.000000000000000000e+00
1.502800000000000047e+01,9.645048363644684875e-01,0.000000000000000000e+00,3.549516363553151255e-02,9.629751083985907956e-01,0.000000000000000000e+00,3.702489160140920443e-02,3.702489160140920443e-02,1.529727965877691886e-03,1.000000000000000000e+00,1.000000000000000000e+00
1.502999999999999936e+01,9.644823022706311422e-01,0.000000000000000000e+00,3.551769772936885783e-02,9.629094884202102911e-01,0.000000000000000000e+00,3.709051157978970892e-02,3.709051157978970892e-02,1.572813850420851089e-03,1.000000000000000000e+00,1.000000000000000000e+00
1.503200000000000003e+01,9.644577857367703233e-01,0.000000000000000000e+00,3.554221426322967670e-02,9.628400193995331202e-01,0.000000000000000000e+00,3.715998060046687979e-02,3.715998060046687979e-02,1.617766337237203089e-03,1.000000000000000000e+00,1.000000000000000000e+00
1.503400000000000070e+01,9.644312138207300489e-01,0.000000000000000000e+00,3.556878617926995112e-02,9.627665152503019907e-01,0.000000000000000000e+00,3.723348474969800925e-02,3.723348474969800925e-02,1.664698570428058133e-03,1.000000000000000000e+00,1.000000000000000000e+00
1.503599999999999959e+01,9.644025082958304074e-01,0.000000000000000000e+00,3.559749170416959263e-02,9.626887763187349512e-01,0.000000000000000000e+00,3.731122368126504885e-02,3.731122368126504885e-02,1.713731977095456216e-03,1.000000000000000000e+00,1.000000000000000000e+00
1.503800000000000026e+01,9.643715852596053129e-01,0.000000000000000000e+00,3.562841474039468714e-02,9.626065884048208288e-01,0.000000000000000000e+00,3.739341159517917124e-02,3.739341159517917124e-02,1.764996854784484093e-03,1.000000000000000000e+00,1.000000000000000000e+00
1.503999999999999915e+01,9.643383547223397523e-01,0.000000000000000000e+00,3.566164527766024772e-02,9.625197217428348440e-01,0.000000000000000000e+00,3.748027825716515604e-02,3.748027825716515604e-02,1.818632979504908320e-03,1.000000000000000000e+00,1.000000000000000000e+00
1.504199999999999982e+01,9.643027201375179436e-01,0.000000000000000000e+00,3.569727986248205642e-02,9.624279299100285678e-01,0.000000000000000000e+00,3.757207008997143216e-02,3.757207008997143216e-02,1.874790227489375738e-03,1.000000000000000000e+00,1.000000000000000000e+00
1.504400000000000048e+01,9.642645779790040006e-01,0.000000000000000000e+00,3.573542202099599940e-02,9.623309487801045004e-01,0.000000000000000000e+00,3.766905121989549965e-02,3.766905121989549965e-02,1.933629198899500246e-03,1.000000000000000000e+00,1.000000000000000000e+00
1.504599999999999937e+01,9.642238172496222504e-01,0.000000000000000000e+00,3.577618275037774964e-02,9.622284954167119597e-01,0.000000000000000000e+00,3.777150458328804028e-02,3.777150458328804028e-02,1.995321832910290638e-03,1.000000000000000000e+00,1.000000000000000000e+00
1.504800000000000004e+01,9.641803190217637098e-01,0.000000000000000000e+00,3.581968097823629016e-02,9.621202670258546252e-01,0.000000000000000000e+00,3.787973297414537477e-02,3.787973297414537477e-02,2.060051995909084610e-03,1.000000000000000000e+00,1.000000000000000000e+00
1.505000000000000071e+01,9.641339559871121567e-01,0.000000000000000000e+00,3.586604401288784327e-02,9.620059399633590358e-01,0.000000000000000000e+00,3.799406003664096421e-02,3.799406003664096421e-02,2.128016023753120933e-03,1.000000000000000000e+00,1.000000000000000000e+00
1.505199999999999960e+01,9.640845919962123256e-01,0.000000000000000000e+00,3.591540800378767440e-02,9.618851688118100762e-01,0.000000000000000000e+00,3.811483118818992377e-02,3.811483118818992377e-02,2.199423184402249376e-03,1.000000000000000000e+00,1.000000000000000000e+00
1.505400000000000027e+01,9.640320816658274339e-01,0.000000000000000000e+00,3.596791833417256612e-02,9.617575856331745943e-01,0.000000000000000000e+00,3.824241436682540574e-02,3.824241436682540574e-02,2.274496032652839617e-03,1.000000000000000000e+00,1.000000000000000000e+00
1.505599999999999916e+01,9.639762700126085493e-01,0.000000000000000000e+00,3.602372998739145071e-02,9.616227994074392216e-01,0.000000000000000000e+00,3.837720059256077842e-02,3.837720059256077842e-02,2.353470605169327712e-03,1.000000000000000000e+00,1.000000000000000000e+00
1.505799999999999983e+01,9.639169922222009523e-01,0.000000000000000000e+00,3.608300777779904767e-02,9.614803958166303621e-01,0.000000000000000000e+00,3.851960418336963787e-02,3.851960418336963787e-02,2.436596405570590207e-03,1.000000000000000000e+00,1.000000000000000000e+00
1.506000000000000050e+01,9.638540734670950627e-01,0.000000000000000000e+00,3.614592653290493729e-02,9.613299373582695484e-01,0.000000000000000000e+00,3.867006264173045160e-02,3.867006264173045160e-02,2.524136108825514313e-03,1.000000000000000000e+00,1.000000000000000000e+00
1.506199999999999939e+01,9.637873289344621730e-01,0.000000000000000000e+00,3.621267106553782700e-02,9.611709640303820468e-01,0.000000000000000000e+00,3.882903596961795323e-02,3.882903596961795323e-02,2.616364904080126230e-03,1.000000000000000000e+00,1.000000000000000000e+00
1.506400000000000006e+01,9.637165640381281095e-01,0.000000000000000000e+00,3.628343596187189046e-02,9.610029946609657259e-01,0.000000000000000000e+00,3.899700533903427413e-02,3.899700533903427413e-02,2.713569377162383667e-03,1.000000000000000000e+00,1.000000000000000000e+00
1.506600000000000072e+01,9.636415749313314016e-01,0.000000000000000000e+00,3.635842506866859836e-02,9.608255291127079101e-01,0.000000000000000000e+00,3.917447088729208993e-02,3.917447088729208993e-02,2.816045818623491570e-03,1.000000000000000000e+00,1.000000000000000000e+00
1.506799999999999962e+01,9.635621492977383129e-01,0.000000000000000000e+00,3.643785070226168710e-02,9.606380514783240399e-01,0.000000000000000000e+00,3.936194852167596014e-02,3.936194852167596014e-02,2.924097819414273047e-03,1.000000000000000000e+00,1.000000000000000000e+00
1.507000000000000028e+01,9.634780676449810066e-01,0.000000000000000000e+00,3.652193235501899338e-02,9.604400346392729659e-01,0.000000000000000000e+00,3.955996536072703407e-02,3.955996536072703407e-02,3.038033005708040690e-03,1.000000000000000000e+00,1.000000000000000000e+00
1.507199999999999918e+01,9.633891050635230435e-01,0.000000000000000000e+00,3.661089493647695647e-02,9.602309463242407750e-01,0.000000000000000000e+00,3.976905367575922501e-02,3.976905367575922501e-02,3.158158739282268535e-03,1.000000000000000000e+00,1.000000000000000000e+00
1.507399999999999984e+01,9.632950336485963660e-01,0.000000000000000000e+00,3.670496635140363395e-02,9.600102570436458427e-01,0.000000000000000000e+00,3.998974295635415732e-02,3.998974295635415732e-02,3.284776604950523371e-03,1.000000000000000000e+00,1.000000000000000000e+00
1.507600000000000051e+01,9.631956256475648903e-01,0.000000000000000000e+00,3.680437435243510969e-02,9.597774501557470028e-01,0.000000000000000000e+00,4.022254984425299718e-02,4.022254984425299718e-02,3.418175491817887490e-03,1.000000000000000000e+00,1.000000000000000000e+00
1.507799999999999940e+01,9.630906575082116561e-01,0.000000000000000000e+00,3.690934249178834392e-02,9.595320344228637222e-01,0.000000000000000000e+00,4.046796557713627784e-02,4.046796557713627784e-02,3.558623085347933923e-03,1.000000000000000000e+00,1.000000000000000000e+00
1.508000000000000007e+01,9.629799149135376268e-01,0.000000000000000000e+00,3.702008508646237317e-02,9.592735593041195052e-01,0.000000000000000000e+00,4.072644069588049476e-02,4.072644069588049476e-02,3.706355609418121588e-03,1.000000000000000000e+00,1.000000000000000000e+00
1.508200000000000074e+01,9.628631989567598692e-01,0.000000000000000000e+00,3.713680104324013076e-02,9.590016332590052262e-01,0.000000000000000000e+00,4.099836674099477385e-02,4.099836674099477385e-02,3.861565697754643089e-03,1.000000000000000000e+00,1.000000000000000000e+00
1.508399999999999963e+01,9.627403335277059382e-01,0.000000000000000000e+00,3.725966647229406181e-02,9.587159451774517338e-01,0.000000000000000000e+00,4.128405482254826619e-02,4.128405482254826619e-02,4.024388350254204383e-03,1.000000000000000000e+00,1.000000000000000000e+00
1.508600000000000030e+01,9.626111739652258859e-01,0.000000000000000000e+00,3.738882603477411415e-02,9.584162889212181069e-01,0.000000000000000000e+00,4.158371107878189310e-02,4.158371107878189310e-02,4.194885044007778951e-03,1.000000000000000000e+00,1.000000000000000000e+00
1.508799999999999919e+01,9.624756170441978176e-01,0.000000000000000000e+00,3.752438295580218242e-02,9.581025908159749305e-01,0.000000000000000000e+00,4.189740918402506953e-02,4.189740918402506953e-02,4.373026228222887113e-03,1.000000000000000000e+00,1.000000000000000000e+00
1.508999999999999986e+01,9.623336121291170553e-01,0.000000000000000000e+00,3.766638787088294471e-02,9.577749394998785748e-01,0.000000000000000000e+00,4.222506050012142520e-02,4.222506050012142520e-02,4.558672629238480489e-03,1.000000000000000000e+00,1.000000000000000000e+00
1.509200000000000053e+01,9.621851733235393667e-01,0.000000000000000000e+00,3.781482667646063334e-02,9.574336172625486086e-01,0.000000000000000000e+00,4.256638273745139145e-02,4.256638273745139145e-02,4.751556060990758112e-03,1.000000000000000000e+00,1.000000000000000000e+00
1.509399999999999942e+01,9.620303923128162848e-01,0.000000000000000000e+00,3.796960768718371515e-02,9.570791315861297832e-01,0.000000000000000000e+00,4.292086841387021678e-02,4.292086841387021678e-02,4.951260726686501634e-03,1.000000000000000000e+00,1.000000000000000000e+00
1.509600000000000009e+01,9.618694513263666979e-01,0.000000000000000000e+00,3.813054867363330214e-02,9.567122450165784775e-01,0.000000000000000000e+00,4.328775498342152250e-02,4.328775498342152250e-02,5.157206309788220366e-03,1.000000000000000000e+00,1.000000000000000000e+00
1.509800000000000075e+01,9.617026355118599712e-01,0.000000000000000000e+00,3.829736448814002880e-02,9.563340010462946239e-01,0.000000000000000000e+00,4.366599895370537610e-02,4.366599895370537610e-02,5.368634465565347291e-03,1.000000000000000000e+00,1.000000000000000000e+00
1.509999999999999964e+01,9.615303438204253483e-01,0.000000000000000000e+00,3.846965617957465167e-02,9.559457432504581131e-01,0.000000000000000000e+00,4.405425674954188686e-02,4.405425674954188686e-02,5.584600569967235195e-03,1.000000000000000000e+00,1.000000000000000000e+00
1.510200000000000031e+01,9.613530973288623160e-01,0.000000000000000000e+00,3.864690267113768396e-02,9.555491246301578423e-01,0.000000000000000000e+00,4.445087536984215770e-02,4.445087536984215770e-02,5.803972698704473743e-03,1.000000000000000000e+00,1.000000000000000000e+00
1.510399999999999920e+01,9.611715437589057887e-01,0.000000000000000000e+00,3.882845624109421134e-02,9.551461040082646070e-01,0.000000000000000000e+00,4.485389599173539299e-02,4.485389599173539299e-02,6.025439750641181647e-03,1.000000000000000000e+00,1.000000000000000000e+00
1.510599999999999987e+01,9.609864569619762653e-01,0.000000000000000000e+00,3.901354303802373469e-02,9.547389266560614152e-01,0.000000000000000000e+00,4.526107334393858483e-02,4.526107334393858483e-02,6.247530305914850146e-03,1.000000000000000000e+00,1.000000000000000000e+00
1.510800000000000054e+01,9.607987302281179032e-01,0.000000000000000000e+00,3.920126977188209683e-02,9.543300870403215175e-01,0.000000000000000000e+00,4.566991295967848252e-02,4.566991295967848252e-02,6.468643187796385696e-03,1.000000000000000000e+00,1.000000000000000000e+00
1.510999999999999943e+01,9.606093625982905504e-01,0.000000000000000000e+00,3.939063740170944961e-02,9.539222728144653995e-01,0.000000000000000000e+00,4.607772718553460045e-02,4.607772718553460045e-02,6.687089783825150846e-03,1.000000000000000000e+00,1.000000000000000000e+00
1.511200000000000010e+01,9.604194376936637800e-01,0.000000000000000000e+00,3.958056230633621997e-02,9.535182906752502907e-01,0.000000000000000000e+00,4.648170932474970929e-02,4.648170932474970929e-02,6.901147018413489320e-03,1.000000000000000000e+00,1.000000000000000000e+00
1.511400000000000077e+01,9.602300953106672754e-01,0.000000000000000000e+00,3.976990468933272460e-02,9.531209767319817061e-01,0.000000000000000000e+00,4.687902326801829389e-02,4.687902326801829389e-02,7.109118578685569290e-03,1.000000000000000000e+00,1.000000000000000000e+00
1.511599999999999966e+01,9.600424966864922194e-01,0.000000000000000000e+00,3.995750331350778062e-02,9.527330959021418355e-01,0.000000000000000000e+00,4.726690409785816449e-02,4.726690409785816449e-02,7.309400784350383873e-03,1.000000000000000000e+00,1.000000000000000000e+00
1.511800000000000033e+01,9.598577851277382278e-01,0.000000000000000000e+00,4.014221487226177221e-02,9.523572366153461033e-01,0.000000000000000000e+00,4.764276338465389671e-02,4.764276338465389671e-02,7.500548512392124501e-03,1.000000000000000000e+00,1.000000000000000000e+00
1.511999999999999922e+01,9.596770443418443097e-01,0.000000000000000000e+00,4.032295565815569027e-02,9.519957082068185583e-01,0.000000000000000000e+00,4.800429179318144168e-02,4.800429179318144168e-02,7.681336135025751410e-03,1.000000000000000000e+00,1.000000000000000000e+00
1.512199999999999989e+01,9.595012573249891430e-01,0.000000000000000000e+00,4.049874267501085701e-02,9.516504487802439627e-01,0.000000000000000000e+00,4.834955121975603731e-02,4.834955121975603731e-02,7.850808544745180306e-03,1.000000000000000000e+00,1.000000000000000000e+00
1.512400000000000055e+01,9.593312687839793407e-01,0.000000000000000000e+00,4.066873121602065932e-02,9.513229506539300218e-01,0.000000000000000000e+00,4.867704934606997824e-02,4.867704934606997824e-02,8.008318130049318917e-03,1.000000000000000000e+00,1.000000000000000000e+00
1.512599999999999945e+01,9.591677539405065733e-01,0.000000000000000000e+00,4.083224605949342667e-02,9.510142090104022339e-01,0.000000000000000000e+00,4.898579098959776612e-02,4.898579098959776612e-02,8.153544930104339450e-03,1.000000000000000000e+00,1.000000000000000000e+00
1.512800000000000011e+01,9.590111959742003700e-01,0.000000000000000000e+00,4.098880402579963000e-02,9.507246970942282438e-01,0.000000000000000000e+00,4.927530290577175620e-02,4.927530290577175620e-02,8.286498879972126197e-03,1.000000000000000000e+00,1.000000000000000000e+00
1.513000000000000078e+01,9.588618735914296032e-01,0.000000000000000000e+00,4.113812640857039682e-02,9.504543687155438958e-01,0.000000000000000000e+00,4.954563128445610420e-02,4.954563128445610420e-02,8.407504875885707385e-03,1.000000000000000000e+00,1.000000000000000000e+00
1.513199999999999967e+01,9.587198591876094911e-01,0.000000000000000000e+00,4.128014081239050892e-02,9.502026862148745812e-01,0.000000000000000000e+00,4.979731378512541884e-02,4.979731378512541884e-02,8.517172972734909919e-03,1.000000000000000000e+00,1.000000000000000000e+00
1.513400000000000034e+01,9.585850270968979681e-01,0.000000000000000000e+00,4.141497290310203194e-02,9.499686698860866363e-01,0.000000000000000000e+00,5.003133011391336371e-02,5.003133011391336371e-02,8.616357210811331768e-03,1.000000000000000000e+00,1.000000000000000000e+00
1.513599999999999923e+01,9.584570705642559973e-01,0.000000000000000000e+00,4.154292943574400265e-02,9.497509633612468694e-01,0.000000000000000000e+00,5.024903663875313065e-02,5.024903663875313065e-02,8.706107203009127993e-03,1.000000000000000000e+00,1.000000000000000000e+00
1.513799999999999990e+01,9.583355254998702222e-01,0.000000000000000000e+00,4.166447450012977782e-02,9.495479088261573608e-01,0.000000000000000000e+00,5.045209117384263919e-02,5.045209117384263919e-02,8.787616673712861370e-03,1.000000000000000000e+00,1.000000000000000000e+00
1.514000000000000057e+01,9.582197986422426039e-01,0.000000000000000000e+00,4.178020135775739607e-02,9.493576258919212973e-01,0.000000000000000000e+00,5.064237410807870265e-02,5.064237410807870265e-02,8.862172750321306580e-03,1.000000000000000000e+00,1.000000000000000000e+00
1.514199999999999946e+01,9.581091978433943224e-01,0.000000000000000000e+00,4.189080215660567763e-02,9.491780887953275014e-01,0.000000000000000000e+00,5.082191120467249856e-02,5.082191120467249856e-02,8.931109048066820932e-03,1.000000000000000000e+00,1.000000000000000000e+00
1.514400000000000013e+01,9.580029622929822075e-01,0.000000000000000000e+00,4.199703770701779248e-02,9.490071975856556596e-01,0.000000000000000000e+00,5.099280241434434036e-02,5.099280241434434036e-02,8.995764707326547871e-03,1.000000000000000000e+00,1.000000000000000000e+00
1.514600000000000080e+01,9.579002910077668576e-01,0.000000000000000000e+00,4.209970899223314245e-02,9.488428403943669487e-01,0.000000000000000000e+00,5.115715960563305131e-02,5.115715960563305131e-02,9.057450613399908868e-03,1.000000000000000000e+00,1.000000000000000000e+00
1.514799999999999969e+01,9.578003682341582614e-01,0.000000000000000000e+00,4.219963176584173858e-02,9.486829450129991015e-01,0.000000000000000000e+00,5.131705498700089851e-02,5.131705498700089851e-02,9.117423221159159930e-03,1.000000000000000000e+00,1.000000000000000000e+00
1.515000000000000036e+01,9.577023850182638798e-01,0.000000000000000000e+00,4.229761498173612022e-02,9.485255192602616292e-01,0.000000000000000000e+00,5.147448073973837079e-02,5.147448073973837079e-02,9.176865758002250573e-03,1.000000000000000000e+00,1.000000000000000000e+00
1.515199999999999925e+01,9.576055565783059276e-01,0.000000000000000000e+00,4.239444342169407243e-02,9.483686804502158285e-01,0.000000000000000000e+00,5.163131954978417149e-02,5.163131954978417149e-02,9.236876128090099058e-03,1.000000000000000000e+00,1.000000000000000000e+00
1.515399999999999991e+01,9.575091355025937556e-01,0.000000000000000000e+00,4.249086449740624438e-02,9.482106749330675433e-01,0.000000000000000000e+00,5.178932506693245674e-02,5.178932506693245674e-02,9.298460569526212360e-03,1.000000000000000000e+00,1.000000000000000000e+00
1.515600000000000058e+01,9.574124210006983438e-01,0.000000000000000000e+00,4.258757899930165625e-02,9.480498889970561116e-01,0.000000000000000000e+00,5.195011100294388839e-02,5.195011100294388839e-02,9.362532003642232148e-03,1.000000000000000000e+00,1.000000000000000000e+00
1.515799999999999947e+01,9.573147647548114758e-01,0.000000000000000000e+00,4.268523524518852419e-02,9.478848527345202779e-01,0.000000000000000000e+00,5.211514726547972209e-02,5.211514726547972209e-02,9.429912020291197905e-03,1.000000000000000000e+00,1.000000000000000000e+00
1.516000000000000014e+01,9.572155738125412983e-01,0.000000000000000000e+00,4.278442618745870174e-02,9.477142382923486874e-01,0.000000000000000000e+00,5.228576170765131259e-02,5.228576170765131259e-02,9.501335520192610851e-03,1.000000000000000000e+00,1.000000000000000000e+00
1.516200000000000081e+01,9.571143110961914946e-01,0.000000000000000000e+00,4.288568890380850540e-02,9.475368539307161830e-01,0.000000000000000000e+00,5.246314606928381696e-02,5.246314606928381696e-02,9.577457165475311562e-03,1.000000000000000000e+00,1.000000000000000000e+00
1.516399999999999970e+01,9.570104941912884744e-01,0.000000000000000000e+00,4.298950580871152560e-02,9.473516352509110394e-01,0.000000000000000000e+00,5.264836474908896058e-02,5.264836474908896058e-02,9.658858940377434976e-03,1.000000000000000000e+00,1.000000000000000000e+00
1.516600000000000037e+01,9.569036926902516615e-01,0.000000000000000000e+00,4.309630730974833845e-02,9.471576344293696215e-01,0.000000000000000000e+00,5.284236557063037854e-02,5.284236557063037854e-02,9.746058260882040081e-03,1.000000000000000000e+00,1.000000000000000000e+00
1.516799999999999926e+01,9.567935247210280769e-01,0.000000000000000000e+00,4.320647527897192308e-02,9.469540085083425485e-01,0.000000000000000000e+00,5.304599149165745153e-02,5.304599149165745153e-02,9.839516212685528451e-03,1.000000000000000000e+00,1.000000000000000000e+00
1.516999999999999993e+01,9.566796528918902753e-01,0.000000000000000000e+00,4.332034710810972467e-02,9.467400072766821717e-01,0.000000000000000000e+00,5.325999272331782830e-02,5.325999272331782830e-02,9.939645615208103635e-03,1.000000000000000000e+00,1.000000000000000000e+00
1.517200000000000060e+01,9.565617799523845610e-01,0.000000000000000000e+00,4.343822004761543898e-02,9.465149612426461134e-01,0.000000000000000000e+00,5.348503875735388657e-02,5.348503875735388657e-02,1.004681870973844759e-02,1.000000000000000000e+00,1.000000000000000000e+00
1.517399999999999949e+01,9.564396443924698676e-01,0.000000000000000000e+00,4.356035560753013236e-02,9.462782700596702457e-01,0.000000000000000000e+00,5.372172994032975435e-02,5.372172994032975435e-02,1.016137433279962199e-02,1.000000000000000000e+00,1.000000000000000000e+00
1.517600000000000016e+01,9.563130161184737466e-01,0.000000000000000000e+00,4.368698388152625345e-02,9.460293915997136649e-01,0.000000000000000000e+00,5.397060840028633510e-02,5.397060840028633510e-02,1.028362451876008166e-02,1.000000000000000000e+00,1.000000000000000000e+00
1.517800000000000082e+01,9.561816923733965634e-01,0.000000000000000000e+00,4.381830762660343659e-02,9.457678318744103807e-01,0.000000000000000000e+00,5.423216812558961930e-02,5.423216812558961930e-02,1.041386049898618271e-02,1.000000000000000000e+00,1.000000000000000000e+00
1.517999999999999972e+01,9.560454938504231448e-01,0.000000000000000000e+00,4.395450614957685520e-02,9.454931357444227302e-01,0.000000000000000000e+00,5.450686425557726977e-02,5.450686425557726977e-02,1.055235810600041457e-02,1.000000000000000000e+00,1.000000000000000000e+00
1.518200000000000038e+01,9.559042611448661519e-01,0.000000000000000000e+00,4.409573885513384806e-02,9.452048785306813583e-01,0.000000000000000000e+00,5.479512146931864169e-02,5.479512146931864169e-02,1.069938261418479364e-02,1.000000000000000000e+00,1.000000000000000000e+00
1.518399999999999928e+01,9.557578515508187156e-01,0.000000000000000000e+00,4.424214844918128442e-02,9.449026584979046683e-01,0.000000000000000000e+00,5.509734150209533166e-02,5.509734150209533166e-02,1.085519305291404724e-02,1.000000000000000000e+00,1.000000000000000000e+00
1.518599999999999994e+01,9.556061361317124137e-01,0.000000000000000000e+00,4.439386386828758635e-02,9.445860900813657368e-01,0.000000000000000000e+00,5.541390991863426319e-02,5.541390991863426319e-02,1.102004605034667684e-02,1.000000000000000000e+00,1.000000000000000000e+00
1.518800000000000061e+01,9.554489971406384674e-01,0.000000000000000000e+00,4.455100285936153259e-02,9.442547978938455877e-01,0.000000000000000000e+00,5.574520210615441229e-02,5.574520210615441229e-02,1.119419924679287970e-02,1.000000000000000000e+00,1.000000000000000000e+00
1.518999999999999950e+01,9.552863257202282021e-01,0.000000000000000000e+00,4.471367427977179787e-02,9.439084113763317463e-01,0.000000000000000000e+00,5.609158862366825371e-02,5.609158862366825371e-02,1.137791434389645584e-02,1.000000000000000000e+00,1.000000000000000000e+00
1.519200000000000017e+01,9.551180198817608158e-01,0.000000000000000000e+00,4.488198011823918421e-02,9.435465600490240412e-01,0.000000000000000000e+00,5.645343995097595879e-02,5.645343995097595879e-02,1.157145983273677459e-02,1.000000000000000000e+00,1.000000000000000000e+00
1.519400000000000084e+01,9.549439827262332647e-01,0.000000000000000000e+00,4.505601727376673526e-02,9.431688692763308124e-01,0.000000000000000000e+00,5.683113072366918761e-02,5.683113072366918761e-02,1.177511344990245234e-02,1.000000000000000000e+00,1.000000000000000000e+00
1.519599999999999973e+01,9.547641208891763931e-01,0.000000000000000000e+00,4.523587911082360691e-02,9.427749564811757077e-01,0.000000000000000000e+00,5.722504351882429230e-02,5.722504351882429230e-02,1.198916440800068539e-02,1.000000000000000000e+00,1.000000000000000000e+00
1.519800000000000040e+01,9.545783432041845540e-01,0.000000000000000000e+00,4.542165679581544602e-02,9.423644277614406928e-01,0.000000000000000000e+00,5.763557223855930722e-02,5.763557223855930722e-02,1.221391544274386121e-02,1.000000000000000000e+00,1.000000000000000000e+00
1.519999999999999929e+01,9.543865595035717631e-01,0.000000000000000000e+00,4.561344049642823695e-02,9.419368747913506867e-01,0.000000000000000000e+00,5.806312520864931326e-02,5.806312520864931326e-02,1.244968471222107631e-02,1.000000000000000000e+00,1.000000000000000000e+00
1.520199999999999996e+01,9.541886796171780150e-01,0.000000000000000000e+00,4.581132038282198504e-02,9.414918720412966957e-01,0.000000000000000000e+00,5.850812795870330429e-02,5.850812795870330429e-02,1.269680757588131925e-02,1.000000000000000000e+00,1.000000000000000000e+00
1.520400000000000063e+01,9.539846124741948596e-01,0.000000000000000000e+00,4.601538752580514036e-02,9.410289741759481075e-01,0.000000000000000000e+00,5.897102582405189253e-02,5.897102582405189253e-02,1.295563829824675217e-02,1.000000000000000000e+00,1.000000000000000000e+00
1.520599999999999952e+01,9.537742653285092853e-01,0.000000000000000000e+00,4.622573467149071469e-02,9.405477136385542725e-01,0.000000000000000000e+00,5.945228636144572754e-02,5.945228636144572754e-02,1.322655168995501285e-02,1.000000000000000000e+00,1.000000000000000000e+00
1.520800000000000018e+01,9.535575430826963572e-01,0.000000000000000000e+00,4.644245691730364278e-02,9.400475983644476230e-01,0.000000000000000000e+00,5.995240163555237700e-02,5.995240163555237700e-02,1.350994471824873422e-02,1.000000000000000000e+00,1.000000000000000000e+00
1.521000000000000085e+01,9.533343477006240851e-01,0.000000000000000000e+00,4.666565229937591486e-02,9.395281095975732688e-01,0.000000000000000000e+00,6.047189040242673119e-02,6.047189040242673119e-02,1.380623810305081633e-02,1.000000000000000000e+00,1.000000000000000000e+00
1.521199999999999974e+01,9.531045777020841214e-01,0.000000000000000000e+00,4.689542229791587857e-02,9.389886997679114389e-01,0.000000000000000000e+00,6.101130023208856112e-02,6.101130023208856112e-02,1.411587793417268255e-02,1.000000000000000000e+00,1.000000000000000000e+00
1.521400000000000041e+01,9.528681276668696798e-01,0.000000000000000000e+00,4.713187233313032021e-02,9.384287903669765729e-01,0.000000000000000000e+00,6.157120963302342709e-02,6.157120963302342709e-02,1.443933729989310688e-02,1.000000000000000000e+00,1.000000000000000000e+00
1.521599999999999930e+01,9.526248878598305714e-01,0.000000000000000000e+00,4.737511214016942862e-02,9.378477698828340259e-01,0.000000000000000000e+00,6.215223011716597412e-02,6.215223011716597412e-02,1.477711797699654550e-02,1.000000000000000000e+00,1.000000000000000000e+00
1.521799999999999997e+01,9.523747438448563196e-01,0.000000000000000000e+00,4.762525615514368038e-02,9.372449916749712173e-01,0.000000000000000000e+00,6.275500832502878268e-02,6.275500832502878268e-02,1.512975216988510230e-02,1.000000000000000000e+00,1.000000000000000000e+00
1.522000000000000064e+01,9.521175761444873320e-01,0.000000000000000000e+00,4.788242385551266800e-02,9.366197718066673339e-01,0.000000000000000000e+00,6.338022819333266611e-02,6.338022819333266611e-02,1.549780433781999811e-02,1.000000000000000000e+00,1.000000000000000000e+00
1.522199999999999953e+01,9.518532599572478992e-01,0.000000000000000000e+00,4.814674004275210084e-02,9.359713868530692427e-01,0.000000000000000000e+00,6.402861314693075734e-02,6.402861314693075734e-02,1.588187310417865650e-02,1.000000000000000000e+00,1.000000000000000000e+00
1.522400000000000020e+01,9.515816648380431841e-01,0.000000000000000000e+00,4.841833516195681586e-02,9.352990715601532390e-01,0.000000000000000000e+00,6.470092843984676101e-02,6.470092843984676101e-02,1.628259327788994515e-02,1.000000000000000000e+00,1.000000000000000000e+00
1.522600000000000087e+01,9.513026544313197830e-01,0.000000000000000000e+00,4.869734556868021702e-02,9.346020164375815620e-01,0.000000000000000000e+00,6.539798356241843802e-02,6.539798356241843802e-02,1.670063799373822100e-02,1.000000000000000000e+00,1.000000000000000000e+00
1.522799999999999976e+01,9.510160862345700128e-01,0.000000000000000000e+00,4.898391376542998721e-02,9.338793652457871852e-01,0.000000000000000000e+00,6.612063475421281478e-02,6.612063475421281478e-02,1.713672098878282757e-02,1.000000000000000000e+00,1.000000000000000000e+00
1.523000000000000043e+01,9.507218113244543245e-01,0.000000000000000000e+00,4.927818867554567550e-02,9.331302122948140765e-01,0.000000000000000000e+00,6.686978770518592352e-02,6.686978770518592352e-02,1.759159902964024802e-02,1.000000000000000000e+00,1.000000000000000000e+00
1.523199999999999932e+01,9.504196741032598927e-01,0.000000000000000000e+00,4.958032589674010726e-02,9.323535996010857696e-01,0.000000000000000000e+00,6.764640039891423040e-02,6.764640039891423040e-02,1.806607450217412314e-02,1.000000000000000000e+00,1.000000000000000000e+00
1.523399999999999999e+01,9.501095120702313102e-01,0.000000000000000000e+00,4.989048792976868985e-02,9.315485138809355137e-01,0.000000000000000000e+00,6.845148611906448632e-02,6.845148611906448632e-02,1.856099818929579648e-02,1.000000000000000000e+00,1.000000000000000000e+00
1.523600000000000065e+01,9.497911555596163513e-01,0.000000000000000000e+00,5.020884444038364869e-02,9.307138833219541496e-01,0.000000000000000000e+00,6.928611667804585039e-02,6.928611667804585039e-02,1.907727223766220170e-02,1.000000000000000000e+00,1.000000000000000000e+00
1.523799999999999955e+01,9.494644274982371179e-01,0.000000000000000000e+00,5.053557250176288207e-02,9.298485741429346474e-01,0.000000000000000000e+00,7.015142585706535261e-02,7.015142585706535261e-02,1.961585335530247054e-02,1.000000000000000000e+00,1.000000000000000000e+00
1.524000000000000021e+01,9.491291431349001551e-01,0.000000000000000000e+00,5.087085686509984495e-02,9.289513869057175466e-01,0.000000000000000000e+00,7.104861309428245342e-02,7.104861309428245342e-02,2.017775622918260847e-02,1.000000000000000000e+00,1.000000000000000000e+00
1.524200000000000088e+01,9.487851097918592602e-01,0.000000000000000000e+00,5.121489020814073978e-02,9.280210525832718327e-01,0.000000000000000000e+00,7.197894741672816732e-02,7.197894741672816732e-02,2.076405720858742754e-02,1.000000000000000000e+00,1.000000000000000000e+00
1.524399999999999977e+01,9.484321265896403785e-01,0.000000000000000000e+00,5.156787341035962147e-02,9.270562283235324053e-01,0.000000000000000000e+00,7.294377167646759474e-02,7.294377167646759474e-02,2.137589826610797328e-02,1.000000000000000000e+00,1.000000000000000000e+00
1.524600000000000044e+01,9.480699841369392145e-01,0.000000000000000000e+00,5.193001586306078554e-02,9.260554928811706166e-01,0.000000000000000000e+00,7.394450711882938343e-02,7.394450711882938343e-02,2.201449125576859789e-02,1.000000000000000000e+00,1.000000000000000000e+00
1.524799999999999933e+01,9.476984642750587717e-01,0.000000000000000000e+00,5.230153572494122827e-02,9.250173417715988888e-01,0.000000000000000000e+00,7.498265822840111117e-02,7.498265822840111117e-02,2.268112250345988290e-02,1.000000000000000000e+00,1.000000000000000000e+00
1.525000000000000000e+01,9.473173397318952471e-01,0.000000000000000000e+00,5.268266026810475289e-02,9.239401819839418994e-01,0.000000000000000000e+00,7.605981801605810055e-02,7.605981801605810055e-02,2.337715774795334767e-02,1.000000000000000000e+00,1.000000000000000000e+00
1.525200000000000067e+01,9.469263738246356255e-01,0.000000000000000000e+00,5.307362617536437455e-02,9.228223263562798095e-01,0.000000000000000000e+00,7.717767364372019046e-02,7.717767364372019046e-02,2.410404746835581591e-02,1.000000000000000000e+00,1.000000000000000000e+00
1.525399999999999956e+01,9.465253201023469121e-01,0.000000000000000000e+00,5.347467989765308793e-02,9.216619874645363142e-01,0.000000000000000000e+00,7.833801253546368581e-02,7.833801253546368581e-02,2.486333263781059788e-02,1.000000000000000000e+00,1.000000000000000000e+00
1.525600000000000023e+01,9.461139219912525489e-01,0.000000000000000000e+00,5.388607800874745113e-02,9.204572710775740241e-01,0.000000000000000000e+00,7.954272892242597592e-02,7.954272892242597592e-02,2.565665091367852479e-02,1.000000000000000000e+00,1.000000000000000000e+00
1.525799999999999912e+01,9.456919124172475932e-01,0.000000000000000000e+00,5.430808758275240677e-02,9.192061690799337992e-01,0.000000000000000000e+00,8.079383092006620082e-02,8.079383092006620082e-02,2.648574333731379404e-02,1.000000000000000000e+00,1.000000000000000000e+00
1.525999999999999979e+01,9.452590134193746829e-01,0.000000000000000000e+00,5.474098658062531708e-02,9.179065518558953141e-01,0.000000000000000000e+00,8.209344814410468594e-02,8.209344814410468594e-02,2.735246156347936886e-02,1.000000000000000000e+00,1.000000000000000000e+00
1.526200000000000045e+01,9.448149357114091762e-01,0.000000000000000000e+00,5.518506428859082380e-02,9.165561600522466046e-01,0.000000000000000000e+00,8.344383994775339541e-02,8.344383994775339541e-02,2.825877565916257161e-02,1.000000000000000000e+00,1.000000000000000000e+00
1.526399999999999935e+01,9.443593782641047651e-01,0.000000000000000000e+00,5.564062173589523486e-02,9.151525957072667028e-01,0.000000000000000000e+00,8.484740429273329720e-02,8.484740429273329720e-02,2.920678255683806235e-02,1.000000000000000000e+00,1.000000000000000000e+00
1.526600000000000001e+01,9.438920278223127402e-01,0.000000000000000000e+00,5.610797217768725975e-02,9.136933126519585224e-01,0.000000000000000000e+00,8.630668734804147757e-02,8.630668734804147757e-02,3.019871517035421782e-02,1.000000000000000000e+00,1.000000000000000000e+00
1.526800000000000068e+01,9.434125584217591953e-01,0.000000000000000000e+00,5.658744157824080467e-02,9.121756061467802823e-01,0.000000000000000000e+00,8.782439385321971770e-02,8.782439385321971770e-02,3.123695227497891302e-02,1.000000000000000000e+00,1.000000000000000000e+00
1.526999999999999957e+01,9.429206308777560164e-01,0.000000000000000000e+00,5.707936912224398363e-02,9.105966016893467518e-01,0.000000000000000000e+00,8.940339831065324816e-02,8.940339831065324816e-02,3.232402918840926453e-02,1.000000000000000000e+00,1.000000000000000000e+00
1.527200000000000024e+01,9.424158922340256650e-01,0.000000000000000000e+00,5.758410776597433500e-02,9.089532428942904696e-01,0.000000000000000000e+00,9.104675710570953040e-02,9.104675710570953040e-02,3.346264933973519540e-02,1.000000000000000000e+00,1.000000000000000000e+00
1.527400000000000091e+01,9.418979751757136087e-01,0.000000000000000000e+00,5.810202482428639126e-02,9.072422783802512880e-01,0.000000000000000000e+00,9.275772161974871199e-02,9.275772161974871199e-02,3.465569679546232074e-02,1.000000000000000000e+00,1.000000000000000000e+00
1.527599999999999980e+01,9.413664974469606594e-01,0.000000000000000000e+00,5.863350255303934055e-02,9.054602476127876498e-01,0.000000000000000000e+00,9.453975238721235019e-02,9.453975238721235019e-02,3.590624983417300964e-02,1.000000000000000000e+00,1.000000000000000000e+00
1.527800000000000047e+01,9.408210611907656951e-01,0.000000000000000000e+00,5.917893880923430494e-02,9.036034655316024233e-01,0.000000000000000000e+00,9.639653446839757667e-02,9.639653446839757667e-02,3.721759565916327173e-02,1.000000000000000000e+00,1.000000000000000000e+00
1.527999999999999936e+01,9.402612522800262163e-01,0.000000000000000000e+00,5.973874771997378375e-02,9.016680059338908482e-01,0.000000000000000000e+00,9.833199406610915183e-02,9.833199406610915183e-02,3.859324634613536809e-02,1.000000000000000000e+00,1.000000000000000000e+00
1.528200000000000003e+01,9.396866395940099981e-01,0.000000000000000000e+00,6.031336040599000192e-02,8.996496834580267610e-01,0.000000000000000000e+00,1.003503165419732390e-01,1.003503165419732390e-01,4.003695613598323710e-02,1.000000000000000000e+00,1.000000000000000000e+00
1.528400000000000070e+01,9.390967742779283700e-01,0.000000000000000000e+00,6.090322572207162999e-02,8.975440340741012157e-01,0.000000000000000000e+00,1.024559659258987843e-01,1.024559659258987843e-01,4.155274020382715428e-02,1.000000000000000000e+00,1.000000000000000000e+00
1.528599999999999959e+01,9.384911889260647566e-01,0.000000000000000000e+00,6.150881107393524339e-02,8.953462939176702884e-01,0.000000000000000000e+00,1.046537060823297116e-01,1.046537060823297116e-01,4.314489500839446823e-02,1.000000000000000000e+00,1.000000000000000000e+00
1.528800000000000026e+01,9.378693967694620159e-01,0.000000000000000000e+00,6.213060323053798406e-02,8.930513763824899920e-01,0.000000000000000000e+00,1.069486236175100080e-01,1.069486236175100080e-01,4.481802038697202395e-02,1.000000000000000000e+00,1.000000000000000000e+00
1.528999999999999915e+01,9.372308907580504389e-01,0.000000000000000000e+00,6.276910924194956110e-02,8.906538472339577961e-01,0.000000000000000000e+00,1.093461527660422039e-01,1.093461527660422039e-01,4.657704352409264281e-02,1.000000000000000000e+00,1.000000000000000000e+00
1.529199999999999982e+01,9.365751426294049997e-01,0.000000000000000000e+00,6.342485737059500028e-02,8.881478976591620222e-01,0.000000000000000000e+00,1.118521023408379778e-01,1.118521023408379778e-01,4.842724497024297747e-02,1.000000000000000000e+00,1.000000000000000000e+00
1.529400000000000048e+01,9.359016019197815561e-01,0.000000000000000000e+00,6.409839808021844387e-02,8.855273150421659745e-01,0.000000000000000000e+00,1.144726849578340255e-01,1.144726849578340255e-01,5.037428687761558166e-02,1.000000000000000000e+00,1.000000000000000000e+00
1.529599999999999937e+01,9.352096949171736506e-01,0.000000000000000000e+00,6.479030508282634937e-02,8.827854512786121877e-01,0.000000000000000000e+00,1.172145487213878123e-01,1.172145487213878123e-01,5.242424363856146297e-02,1.000000000000000000e+00,1.000000000000000000e+00
1.529800000000000004e+01,9.344988235377548191e-01,0.000000000000000000e+00,6.550117646224518086e-02,8.799151884147845548e-01,0.000000000000000000e+00,1.200848115852154452e-01,1.200848115852154452e-01,5.458363512297026432e-02,1.000000000000000000e+00,1.000000000000000000e+00
1.530000000000000071e+01,9.337683641678155011e-01,0.000000000000000000e+00,6.623163583218449890e-02,8.769089014440460961e-01,0.000000000000000000e+00,1.230910985559539039e-01,1.230910985559539039e-01,5.685946272376940502e-02,1.000000000000000000e+00,1.000000000000000000e+00
1.530199999999999960e+01,9.330176664085867433e-01,0.000000000000000000e+00,6.698233359141325671e-02,8.737584179836520581e-01,0.000000000000000000e+00,1.262415820163479419e-01,1.262415820163479419e-01,5.925924842493468514e-02,1.000000000000000000e+00,1.000000000000000000e+00
1.530400000000000027e+01,9.322460517641334432e-01,0.000000000000000000e+00,6.775394823586655679e-02,8.704549746430256807e-01,0.000000000000000000e+00,1.295450253569743193e-01,1.295450253569743193e-01,6.179107712110776252e-02,1.000000000000000000e+00,1.000000000000000000e+00
1.530599999999999916e+01,9.314528122503853425e-01,0.000000000000000000e+00,6.854718774961465755e-02,8.669891698372895750e-01,0.000000000000000000e+00,1.330108301627104250e-01,1.330108301627104250e-01,6.446364241309576748e-02,1.000000000000000000e+00,1.000000000000000000e+00
1.530799999999999983e+01,9.306372089366513611e-01,0.000000000000000000e+00,6.936279106334863886e-02,8.633509128220863138e-01,0.000000000000000000e+00,1.366490871779136862e-01,1.366490871779136862e-01,6.728629611456504733e-02,1.000000000000000000e+00,1.000000000000000000e+00
1.531000000000000050e+01,9.297984703570114640e-01,0.000000000000000000e+00,7.020152964298853604e-02,8.595293686625063989e-01,0.000000000000000000e+00,1.404706313374936011e-01,1.404706313374936011e-01,7.026910169450506505e-02,1.000000000000000000e+00,1.000000000000000000e+00
1.531199999999999939e+01,9.289357908792936769e-01,0.000000000000000000e+00,7.106420912070632312e-02,8.555128990154015067e-01,0.000000000000000000e+00,1.444871009845984933e-01,1.444871009845984933e-01,7.342289186389217015e-02,1.000000000000000000e+00,1.000000000000000000e+00
1.531400000000000006e+01,9.280483289483155707e-01,0.000000000000000000e+00,7.195167105168442934e-02,8.512889984425077161e-01,0.000000000000000000e+00,1.487110015574922839e-01,1.487110015574922839e-01,7.675933050580785455e-02,1.000000000000000000e+00,1.000000000000000000e+00
1.531600000000000072e+01,9.271352052241228492e-01,0.000000000000000000e+00,7.286479477587715081e-02,8.468442261387421066e-01,0.000000000000000000e+00,1.531557738612578934e-01,1.531557738612578934e-01,8.029097908538074257e-02,1.000000000000000000e+00,1.000000000000000000e+00
1.531799999999999962e+01,9.261955006118425260e-01,0.000000000000000000e+00,7.380449938815747402e-02,8.421641329673998921e-01,0.000000000000000000e+00,1.578358670326001079e-01,1.578358670326001079e-01,8.403136764444263385e-02,1.000000000000000000e+00,1.000000000000000000e+00
1.532000000000000028e+01,9.252282541865439747e-01,0.000000000000000000e+00,7.477174581345602533e-02,8.372331837813152822e-01,0.000000000000000000e+00,1.627668162186847178e-01,1.627668162186847178e-01,8.799507040522869250e-02,1.000000000000000000e+00,1.000000000000000000e+00
1.532199999999999918e+01,9.242324609573179250e-01,0.000000000000000000e+00,7.576753904268207496e-02,8.320346751131052487e-01,0.000000000000000000e+00,1.679653248868947513e-01,1.679653248868947513e-01,9.219778584421267631e-02,1.000000000000000000e+00,1.000000000000000000e+00
1.532399999999999984e+01,9.232070695274976480e-01,0.000000000000000000e+00,7.679293047250235205e-02,8.265506484921537611e-01,0.000000000000000000e+00,1.734493515078462389e-01,1.734493515078462389e-01,9.665642103534388685e-02,1.000000000000000000e+00,1.000000000000000000e+00
1.532600000000000051e+01,9.221509795903096718e-01,0.000000000000000000e+00,7.784902040969032821e-02,8.207617998270578807e-01,0.000000000000000000e+00,1.792382001729421193e-01,1.792382001729421193e-01,1.013891797632517910e-01,1.000000000000000000e+00,1.000000000000000000e+00
1.532799999999999940e+01,9.210630392756672391e-01,0.000000000000000000e+00,7.893696072433276090e-02,8.146473855861157132e-01,0.000000000000000000e+00,1.853526144138842868e-01,1.853526144138842868e-01,1.064156536895515259e-01,1.000000000000000000e+00,1.000000000000000000e+00
1.533000000000000007e+01,9.199420423340441966e-01,0.000000000000000000e+00,8.005795766595580343e-02,8.081851268619143491e-01,0.000000000000000000e+00,1.918148731380856509e-01,1.918148731380856509e-01,1.117569154721298474e-01,1.000000000000000000e+00,1.000000000000000000e+00
1.533200000000000074e+01,9.187867251306517380e-01,0.000000000000000000e+00,8.121327486934826201e-02,8.013511128533898908e-01,0.000000000000000000e+00,1.986488871466101092e-01,1.986488871466101092e-01,1.174356122772618471e-01,1.000000000000000000e+00,1.000000000000000000e+00
1.533399999999999963e+01,9.175957634555985676e-01,0.000000000000000000e+00,8.240423654440143242e-02,7.941197059391205126e-01,0.000000000000000000e+00,2.058802940608794874e-01,2.058802940608794874e-01,1.234760575164780549e-01,1.000000000000000000e+00,1.000000000000000000e+00
1.533600000000000030e+01,9.163677691566394223e-01,0.000000000000000000e+00,8.363223084336057767e-02,7.864634512910086972e-01,0.000000000000000000e+00,2.135365487089913028e-01,2.135365487089913028e-01,1.299043178656307251e-01,1.000000000000000000e+00,1.000000000000000000e+00
1.533799999999999919e+01,9.151012864936129976e-01,0.000000000000000000e+00,8.489871350638700243e-02,7.783529948820443467e-01,0.000000000000000000e+00,2.216470051179556533e-01,2.216470051179556533e-01,1.367482916115686509e-01,1.000000000000000000e+00,1.000000000000000000e+00
1.533999999999999986e+01,9.137947883159044382e-01,0.000000000000000000e+00,8.620521168409556179e-02,7.697570151491059942e-01,0.000000000000000000e+00,2.302429848508940058e-01,2.302429848508940058e-01,1.440377731667984440e-01,1.000000000000000000e+00,1.000000000000000000e+00
1.534200000000000053e+01,9.124466719802332149e-01,0.000000000000000000e+00,8.755332801976678514e-02,7.606421750235754509e-01,0.000000000000000000e+00,2.393578249764245491e-01,2.393578249764245491e-01,1.518044969566577640e-01,1.000000000000000000e+00,1.000000000000000000e+00
1.534399999999999942e+01,9.110552549779086240e-01,0.000000000000000000e+00,8.894474502209137601e-02,7.509731030285183850e-01,0.000000000000000000e+00,2.490268969714816150e-01,2.490268969714816150e-01,1.600821519493902390e-01,1.000000000000000000e+00,1.000000000000000000e+00
1.534600000000000009e+01,9.096187702867749580e-01,0.000000000000000000e+00,9.038122971322504196e-02,7.407124146754915373e-01,0.000000000000000000e+00,2.592875853245084627e-01,2.592875853245084627e-01,1.689063556112834208e-01,1.000000000000000000e+00,1.000000000000000000e+00
1.534800000000000075e+01,9.081353614421039389e-01,0.000000000000000000e+00,9.186463855789606114e-02,7.298207883078153824e-01,0.000000000000000000e+00,2.701792116921846176e-01,2.701792116921846176e-01,1.783145731342885565e-01,1.000000000000000000e+00,1.000000000000000000e+00
1.534999999999999964e+01,9.066030772416516781e-01,0.000000000000000000e+00,9.339692275834832191e-02,7.182571132348717358e-01,0.000000000000000000e+00,2.817428867651282642e-01,2.817428867651282642e-01,1.883459640067799423e-01,1.000000000000000000e+00,1.000000000000000000e+00
1.535200000000000031e+01,9.050198661075521400e-01,0.000000000000000000e+00,9.498013389244785998e-02,7.059787324012773979e-01,0.000000000000000000e+00,2.940212675987226021e-01,2.940212675987226021e-01,1.990411337062747421e-01,1.000000000000000000e+00,1.000000000000000000e+00
1.535399999999999920e+01,9.033835700938815938e-01,0.000000000000000000e+00,9.661642990611840620e-02,6.929418070784079120e-01,0.000000000000000000e+00,3.070581929215920880e-01,3.070581929215920880e-01,2.104417630154736818e-01,1.000000000000000000e+00,1.000000000000000000e+00
1.535599999999999987e+01,9.016919184755188832e-01,0.000000000000000000e+00,9.830808152448111681e-02,6.791018370474632970e-01,0.000000000000000000e+00,3.208981629525367030e-01,3.208981629525367030e-01,2.225900814280555862e-01,1.000000000000000000e+00,1.000000000000000000e+00
1.535800000000000054e+01,8.999425208737232840e-01,0.000000000000000000e+00,1.000574791262767160e-01,6.644143766144101626e-01,0.000000000000000000e+00,3.355856233855898374e-01,3.355856233855898374e-01,2.355281442593131214e-01,1.000000000000000000e+00,1.000000000000000000e+00
1.535999999999999943e+01,8.981328599690175940e-01,0.000000000000000000e+00,1.018671400309824060e-01,6.488359943343344760e-01,0.000000000000000000e+00,3.511640056656655240e-01,3.511640056656655240e-01,2.492968656346831180e-01,1.000000000000000000e+00,1.000000000000000000e+00
1.536200000000000010e+01,8.962602836784981930e-01,0.000000000000000000e+00,1.037397163215018070e-01,6.323255319350952197e-01,0.000000000000000000e+00,3.676744680649047803e-01,3.676744680649047803e-01,2.639347517434029733e-01,1.000000000000000000e+00,1.000000000000000000e+00
1.536400000000000077e+01,8.943219968141752352e-01,0.000000000000000000e+00,1.056780031858247648e-01,6.148457254002956951e-01,0.000000000000000000e+00,3.851542745997043049e-01,3.851542745997043049e-01,2.794762714138795401e-01,1.000000000000000000e+00,1.000000000000000000e+00
1.536599999999999966e+01,8.923150521422483772e-01,0.000000000000000000e+00,1.076849478577516228e-01,5.963652569973005857e-01,0.000000000000000000e+00,4.036347430026994143e-01,4.036347430026994143e-01,2.959497951449477915e-01,1.000000000000000000e+00,1.000000000000000000e+00
1.536800000000000033e+01,8.902363408679323520e-01,0.000000000000000000e+00,1.097636591320676480e-01,5.768613099254010779e-01,0.000000000000000000e+00,4.231386900745989221e-01,4.231386900745989221e-01,3.133750309425312741e-01,1.000000000000000000e+00,1.000000000000000000e+00
1.536999999999999922e+01,8.880825824211636688e-01,0.000000000000000000e+00,1.119174175788363312e-01,5.563226945433409343e-01,0.000000000000000000e+00,4.436773054566590657e-01,4.436773054566590657e-01,3.317598878778227345e-01,1.000000000000000000e+00,1.000000000000000000e+00
1.537199999999999989e+01,8.858503135566457853e-01,0.000000000000000000e+00,1.141496864433542147e-01,5.347536038270722658e-01,0.000000000000000000e+00,4.652463961729277342e-01,4.652463961729277342e-01,3.510967097295735195e-01,1.000000000000000000e+00,1.000000000000000000e+00
1.537400000000000055e+01,8.835358766917738027e-01,0.000000000000000000e+00,1.164641233082261973e-01,5.121780312730636053e-01,0.000000000000000000e+00,4.878219687269363947e-01,4.878219687269363947e-01,3.713578454187101974e-01,1.000000000000000000e+00,1.000000000000000000e+00
1.537599999999999945e+01,8.811354074261172897e-01,0.000000000000000000e+00,1.188645925738827103e-01,4.886448419375546970e-01,0.000000000000000000e+00,5.113551580624453585e-01,5.113551580624453585e-01,3.924905654885626483e-01,1.000000000000000000e+00,1.000000000000000000e+00
1.537800000000000011e+01,8.786448212005628644e-01,0.000000000000000000e+00,1.213551787994371356e-01,4.642334207101562193e-01,0.000000000000000000e+00,5.357665792898438362e-01,5.357665792898438362e-01,4.144114004904067006e-01,1.000000000000000000e+00,1.000000000000000000e+00
1.538000000000000078e+01,8.760597990323177875e-01,0.000000000000000000e+00,1.239402009676822125e-01,4.390597260985265038e-01,0.000000000000000000e+00,5.609402739014734962e-01,5.609402739014734962e-01,4.370000729337912837e-01,1.000000000000000000e+00,1.000000000000000000e+00
1.538199999999999967e+01,8.733757722412935909e-01,0.000000000000000000e+00,1.266242277587064091e-01,4.132824489803427204e-01,0.000000000000000000e+00,5.867175510196572796e-01,5.867175510196572796e-01,4.600933232609508705e-01,1.000000000000000000e+00,1.000000000000000000e+00
1.538400000000000034e+01,8.705879061396101237e-01,0.000000000000000000e+00,1.294120938603898763e-01,3.871088152269414051e-01,0.000000000000000000e+00,6.128911847730585949e-01,6.128911847730585949e-01,4.834790909126687186e-01,1.000000000000000000e+00,1.000000000000000000e+00
1.538599999999999923e+01,8.676910825771309010e-01,0.000000000000000000e+00,1.323089174228690990e-01,3.607993873267147378e-01,0.000000000000000000e+00,6.392006126732852067e-01,6.392006126732852067e-01,5.068916952504161078e-01,1.000000000000000000e+00,1.000000000000000000e+00
1.538799999999999990e+01,8.646798812830085446e-01,0.000000000000000000e+00,1.353201187169914554e-01,3.346710342009248662e-01,0.000000000000000000e+00,6.653289657990750783e-01,6.653289657990750783e-01,5.300088470820836228e-01,1.000000000000000000e+00,1.000000000000000000e+00
1.539000000000000057e+01,8.615485599653400772e-01,0.000000000000000000e+00,1.384514400346599228e-01,3.090970856903142439e-01,0.000000000000000000e+00,6.909029143096857561e-01,6.909029143096857561e-01,5.524514742750258334e-01,1.000000000000000000e+00,1.000000000000000000e+00
1.539199999999999946e+01,8.582910330097042184e-01,0.000000000000000000e+00,1.417089669902957816e-01,2.845036205436385912e-01,0.000000000000000000e+00,7.154963794563613533e-01,7.154963794563613533e-01,5.737874124660655717e-01,1.000000000000000000e+00,1.000000000000000000e+00
1.539400000000000013e+01,8.549008487929634637e-01,0.000000000000000000e+00,1.450991512070365363e-01,2.613609169827589285e-01,0.000000000000000000e+00,7.386390830172411270e-01,7.386390830172411270e-01,5.935399318102045907e-01,1.000000000000000000e+00,1.000000000000000000e+00
1.539600000000000080e+01,8.513711654645392812e-01,0.000000000000000000e+00,1.486288345354607188e-01,2.401693846146275013e-01,0.000000000000000000e+00,7.598306153853724432e-01,7.598306153853724432e-01,6.112017808499117244e-01,1.000000000000000000e+00,1.000000000000000000e+00
1.539799999999999969e+01,8.476947251592800159e-01,0.000000000000000000e+00,1.523052748407199841e-01,2.214398342745339809e-01,0.000000000000000000e+00,7.785601657254660468e-01,7.785601657254660468e-01,6.262548908847460627e-01,1.000000000000000000e+00,1.000000000000000000e+00
1.540000000000000036e+01,8.438638265462358179e-01,0.000000000000000000e+00,1.561361734537641821e-01,2.056687174084837200e-01,0.000000000000000000e+00,7.943312825915163078e-01,7.943312825915163078e-01,6.381951091377521257e-01,1.000000000000000000e+00,1.000000000000000000e+00
1.540199999999999925e+01,8.398702956818349108e-01,0.000000000000000000e+00,1.601297043181650892e-01,1.933098931210868732e-01,0.000000000000000000e+00,8.066901068789131823e-01,8.066901068789131823e-01,6.465604025607480931e-01,1.000000000000000000e+00,1.000000000000000000e+00
1.540399999999999991e+01,8.357054550539092519e-01,0.000000000000000000e+00,1.642945449460907481e-01,1.847453920269473138e-01,0.000000000000000000e+00,8.152546079730527140e-01,8.152546079730527140e-01,6.509600630269619659e-01,1.000000000000000000e+00,1.000000000000000000e+00
1.540600000000000058e+01,8.313600908273295342e-01,0.000000000000000000e+00,1.686399091726704658e-01,1.802583161748974316e-01,0.000000000000000000e+00,8.197416838251025961e-01,8.197416838251025961e-01,6.511017746524321304e-01,1.000000000000000000e+00,1.000000000000000000e+00
1.540799999999999947e+01,8.268244182432878953e-01,0.000000000000000000e+00,1.731755817567121047e-01,1.800112171906088077e-01,0.000000000000000000e+00,8.199887828093912479e-01,8.199887828093912479e-01,6.468132010526791431e-01,1.000000000000000000e+00,1.000000000000000000e+00
1.541000000000000014e+01,8.220880451589461790e-01,0.000000000000000000e+00,1.779119548410538210e-01,1.840328841128931747e-01,0.000000000000000000e+00,8.159671158871067975e-01,8.159671158871067975e-01,6.380551610460529766e-01,1.000000000000000000e+00,1.000000000000000000e+00
1.541200000000000081e+01,8.171399337749882807e-01,0.000000000000000000e+00,1.828600662250117193e-01,1.922154524004313636e-01,0.000000000000000000e+00,8.077845475995686364e-01,8.077845475995686364e-01,6.249244813745569171e-01,1.000000000000000000e+00,1.000000000000000000e+00
1.541399999999999970e+01,8.119683606156720135e-01,0.000000000000000000e+00,1.880316393843279865e-01,2.043222974309641948e-01,0.000000000000000000e+00,7.956777025690358052e-01,7.956777025690358052e-01,6.076460631847078186e-01,1.000000000000000000e+00,1.000000000000000000e+00
1.541600000000000037e+01,8.065608748802776118e-01,0.000000000000000000e+00,1.934391251197223882e-01,2.200056159088454588e-01,0.000000000000000000e+00,7.799943840911545134e-01,7.799943840911545134e-01,5.865552589714321252e-01,1.000000000000000000e+00,1.000000000000000000e+00
1.541799999999999926e+01,8.009042553593430647e-01,0.000000000000000000e+00,1.990957446406569353e-01,2.388312816644684033e-01,0.000000000000000000e+00,7.611687183355315689e-01,7.611687183355315689e-01,5.620729736948746336e-01,1.000000000000000000e+00,1.000000000000000000e+00
1.541999999999999993e+01,7.949844661942139235e-01,0.000000000000000000e+00,2.050155338057860765e-01,2.603077649766802892e-01,0.000000000000000000e+00,7.396922350233197108e-01,7.396922350233197108e-01,5.346767012175336342e-01,1.000000000000000000e+00,1.000000000000000000e+00
1.542200000000000060e+01,7.887866118596528198e-01,0.000000000000000000e+00,2.112133881403471802e-01,2.839157450176427178e-01,0.000000000000000000e+00,7.160842549823572822e-01,7.160842549823572822e-01,5.048708668420101020e-01,1.000000000000000000e+00,1.000000000000000000e+00
1.542399999999999949e+01,7.822948918879037983e-01,0.000000000000000000e+00,2.177051081120962017e-01,3.091354648789430559e-01,0.000000000000000000e+00,6.908645351210569441e-01,6.908645351210569441e-01,4.731594270089607424e-01,1.000000000000000000e+00,1.000000000000000000e+00
1.542600000000000016e+01,7.754925560122226669e-01,0.000000000000000000e+00,2.245074439877773331e-01,3.354696896291062269e-01,0.000000000000000000e+00,6.645303103708937176e-01,6.645303103708937176e-01,4.400228663831163844e-01,1.000000000000000000e+00,1.000000000000000000e+00
1.542800000000000082e+01,7.683618606214011049e-01,0.000000000000000000e+00,2.316381393785988951e-01,3.624610908809158816e-01,0.000000000000000000e+00,6.375389091190841739e-01,6.375389091190841739e-01,4.059007697404852788e-01,1.000000000000000000e+00,1.000000000000000000e+00
1.542999999999999972e+01,7.608840276608908049e-01,0.000000000000000000e+00,2.391159723391091951e-01,3.897037837574888752e-01,0.000000000000000000e+00,6.102962162425111803e-01,6.102962162425111803e-01,3.711802439034019852e-01,1.000000000000000000e+00,1.000000000000000000e+00
1.543200000000000038e+01,7.530392074369943733e-01,0.000000000000000000e+00,2.469607925630056267e-01,4.168494434272442817e-01,0.000000000000000000e+00,5.831505565727557183e-01,5.831505565727557183e-01,3.361897640097500917e-01,1.000000000000000000e+00,1.000000000000000000e+00
1.543399999999999928e+01,7.448064471291129252e-01,0.000000000000000000e+00,2.551935528708870748e-01,4.436088726874222177e-01,0.000000000000000000e+00,5.563911273125777823e-01,5.563911273125777823e-01,3.011975744416907075e-01,1.000000000000000000e+00,1.000000000000000000e+00
1.543599999999999994e+01,7.361636673372633499e-01,0.000000000000000000e+00,2.638363326627366501e-01,4.697500913577818960e-01,0.000000000000000000e+00,5.302499086422181040e-01,5.302499086422181040e-01,2.664135759794814540e-01,1.000000000000000000e+00,1.000000000000000000e+00
1.543800000000000061e+01,7.270876494591599348e-01,0.000000000000000000e+00,2.729123505408400652e-01,4.950940253495465515e-01,0.000000000000000000e+00,5.049059746504533930e-01,5.049059746504533930e-01,2.319936241096133278e-01,1.000000000000000000e+00,1.000000000000000000e+00
1.543999999999999950e+01,7.175540374290886314e-01,0.000000000000000000e+00,2.824459625709113686e-01,5.195087549542717342e-01,0.000000000000000000e+00,4.804912450457282658e-01,4.804912450457282658e-01,1.980452824748168972e-01,1.000000000000000000e+00,1.000000000000000000e+00
1.544200000000000017e+01,7.075373581447463867e-01,0.000000000000000000e+00,2.924626418552536133e-01,5.429031001059662076e-01,0.000000000000000000e+00,4.570968998940337924e-01,4.570968998940337924e-01,1.646342580387801791e-01,1.000000000000000000e+00,1.000000000000000000e+00
1.544400000000000084e+01,6.970110658027567352e-01,0.000000000000000000e+00,3.029889341972432648e-01,5.652201219659790388e-01,0.000000000000000000e+00,4.347798780340209612e-01,4.347798780340209612e-01,1.317909438367776964e-01,1.000000000000000000e+00,1.000000000000000000e+00
1.544599999999999973e+01,6.859476165697591110e-01,0.000000000000000000e+00,3.140523834302408890e-01,5.864309364298906369e-01,0.000000000000000000e+00,4.135690635701093631e-01,4.135690635701093631e-01,9.951668013986847416e-02,1.000000000000000000e+00,1.000000000000000000e+00
1.544800000000000040e+01,6.743185812737990670e-01,0.000000000000000000e+00,3.256814187262009330e-01,6.065290808880007267e-01,0.000000000000000000e+00,3.934709191119992733e-01,3.934709191119992733e-01,6.778950038579834025e-02,1.000000000000000000e+00,1.000000000000000000e+00
1.544999999999999929e+01,6.620948053538131539e-01,0.000000000000000000e+00,3.379051946461868461e-01,6.255255568175412950e-01,0.000000000000000000e+00,3.744744431824587050e-01,3.744744431824587050e-01,3.656924853627185890e-02,1.000000000000000000e+00,1.000000000000000000e+00
1.545199999999999996e+01,6.492466270279335649e-01,0.000000000000000000e+00,3.507533729720664351e-01,6.434445854201087389e-01,0.000000000000000000e+00,3.565554145798912611e-01,3.565554145798912611e-01,5.802041607824826031e-03,1.000000000000000000e+00,1.000000000000000000e+00
1.545400000000000063e+01,6.357441666793830493e-01,0.000000000000000000e+00,3.642558333206169507e-01,6.603200568709670648e-01,0.000000000000000000e+00,3.396799431290329352e-01,3.396799431290329352e-01,2.457589019158401555e-02,1.000000000000000000e+00,1.000000000000000000e+00
1.545599999999999952e+01,6.215577025434221303e-01,0.000000000000000000e+00,3.784422974565778697e-01,6.761926194781797683e-01,0.000000000000000000e+00,3.238073805218202317e-01,3.238073805218202317e-01,5.463491693475763800e-02,1.000000000000000000e+00,1.000000000000000000e+00
1.545800000000000018e+01,6.066581501904017015e-01,0.000000000000000000e+00,3.933418498095982985e-01,6.911073374701116601e-01,0.000000000000000000e+00,3.088926625298883399e-01,3.088926625298883399e-01,8.444918727970995853e-02,1.000000000000000000e+00,1.000000000000000000e+00
1.546000000000000085e+01,5.910176657240954201e-01,0.000000000000000000e+00,4.089823342759045799e-01,7.051118397677146321e-01,0.000000000000000000e+00,2.948881602322853679e-01,2.948881602322853679e-01,1.140941740436192120e-01,1.000000000000000000e+00,1.000000000000000000e+00
1.546199999999999974e+01,5.746103949801996125e-01,0.000000000000000000e+00,4.253896050198003875e-01,7.182548832523858451e-01,0.000000000000000000e+00,2.817451167476141549e-01,2.817451167476141549e-01,1.436444882721862326e-01,1.000000000000000000e+00,1.000000000000000000e+00
1.546400000000000041e+01,5.574133931506062289e-01,0.000000000000000000e+00,4.425866068493937711e-01,7.305852595021861129e-01,0.000000000000000000e+00,2.694147404978138871e-01,2.694147404978138871e-01,1.731718663515798839e-01,1.000000000000000000e+00,1.000000000000000000e+00
1.546599999999999930e+01,5.394077408255444350e-01,0.000000000000000000e+00,4.605922591744555650e-01,7.421509814803260996e-01,0.000000000000000000e+00,2.578490185196739004e-01,2.578490185196739004e-01,2.027432406547816646e-01,1.000000000000000000e+00,1.000000000000000000e+00
1.546799999999999997e+01,5.205798830374589459e-01,0.000000000000000000e+00,4.794201169625410541e-01,7.529986953547489481e-01,0.000000000000000000e+00,2.470013046452510519e-01,2.470013046452510519e-01,2.324188123172900022e-01,1.000000000000000000e+00,1.000000000000000000e+00
1.547000000000000064e+01,5.009232168394185392e-01,0.000000000000000000e+00,4.990767831605814608e-01,7.631732707643902325e-01,0.000000000000000000e+00,2.368267292356097675e-01,2.368267292356097675e-01,2.622500539249716933e-01,1.000000000000000000e+00,1.000000000000000000e+00
1.547199999999999953e+01,4.804399495978828316e-01,0.000000000000000000e+00,5.195600504021171684e-01,7.727175308833337253e-01,0.000000000000000000e+00,2.272824691166662747e-01,2.272824691166662747e-01,2.922775812854508937e-01,1.000000000000000000e+00,1.000000000000000000e+00
1.547400000000000020e+01,4.591432434241757843e-01,0.000000000000000000e+00,5.408567565758242157e-01,7.816720904428691163e-01,0.000000000000000000e+00,2.183279095571308837e-01,2.183279095571308837e-01,3.225288470186933321e-01,1.000000000000000000e+00,1.000000000000000000e+00
1.547600000000000087e+01,4.370596498616151626e-01,0.000000000000000000e+00,5.629403501383848374e-01,7.900752759792968316e-01,0.000000000000000000e+00,2.099247240207031684e-01,2.099247240207031684e-01,3.530156261176816690e-01,1.000000000000000000e+00,1.000000000000000000e+00
1.547799999999999976e+01,4.142318217624358367e-01,0.000000000000000000e+00,5.857681782375641077e-01,7.979631076788857857e-01,0.000000000000000000e+00,2.020368923211142143e-01,2.020368923211142143e-01,3.837312859164498935e-01,1.000000000000000000e+00,1.000000000000000000e+00
1.548000000000000043e+01,3.907214647696723997e-01,0.000000000000000000e+00,6.092785352303276003e-01,8.053693264776375926e-01,0.000000000000000000e+00,1.946306735223624074e-01,1.946306735223624074e-01,4.146478617079651929e-01,1.000000000000000000e+00,1.000000000000000000e+00
1.548199999999999932e+01,3.666124576072854468e-01,0.000000000000000000e+00,6.333875423927145532e-01,8.123254535263166876e-01,0.000000000000000000e+00,1.876745464736833124e-01,1.876745464736833124e-01,4.457129959190312407e-01,1.000000000000000000e+00,1.000000000000000000e+00
1.548399999999999999e+01,3.420140278712323623e-01,0.000000000000000000e+00,6.579859721287676377e-01,8.188608720612511327e-01,0.000000000000000000e+00,1.811391279387488673e-01,1.811391279387488673e-01,4.768468441900187704e-01,1.000000000000000000e+00,1.000000000000000000e+00
1.548600000000000065e+01,3.170638178963657849e-01,0.000000000000000000e+00,6.829361821036341595e-01,8.250029239165315165e-01,0.000000000000000000e+00,1.749970760834684835e-01,1.749970760834684835e-01,5.079391060201656760e-01,1.000000000000000000e+00,1.000000000000000000e+00
1.548799999999999955e+01,2.919306155861405849e-01,0.000000000000000000e+00,7.080693844138594706e-01,8.307770148903467211e-01,0.000000000000000000e+00,1.692229851096532789e-01,1.692229851096532789e-01,5.388463993042061917e-01,1.000000000000000000e+00,1.000000000000000000e+00
1.549000000000000021e+01,2.668164612655312129e-01,0.000000000000000000e+00,7.331835387344687316e-01,8.362067244171677016e-01,0.000000000000000000e+00,1.637932755828322984e-01,1.637932755828322984e-01,5.693902631516364332e-01,1.000000000000000000e+00,1.000000000000000000e+00
1.549200000000000088e+01,2.419577808040688227e-01,0.000000000000000000e+00,7.580422191959311773e-01,8.413139164083778265e-01,0.000000000000000000e+00,1.586860835916221735e-01,1.586860835916221735e-01,5.993561356043090038e-01,1.000000000000000000e+00,1.000000000000000000e+00
1.549399999999999977e+01,2.176251476185019906e-01,0.000000000000000000e+00,7.823748523814979539e-01,8.461188487198340047e-01,0.000000000000000000e+00,1.538811512801659953e-01,1.538811512801659953e-01,6.284937011013319585e-01,1.000000000000000000e+00,1.000000000000000000e+00
1.549600000000000044e+01,1.941212554184461592e-01,0.000000000000000000e+00,8.058787445815538408e-01,8.506402796650214260e-01,0.000000000000000000e+00,1.493597203349785740e-01,1.493597203349785740e-01,6.565190242465752668e-01,1.000000000000000000e+00,1.000000000000000000e+00
1.549799999999999933e+01,1.717767059741837632e-01,0.000000000000000000e+00,8.282232940258162923e-01,8.548955703556045949e-01,0.000000000000000000e+00,1.451044296443954051e-01,1.451044296443954051e-01,6.831188643814208872e-01,1.000000000000000000e+00,1.000000000000000000e+00
1.550000000000000000e+01,1.509432980060155249e-01,0.000000000000000000e+00,8.490567019939845306e-01,8.589007821031260370e-01,0.000000000000000000e+00,1.410992178968739630e-01,1.410992178968739630e-01,7.079574840971105676e-01,1.000000000000000000e+00,1.000000000000000000e+00
1.550200000000000067e+01,1.319846570369860861e-01,0.000000000000000000e+00,8.680153429630139694e-01,8.626707684092861372e-01,0.000000000000000000e+00,1.373292315907138628e-01,1.373292315907138628e-01,7.306861113723001067e-01,1.000000000000000000e+00,1.000000000000000000e+00
1.550399999999999956e+01,1.152642751945870819e-01,0.000000000000000000e+00,8.847357248054129597e-01,8.662192613811540154e-01,0.000000000000000000e+00,1.337807386188459846e-01,1.337807386188459846e-01,7.509549861865669751e-01,1.000000000000000000e+00,1.000000000000000000e+00
1.550600000000000023e+01,1.011313242535530066e-01,0.000000000000000000e+00,8.988686757464470212e-01,8.695589524342863808e-01,0.000000000000000000e+00,1.304410475657136192e-01,1.304410475657136192e-01,7.684276281807334019e-01,1.000000000000000000e+00,1.000000000000000000e+00
1.550799999999999912e+01,8.990493530525281440e-02,0.000000000000000000e+00,9.100950646947472134e-01,8.727015674178080218e-01,0.000000000000000000e+00,1.272984325821919782e-01,1.272984325821919782e-01,7.827966321125552351e-01,1.000000000000000000e+00,1.000000000000000000e+00
1.550999999999999979e+01,8.185795777197599210e-02,0.000000000000000000e+00,9.181420422280239801e-01,8.756579362187817406e-01,0.000000000000000000e+00,1.243420637812182594e-01,1.243420637812182594e-01,7.937999784468057207e-01,1.000000000000000000e+00,1.000000000000000000e+00
1.551200000000000045e+01,7.720145824927791833e-02,0.000000000000000000e+00,9.227985417507220678e-01,8.784380571680775462e-01,0.000000000000000000e+00,1.215619428319224538e-01,1.215619428319224538e-01,8.012365989187996140e-01,1.000000000000000000e+00,1.000000000000000000e+00
1.551399999999999935e+01,7.607133467329035836e-02,0.000000000000000000e+00,9.239286653267095861e-01,8.810511563834161342e-01,0.000000000000000000e+00,1.189488436165838658e-01,1.189488436165838658e-01,8.049798217101257203e-01,1.000000000000000000e+00,1.000000000000000000e+00
1.551600000000000001e+01,7.851835584922201017e-02,0.000000000000000000e+00,9.214816441507780453e-01,8.835057423601258009e-01,0.000000000000000000e+00,1.164942576398741991e-01,1.164942576398741991e-01,8.049873865109038462e-01,1.000000000000000000e+00,1.000000000000000000e+00
1.551800000000000068e+01,8.450267370801915756e-02,0.000000000000000000e+00,9.154973262919808841e-01,8.858096561104369382e-01,0.000000000000000000e+00,1.141903438895630618e-01,1.141903438895630618e-01,8.013069824024178223e-01,1.000000000000000000e+00,1.000000000000000000e+00
1.551999999999999957e+01,9.389341903611239659e-02,0.000000000000000000e+00,9.061065809638876312e-01,8.879701170509608499e-01,0.000000000000000000e+00,1.120298829490391501e-01,1.120298829490391501e-01,7.940766980148484810e-01,1.000000000000000000e+00,1.000000000000000000e+00
1.552200000000000024e+01,1.064734447407057333e-01,0.000000000000000000e+00,8.935265552592942528e-01,8.899937649936185968e-01,0.000000000000000000e+00,1.100062350063814032e-01,1.100062350063814032e-01,7.835203202529128497e-01,1.000000000000000000e+00,1.000000000000000000e+00
1.552400000000000091e+01,1.219487149655698183e-01,0.000000000000000000e+00,8.780512850344301956e-01,8.918866983994526709e-01,0.000000000000000000e+00,1.081133016005473291e-01,1.081133016005473291e-01,7.699379834338828665e-01,1.000000000000000000e+00,1.000000000000000000e+00
1.552599999999999980e+01,1.399613508247448124e-01,0.000000000000000000e+00,8.600386491752551876e-01,8.936545092632710574e-01,0.000000000000000000e+00,1.063454907367289426e-01,1.063454907367289426e-01,7.536931584385262450e-01,1.000000000000000000e+00,1.000000000000000000e+00
1.552800000000000047e+01,1.601050133197568504e-01,0.000000000000000000e+00,8.398949866802432052e-01,8.953023147339844723e-01,0.000000000000000000e+00,1.046976852660155277e-01,1.046976852660155277e-01,7.351973014142276774e-01,1.000000000000000000e+00,1.000000000000000000e+00
1.552999999999999936e+01,1.819411742473519278e-01,0.000000000000000000e+00,8.180588257526481000e-01,8.968347857774834342e-01,0.000000000000000000e+00,1.031652142225165658e-01,1.031652142225165658e-01,7.148936115301315342e-01,1.000000000000000000e+00,1.000000000000000000e+00
1.553200000000000003e+01,2.050148967310314041e-01,0.000000000000000000e+00,7.949851032689685404e-01,8.982561730242450970e-01,0.000000000000000000e+00,1.017438269757549030e-01,1.017438269757549030e-01,6.932412762932136374e-01,1.000000000000000000e+00,1.000000000000000000e+00
1.553400000000000070e+01,2.288689811264818519e-01,0.000000000000000000e+00,7.711310188735180926e-01,8.995703300421278303e-01,0.000000000000000000e+00,1.004296699578721697e-01,1.004296699578721697e-01,6.707013489156459229e-01,1.000000000000000000e+00,1.000000000000000000e+00
1.553599999999999959e+01,2.530556695453835547e-01,0.000000000000000000e+00,7.469443304546163898e-01,9.007807341025860781e-01,0.000000000000000000e+00,9.921926589741392188e-02,9.921926589741392188e-02,6.477250645572024679e-01,1.000000000000000000e+00,1.000000000000000000e+00
1.553800000000000026e+01,2.771454778099374794e-01,0.000000000000000000e+00,7.228545221900625206e-01,9.018905047324972113e-01,0.000000000000000000e+00,9.810949526750278871e-02,9.810949526750278871e-02,6.247450269225597319e-01,1.000000000000000000e+00,1.000000000000000000e+00
1.553999999999999915e+01,3.007330816749783642e-01,0.000000000000000000e+00,6.992669183250216358e-01,9.029024199907043080e-01,0.000000000000000000e+00,9.709758000929569199e-02,9.709758000929569199e-02,6.021693383157259438e-01,1.000000000000000000e+00,1.000000000000000000e+00
1.554199999999999982e+01,3.234404893654689861e-01,0.000000000000000000e+00,6.765595106345310139e-01,9.038189308019157764e-01,0.000000000000000000e+00,9.618106919808422361e-02,9.618106919808422361e-02,5.803784414364467903e-01,1.000000000000000000e+00,1.000000000000000000e+00
1.554400000000000048e+01,3.449179692636173411e-01,0.000000000000000000e+00,6.550820307363827144e-01,9.046421732714887698e-01,0.000000000000000000e+00,9.535782672851123021e-02,9.535782672851123021e-02,5.597242040078714842e-01,1.000000000000000000e+00,1.000000000000000000e+00
1.554599999999999937e+01,3.648433753392388290e-01,0.000000000000000000e+00,6.351566246607611710e-01,9.053739791571884243e-01,0.000000000000000000e+00,9.462602084281157566e-02,9.462602084281157566e-02,5.405306038179495953e-01,1.000000000000000000e+00,1.000000000000000000e+00
1.554800000000000004e+01,3.829206396722279471e-01,0.000000000000000000e+00,6.170793603277719974e-01,9.060158845487999990e-01,0.000000000000000000e+00,9.398411545120000099e-02,9.398411545120000099e-02,5.230952448765719964e-01,1.000000000000000000e+00,1.000000000000000000e+00
1.555000000000000071e+01,3.988783040309292205e-01,0.000000000000000000e+00,6.011216959690708350e-01,9.065691368178750986e-01,0.000000000000000000e+00,9.343086318212490138e-02,9.343086318212490138e-02,5.076908327869459336e-01,1.000000000000000000e+00,1.000000000000000000e+00
1.555199999999999960e+01,4.124690598693163124e-01,0.000000000000000000e+00,5.875309401306836321e-01,9.070346998557692331e-01,0.000000000000000000e+00,9.296530014423076693e-02,9.296530014423076693e-02,4.945656399864528652e-01,1.000000000000000000e+00,1.000000000000000000e+00
1.555400000000000027e+01,4.234713668700262890e-01,0.000000000000000000e+00,5.765286331299737110e-01,9.074132576639730718e-01,0.000000000000000000e+00,9.258674233602692816e-02,9.258674233602692816e-02,4.839418907939467829e-01,1.000000000000000000e+00,1.000000000000000000e+00
1.555600000000000094e+01,4.316943105680503545e-01,0.000000000000000000e+00,5.683056894319495900e-01,9.077052163134756713e-01,0.000000000000000000e+00,9.229478368652432874e-02,9.229478368652432874e-02,4.760109057454252612e-01,1.000000000000000000e+00,1.000000000000000000e+00
1.555799999999999983e+01,4.369868912109950432e-01,0.000000000000000000e+00,5.630131087890049013e-01,9.079107042079584966e-01,0.000000000000000000e+00,9.208929579204150340e-02,9.208929579204150340e-02,4.709238129969633979e-01,1.000000000000000000e+00,1.000000000000000000e+00
1.556000000000000050e+01,4.392528115570096259e-01,0.000000000000000000e+00,5.607471884429904296e-01,9.080295707396499605e-01,0.000000000000000000e+00,9.197042926035003951e-02,9.197042926035003951e-02,4.687767591826403901e-01,1.000000000000000000e+00,1.000000000000000000e+00
1.556199999999999939e+01,4.384713930269813487e-01,0.000000000000000000e+00,5.615286069730186513e-01,9.080613832389050621e-01,0.000000000000000000e+00,9.193861676109493786e-02,9.193861676109493786e-02,4.695899902119237135e-01,1.000000000000000000e+00,1.000000000000000000e+00
1.556400000000000006e+01,4.347242915422407372e-01,0.000000000000000000e+00,5.652757084577593183e-01,9.080054221887139398e-01,0.000000000000000000e+00,9.199457781128606015e-02,9.199457781128606015e-02,4.732811306464732581e-01,1.000000000000000000e+00,1.000000000000000000e+00
1.556600000000000072e+01,4.282260074412616579e-01,0.000000000000000000e+00,5.717739925587383976e-01,9.078606746722283072e-01,0.000000000000000000e+00,9.213932532777169282e-02,9.213932532777169282e-02,4.796346672309667047e-01,1.000000000000000000e+00,1.000000000000000000e+00
1.556799999999999962e+01,4.193537347892916101e-01,0.000000000000000000e+00,5.806462652107083899e-01,9.076258259278826568e-01,0.000000000000000000e+00,9.237417407211734321e-02,9.237417407211734321e-02,4.882720911385910467e-01,1.000000000000000000e+00,1.000000000000000000e+00
1.557000000000000028e+01,4.086691918195682338e-01,0.000000000000000000e+00,5.913308081804318217e-01,9.072992489942149907e-01,0.000000000000000000e+00,9.270075100578500926e-02,9.270075100578500926e-02,4.986300571746468124e-01,1.000000000000000000e+00,1.000000000000000000e+00
1.557199999999999918e+01,3.969226486417672395e-01,0.000000000000000000e+00,6.030773513582328160e-01,9.068789922611281140e-01,0.000000000000000000e+00,9.312100773887188598e-02,9.312100773887188598e-02,5.099563436193609300e-01,1.000000000000000000e+00,1.000000000000000000e+00
1.557399999999999984e+01,3.850290117640058907e-01,0.000000000000000000e+00,6.149709882359941648e-01,9.063627648396309633e-01,0.000000000000000000e+00,9.363723516036903671e-02,9.363723516036903671e-02,5.213337530756251281e-01,1.000000000000000000e+00,1.000000000000000000e+00
1.557600000000000051e+01,3.740093118524917548e-01,0.000000000000000000e+00,6.259906881475082452e-01,9.057479195825046681e-01,0.000000000000000000e+00,9.425208041749533194e-02,9.425208041749533194e-02,5.317386077300129132e-01,1.000000000000000000e+00,1.000000000000000000e+00
1.557799999999999940e+01,3.648990690888408994e-01,0.000000000000000000e+00,6.351009309111590451e-01,9.050314335914871888e-01,0.000000000000000000e+00,9.496856640851281117e-02,9.496856640851281117e-02,5.401323645026462339e-01,1.000000000000000000e+00,1.000000000000000000e+00
1.558000000000000007e+01,3.586362068998135144e-01,0.000000000000000000e+00,6.413637931001865411e-01,9.042098859786710241e-01,0.000000000000000000e+00,9.579011402132897590e-02,9.579011402132897590e-02,5.455736790788575652e-01,1.000000000000000000e+00,1.000000000000000000e+00
1.558200000000000074e+01,3.559510976782656044e-01,0.000000000000000000e+00,6.440489023217343956e-01,9.032794327231687959e-01,0.000000000000000000e+00,9.672056727683120414e-02,9.672056727683120414e-02,5.473283350449031914e-01,1.000000000000000000e+00,1.000000000000000000e+00
1.558399999999999963e+01,3.572845659803483009e-01,0.000000000000000000e+00,6.427154340196516991e-01,9.022357782536746251e-01,0.000000000000000000e+00,9.776422174632537487e-02,9.776422174632537487e-02,5.449512122733263242e-01,1.000000000000000000e+00,1.000000000000000000e+00
1.558600000000000030e+01,3.627532836212279399e-01,0.000000000000000000e+00,6.372467163787720601e-01,9.010741435903911745e-01,0.000000000000000000e+00,9.892585640960882554e-02,9.892585640960882554e-02,5.383208599691632346e-01,1.000000000000000000e+00,1.000000000000000000e+00
1.558799999999999919e+01,3.721680472947613838e-01,0.000000000000000000e+00,6.278319527052386162e-01,8.997892306163752796e-01,0.000000000000000000e+00,1.002107693836247204e-01,1.002107693836247204e-01,5.276211833216138958e-01,1.000000000000000000e+00,1.000000000000000000e+00
1.558999999999999986e+01,3.850952423606295305e-01,0.000000000000000000e+00,6.149047576393704695e-01,8.983751821626008160e-01,0.000000000000000000e+00,1.016248178373991840e-01,1.016248178373991840e-01,5.132799398019712855e-01,1.000000000000000000e+00,1.000000000000000000e+00
1.559200000000000053e+01,4.009419371276333188e-01,0.000000000000000000e+00,5.990580628723667367e-01,8.968255375083850067e-01,0.000000000000000000e+00,1.031744624916149933e-01,1.031744624916149933e-01,4.958836003807517434e-01,1.000000000000000000e+00,1.000000000000000000e+00
1.559399999999999942e+01,4.190434734964065822e-01,0.000000000000000000e+00,5.809565265035934178e-01,8.951331827855174561e-01,0.000000000000000000e+00,1.048668172144825439e-01,1.048668172144825439e-01,4.760897092891108739e-01,1.000000000000000000e+00,1.000000000000000000e+00
1.559600000000000009e+01,4.387375894028588963e-01,0.000000000000000000e+00,5.612624105971411037e-01,8.932902958466852894e-01,0.000000000000000000e+00,1.067097041533147106e-01,1.067097041533147106e-01,4.545527064438263931e-01,1.000000000000000000e+00,1.000000000000000000e+00
1.559800000000000075e+01,4.594170814462806285e-01,0.000000000000000000e+00,5.405829185537194270e-01,8.912882850183015959e-01,0.000000000000000000e+00,1.087117149816984041e-01,1.087117149816984041e-01,4.318712035720210229e-01,1.000000000000000000e+00,1.000000000000000000e+00
1.559999999999999964e+01,4.805601707489835506e-01,0.000000000000000000e+00,5.194398292510165049e-01,8.891177211323799678e-01,0.000000000000000000e+00,1.108822788676200322e-01,1.108822788676200322e-01,4.085575503833964728e-01,1.000000000000000000e+00,1.000000000000000000e+00
1.560200000000000031e+01,5.017422453100788271e-01,0.000000000000000000e+00,4.982577546899211729e-01,8.867682621435712953e-01,0.000000000000000000e+00,1.132317378564287047e-01,1.132317378564287047e-01,3.850260168334924682e-01,1.000000000000000000e+00,1.000000000000000000e+00
1.560399999999999920e+01,5.226344210239640686e-01,0.000000000000000000e+00,4.773655789760359314e-01,8.842285697250071852e-01,0.000000000000000000e+00,1.157714302749928148e-01,1.157714302749928148e-01,3.615941487010431166e-01,1.000000000000000000e+00,1.000000000000000000e+00
1.560599999999999987e+01,5.429942109955362417e-01,0.000000000000000000e+00,4.570057890044637583e-01,8.814862169120776247e-01,0.000000000000000000e+00,1.185137830879223753e-01,1.185137830879223753e-01,3.384920059165413830e-01,1.000000000000000000e+00,1.000000000000000000e+00
1.560800000000000054e+01,5.626524911764240189e-01,0.000000000000000000e+00,4.373475088235759811e-01,8.785275861366940164e-01,0.000000000000000000e+00,1.214724138633059836e-01,1.214724138633059836e-01,3.158750949602699976e-01,1.000000000000000000e+00,1.000000000000000000e+00
1.560999999999999943e+01,5.814996205184415068e-01,0.000000000000000000e+00,4.185003794815584932e-01,8.753377567319486907e-01,0.000000000000000000e+00,1.246622432680513093e-01,1.246622432680513093e-01,2.938381362135071839e-01,1.000000000000000000e+00,1.000000000000000000e+00
1.561200000000000010e+01,5.994724089242986498e-01,0.000000000000000000e+00,4.005275910757013502e-01,8.719003810228803664e-01,0.000000000000000000e+00,1.280996189771196336e-01,1.280996189771196336e-01,2.724279720985817166e-01,1.000000000000000000e+00,1.000000000000000000e+00
1.561400000000000077e+01,6.165427652603663322e-01,0.000000000000000000e+00,3.834572347396336678e-01,8.681975482262145327e-01,0.000000000000000000e+00,1.318024517737854673e-01,1.318024517737854673e-01,2.516547829658482005e-01,1.000000000000000000e+00,1.000000000000000000e+00
1.561599999999999966e+01,6.327082964423527134e-01,0.000000000000000000e+00,3.672917035576472866e-01,8.642096352694401684e-01,0.000000000000000000e+00,1.357903647305598316e-01,1.357903647305598316e-01,2.315013388270874550e-01,1.000000000000000000e+00,1.000000000000000000e+00
1.561800000000000033e+01,6.479848045374629883e-01,0.000000000000000000e+00,3.520151954625370117e-01,8.599151438859570229e-01,0.000000000000000000e+00,1.400848561140429771e-01,1.400848561140429771e-01,2.119303393484940345e-01,1.000000000000000000e+00,1.000000000000000000e+00
1.561999999999999922e+01,6.624004682832571600e-01,0.000000000000000000e+00,3.375995317167428400e-01,8.552905234458789696e-01,0.000000000000000000e+00,1.447094765541210304e-01,1.447094765541210304e-01,1.928900551626218096e-01,1.000000000000000000e+00,1.000000000000000000e+00
1.562199999999999989e+01,6.759914372064453891e-01,0.000000000000000000e+00,3.240085627935546109e-01,8.503099792695562043e-01,0.000000000000000000e+00,1.496900207304437957e-01,1.496900207304437957e-01,1.743185420631108151e-01,1.000000000000000000e+00,1.000000000000000000e+00
1.562400000000000055e+01,6.887985655188120226e-01,0.000000000000000000e+00,3.112014344811879774e-01,8.449452666342187612e-01,0.000000000000000000e+00,1.550547333657812388e-01,1.550547333657812388e-01,1.561467011154067386e-01,1.000000000000000000e+00,1.000000000000000000e+00
1.562599999999999945e+01,7.008650404035829951e-01,0.000000000000000000e+00,2.991349595964170049e-01,8.391654713702567658e-01,0.000000000000000000e+00,1.608345286297432342e-01,1.608345286297432342e-01,1.383004309666737708e-01,1.000000000000000000e+00,1.000000000000000000e+00
1.562800000000000011e+01,7.122346969784379977e-01,0.000000000000000000e+00,2.877653030215620023e-01,8.329367787258040723e-01,0.000000000000000000e+00,1.670632212741959277e-01,1.670632212741959277e-01,1.207020817473660745e-01,1.000000000000000000e+00,1.000000000000000000e+00
1.563000000000000078e+01,7.229508515658422674e-01,0.000000000000000000e+00,2.770491484341577326e-01,8.262222335915795357e-01,0.000000000000000000e+00,1.737777664084204643e-01,1.737777664084204643e-01,1.032713820257372683e-01,1.000000000000000000e+00,1.000000000000000000e+00
1.563199999999999967e+01,7.330555202318012054e-01,0.000000000000000000e+00,2.669444797681987946e-01,8.189814968632647130e-01,0.000000000000000000e+00,1.810185031367352870e-01,1.810185031367352870e-01,8.592597663146350762e-02,1.000000000000000000e+00,1.000000000000000000e+00
1.563400000000000034e+01,7.425889198397054303e-01,0.000000000000000000e+00,2.574110801602945697e-01,8.111706051572158405e-01,0.000000000000000000e+00,1.888293948427841595e-01,1.888293948427841595e-01,6.858168531751041019e-02,1.000000000000000000e+00,1.000000000000000000e+00
1.563599999999999923e+01,7.515891734040673899e-01,0.000000000000000000e+00,2.484108265959326101e-01,8.027417443252431450e-01,0.000000000000000000e+00,1.972582556747568550e-01,1.972582556747568550e-01,5.115257092117575510e-02,1.000000000000000000e+00,1.000000000000000000e+00
1.563799999999999990e+01,7.600921609044622995e-01,0.000000000000000000e+00,2.399078390955377005e-01,7.936430514996858365e-01,0.000000000000000000e+00,2.063569485003141635e-01,2.063569485003141635e-01,3.355089059522353701e-02,1.000000000000000000e+00,1.000000000000000000e+00
1.564000000000000057e+01,7.681314719672416302e-01,0.000000000000000000e+00,2.318685280327583698e-01,7.838184661737731540e-01,0.000000000000000000e+00,2.161815338262268460e-01,2.161815338262268460e-01,1.568699420653152377e-02,1.000000000000000000e+00,1.000000000000000000e+00
1.564199999999999946e+01,7.757384282222932192e-01,0.000000000000000000e+00,2.242615717777067808e-01,7.732076582406430809e-01,0.000000000000000000e+00,2.267923417593569191e-01,2.267923417593569191e-01,2.530769981650138334e-03,1.000000000000000000e+00,1.000000000000000000e+00
1.564400000000000013e+01,7.829421518219671361e-01,0.000000000000000000e+00,2.170578481780328639e-01,7.617460705176488656e-01,0.000000000000000000e+00,2.382539294823511344e-01,2.382539294823511344e-01,2.119608130431827053e-02,1.000000000000000000e+00,1.000000000000000000e+00
1.564600000000000080e+01,7.897696632696572516e-01,0.000000000000000000e+00,2.102303367303427484e-01,7.493651256237681135e-01,0.000000000000000000e+00,2.506348743762318865e-01,2.506348743762318865e-01,4.040453764588913810e-02,1.000000000000000000e+00,1.000000000000000000e+00
1.564799999999999969e+01,7.962459963233962101e-01,0.000000000000000000e+00,2.037540036766037899e-01,7.359926623991410732e-01,0.000000000000000000e+00,2.640073376008589268e-01,2.640073376008589268e-01,6.025333392425513690e-02,1.000000000000000000e+00,1.000000000000000000e+00
1.565000000000000036e+01,8.023943216030480219e-01,0.000000000000000000e+00,1.976056783969519781e-01,7.215536860492457460e-01,0.000000000000000000e+00,2.784463139507542540e-01,2.784463139507542540e-01,8.084063555380227584e-02,1.000000000000000000e+00,1.000000000000000000e+00
1.565199999999999925e+01,8.082360727612903917e-01,0.000000000000000000e+00,1.917639272387096083e-01,7.059715386337112042e-01,0.000000000000000000e+00,2.940284613662887958e-01,2.940284613662887958e-01,1.022645341275791875e-01,1.000000000000000000e+00,1.000000000000000000e+00
1.565399999999999991e+01,8.137910713857595679e-01,0.000000000000000000e+00,1.862089286142404321e-01,6.891696227404144892e-01,0.000000000000000000e+00,3.108303772595855108e-01,3.108303772595855108e-01,1.246214486453450787e-01,1.000000000000000000e+00,1.000000000000000000e+00
1.565600000000000058e+01,8.190776478124954796e-01,0.000000000000000000e+00,1.809223521875045204e-01,6.710738393557125203e-01,0.000000000000000000e+00,3.289261606442874797e-01,3.289261606442874797e-01,1.480038084567829593e-01,1.000000000000000000e+00,1.000000000000000000e+00
1.565799999999999947e+01,8.241127563596418737e-01,0.000000000000000000e+00,1.758872436403581263e-01,6.516159293637142635e-01,0.000000000000000000e+00,3.483840706362857365e-01,3.483840706362857365e-01,1.724968269959276101e-01,1.000000000000000000e+00,1.000000000000000000e+00
1.566000000000000014e+01,8.289120838508371447e-01,0.000000000000000000e+00,1.710879161491628553e-01,6.307379314715352292e-01,0.000000000000000000e+00,3.692620685284647708e-01,3.692620685284647708e-01,1.981741523793019155e-01,1.000000000000000000e+00,1.000000000000000000e+00
1.566200000000000081e+01,8.334901510445891226e-01,0.000000000000000000e+00,1.665098489554108774e-01,6.083979806234630638e-01,0.000000000000000000e+00,3.916020193765369362e-01,3.916020193765369362e-01,2.250921704211260588e-01,1.000000000000000000e+00,1.000000000000000000e+00
1.566399999999999970e+01,8.378604069230435325e-01,0.000000000000000000e+00,1.621395930769564675e-01,5.845776575396371966e-01,0.000000000000000000e+00,4.154223424603628034e-01,4.154223424603628034e-01,2.532827493834063359e-01,1.000000000000000000e+00,1.000000000000000000e+00
1.566600000000000037e+01,8.420353157240146880e-01,0.000000000000000000e+00,1.579646842759853120e-01,5.592910449441250709e-01,0.000000000000000000e+00,4.407089550558749291e-01,4.407089550558749291e-01,2.827442707798896171e-01,1.000000000000000000e+00,1.000000000000000000e+00
1.566799999999999926e+01,8.460264371899574032e-01,0.000000000000000000e+00,1.539735628100425968e-01,5.325955265527635429e-01,0.000000000000000000e+00,4.674044734472364571e-01,4.674044734472364571e-01,3.134309106371938602e-01,1.000000000000000000e+00,1.000000000000000000e+00
1.566999999999999993e+01,8.498445002522820868e-01,0.000000000000000000e+00,1.501554997477179132e-01,5.046041536369147984e-01,0.000000000000000000e+00,4.953958463630852016e-01,4.953958463630852016e-01,3.452403466153672884e-01,1.000000000000000000e+00,1.000000000000000000e+00
1.567200000000000060e+01,8.534994705644581847e-01,0.000000000000000000e+00,1.465005294355418153e-01,4.754990748334967932e-01,0.000000000000000000e+00,5.245009251665031513e-01,5.245009251665031513e-01,3.780003957309613360e-01,1.000000000000000000e+00,1.000000000000000000e+00
1.567399999999999949e+01,8.570006123459602554e-01,0.000000000000000000e+00,1.429993876540397446e-01,4.455450617119193768e-01,0.000000000000000000e+00,5.544549382880805677e-01,5.544549382880805677e-01,4.114555506340408231e-01,1.000000000000000000e+00,1.000000000000000000e+00
1.567600000000000016e+01,8.603565449233685491e-01,0.000000000000000000e+00,1.396434550766314509e-01,4.151015764283708664e-01,0.000000000000000000e+00,5.848984235716291336e-01,5.848984235716291336e-01,4.452549684949976827e-01,1.000000000000000000e+00,1.000000000000000000e+00
1.567800000000000082e+01,8.635752943713254082e-01,0.000000000000000000e+00,1.364247056286745918e-01,3.846311797156368173e-01,0.000000000000000000e+00,6.153688202843632382e-01,6.153688202843632382e-01,4.789441146556886464e-01,1.000000000000000000e+00,1.000000000000000000e+00
1.567999999999999972e+01,8.666643407473036964e-01,0.000000000000000000e+00,1.333356592526963036e-01,3.547015018399242714e-01,0.000000000000000000e+00,6.452984981600757841e-01,6.452984981600757841e-01,5.119628389073794805e-01,1.000000000000000000e+00,1.000000000000000000e+00
1.568200000000000038e+01,8.696306611702461220e-01,0.000000000000000000e+00,1.303693388297538780e-01,3.259777153438967456e-01,0.000000000000000000e+00,6.740222846561032544e-01,6.740222846561032544e-01,5.436529458263493764e-01,1.000000000000000000e+00,1.000000000000000000e+00
1.568399999999999928e+01,8.724807692119304070e-01,0.000000000000000000e+00,1.275192307880695930e-01,2.992027399152615841e-01,0.000000000000000000e+00,7.007972600847384159e-01,7.007972600847384159e-01,5.732780292966688229e-01,1.000000000000000000e+00,1.000000000000000000e+00
1.568599999999999994e+01,8.752207508383981205e-01,0.000000000000000000e+00,1.247792491616018795e-01,2.751635472588954689e-01,0.000000000000000000e+00,7.248364527411045311e-01,7.248364527411045311e-01,6.000572035795026515e-01,1.000000000000000000e+00,1.000000000000000000e+00
1.568800000000000061e+01,8.778562972956172050e-01,0.000000000000000000e+00,1.221437027043827950e-01,2.546440398882544032e-01,0.000000000000000000e+00,7.453559601117456523e-01,7.453559601117456523e-01,6.232122574073628574e-01,1.000000000000000000e+00,1.000000000000000000e+00
1.568999999999999950e+01,8.803927351825979741e-01,0.000000000000000000e+00,1.196072648174020259e-01,2.383678631886509414e-01,0.000000000000000000e+00,7.616321368113490031e-01,7.616321368113490031e-01,6.420248719939469773e-01,1.000000000000000000e+00,1.000000000000000000e+00
1.569200000000000017e+01,8.828350538739785369e-01,0.000000000000000000e+00,1.171649461260214631e-01,2.269375720831147969e-01,0.000000000000000000e+00,7.730624279168851753e-01,7.730624279168851753e-01,6.558974817908637123e-01,1.000000000000000000e+00,1.000000000000000000e+00
1.569400000000000084e+01,8.851879307320265067e-01,0.000000000000000000e+00,1.148120692679734933e-01,2.207788657420821088e-01,0.000000000000000000e+00,7.792211342579178357e-01,7.792211342579178357e-01,6.644090649899443424e-01,1.000000000000000000e+00,1.000000000000000000e+00
1.569599999999999973e+01,8.874557541250882586e-01,0.000000000000000000e+00,1.125442458749117414e-01,2.200991402448386758e-01,0.000000000000000000e+00,7.799008597551613242e-01,7.799008597551613242e-01,6.673566138802495828e-01,1.000000000000000000e+00,1.000000000000000000e+00
1.569800000000000040e+01,8.896426445311895748e-01,0.000000000000000000e+00,1.103573554688104252e-01,2.248678217395334855e-01,0.000000000000000000e+00,7.751321782604665422e-01,7.751321782604665422e-01,6.647748227916561170e-01,1.000000000000000000e+00,1.000000000000000000e+00
1.569999999999999929e+01,8.917524739070723516e-01,0.000000000000000000e+00,1.082475260929276484e-01,2.348220597271250820e-01,0.000000000000000000e+00,7.651779402728748902e-01,7.651779402728748902e-01,6.569304141799472418e-01,1.000000000000000000e+00,1.000000000000000000e+00
1.570199999999999996e+01,8.937888834593242793e-01,0.000000000000000000e+00,1.062111165406757207e-01,2.494964378465954480e-01,0.000000000000000000e+00,7.505035621534045243e-01,7.505035621534045243e-01,6.442924456127288035e-01,1.000000000000000000e+00,1.000000000000000000e+00
1.570400000000000063e+01,8.957552999558893170e-01,0.000000000000000000e+00,1.042447000441106830e-01,2.682708875821203098e-01,0.000000000000000000e+00,7.317291124178797457e-01,7.317291124178797457e-01,6.274844123737690627e-01,1.000000000000000000e+00,1.000000000000000000e+00
1.570599999999999952e+01,8.976549507412785456e-01,0.000000000000000000e+00,1.023450492587214544e-01,2.904282514235486667e-01,0.000000000000000000e+00,7.095717485764513333e-01,7.095717485764513333e-01,6.072266993177298788e-01,1.000000000000000000e+00,1.000000000000000000e+00
1.570800000000000018e+01,8.994908775309844451e-01,0.000000000000000000e+00,1.005091224690155549e-01,3.152124995147101427e-01,0.000000000000000000e+00,6.847875004852899128e-01,6.847875004852899128e-01,5.842783780162743579e-01,1.000000000000000000e+00,1.000000000000000000e+00
1.571000000000000085e+01,9.012659491121608468e-01,0.000000000000000000e+00,9.873405088783915318e-02,3.418801769453286843e-01,0.000000000000000000e+00,6.581198230546713157e-01,6.581198230546713157e-01,5.593857721668321625e-01,1.000000000000000000e+00,1.000000000000000000e+00
1.571199999999999974e+01,9.029828730549970262e-01,0.000000000000000000e+00,9.701712694500297385e-02,3.697403962237625907e-01,0.000000000000000000e+00,6.302596037762373538e-01,6.302596037762373538e-01,5.332424768312343799e-01,1.000000000000000000e+00,1.000000000000000000e+00
1.571400000000000041e+01,9.046442065284696632e-01,0.000000000000000000e+00,9.535579347153033680e-02,3.981816175366519328e-01,0.000000000000000000e+00,6.018183824633480672e-01,6.018183824633480672e-01,5.064625889918177304e-01,1.000000000000000000e+00,1.000000000000000000e+00
1.571599999999999930e+01,9.062523662342759634e-01,0.000000000000000000e+00,9.374763376572403661e-02,4.266858468218148737e-01,0.000000000000000000e+00,5.733141531781851263e-01,5.733141531781851263e-01,4.795665194124610897e-01,1.000000000000000000e+00,1.000000000000000000e+00
1.571799999999999997e+01,9.078096376255041511e-01,0.000000000000000000e+00,9.219036237449584892e-02,4.548323904556497155e-01,0.000000000000000000e+00,5.451676095443502845e-01,5.451676095443502845e-01,4.529772471698544356e-01,1.000000000000000000e+00,1.000000000000000000e+00
1.572000000000000064e+01,9.093181834174254297e-01,0.000000000000000000e+00,9.068181658257457034e-02,4.822939427049924843e-01,0.000000000000000000e+00,5.177060572950075157e-01,5.177060572950075157e-01,4.270242407124329453e-01,1.000000000000000000e+00,1.000000000000000000e+00
1.572199999999999953e+01,9.107800514677751869e-01,0.000000000000000000e+00,8.921994853222481314e-02,5.088277584851185198e-01,0.000000000000000000e+00,4.911722415148814802e-01,4.911722415148814802e-01,4.019522929826566671e-01,1.000000000000000000e+00,1.000000000000000000e+00
1.572400000000000020e+01,9.121971820514895857e-01,0.000000000000000000e+00,8.780281794851041433e-02,5.342642486667394941e-01,0.000000000000000000e+00,4.657357513332605059e-01,4.657357513332605059e-01,3.779329333847500916e-01,1.000000000000000000e+00,1.000000000000000000e+00
1.572599999999999909e+01,9.135714146062982044e-01,0.000000000000000000e+00,8.642858539370179560e-02,5.584947620043586580e-01,0.000000000000000000e+00,4.415052379956413420e-01,4.415052379956413420e-01,3.550766526019395464e-01,1.000000000000000000e+00,1.000000000000000000e+00
1.572799999999999976e+01,9.149044940422530470e-01,0.000000000000000000e+00,8.509550595774695303e-02,5.814597464729116538e-01,0.000000000000000000e+00,4.185402535270883462e-01,4.185402535270883462e-01,3.334447475693413931e-01,1.000000000000000000e+00,1.000000000000000000e+00
1.573000000000000043e+01,9.161980764954140710e-01,0.000000000000000000e+00,8.380192350458592898e-02,6.031379991801536500e-01,0.000000000000000000e+00,3.968620008198463500e-01,3.968620008198463500e-01,3.130600773152604210e-01,1.000000000000000000e+00,1.000000000000000000e+00
1.573199999999999932e+01,9.174537347667088838e-01,0.000000000000000000e+00,8.254626523329111620e-02,6.235373487987757590e-01,0.000000000000000000e+00,3.764626512012242410e-01,3.764626512012242410e-01,2.939163859679331248e-01,1.000000000000000000e+00,1.000000000000000000e+00
1.573399999999999999e+01,9.186729633340480206e-01,0.000000000000000000e+00,8.132703666595197944e-02,6.426868633846967160e-01,0.000000000000000000e+00,3.573131366153032840e-01,3.573131366153032840e-01,2.759860999493513045e-01,1.000000000000000000e+00,1.000000000000000000e+00
1.573600000000000065e+01,9.198571830145819694e-01,0.000000000000000000e+00,8.014281698541803056e-02,6.606305207589995288e-01,0.000000000000000000e+00,3.393694792410004712e-01,3.393694792410004712e-01,2.592266622555824407e-01,1.000000000000000000e+00,1.000000000000000000e+00
1.573799999999999955e+01,9.210077453082096133e-01,0.000000000000000000e+00,7.899225469179038672e-02,6.774221936588119553e-01,0.000000000000000000e+00,3.225778063411880447e-01,3.225778063411880447e-01,2.435855516493976580e-01,1.000000000000000000e+00,1.000000000000000000e+00
1.574000000000000021e+01,9.221259364581761986e-01,0.000000000000000000e+00,7.787406354182380142e-02,6.931217656393487969e-01,0.000000000000000000e+00,3.068782343606512031e-01,3.068782343606512031e-01,2.290041708188274017e-01,1.000000000000000000e+00,1.000000000000000000e+00
1.574200000000000088e+01,9.232129812249053602e-01,0.000000000000000000e+00,7.678701877509463980e-02,7.077921881479104504e-01,0.000000000000000000e+00,2.922078118520895496e-01,2.922078118520895496e-01,2.154207930769949098e-01,1.000000000000000000e+00,1.000000000000000000e+00
1.574399999999999977e+01,9.242700463841927450e-01,0.000000000000000000e+00,7.572995361580725504e-02,7.214973011455145802e-01,0.000000000000000000e+00,2.785026988544854198e-01,2.785026988544854198e-01,2.027727452386781648e-01,1.000000000000000000e+00,1.000000000000000000e+00
1.574600000000000044e+01,9.252982440401288367e-01,0.000000000000000000e+00,7.470175595987116335e-02,7.343002604863425598e-01,0.000000000000000000e+00,2.656997395136574402e-01,2.656997395136574402e-01,1.909979835537862769e-01,1.000000000000000000e+00,1.000000000000000000e+00
1.574799999999999933e+01,9.262986346850661246e-01,0.000000000000000000e+00,7.370136531493387544e-02,7.462624386704149737e-01,0.000000000000000000e+00,2.537375613295850263e-01,2.537375613295850263e-01,1.800361960146511509e-01,1.000000000000000000e+00,1.000000000000000000e+00
1.575000000000000000e+01,9.272722300534793627e-01,0.000000000000000000e+00,7.272776994652063731e-02,7.574426890234228216e-01,0.000000000000000000e+00,2.425573109765771784e-01,2.425573109765771784e-01,1.698295410300565411e-01,1.000000000000000000e+00,1.000000000000000000e+00
1.575200000000000067e+01,9.282199958473980050e-01,0.000000000000000000e+00,7.178000415260199496e-02,7.678968845655151920e-01,0.000000000000000000e+00,2.321031154344848080e-01,2.321031154344848080e-01,1.603231112818828130e-01,1.000000000000000000e+00,1.000000000000000000e+00
1.575399999999999956e+01,9.291428542086381803e-01,0.000000000000000000e+00,7.085714579136181968e-02,7.776776610171093340e-01,0.000000000000000000e+00,2.223223389828906660e-01,2.223223389828906660e-01,1.514651931915288463e-01,1.000000000000000000e+00,1.000000000000000000e+00
1.575600000000000023e+01,9.300416860836246968e-01,0.000000000000000000e+00,6.995831391637530317e-02,7.868343090266075590e-01,0.000000000000000000e+00,2.131656909733924410e-01,2.131656909733924410e-01,1.432073770570171378e-01,1.000000000000000000e+00,1.000000000000000000e+00
1.575799999999999912e+01,9.309173334421322332e-01,0.000000000000000000e+00,6.908266655786776678e-02,7.954127731071728435e-01,0.000000000000000000e+00,2.045872268928271565e-01,2.045872268928271565e-01,1.355045603349593897e-01,1.000000000000000000e+00,1.000000000000000000e+00
1.575999999999999979e+01,9.317706013331359394e-01,0.000000000000000000e+00,6.822939866686406063e-02,8.034557248730229695e-01,0.000000000000000000e+00,1.965442751269770305e-01,1.965442751269770305e-01,1.283148764601129699e-01,1.000000000000000000e+00,1.000000000000000000e+00
1.576200000000000045e+01,9.326022598153390630e-01,0.000000000000000000e+00,6.739774018466093697e-02,8.110026861891166394e-01,0.000000000000000000e+00,1.889973138108833606e-01,1.889973138108833606e-01,1.215995736262224236e-01,1.000000000000000000e+00,1.000000000000000000e+00
1.576399999999999935e+01,9.334130458045031276e-01,0.000000000000000000e+00,6.658695419549687244e-02,8.180901840809274850e-01,0.000000000000000000e+00,1.819098159190725150e-01,1.819098159190725150e-01,1.153228617235756426e-01,1.000000000000000000e+00,1.000000000000000000e+00
1.576600000000000001e+01,9.342036647617988354e-01,0.000000000000000000e+00,6.579633523820116459e-02,8.247519239401752689e-01,0.000000000000000000e+00,1.752480760598247311e-01,1.752480760598247311e-01,1.094517408216235665e-01,1.000000000000000000e+00,1.000000000000000000e+00
1.576800000000000068e+01,9.349747923146104478e-01,0.000000000000000000e+00,6.502520768538955220e-02,8.310189714090812085e-01,0.000000000000000000e+00,1.689810285909187915e-01,1.689810285909187915e-01,1.039558209055292393e-01,1.000000000000000000e+00,1.000000000000000000e+00
1.576999999999999957e+01,9.357270757673983308e-01,0.000000000000000000e+00,6.427292423260166920e-02,8.369199359897210311e-01,0.000000000000000000e+00,1.630800640102789689e-01,1.630800640102789689e-01,9.880713977767729972e-02,1.000000000000000000e+00,1.000000000000000000e+00
1.577200000000000024e+01,9.364611355306997620e-01,0.000000000000000000e+00,6.353886446930023801e-02,8.424811516104494524e-01,0.000000000000000000e+00,1.575188483895505476e-01,1.575188483895505476e-01,9.397998392025030956e-02,1.000000000000000000e+00,1.000000000000000000e+00
1.577400000000000091e+01,9.371775664326431610e-01,0.000000000000000000e+00,6.282243356735683903e-02,8.477268508605997344e-01,0.000000000000000000e+00,1.522731491394002656e-01,1.522731491394002656e-01,8.945071557204342660e-02,1.000000000000000000e+00,1.000000000000000000e+00
1.577599999999999980e+01,9.378769390210476287e-01,0.000000000000000000e+00,6.212306097895237134e-02,8.526793309437129542e-01,0.000000000000000000e+00,1.473206690562870458e-01,1.473206690562870458e-01,8.519760807733467445e-02,1.000000000000000000e+00,1.000000000000000000e+00
1.577800000000000047e+01,9.385598007302364820e-01,0.000000000000000000e+00,6.144019926976351798e-02,8.573591099940607307e-01,0.000000000000000000e+00,1.426408900059392693e-01,1.426408900059392693e-01,8.120069073617575128e-02,1.000000000000000000e+00,1.000000000000000000e+00
1.577999999999999936e+01,9.392266770124076958e-01,0.000000000000000000e+00,6.077332298759230422e-02,8.617850732381384660e-01,0.000000000000000000e+00,1.382149267618615340e-01,1.382149267618615340e-01,7.744160377426922981e-02,1.000000000000000000e+00,1.000000000000000000e+00
1.578200000000000003e+01,9.398780723880967303e-01,0.000000000000000000e+00,6.012192761190326973e-02,8.659746087924029556e-01,0.000000000000000000e+00,1.340253912075970444e-01,1.340253912075970444e-01,7.390346359569377466e-02,1.000000000000000000e+00,1.000000000000000000e+00
1.578400000000000070e+01,9.405144714480377921e-01,0.000000000000000000e+00,5.948552855196220790e-02,8.699437332434863945e-01,0.000000000000000000e+00,1.300562667565136055e-01,1.300562667565136055e-01,7.057073820455139757e-02,1.000000000000000000e+00,1.000000000000000000e+00
1.578599999999999959e+01,9.411363397936974851e-01,0.000000000000000000e+00,5.886366020630251494e-02,8.737072073407429196e-01,0.000000000000000000e+00,1.262927926592570804e-01,1.262927926592570804e-01,6.742913245295456548e-02,1.000000000000000000e+00,1.000000000000000000e+00
1.578800000000000026e+01,9.417441249536295800e-01,0.000000000000000000e+00,5.825587504637042002e-02,8.772786422886666990e-01,0.000000000000000000e+00,1.227213577113333010e-01,1.227213577113333010e-01,6.446548266496288093e-02,1.000000000000000000e+00,1.000000000000000000e+00
1.578999999999999915e+01,9.423382571857887857e-01,0.000000000000000000e+00,5.766174281421121428e-02,8.806705971005955869e-01,0.000000000000000000e+00,1.193294028994044131e-01,1.193294028994044131e-01,6.166766008519319886e-02,1.000000000000000000e+00,1.000000000000000000e+00
1.579199999999999982e+01,9.429191503024765275e-01,0.000000000000000000e+00,5.708084969752347249e-02,8.838946677193499912e-01,0.000000000000000000e+00,1.161053322806500088e-01,1.161053322806500088e-01,5.902448258312653628e-02,1.000000000000000000e+00,1.000000000000000000e+00
1.579400000000000048e+01,9.434872024102638477e-01,0.000000000000000000e+00,5.651279758973615230e-02,8.869615684052620797e-01,0.000000000000000000e+00,1.130384315947379203e-01,1.130384315947379203e-01,5.652563400500176805e-02,1.000000000000000000e+00,1.000000000000000000e+00
1.579599999999999937e+01,9.440427966506232949e-01,0.000000000000000000e+00,5.595720334937670515e-02,8.898812060497767185e-01,0.000000000000000000e+00,1.101187939502232815e-01,1.101187939502232815e-01,5.416159060084657639e-02,1.000000000000000000e+00,1.000000000000000000e+00
1.579800000000000004e+01,9.445863018359973440e-01,0.000000000000000000e+00,5.541369816400265602e-02,8.926627478901815183e-01,0.000000000000000000e+00,1.073372521098184817e-01,1.073372521098184817e-01,5.192355394581582573e-02,1.000000000000000000e+00,1.000000000000000000e+00
1.580000000000000071e+01,9.451180731147158509e-01,0.000000000000000000e+00,5.488192688528414909e-02,8.953146832983210901e-01,0.000000000000000000e+00,1.046853167016789099e-01,1.046853167016789099e-01,4.980338981639476081e-02,1.000000000000000000e+00,1.000000000000000000e+00
1.580199999999999960e+01,9.456384525875183300e-01,0.000000000000000000e+00,5.436154741248166999e-02,8.978448800777869554e-01,0.000000000000000000e+00,1.021551199222130446e-01,1.021551199222130446e-01,4.779357250973137461e-02,1.000000000000000000e+00,1.000000000000000000e+00
1.580400000000000027e+01,9.461477698575162520e-01,0.000000000000000000e+00,5.385223014248374795e-02,9.002606357298520434e-01,0.000000000000000000e+00,9.973936427014795658e-02,9.973936427014795658e-02,4.588713412766420863e-02,1.000000000000000000e+00,1.000000000000000000e+00
1.580600000000000094e+01,9.466463425897030382e-01,0.000000000000000000e+00,5.335365741029696185e-02,9.025687242075376426e-01,0.000000000000000000e+00,9.743127579246235737e-02,9.743127579246235737e-02,4.407761838216539552e-02,1.000000000000000000e+00,1.000000000000000000e+00
1.580799999999999983e+01,9.471344770301060034e-01,0.000000000000000000e+00,5.286552296989399657e-02,9.047754385153740087e-01,0.000000000000000000e+00,9.522456148462599135e-02,9.522456148462599135e-02,4.235903851473199477e-02,1.000000000000000000e+00,1.000000000000000000e+00
1.581000000000000050e+01,9.476124685064555297e-01,0.000000000000000000e+00,5.238753149354447025e-02,9.068866295550666035e-01,0.000000000000000000e+00,9.311337044493339654e-02,9.311337044493339654e-02,4.072583895138892629e-02,1.000000000000000000e+00,1.000000000000000000e+00
1.581199999999999939e+01,9.480806018683982650e-01,0.000000000000000000e+00,5.191939813160173500e-02,9.089077415115727199e-01,0.000000000000000000e+00,9.109225848842728013e-02,9.109225848842728013e-02,3.917286035682554513e-02,1.000000000000000000e+00,1.000000000000000000e+00
1.581400000000000006e+01,9.485391519658807891e-01,0.000000000000000000e+00,5.146084803411921094e-02,9.108438441987707357e-01,0.000000000000000000e+00,8.915615580122926431e-02,8.915615580122926431e-02,3.769530776711005338e-02,1.000000000000000000e+00,1.000000000000000000e+00
1.581600000000000072e+01,9.489883840402197901e-01,0.000000000000000000e+00,5.101161595978020991e-02,9.126996625188464884e-01,0.000000000000000000e+00,8.730033748115351155e-02,8.730033748115351155e-02,3.628872152137330165e-02,1.000000000000000000e+00,1.000000000000000000e+00
1.581799999999999962e+01,9.494285541575092635e-01,0.000000000000000000e+00,5.057144584249073649e-02,9.144796034252463679e-01,0.000000000000000000e+00,8.552039657475363210e-02,8.552039657475363210e-02,3.494895073226289561e-02,1.000000000000000000e+00,1.000000000000000000e+00
1.582000000000000028e+01,9.498599095588984298e-01,0.000000000000000000e+00,5.014009044110157021e-02,9.161877804986138241e-01,0.000000000000000000e+00,8.381221950138617593e-02,8.381221950138617593e-02,3.367212906028460573e-02,1.000000000000000000e+00,1.000000000000000000e+00
1.582199999999999918e+01,9.502826890320926756e-01,0.000000000000000000e+00,4.971731096790732440e-02,9.178280364525224222e-01,0.000000000000000000e+00,8.217196354747757781e-02,8.217196354747757781e-02,3.245465257957025340e-02,1.000000000000000000e+00,1.000000000000000000e+00
1.582399999999999984e+01,9.506971232836308738e-01,0.000000000000000000e+00,4.930287671636912616e-02,9.194039637432739331e-01,0.000000000000000000e+00,8.059603625672606686e-02,8.059603625672606686e-02,3.129315954035694070e-02,1.000000000000000000e+00,1.000000000000000000e+00
1.582600000000000051e+01,9.511034352377170098e-01,0.000000000000000000e+00,4.889656476228299020e-02,9.209189233800298968e-01,0.000000000000000000e+00,7.908107661997010318e-02,7.908107661997010318e-02,3.018451185768711298e-02,1.000000000000000000e+00,1.000000000000000000e+00
1.582799999999999940e+01,9.515018403557028437e-01,0.000000000000000000e+00,4.849815964429715631e-02,9.223760621901354595e-01,0.000000000000000000e+00,7.762393780986454050e-02,7.762393780986454050e-02,2.912577816556738419e-02,1.000000000000000000e+00,1.000000000000000000e+00
1.583000000000000007e+01,9.518925469534529338e-01,0.000000000000000000e+00,4.810745304654706622e-02,9.237783286600911303e-01,0.000000000000000000e+00,7.622167133990886967e-02,7.622167133990886967e-02,2.811421829336180345e-02,1.000000000000000000e+00,1.000000000000000000e+00
1.583200000000000074e+01,9.522757564550908826e-01,0.000000000000000000e+00,4.772424354490911735e-02,9.251284874176460837e-01,0.000000000000000000e+00,7.487151258235391627e-02,7.487151258235391627e-02,2.714726903744479891e-02,1.000000000000000000e+00,1.000000000000000000e+00
1.583399999999999963e+01,9.526516636995876475e-01,0.000000000000000000e+00,4.734833630041235253e-02,9.264291325898061924e-01,0.000000000000000000e+00,7.357086741019380760e-02,7.357086741019380760e-02,2.622253110978145507e-02,1.000000000000000000e+00,1.000000000000000000e+00
1.583600000000000030e+01,9.530204571736026198e-01,0.000000000000000000e+00,4.697954282639738022e-02,9.276827000156870895e-01,0.000000000000000000e+00,7.231729998431291051e-02,7.231729998431291051e-02,2.533775715791553029e-02,1.000000000000000000e+00,1.000000000000000000e+00
1.583799999999999919e+01,9.533823192751060827e-01,0.000000000000000000e+00,4.661768072489391734e-02,9.288914785140284236e-01,0.000000000000000000e+00,7.110852148597157640e-02,7.110852148597157640e-02,2.449084076107765906e-02,1.000000000000000000e+00,1.000000000000000000e+00
1.583999999999999986e+01,9.537374265306176602e-01,0.000000000000000000e+00,4.626257346938233983e-02,9.300576202155390604e-01,0.000000000000000000e+00,6.994237978446093962e-02,6.994237978446093962e-02,2.367980631507859979e-02,1.000000000000000000e+00,1.000000000000000000e+00
1.584200000000000053e+01,9.540859498534267624e-01,0.000000000000000000e+00,4.591405014657323758e-02,9.311831501249352439e-01,0.000000000000000000e+00,6.881684987506475615e-02,6.881684987506475615e-02,2.290279972849151857e-02,1.000000000000000000e+00,1.000000000000000000e+00
1.584399999999999942e+01,9.544280547261798642e-01,0.000000000000000000e+00,4.557194527382013582e-02,9.322699748673235476e-01,0.000000000000000000e+00,6.773002513267645242e-02,6.773002513267645242e-02,2.215807985885631659e-02,1.000000000000000000e+00,1.000000000000000000e+00
1.584600000000000009e+01,9.547639014159714499e-01,0.000000000000000000e+00,4.523609858402855011e-02,9.333198907923503373e-01,0.000000000000000000e+00,6.668010920764966265e-02,6.668010920764966265e-02,2.144401062362111254e-02,1.000000000000000000e+00,1.000000000000000000e+00
1.584800000000000075e+01,9.550936451842533259e-01,0.000000000000000000e+00,4.490635481574667409e-02,9.343345914559930687e-01,0.000000000000000000e+00,6.566540854400693128e-02,6.566540854400693128e-02,2.075905372826025719e-02,1.000000000000000000e+00,1.000000000000000000e+00
1.584999999999999964e+01,9.554174364598941871e-01,0.000000000000000000e+00,4.458256354010581290e-02,9.353156745007931150e-01,0.000000000000000000e+00,6.468432549920688501e-02,6.468432549920688501e-02,2.010176195910107211e-02,1.000000000000000000e+00,1.000000000000000000e+00
1.585200000000000031e+01,9.557354210357763558e-01,0.000000000000000000e+00,4.426457896422364424e-02,9.362646480446176200e-01,0.000000000000000000e+00,6.373535195538237996e-02,6.373535195538237996e-02,1.947077299115873572e-02,1.000000000000000000e+00,1.000000000000000000e+00
1.585399999999999920e+01,9.560477402149097914e-01,0.000000000000000000e+00,4.395225978509020859e-02,9.371829365449843019e-01,0.000000000000000000e+00,6.281706345501569810e-02,6.281706345501569810e-02,1.886480366992548952e-02,1.000000000000000000e+00,1.000000000000000000e+00
1.585599999999999987e+01,9.563545309934862182e-01,0.000000000000000000e+00,4.364546900651378181e-02,9.380718862691205251e-01,0.000000000000000000e+00,6.192811373087947491e-02,6.192811373087947491e-02,1.828264472436569310e-02,1.000000000000000000e+00,1.000000000000000000e+00
1.585800000000000054e+01,9.566559262223601756e-01,0.000000000000000000e+00,4.334407377763982439e-02,9.389327703453537177e-01,0.000000000000000000e+00,6.106722965464628228e-02,6.106722965464628228e-02,1.772315587700645789e-02,1.000000000000000000e+00,1.000000000000000000e+00
1.585999999999999943e+01,9.569520547454646309e-01,0.000000000000000000e+00,4.304794525453536913e-02,9.397667934274882562e-01,0.000000000000000000e+00,6.023320657251174381e-02,6.023320657251174381e-02,1.718526131797637468e-02,1.000000000000000000e+00,1.000000000000000000e+00
1.586200000000000010e+01,9.572430415448409668e-01,0.000000000000000000e+00,4.275695845515903315e-02,9.405750960310051978e-01,0.000000000000000000e+00,5.942490396899480221e-02,5.942490396899480221e-02,1.666794551383576906e-02,1.000000000000000000e+00,1.000000000000000000e+00
1.586400000000000077e+01,9.575290078915248415e-01,0.000000000000000000e+00,4.247099210847515849e-02,9.413587585702508642e-01,0.000000000000000000e+00,5.864124142974913578e-02,5.864124142974913578e-02,1.617024932127397729e-02,1.000000000000000000e+00,1.000000000000000000e+00
1.586599999999999966e+01,9.578100714721574649e-01,0.000000000000000000e+00,4.218992852784253511e-02,9.421188050873430253e-01,0.000000000000000000e+00,5.788119491265697469e-02,5.788119491265697469e-02,1.569126638481443958e-02,1.000000000000000000e+00,1.000000000000000000e+00
1.586800000000000033e+01,9.580863465060696083e-01,0.000000000000000000e+00,4.191365349393039175e-02,9.428562067138431813e-01,0.000000000000000000e+00,5.714379328615681874e-02,5.714379328615681874e-02,1.523013979222642700e-02,1.000000000000000000e+00,1.000000000000000000e+00
1.586999999999999922e+01,9.583579438805384099e-01,0.000000000000000000e+00,4.164205611946159014e-02,9.435718849102711081e-01,0.000000000000000000e+00,5.642811508972889190e-02,5.642811508972889190e-02,1.478605897026730176e-02,1.000000000000000000e+00,1.000000000000000000e+00
1.587199999999999989e+01,9.586249712593295502e-01,0.000000000000000000e+00,4.137502874067044978e-02,9.442667144611259777e-01,0.000000000000000000e+00,5.573328553887402226e-02,5.573328553887402226e-02,1.435825679820357248e-02,1.000000000000000000e+00,1.000000000000000000e+00
1.587400000000000055e+01,9.588875332004371810e-01,0.000000000000000000e+00,4.111246679956281902e-02,9.449415262742688615e-01,0.000000000000000000e+00,5.505847372573113852e-02,5.505847372573113852e-02,1.394600692616831950e-02,1.000000000000000000e+00,1.000000000000000000e+00
1.587599999999999945e+01,9.591457312632609700e-01,0.000000000000000000e+00,4.085426873673903003e-02,9.455971099850328798e-01,0.000000000000000000e+00,5.440289001496712018e-02,5.440289001496712018e-02,1.354862127822809015e-02,1.000000000000000000e+00,1.000000000000000000e+00
1.587800000000000011e+01,9.593996641027959793e-01,0.000000000000000000e+00,4.060033589720402070e-02,9.462342163727064381e-01,0.000000000000000000e+00,5.376578362729356186e-02,5.376578362729356186e-02,1.316544773008954117e-02,1.000000000000000000e+00,1.000000000000000000e+00
1.588000000000000078e+01,9.596494275848117539e-01,0.000000000000000000e+00,4.035057241518824611e-02,9.468535596414104916e-01,0.000000000000000000e+00,5.314644035858950843e-02,5.314644035858950843e-02,1.279586794340126232e-02,1.000000000000000000e+00,1.000000000000000000e+00
1.588199999999999967e+01,9.598951148647223430e-01,0.000000000000000000e+00,4.010488513527765697e-02,9.474558195148163886e-01,0.000000000000000000e+00,5.254418048518361140e-02,5.254418048518361140e-02,1.243929534990595442e-02,1.000000000000000000e+00,1.000000000000000000e+00
1.588400000000000034e+01,9.601368164895870416e-01,0.000000000000000000e+00,3.986318351041295838e-02,9.480416432200340360e-01,0.000000000000000000e+00,5.195835677996596402e-02,5.195835677996596402e-02,1.209517326955300565e-02,1.000000000000000000e+00,1.000000000000000000e+00
1.588599999999999923e+01,9.603746204796255181e-01,0.000000000000000000e+00,3.962537952037448186e-02,9.486116473244636804e-01,0.000000000000000000e+00,5.138835267553631958e-02,5.138835267553631958e-02,1.176297315516183772e-02,1.000000000000000000e+00,1.000000000000000000e+00
1.588799999999999990e+01,9.606086124254343828e-01,0.000000000000000000e+00,3.939138757456561724e-02,9.491664194717954750e-01,0.000000000000000000e+00,5.083358052820452500e-02,5.083358052820452500e-02,1.144219295363890776e-02,1.000000000000000000e+00,1.000000000000000000e+00
1.589000000000000057e+01,9.608388755376652268e-01,0.000000000000000000e+00,3.916112446233477318e-02,9.497065199621770315e-01,0.000000000000000000e+00,5.029348003782296850e-02,5.029348003782296850e-02,1.113235557548819532e-02,1.000000000000000000e+00,1.000000000000000000e+00
1.589199999999999946e+01,9.610654907747311348e-01,0.000000000000000000e+00,3.893450922526886515e-02,9.502324833120847636e-01,0.000000000000000000e+00,4.976751668791523642e-02,4.976751668791523642e-02,1.083300746264637127e-02,1.000000000000000000e+00,1.000000000000000000e+00
1.589400000000000013e+01,9.612885368652350770e-01,0.000000000000000000e+00,3.871146313476492296e-02,9.507448196134918872e-01,0.000000000000000000e+00,4.925518038650811281e-02,4.925518038650811281e-02,1.054371725174318986e-02,1.000000000000000000e+00,1.000000000000000000e+00
1.589600000000000080e+01,9.615080904151177554e-01,0.000000000000000000e+00,3.849190958488224457e-02,9.512440158946432467e-01,0.000000000000000000e+00,4.875598410535675331e-02,4.875598410535675331e-02,1.026407452047450874e-02,1.000000000000000000e+00,1.000000000000000000e+00
1.589799999999999969e+01,9.617242259614164901e-01,0.000000000000000000e+00,3.827577403858350991e-02,9.517305373451229178e-01,0.000000000000000000e+00,4.826946265487708221e-02,4.826946265487708221e-02,9.993688616293572302e-03,1.000000000000000000e+00,1.000000000000000000e+00
1.590000000000000036e+01,9.619370160580819062e-01,0.000000000000000000e+00,3.806298394191809376e-02,9.522048285003817947e-01,0.000000000000000000e+00,4.779517149961820532e-02,4.779517149961820532e-02,9.732187557700111569e-03,1.000000000000000000e+00,1.000000000000000000e+00
1.590199999999999925e+01,9.621465313082584458e-01,0.000000000000000000e+00,3.785346869174155415e-02,9.526673143025207180e-01,0.000000000000000000e+00,4.733268569747928201e-02,4.733268569747928201e-02,9.479217005737727852e-03,1.000000000000000000e+00,1.000000000000000000e+00
1.590399999999999991e+01,9.623528404406512804e-01,0.000000000000000000e+00,3.764715955934871960e-02,9.531184011420646973e-01,0.000000000000000000e+00,4.688159885793530268e-02,4.688159885793530268e-02,9.234439298586583078e-03,1.000000000000000000e+00,1.000000000000000000e+00
1.590600000000000058e+01,9.625560103888091135e-01,0.000000000000000000e+00,3.744398961119088654e-02,9.535584778422788732e-01,0.000000000000000000e+00,4.644152215772112680e-02,4.644152215772112680e-02,8.997532546530240261e-03,1.000000000000000000e+00,1.000000000000000000e+00
1.590799999999999947e+01,9.627561063205936076e-01,0.000000000000000000e+00,3.724389367940639239e-02,9.539879165383158277e-01,0.000000000000000000e+00,4.601208346168417229e-02,4.601208346168417229e-02,8.768189782277779898e-03,1.000000000000000000e+00,1.000000000000000000e+00
1.591000000000000014e+01,9.629531917128699714e-01,0.000000000000000000e+00,3.704680828713002860e-02,9.544070735496579250e-01,0.000000000000000000e+00,4.559292645034207503e-02,4.559292645034207503e-02,8.546118163212046426e-03,1.000000000000000000e+00,1.000000000000000000e+00
1.591200000000000081e+01,9.631473283856087919e-01,0.000000000000000000e+00,3.685267161439120809e-02,9.548162901636272348e-01,0.000000000000000000e+00,4.518370983637276517e-02,4.518370983637276517e-02,8.331038221981557079e-03,1.000000000000000000e+00,1.000000000000000000e+00
1.591399999999999970e+01,9.633385765620902097e-01,0.000000000000000000e+00,3.666142343790979030e-02,9.552158934002500379e-01,0.000000000000000000e+00,4.478410659974996211e-02,4.478410659974996211e-02,8.122683161840171806e-03,1.000000000000000000e+00,1.000000000000000000e+00
1.591600000000000037e+01,9.635269949364375641e-01,0.000000000000000000e+00,3.647300506356243588e-02,9.556061967424139825e-01,0.000000000000000000e+00,4.439380325758601753e-02,4.439380325758601753e-02,7.920798194023581651e-03,1.000000000000000000e+00,1.000000000000000000e+00
1.591799999999999926e+01,9.637126406835530013e-01,0.000000000000000000e+00,3.628735931644699875e-02,9.559875007689759840e-01,0.000000000000000000e+00,4.401249923102401596e-02,4.401249923102401596e-02,7.725139914577017208e-03,1.000000000000000000e+00,1.000000000000000000e+00
1.591999999999999993e+01,9.638955695387019240e-01,0.000000000000000000e+00,3.610443046129807598e-02,9.563600938208923763e-01,0.000000000000000000e+00,4.363990617910762371e-02,4.363990617910762371e-02,7.535475717809547724e-03,1.000000000000000000e+00,1.000000000000000000e+00
1.592200000000000060e+01,9.640758358289430729e-01,0.000000000000000000e+00,3.592416417105692705e-02,9.567242525852727164e-01,0.000000000000000000e+00,4.327574741472728359e-02,4.327574741472728359e-02,7.351583243670356538e-03,1.000000000000000000e+00,1.000000000000000000e+00
1.592399999999999949e+01,9.642534925115151534e-01,0.000000000000000000e+00,3.574650748848484660e-02,9.570802426542107666e-01,0.000000000000000000e+00,4.291975734578923340e-02,4.291975734578923340e-02,7.173249857304386801e-03,1.000000000000000000e+00,1.000000000000000000e+00
1.592600000000000016e+01,9.644285912155400320e-01,0.000000000000000000e+00,3.557140878445996801e-02,9.574283190565724411e-01,0.000000000000000000e+00,4.257168094342755893e-02,4.257168094342755893e-02,7.000272158967590919e-03,1.000000000000000000e+00,1.000000000000000000e+00
1.592800000000000082e+01,9.646011822998206142e-01,0.000000000000000000e+00,3.539881770017938578e-02,9.577687267790350178e-01,0.000000000000000000e+00,4.223127322096498215e-02,4.223127322096498215e-02,6.832455520785596370e-03,1.000000000000000000e+00,1.000000000000000000e+00
1.592999999999999972e+01,9.647713148572945041e-01,0.000000000000000000e+00,3.522868514270549589e-02,9.581017012060669691e-01,0.000000000000000000e+00,4.189829879393303091e-02,4.189829879393303091e-02,6.669613651227535023e-03,1.000000000000000000e+00,1.000000000000000000e+00
1.593200000000000038e+01,9.649390367872028307e-01,0.000000000000000000e+00,3.506096321279716932e-02,9.584274686043160463e-01,0.000000000000000000e+00,4.157253139568395373e-02,4.157253139568395373e-02,6.511568182886784406e-03,1.000000000000000000e+00,1.000000000000000000e+00
1.593399999999999928e+01,9.651043948118951388e-01,0.000000000000000000e+00,3.489560518810486123e-02,9.587462465276948009e-01,0.000000000000000000e+00,4.125375347230519907e-02,4.125375347230519907e-02,6.358148284200337841e-03,1.000000000000000000e+00,1.000000000000000000e+00
1.593599999999999994e+01,9.652674344995865185e-01,0.000000000000000000e+00,3.473256550041348145e-02,9.590582442072153047e-01,0.000000000000000000e+00,4.094175579278469534e-02,4.094175579278469534e-02,6.209190292371213893e-03,1.000000000000000000e+00,1.000000000000000000e+00
1.593800000000000061e+01,9.654282003457067551e-01,0.000000000000000000e+00,3.457179965429324486e-02,9.593636629797812621e-01,0.000000000000000000e+00,4.063633702021873795e-02,4.063633702021873795e-02,6.064537365925493084e-03,1.000000000000000000e+00,1.000000000000000000e+00
1.593999999999999950e+01,9.655867357339944501e-01,0.000000000000000000e+00,3.441326426600554989e-02,9.596626965760097772e-01,0.000000000000000000e+00,4.033730342399022284e-02,4.033730342399022284e-02,5.924039157984672954e-03,1.000000000000000000e+00,1.000000000000000000e+00
1.594200000000000017e+01,9.657430830329927218e-01,0.000000000000000000e+00,3.425691696700727817e-02,9.599555315279524326e-01,0.000000000000000000e+00,4.004446847204756743e-02,4.004446847204756743e-02,5.787551505040289257e-03,1.000000000000000000e+00,1.000000000000000000e+00
1.594400000000000084e+01,9.658972835819132907e-01,0.000000000000000000e+00,3.410271641808670928e-02,9.602423474468081421e-01,0.000000000000000000e+00,3.975765255319185787e-02,3.975765255319185787e-02,5.654936135105148587e-03,1.000000000000000000e+00,1.000000000000000000e+00
1.594599999999999973e+01,9.660493777536542925e-01,0.000000000000000000e+00,3.395062224634570747e-02,9.605233173648504152e-01,0.000000000000000000e+00,3.947668263514958475e-02,3.947668263514958475e-02,5.526060388803877288e-03,1.000000000000000000e+00,1.000000000000000000e+00
1.594800000000000040e+01,9.661994049494958547e-01,0.000000000000000000e+00,3.380059505050414526e-02,9.607986079915367128e-01,0.000000000000000000e+00,3.920139200846328720e-02,3.920139200846328720e-02,5.400796957959141942e-03,1.000000000000000000e+00,1.000000000000000000e+00
1.594999999999999929e+01,9.663474036483375995e-01,0.000000000000000000e+00,3.365259635166240049e-02,9.610683800122303833e-01,0.000000000000000000e+00,3.893161998776961674e-02,3.893161998776961674e-02,5.279023636107216255e-03,1.000000000000000000e+00,1.000000000000000000e+00
1.595199999999999996e+01,9.664934114281373834e-01,0.000000000000000000e+00,3.350658857186261663e-02,9.613327883450962785e-01,0.000000000000000000e+00,3.866721165490372147e-02,3.866721165490372147e-02,5.160623083041104842e-03,1.000000000000000000e+00,1.000000000000000000e+00
1.595400000000000063e+01,9.666374649942144348e-01,0.000000000000000000e+00,3.336253500578556519e-02,9.615919823926687426e-01,0.000000000000000000e+00,3.840801760733125736e-02,3.840801760733125736e-02,5.045482601545692170e-03,1.000000000000000000e+00,1.000000000000000000e+00
1.595599999999999952e+01,9.667796001900093028e-01,0.000000000000000000e+00,3.322039980999069719e-02,9.618461062642864601e-01,0.000000000000000000e+00,3.815389373571353993e-02,3.815389373571353993e-02,4.933493925722842732e-03,1.000000000000000000e+00,1.000000000000000000e+00
1.595800000000000018e+01,9.669198520336751423e-01,0.000000000000000000e+00,3.308014796632485766e-02,9.620952990135491767e-01,0.000000000000000000e+00,3.790470098645082331e-02,3.790470098645082331e-02,4.824553020125965652e-03,1.000000000000000000e+00,1.000000000000000000e+00
1.596000000000000085e+01,9.670582547462380774e-01,0.000000000000000000e+00,3.294174525376192264e-02,9.623396948570731579e-01,0.000000000000000000e+00,3.766030514292684206e-02,3.766030514292684206e-02,4.718559889164919419e-03,1.000000000000000000e+00,1.000000000000000000e+00
1.596199999999999974e+01,9.671948417523866803e-01,0.000000000000000000e+00,3.280515824761331967e-02,9.625794233555996504e-01,0.000000000000000000e+00,3.742057664440034959e-02,3.742057664440034959e-02,4.615418396787029920e-03,1.000000000000000000e+00,1.000000000000000000e+00
1.596400000000000041e+01,9.673296457263673709e-01,0.000000000000000000e+00,3.267035427363262912e-02,9.628146096320603364e-01,0.000000000000000000e+00,3.718539036793966357e-02,3.718539036793966357e-02,4.515036094307034453e-03,1.000000000000000000e+00,1.000000000000000000e+00
1.596599999999999930e+01,9.674626985966794379e-01,0.000000000000000000e+00,3.253730140332056209e-02,9.630453745387119735e-01,0.000000000000000000e+00,3.695462546128802650e-02,3.695462546128802650e-02,4.417324057967464412e-03,1.000000000000000000e+00,1.000000000000000000e+00
1.596799999999999997e+01,9.675940315693599691e-01,0.000000000000000000e+00,3.240596843064003085e-02,9.632718348358813021e-01,0.000000000000000000e+00,3.672816516411869792e-02,3.672816516411869792e-02,4.322196733478667063e-03,1.000000000000000000e+00,1.000000000000000000e+00
1.597000000000000064e+01,9.677236751580045038e-01,0.000000000000000000e+00,3.227632484199549623e-02,9.634941033681007072e-01,0.000000000000000000e+00,3.650589663189929279e-02,3.650589663189929279e-02,4.229571789903796564e-03,1.000000000000000000e+00,1.000000000000000000e+00
1.597199999999999953e+01,9.678516591749273257e-01,0.000000000000000000e+00,3.214834082507267432e-02,9.637122891959791771e-01,0.000000000000000000e+00,3.628771080402082294e-02,3.628771080402082294e-02,4.139369978948148621e-03,1.000000000000000000e+00,1.000000000000000000e+00
1.597400000000000020e+01,9.679780127915863508e-01,0.000000000000000000e+00,3.202198720841364921e-02,9.639264977891474073e-01,0.000000000000000000e+00,3.607350221085259268e-02,3.607350221085259268e-02,4.051515002438943469e-03,1.000000000000000000e+00,1.000000000000000000e+00
1.597599999999999909e+01,9.681027645194061337e-01,0.000000000000000000e+00,3.189723548059386626e-02,9.641368311339914010e-01,0.000000000000000000e+00,3.586316886600859899e-02,3.586316886600859899e-02,3.965933385414732726e-03,1.000000000000000000e+00,1.000000000000000000e+00
1.597799999999999976e+01,9.682259422400615323e-01,0.000000000000000000e+00,3.177405775993846770e-02,9.643433878834780648e-01,0.000000000000000000e+00,3.565661211652193519e-02,3.565661211652193519e-02,3.882554356583467481e-03,1.000000000000000000e+00,1.000000000000000000e+00
1.598000000000000043e+01,9.683475732331577879e-01,0.000000000000000000e+00,3.165242676684221212e-02,9.645462635001129659e-01,0.000000000000000000e+00,3.545373649988703413e-02,3.545373649988703413e-02,3.801309733044822003e-03,1.000000000000000000e+00,1.000000000000000000e+00
1.598199999999999932e+01,9.684676841697029692e-01,0.000000000000000000e+00,3.153231583029703078e-02,9.647455503579626113e-01,0.000000000000000000e+00,3.525444964203738873e-02,3.525444964203738873e-02,3.722133811740357956e-03,1.000000000000000000e+00,1.000000000000000000e+00
1.598399999999999999e+01,9.685863011489980190e-01,0.000000000000000000e+00,3.141369885100198101e-02,9.649413378836803057e-01,0.000000000000000000e+00,3.505866211631969431e-02,3.505866211631969431e-02,3.644963265317713308e-03,1.000000000000000000e+00,1.000000000000000000e+00
1.598600000000000065e+01,9.687034496990251098e-01,0.000000000000000000e+00,3.129655030097489021e-02,9.651337126556747137e-01,0.000000000000000000e+00,3.486628734432528631e-02,3.486628734432528631e-02,3.569737043350396100e-03,1.000000000000000000e+00,1.000000000000000000e+00
1.598799999999999955e+01,9.688191548001227060e-01,0.000000000000000000e+00,3.118084519987729397e-02,9.653227585217454276e-01,0.000000000000000000e+00,3.467724147825457237e-02,3.467724147825457237e-02,3.496396278377278399e-03,1.000000000000000000e+00,1.000000000000000000e+00
1.599000000000000021e+01,9.689334409046592711e-01,0.000000000000000000e+00,3.106655909534072890e-02,9.655085567092664967e-01,0.000000000000000000e+00,3.449144329073350335e-02,3.449144329073350335e-02,3.424884195392774444e-03,1.000000000000000000e+00,1.000000000000000000e+00
1.599200000000000088e+01,9.690463319164479561e-01,0.000000000000000000e+00,3.095366808355204391e-02,9.656911858895017575e-01,0.000000000000000000e+00,3.430881411049824248e-02,3.430881411049824248e-02,3.355146026946198567e-03,1.000000000000000000e+00,1.000000000000000000e+00
1.599399999999999977e+01,9.691578512598475470e-01,0.000000000000000000e+00,3.084214874015245300e-02,9.658707223288237609e-01,0.000000000000000000e+00,3.412927767117623912e-02,3.412927767117623912e-02,3.287128931023786116e-03,1.000000000000000000e+00,1.000000000000000000e+00
1.599600000000000044e+01,9.692680218483197274e-01,0.000000000000000000e+00,3.073197815168027258e-02,9.660472399350308326e-01,0.000000000000000000e+00,3.395276006496916743e-02,3.395276006496916743e-02,3.220781913288894849e-03,1.000000000000000000e+00,1.000000000000000000e+00
1.599799999999999933e+01,9.693768661093822292e-01,0.000000000000000000e+00,3.062313389061777080e-02,9.662208103566100048e-01,0.000000000000000000e+00,3.377918964338999519e-02,3.377918964338999519e-02,3.156055752772224388e-03,1.000000000000000000e+00,1.000000000000000000e+00
1.600000000000000000e+01,9.694844060074068182e-01,0.000000000000000000e+00,3.051559399259318184e-02,9.663915030766290215e-01,0.000000000000000000e+00,3.360849692337097849e-02,3.360849692337097849e-02,3.092902930777796655e-03,1.000000000000000000e+00,1.000000000000000000e+00
