wavelength_um,wavelength_nm,theta_plus_deg,theta_minus_deg,phi_deg,harmonics,R_plus,T_plus,A_plus,R_minus,T_minus,A_minus,emissivity_same_channel,emissivity_reverse_channel,eta,conservation_plus,conservation_minus
15.0000000000,15000.0000000000,1.0000000000,-1.0000000000,0.0000000000,57.0000000000,0.9464717750,0.0000000000,0.0535282250,0.8319455227,0.0000000000,0.1680544773,0.1680544773,0.0535282250,0.1145262523,1.0000000000,1.0000000000
15.0010000000,15001.0000000000,1.0000000000,-1.0000000000,0.0000000000,57.0000000000,0.9466438778,0.0000000000,0.0533561222,0.8310788629,0.0000000000,0.1689211371,0.1689211371,0.0533561222,0.1155650149,1.0000000000,1.0000000000
15.0020000000,15002.0000000000,1.0000000000,-1.0000000000,0.0000000000,57.0000000000,0.9468354078,0.0000000000,0.0531645922,0.8304106491,0.0000000000,0.1695893509,0.1695893509,0.0531645922,0.1164247588,1.0000000000,1.0000000000
15.0030000000,15003.0000000000,1.0000000000,-1.0000000000,0.0000000000,57.0000000000,0.9470454012,0.0000000000,0.0529545988,0.8299408414,0.0000000000,0.1700591586,0.1700591586,0.0529545988,0.1171045598,1.0000000000,1.0000000000
15.0040000000,15004.0000000000,1.0000000000,-1.0000000000,0.0000000000,57.0000000000,0.9472728029,0.0000000000,0.0527271971,0.8296678440,0.0000000000,0.1703321560,0.1703321560,0.0527271971,0.1176049590,1.0000000000,1.0000000000
15.0050000000,15005.0000000000,1.0000000000,-1.0000000000,0.0000000000,57.0000000000,0.9475164808,0.0000000000,0.0524835192,0.8295885754,0.0000000000,0.1704114246,0.1704114246,0.0524835192,0.1179279054,1.0000000000,1.0000000000
15.0060000000,15006.0000000000,1.0000000000,-1.0000000000,0.0000000000,57.0000000000,0.9477752399,0.0000000000,0.0522247601,0.8296985661,0.0000000000,0.1703014339,0.1703014339,0.0522247601,0.1180766738,1.0000000000,1.0000000000
15.0070000000,15007.0000000000,1.0000000000,-1.0000000000,0.0000000000,57.0000000000,0.9480478369,0.0000000000,0.0519521631,0.8299920761,0.0000000000,0.1700079239,0.1700079239,0.0519521631,0.1180557608,1.0000000000,1.0000000000
15.0080000000,15008.0000000000,1.0000000000,-1.0000000000,0.0000000000,57.0000000000,0.9483329947,0.0000000000,0.0516670053,0.8304622309,0.0000000000,0.1695377691,0.1695377691,0.0516670053,0.1178707638,1.0000000000,1.0000000000
15.0090000000,15009.0000000000,1.0000000000,-1.0000000000,0.0000000000,57.0000000000,0.9486294163,0.0000000000,0.0513705837,0.8311011691,0.0000000000,0.1688988309,0.1688988309,0.0513705837,0.1175282472,1.0000000000,1.0000000000
15.0100000000,15010.0000000000,1.0000000000,-1.0000000000,0.0000000000,57.0000000000,0.9489357985,0.0000000000,0.0510642015,0.8319001982,0.0000000000,0.1680998018,0.1680998018,0.0510642015,0.1170356002,1.0000000000,1.0000000000
15.0110000000,15011.0000000000,1.0000000000,-1.0000000000,0.0000000000,57.0000000000,0.9492508438,0.0000000000,0.0507491562,0.8328499538,0.0000000000,0.1671500462,0.1671500462,0.0507491562,0.1164008900,1.0000000000,1.0000000000
15.0120000000,15012.0000000000,1.0000000000,-1.0000000000,0.0000000000,57.0000000000,0.9495732724,0.0000000000,0.0504267276,0.8339405566,0.0000000000,0.1660594434,0.1660594434,0.0504267276,0.1156327158,1.0000000000,1.0000000000
15.0130000000,15013.0000000000,1.0000000000,-1.0000000000,0.0000000000,57.0000000000,0.9499018324,0.0000000000,0.0500981676,0.8351617664,0.0000000000,0.1648382336,0.1648382336,0.0500981676,0.1147400660,1.0000000000,1.0000000000
15.0140000000,15014.0000000000,1.0000000000,-1.0000000000,0.0000000000,57.0000000000,0.9502353088,0.0000000000,0.0497646912,0.8365031264,0.0000000000,0.1634968736,0.1634968736,0.0497646912,0.1137321824,1.0000000000,1.0000000000
15.0150000000,15015.0000000000,1.0000000000,-1.0000000000,0.0000000000,57.0000000000,0.9505725312,0.0000000000,0.0494274688,0.8379540978,0.0000000000,0.1620459022,0.1620459022,0.0494274688,0.1126184334,1.0000000000,1.0000000000
15.0160000000,15016.0000000000,1.0000000000,-1.0000000000,0.0000000000,57.0000000000,0.9509123807,0.0000000000,0.0490876193,0.8395041824,0.0000000000,0.1604958176,0.1604958176,0.0490876193,0.1114081983,1.0000000000,1.0000000000
15.0170000000,15017.0000000000,1.0000000000,-1.0000000000,0.0000000000,57.0000000000,0.9512537947,0.0000000000,0.0487462053,0.8411430304,0.0000000000,0.1588569696,0.1588569696,0.0487462053,0.1101107643,1.0000000000,1.0000000000
15.0180000000,15018.0000000000,1.0000000000,-1.0000000000,0.0000000000,57.0000000000,0.9515957713,0.0000000000,0.0484042287,0.8428605354,0.0000000000,0.1571394646,0.1571394646,0.0484042287,0.1087352360,1.0000000000,1.0000000000
15.0190000000,15019.0000000000,1.0000000000,-1.0000000000,0.0000000000,57.0000000000,0.9519373720,0.0000000000,0.0480626280,0.8446469133,0.0000000000,0.1553530867,0.1553530867,0.0480626280,0.1072904588,1.0000000000,1.0000000000
15.0200000000,15020.0000000000,1.0000000000,-1.0000000000,0.0000000000,57.0000000000,0.9522777237,0.0000000000,0.0477222763,0.8464927683,0.0000000000,0.1535072317,0.1535072317,0.0477222763,0.1057849554,1.0000000000,1.0000000000
15.0210000000,15021.0000000000,1.0000000000,-1.0000000000,0.0000000000,57.0000000000,0.9526160192,0.0000000000,0.0473839808,0.8483891444,0.0000000000,0.1516108556,0.1516108556,0.0473839808,0.1042268749,1.0000000000,1.0000000000
15.0220000000,15022.0000000000,1.0000000000,-1.0000000000,0.0000000000,57.0000000000,0.9529515180,0.0000000000,0.0470484820,0.8503275646,0.0000000000,0.1496724354,0.1496724354,0.0470484820,0.1026239534,1.0000000000,1.0000000000
15.0230000000,15023.0000000000,1.0000000000,-1.0000000000,0.0000000000,57.0000000000,0.9532835446,0.0000000000,0.0467164554,0.8523000582,0.0000000000,0.1476999418,0.1476999418,0.0467164554,0.1009834864,1.0000000000,1.0000000000
15.0240000000,15024.0000000000,1.0000000000,-1.0000000000,0.0000000000,57.0000000000,0.9536114881,0.0000000000,0.0463885119,0.8542991777,0.0000000000,0.1457008223,0.1457008223,0.0463885119,0.0993123103,1.0000000000,1.0000000000
15.0250000000,15025.0000000000,1.0000000000,-1.0000000000,0.0000000000,57.0000000000,0.9539347994,0.0000000000,0.0460652006,0.8563180065,0.0000000000,0.1436819935,0.1436819935,0.0460652006,0.0976167929,1.0000000000,1.0000000000
15.0260000000,15026.0000000000,1.0000000000,-1.0000000000,0.0000000000,57.0000000000,0.9542529898,0.0000000000,0.0457470102,0.8583501587,0.0000000000,0.1416498413,0.1416498413,0.0457470102,0.0959028312,1.0000000000,1.0000000000
15.0270000000,15027.0000000000,1.0000000000,-1.0000000000,0.0000000000,57.0000000000,0.9545656277,0.0000000000,0.0454343723,0.8603897717,0.0000000000,0.1396102283,0.1396102283,0.0454343723,0.0941758559,1.0000000000,1.0000000000
15.0280000000,15028.0000000000,1.0000000000,-1.0000000000,0.0000000000,57.0000000000,0.9548723356,0.0000000000,0.0451276644,0.8624314943,0.0000000000,0.1375685057,0.1375685057,0.0451276644,0.0924408413,1.0000000000,1.0000000000
15.0290000000,15029.0000000000,1.0000000000,-1.0000000000,0.0000000000,57.0000000000,0.9551727877,0.0000000000,0.0448272123,0.8644704693,0.0000000000,0.1355295307,0.1355295307,0.0448272123,0.0907023184,1.0000000000,1.0000000000
15.0300000000,15030.0000000000,1.0000000000,-1.0000000000,0.0000000000,57.0000000000,0.9554667060,0.0000000000,0.0445332940,0.8665023128,0.0000000000,0.1334976872,0.1334976872,0.0445332940,0.0889643931,1.0000000000,1.0000000000
15.0310000000,15031.0000000000,1.0000000000,-1.0000000000,0.0000000000,57.0000000000,0.9557538572,0.0000000000,0.0442461428,0.8685230919,0.0000000000,0.1314769081,0.1314769081,0.0442461428,0.0872307652,1.0000000000,1.0000000000
15.0320000000,15032.0000000000,1.0000000000,-1.0000000000,0.0000000000,57.0000000000,0.9560340495,0.0000000000,0.0439659505,0.8705292992,0.0000000000,0.1294707008,0.1294707008,0.0439659505,0.0855047503,1.0000000000,1.0000000000
15.0330000000,15033.0000000000,1.0000000000,-1.0000000000,0.0000000000,57.0000000000,0.9563071296,0.0000000000,0.0436928704,0.8725178272,0.0000000000,0.1274821728,0.1274821728,0.0436928704,0.0837893024,1.0000000000,1.0000000000
15.0340000000,15034.0000000000,1.0000000000,-1.0000000000,0.0000000000,57.0000000000,0.9565729790,0.0000000000,0.0434270210,0.8744859417,0.0000000000,0.1255140583,0.1255140583,0.0434270210,0.0820870373,1.0000000000,1.0000000000
15.0350000000,15035.0000000000,1.0000000000,-1.0000000000,0.0000000000,57.0000000000,0.9568315111,0.0000000000,0.0431684889,0.8764312554,0.0000000000,0.1235687446,0.1235687446,0.0431684889,0.0804002557,1.0000000000,1.0000000000
15.0360000000,15036.0000000000,1.0000000000,-1.0000000000,0.0000000000,57.0000000000,0.9570826686,0.0000000000,0.0429173314,0.8783517015,0.0000000000,0.1216482985,0.1216482985,0.0429173314,0.0787309672,1.0000000000,1.0000000000
15.0370000000,15037.0000000000,1.0000000000,-1.0000000000,0.0000000000,57.0000000000,0.9573264204,0.0000000000,0.0426735796,0.8802455082,0.0000000000,0.1197544918,0.1197544918,0.0426735796,0.0770809122,1.0000000000,1.0000000000
15.0380000000,15038.0000000000,1.0000000000,-1.0000000000,0.0000000000,57.0000000000,0.9575627586,0.0000000000,0.0424372414,0.8821111739,0.0000000000,0.1178888261,0.1178888261,0.0424372414,0.0754515848,1.0000000000,1.0000000000
15.0390000000,15039.0000000000,1.0000000000,-1.0000000000,0.0000000000,57.0000000000,0.9577916968,0.0000000000,0.0422083032,0.8839474436,0.0000000000,0.1160525564,0.1160525564,0.0422083032,0.0738442532,1.0000000000,1.0000000000
15.0400000000,15040.0000000000,1.0000000000,-1.0000000000,0.0000000000,57.0000000000,0.9580132669,0.0000000000,0.0419867331,0.8857532864,0.0000000000,0.1142467136,0.1142467136,0.0419867331,0.0722599806,1.0000000000,1.0000000000
15.0410000000,15041.0000000000,1.0000000000,-1.0000000000,0.0000000000,57.0000000000,0.9582275176,0.0000000000,0.0417724824,0.8875278740,0.0000000000,0.1124721260,0.1124721260,0.0417724824,0.0706996436,1.0000000000,1.0000000000
15.0420000000,15042.0000000000,1.0000000000,-1.0000000000,0.0000000000,57.0000000000,0.9584345118,0.0000000000,0.0415654882,0.8892705613,0.0000000000,0.1107294387,0.1107294387,0.0415654882,0.0691639504,1.0000000000,1.0000000000
15.0430000000,15043.0000000000,1.0000000000,-1.0000000000,0.0000000000,57.0000000000,0.9586343250,0.0000000000,0.0413656750,0.8909808672,0.0000000000,0.1090191328,0.1090191328,0.0413656750,0.0676534578,1.0000000000,1.0000000000
15.0440000000,15044.0000000000,1.0000000000,-1.0000000000,0.0000000000,57.0000000000,0.9588270436,0.0000000000,0.0411729564,0.8926584576,0.0000000000,0.1073415424,0.1073415424,0.0411729564,0.0661685860,1.0000000000,1.0000000000
15.0450000000,15045.0000000000,1.0000000000,-1.0000000000,0.0000000000,57.0000000000,0.9590127634,0.0000000000,0.0409872366,0.8943031297,0.0000000000,0.1056968703,0.1056968703,0.0409872366,0.0647096337,1.0000000000,1.0000000000
15.0460000000,15046.0000000000,1.0000000000,-1.0000000000,0.0000000000,57.0000000000,0.9591915877,0.0000000000,0.0408084123,0.8959147966,0.0000000000,0.1040852034,0.1040852034,0.0408084123,0.0632767911,1.0000000000,1.0000000000
15.0470000000,15047.0000000000,1.0000000000,-1.0000000000,0.0000000000,57.0000000000,0.9593636266,0.0000000000,0.0406363734,0.8974934745,0.0000000000,0.1025065255,0.1025065255,0.0406363734,0.0618701521,1.0000000000,1.0000000000
15.0480000000,15048.0000000000,1.0000000000,-1.0000000000,0.0000000000,57.0000000000,0.9595289953,0.0000000000,0.0404710047,0.8990392700,0.0000000000,0.1009607300,0.1009607300,0.0404710047,0.0604897253,1.0000000000,1.0000000000
15.0490000000,15049.0000000000,1.0000000000,-1.0000000000,0.0000000000,57.0000000000,0.9596878133,0.0000000000,0.0403121867,0.9005523689,0.0000000000,0.0994476311,0.0994476311,0.0403121867,0.0591354444,1.0000000000,1.0000000000
15.0500000000,15050.0000000000,1.0000000000,-1.0000000000,0.0000000000,57.0000000000,0.9598402035,0.0000000000,0.0401597965,0.9020330260,0.0000000000,0.0979669740,0.0979669740,0.0401597965,0.0578071775,1.0000000000,1.0000000000
15.0510000000,15051.0000000000,1.0000000000,-1.0000000000,0.0000000000,57.0000000000,0.9599862910,0.0000000000,0.0400137090,0.9034815557,0.0000000000,0.0965184443,0.0965184443,0.0400137090,0.0565047353,1.0000000000,1.0000000000
15.0520000000,15052.0000000000,1.0000000000,-1.0000000000,0.0000000000,57.0000000000,0.9601262028,0.0000000000,0.0398737972,0.9048983240,0.0000000000,0.0951016760,0.0951016760,0.0398737972,0.0552278787,1.0000000000,1.0000000000
15.0530000000,15053.0000000000,1.0000000000,-1.0000000000,0.0000000000,57.0000000000,0.9602600665,0.0000000000,0.0397399335,0.9062837406,0.0000000000,0.0937162594,0.0937162594,0.0397399335,0.0539763259,1.0000000000,1.0000000000
15.0540000000,15054.0000000000,1.0000000000,-1.0000000000,0.0000000000,57.0000000000,0.9603880104,0.0000000000,0.0396119896,0.9076382522,0.0000000000,0.0923617478,0.0923617478,0.0396119896,0.0527497582,1.0000000000,1.0000000000
15.0550000000,15055.0000000000,1.0000000000,-1.0000000000,0.0000000000,57.0000000000,0.9605101624,0.0000000000,0.0394898376,0.9089623365,0.0000000000,0.0910376635,0.0910376635,0.0394898376,0.0515478259,1.0000000000,1.0000000000
15.0560000000,15056.0000000000,1.0000000000,-1.0000000000,0.0000000000,57.0000000000,0.9606266498,0.0000000000,0.0393733502,0.9102564968,0.0000000000,0.0897435032,0.0897435032,0.0393733502,0.0503701530,1.0000000000,1.0000000000
15.0570000000,15057.0000000000,1.0000000000,-1.0000000000,0.0000000000,57.0000000000,0.9607375988,0.0000000000,0.0392624012,0.9115212570,0.0000000000,0.0884787430,0.0884787430,0.0392624012,0.0492163418,1.0000000000,1.0000000000
15.0580000000,15058.0000000000,1.0000000000,-1.0000000000,0.0000000000,57.0000000000,0.9608431343,0.0000000000,0.0391568657,0.9127571574,0.0000000000,0.0872428426,0.0872428426,0.0391568657,0.0480859769,1.0000000000,1.0000000000
15.0590000000,15059.0000000000,1.0000000000,-1.0000000000,0.0000000000,57.0000000000,0.9609433793,0.0000000000,0.0390566207,0.9139647511,0.0000000000,0.0860352489,0.0860352489,0.0390566207,0.0469786282,1.0000000000,1.0000000000
15.0600000000,15060.0000000000,1.0000000000,-1.0000000000,0.0000000000,57.0000000000,0.9610384549,0.0000000000,0.0389615451,0.9151446002,0.0000000000,0.0848553998,0.0848553998,0.0389615451,0.0458938547,1.0000000000,1.0000000000
15.0610000000,15061.0000000000,1.0000000000,-1.0000000000,0.0000000000,57.0000000000,0.9611284801,0.0000000000,0.0388715199,0.9162972730,0.0000000000,0.0837027270,0.0837027270,0.0388715199,0.0448312070,1.0000000000,1.0000000000
15.0620000000,15062.0000000000,1.0000000000,-1.0000000000,0.0000000000,57.0000000000,0.9612135711,0.0000000000,0.0387864289,0.9174233416,0.0000000000,0.0825766584,0.0825766584,0.0387864289,0.0437902295,1.0000000000,1.0000000000
15.0630000000,15063.0000000000,1.0000000000,-1.0000000000,0.0000000000,57.0000000000,0.9612938420,0.0000000000,0.0387061580,0.9185233792,0.0000000000,0.0814766208,0.0814766208,0.0387061580,0.0427704628,1.0000000000,1.0000000000
15.0640000000,15064.0000000000,1.0000000000,-1.0000000000,0.0000000000,57.0000000000,0.9613694040,0.0000000000,0.0386305960,0.9195979587,0.0000000000,0.0804020413,0.0804020413,0.0386305960,0.0417714453,1.0000000000,1.0000000000
15.0650000000,15065.0000000000,1.0000000000,-1.0000000000,0.0000000000,57.0000000000,0.9614403655,0.0000000000,0.0385596345,0.9206476502,0.0000000000,0.0793523498,0.0793523498,0.0385596345,0.0407927153,1.0000000000,1.0000000000
15.0660000000,15066.0000000000,1.0000000000,-1.0000000000,0.0000000000,57.0000000000,0.9615068321,0.0000000000,0.0384931679,0.9216730203,0.0000000000,0.0783269797,0.0783269797,0.0384931679,0.0398338119,1.0000000000,1.0000000000
15.0670000000,15067.0000000000,1.0000000000,-1.0000000000,0.0000000000,57.0000000000,0.9615689064,0.0000000000,0.0384310936,0.9226746301,0.0000000000,0.0773253699,0.0773253699,0.0384310936,0.0388942764,1.0000000000,1.0000000000
15.0680000000,15068.0000000000,1.0000000000,-1.0000000000,0.0000000000,57.0000000000,0.9616266882,0.0000000000,0.0383733118,0.9236530346,0.0000000000,0.0763469654,0.0763469654,0.0383733118,0.0379736536,1.0000000000,1.0000000000
15.0690000000,15069.0000000000,1.0000000000,-1.0000000000,0.0000000000,57.0000000000,0.9616802740,0.0000000000,0.0383197260,0.9246087818,0.0000000000,0.0753912182,0.0753912182,0.0383197260,0.0370714923,1.0000000000,1.0000000000
15.0700000000,15070.0000000000,1.0000000000,-1.0000000000,0.0000000000,57.0000000000,0.9617297577,0.0000000000,0.0382702423,0.9255424113,0.0000000000,0.0744575887,0.0744575887,0.0382702423,0.0361873464,1.0000000000,1.0000000000
15.0710000000,15071.0000000000,1.0000000000,-1.0000000000,0.0000000000,57.0000000000,0.9617752299,0.0000000000,0.0382247701,0.9264544545,0.0000000000,0.0735455455,0.0735455455,0.0382247701,0.0353207753,1.0000000000,1.0000000000
15.0720000000,15072.0000000000,1.0000000000,-1.0000000000,0.0000000000,57.0000000000,0.9618167783,0.0000000000,0.0381832217,0.9273454335,0.0000000000,0.0726545665,0.0726545665,0.0381832217,0.0344713448,1.0000000000,1.0000000000
15.0730000000,15073.0000000000,1.0000000000,-1.0000000000,0.0000000000,57.0000000000,0.9618544876,0.0000000000,0.0381455124,0.9282158607,0.0000000000,0.0717841393,0.0717841393,0.0381455124,0.0336386269,1.0000000000,1.0000000000
15.0740000000,15074.0000000000,1.0000000000,-1.0000000000,0.0000000000,57.0000000000,0.9618884397,0.0000000000,0.0381115603,0.9290662387,0.0000000000,0.0709337613,0.0709337613,0.0381115603,0.0328222010,1.0000000000,1.0000000000
15.0750000000,15075.0000000000,1.0000000000,-1.0000000000,0.0000000000,57.0000000000,0.9619187133,0.0000000000,0.0380812867,0.9298970600,0.0000000000,0.0701029400,0.0701029400,0.0380812867,0.0320216533,1.0000000000,1.0000000000
15.0760000000,15076.0000000000,1.0000000000,-1.0000000000,0.0000000000,57.0000000000,0.9619453846,0.0000000000,0.0380546154,0.9307088067,0.0000000000,0.0692911933,0.0692911933,0.0380546154,0.0312365779,1.0000000000,1.0000000000
15.0770000000,15077.0000000000,1.0000000000,-1.0000000000,0.0000000000,57.0000000000,0.9619685267,0.0000000000,0.0380314733,0.9315019504,0.0000000000,0.0684980496,0.0684980496,0.0380314733,0.0304665764,1.0000000000,1.0000000000
15.0780000000,15078.0000000000,1.0000000000,-1.0000000000,0.0000000000,57.0000000000,0.9619882101,0.0000000000,0.0380117899,0.9322769521,0.0000000000,0.0677230479,0.0677230479,0.0380117899,0.0297112580,1.0000000000,1.0000000000
15.0790000000,15079.0000000000,1.0000000000,-1.0000000000,0.0000000000,57.0000000000,0.9620045023,0.0000000000,0.0379954977,0.9330342624,0.0000000000,0.0669657376,0.0669657376,0.0379954977,0.0289702399,1.0000000000,1.0000000000
15.0800000000,15080.0000000000,1.0000000000,-1.0000000000,0.0000000000,57.0000000000,0.9620174684,0.0000000000,0.0379825316,0.9337743212,0.0000000000,0.0662256788,0.0662256788,0.0379825316,0.0282431473,1.0000000000,1.0000000000
15.0810000000,15081.0000000000,1.0000000000,-1.0000000000,0.0000000000,57.0000000000,0.9620271709,0.0000000000,0.0379728291,0.9344975579,0.0000000000,0.0655024421,0.0655024421,0.0379728291,0.0275296129,1.0000000000,1.0000000000
15.0820000000,15082.0000000000,1.0000000000,-1.0000000000,0.0000000000,57.0000000000,0.9620336694,0.0000000000,0.0379663306,0.9352043916,0.0000000000,0.0647956084,0.0647956084,0.0379663306,0.0268292777,1.0000000000,1.0000000000
15.0830000000,15083.0000000000,1.0000000000,-1.0000000000,0.0000000000,57.0000000000,0.9620370213,0.0000000000,0.0379629787,0.9358952310,0.0000000000,0.0641047690,0.0641047690,0.0379629787,0.0261417903,1.0000000000,1.0000000000
15.0840000000,15084.0000000000,1.0000000000,-1.0000000000,0.0000000000,57.0000000000,0.9620372816,0.0000000000,0.0379627184,0.9365704746,0.0000000000,0.0634295254,0.0634295254,0.0379627184,0.0254668070,1.0000000000,1.0000000000
15.0850000000,15085.0000000000,1.0000000000,-1.0000000000,0.0000000000,57.0000000000,0.9620345026,0.0000000000,0.0379654974,0.9372305108,0.0000000000,0.0627694892,0.0627694892,0.0379654974,0.0248039918,1.0000000000,1.0000000000
15.0860000000,15086.0000000000,1.0000000000,-1.0000000000,0.0000000000,57.0000000000,0.9620287345,0.0000000000,0.0379712655,0.9378757182,0.0000000000,0.0621242818,0.0621242818,0.0379712655,0.0241530163,1.0000000000,1.0000000000
15.0870000000,15087.0000000000,1.0000000000,-1.0000000000,0.0000000000,57.0000000000,0.9620200253,0.0000000000,0.0379799747,0.9385064657,0.0000000000,0.0614935343,0.0614935343,0.0379799747,0.0235135597,1.0000000000,1.0000000000
15.0880000000,15088.0000000000,1.0000000000,-1.0000000000,0.0000000000,57.0000000000,0.9620084206,0.0000000000,0.0379915794,0.9391231125,0.0000000000,0.0608768875,0.0608768875,0.0379915794,0.0228853081,1.0000000000,1.0000000000
15.0890000000,15089.0000000000,1.0000000000,-1.0000000000,0.0000000000,57.0000000000,0.9619939639,0.0000000000,0.0380060361,0.9397260087,0.0000000000,0.0602739913,0.0602739913,0.0380060361,0.0222679552,1.0000000000,1.0000000000
15.0900000000,15090.0000000000,1.0000000000,-1.0000000000,0.0000000000,57.0000000000,0.9619766967,0.0000000000,0.0380233033,0.9403154951,0.0000000000,0.0596845049,0.0596845049,0.0380233033,0.0216612017,1.0000000000,1.0000000000
15.0910000000,15091.0000000000,1.0000000000,-1.0000000000,0.0000000000,57.0000000000,0.9619566584,0.0000000000,0.0380433416,0.9408919034,0.0000000000,0.0591080966,0.0591080966,0.0380433416,0.0210647549,1.0000000000,1.0000000000
15.0920000000,15092.0000000000,1.0000000000,-1.0000000000,0.0000000000,57.0000000000,0.9619338863,0.0000000000,0.0380661137,0.9414555569,0.0000000000,0.0585444431,0.0585444431,0.0380661137,0.0204783294,1.0000000000,1.0000000000
15.0930000000,15093.0000000000,1.0000000000,-1.0000000000,0.0000000000,57.0000000000,0.9619084159,0.0000000000,0.0380915841,0.9420067700,0.0000000000,0.0579932300,0.0579932300,0.0380915841,0.0199016459,1.0000000000,1.0000000000
15.0940000000,15094.0000000000,1.0000000000,-1.0000000000,0.0000000000,57.0000000000,0.9618802808,0.0000000000,0.0381197192,0.9425458490,0.0000000000,0.0574541510,0.0574541510,0.0381197192,0.0193344319,1.0000000000,1.0000000000
15.0950000000,15095.0000000000,1.0000000000,-1.0000000000,0.0000000000,57.0000000000,0.9618495129,0.0000000000,0.0381504871,0.9430730918,0.0000000000,0.0569269082,0.0569269082,0.0381504871,0.0187764211,1.0000000000,1.0000000000
15.0960000000,15096.0000000000,1.0000000000,-1.0000000000,0.0000000000,57.0000000000,0.9618161420,0.0000000000,0.0381838580,0.9435887886,0.0000000000,0.0564112114,0.0564112114,0.0381838580,0.0182273534,1.0000000000,1.0000000000
15.0970000000,15097.0000000000,1.0000000000,-1.0000000000,0.0000000000,57.0000000000,0.9617801965,0.0000000000,0.0382198035,0.9440932218,0.0000000000,0.0559067782,0.0559067782,0.0382198035,0.0176869746,1.0000000000,1.0000000000
15.0980000000,15098.0000000000,1.0000000000,-1.0000000000,0.0000000000,57.0000000000,0.9617417029,0.0000000000,0.0382582971,0.9445866662,0.0000000000,0.0554133338,0.0554133338,0.0382582971,0.0171550367,1.0000000000,1.0000000000
15.0990000000,15099.0000000000,1.0000000000,-1.0000000000,0.0000000000,57.0000000000,0.9617006861,0.0000000000,0.0382993139,0.9450693892,0.0000000000,0.0549306108,0.0549306108,0.0382993139,0.0166312969,1.0000000000,1.0000000000
15.1000000000,15100.0000000000,1.0000000000,-1.0000000000,0.0000000000,57.0000000000,0.9616571697,0.0000000000,0.0383428303,0.9455416512,0.0000000000,0.0544583488,0.0544583488,0.0383428303,0.0161155185,1.0000000000,1.0000000000
15.1010000000,15101.0000000000,1.0000000000,-1.0000000000,0.0000000000,57.0000000000,0.9616111752,0.0000000000,0.0383888248,0.9460037055,0.0000000000,0.0539962945,0.0539962945,0.0383888248,0.0156074697,1.0000000000,1.0000000000
15.1020000000,15102.0000000000,1.0000000000,-1.0000000000,0.0000000000,57.0000000000,0.9615627232,0.0000000000,0.0384372768,0.9464557987,0.0000000000,0.0535442013,0.0535442013,0.0384372768,0.0151069244,1.0000000000,1.0000000000
15.1030000000,15103.0000000000,1.0000000000,-1.0000000000,0.0000000000,57.0000000000,0.9615118323,0.0000000000,0.0384881677,0.9468981708,0.0000000000,0.0531018292,0.0531018292,0.0384881677,0.0146136615,1.0000000000,1.0000000000
15.1040000000,15104.0000000000,1.0000000000,-1.0000000000,0.0000000000,57.0000000000,0.9614585201,0.0000000000,0.0385414799,0.9473310554,0.0000000000,0.0526689446,0.0526689446,0.0385414799,0.0141274647,1.0000000000,1.0000000000
15.1050000000,15105.0000000000,1.0000000000,-1.0000000000,0.0000000000,57.0000000000,0.9614028025,0.0000000000,0.0385971975,0.9477546797,0.0000000000,0.0522453203,0.0522453203,0.0385971975,0.0136481228,1.0000000000,1.0000000000
15.1060000000,15106.0000000000,1.0000000000,-1.0000000000,0.0000000000,57.0000000000,0.9613446943,0.0000000000,0.0386553057,0.9481692650,0.0000000000,0.0518307350,0.0518307350,0.0386553057,0.0131754292,1.0000000000,1.0000000000
15.1070000000,15107.0000000000,1.0000000000,-1.0000000000,0.0000000000,57.0000000000,0.9612842087,0.0000000000,0.0387157913,0.9485750267,0.0000000000,0.0514249733,0.0514249733,0.0387157913,0.0127091820,1.0000000000,1.0000000000
15.1080000000,15108.0000000000,1.0000000000,-1.0000000000,0.0000000000,57.0000000000,0.9612213580,0.0000000000,0.0387786420,0.9489721744,0.0000000000,0.0510278256,0.0510278256,0.0387786420,0.0122491835,1.0000000000,1.0000000000
15.1090000000,15109.0000000000,1.0000000000,-1.0000000000,0.0000000000,57.0000000000,0.9611561528,0.0000000000,0.0388438472,0.9493609122,0.0000000000,0.0506390878,0.0506390878,0.0388438472,0.0117952407,1.0000000000,1.0000000000
15.1100000000,15110.0000000000,1.0000000000,-1.0000000000,0.0000000000,57.0000000000,0.9610886029,0.0000000000,0.0389113971,0.9497414385,0.0000000000,0.0502585615,0.0502585615,0.0389113971,0.0113471644,1.0000000000,1.0000000000
15.1110000000,15111.0000000000,1.0000000000,-1.0000000000,0.0000000000,57.0000000000,0.9610187166,0.0000000000,0.0389812834,0.9501139468,0.0000000000,0.0498860532,0.0498860532,0.0389812834,0.0109047699,1.0000000000,1.0000000000
15.1120000000,15112.0000000000,1.0000000000,-1.0000000000,0.0000000000,57.0000000000,0.9609465012,0.0000000000,0.0390534988,0.9504786251,0.0000000000,0.0495213749,0.0495213749,0.0390534988,0.0104678761,1.0000000000,1.0000000000
15.1130000000,15113.0000000000,1.0000000000,-1.0000000000,0.0000000000,57.0000000000,0.9608719629,0.0000000000,0.0391280371,0.9508356568,0.0000000000,0.0491643432,0.0491643432,0.0391280371,0.0100363060,1.0000000000,1.0000000000
15.1140000000,15114.0000000000,1.0000000000,-1.0000000000,0.0000000000,57.0000000000,0.9607951065,0.0000000000,0.0392048935,0.9511852202,0.0000000000,0.0488147798,0.0488147798,0.0392048935,0.0096098864,1.0000000000,1.0000000000
15.1150000000,15115.0000000000,1.0000000000,-1.0000000000,0.0000000000,57.0000000000,0.9607159361,0.0000000000,0.0392840639,0.9515274888,0.0000000000,0.0484725112,0.0484725112,0.0392840639,0.0091884474,1.0000000000,1.0000000000
15.1160000000,15116.0000000000,1.0000000000,-1.0000000000,0.0000000000,57.0000000000,0.9606344545,0.0000000000,0.0393655455,0.9518626317,0.0000000000,0.0481373683,0.0481373683,0.0393655455,0.0087718229,1.0000000000,1.0000000000
15.1170000000,15117.0000000000,1.0000000000,-1.0000000000,0.0000000000,57.0000000000,0.9605506636,0.0000000000,0.0394493364,0.9521908135,0.0000000000,0.0478091865,0.0478091865,0.0394493364,0.0083598501,1.0000000000,1.0000000000
15.1180000000,15118.0000000000,1.0000000000,-1.0000000000,0.0000000000,57.0000000000,0.9604645642,0.0000000000,0.0395354358,0.9525121944,0.0000000000,0.0474878056,0.0474878056,0.0395354358,0.0079523697,1.0000000000,1.0000000000
15.1190000000,15119.0000000000,1.0000000000,-1.0000000000,0.0000000000,57.0000000000,0.9603761560,0.0000000000,0.0396238440,0.9528269305,0.0000000000,0.0471730695,0.0471730695,0.0396238440,0.0075492255,1.0000000000,1.0000000000
15.1200000000,15120.0000000000,1.0000000000,-1.0000000000,0.0000000000,57.0000000000,0.9602854379,0.0000000000,0.0397145621,0.9531351736,0.0000000000,0.0468648264,0.0468648264,0.0397145621,0.0071502643,1.0000000000,1.0000000000
15.1210000000,15121.0000000000,1.0000000000,-1.0000000000,0.0000000000,57.0000000000,0.9601924078,0.0000000000,0.0398075922,0.9534370717,0.0000000000,0.0465629283,0.0465629283,0.0398075922,0.0067553361,1.0000000000,1.0000000000
15.1220000000,15122.0000000000,1.0000000000,-1.0000000000,0.0000000000,57.0000000000,0.9600970626,0.0000000000,0.0399029374,0.9537327688,0.0000000000,0.0462672312,0.0462672312,0.0399029374,0.0063642938,1.0000000000,1.0000000000
15.1230000000,15123.0000000000,1.0000000000,-1.0000000000,0.0000000000,57.0000000000,0.9599993984,0.0000000000,0.0400006016,0.9540224052,0.0000000000,0.0459775948,0.0459775948,0.0400006016,0.0059769932,1.0000000000,1.0000000000
15.1240000000,15124.0000000000,1.0000000000,-1.0000000000,0.0000000000,57.0000000000,0.9598994102,0.0000000000,0.0401005898,0.9543061174,0.0000000000,0.0456938826,0.0456938826,0.0401005898,0.0055932928,1.0000000000,1.0000000000
15.1250000000,15125.0000000000,1.0000000000,-1.0000000000,0.0000000000,57.0000000000,0.9597970922,0.0000000000,0.0402029078,0.9545840386,0.0000000000,0.0454159614,0.0454159614,0.0402029078,0.0052130536,1.0000000000,1.0000000000
15.1260000000,15126.0000000000,1.0000000000,-1.0000000000,0.0000000000,57.0000000000,0.9596924379,0.0000000000,0.0403075621,0.9548562982,0.0000000000,0.0451437018,0.0451437018,0.0403075621,0.0048361396,1.0000000000,1.0000000000
15.1270000000,15127.0000000000,1.0000000000,-1.0000000000,0.0000000000,57.0000000000,0.9595854395,0.0000000000,0.0404145605,0.9551230225,0.0000000000,0.0448769775,0.0448769775,0.0404145605,0.0044624171,1.0000000000,1.0000000000
15.1280000000,15128.0000000000,1.0000000000,-1.0000000000,0.0000000000,57.0000000000,0.9594760888,0.0000000000,0.0405239112,0.9553843342,0.0000000000,0.0446156658,0.0446156658,0.0405239112,0.0040917546,1.0000000000,1.0000000000
15.1290000000,15129.0000000000,1.0000000000,-1.0000000000,0.0000000000,57.0000000000,0.9593643765,0.0000000000,0.0406356235,0.9556403532,0.0000000000,0.0443596468,0.0443596468,0.0406356235,0.0037240233,1.0000000000,1.0000000000
15.1300000000,15130.0000000000,1.0000000000,-1.0000000000,0.0000000000,57.0000000000,0.9592502925,0.0000000000,0.0407497075,0.9558911959,0.0000000000,0.0441088041,0.0441088041,0.0407497075,0.0033590966,1.0000000000,1.0000000000
15.1310000000,15131.0000000000,1.0000000000,-1.0000000000,0.0000000000,57.0000000000,0.9591338258,0.0000000000,0.0408661742,0.9561369758,0.0000000000,0.0438630242,0.0438630242,0.0408661742,0.0029968500,1.0000000000,1.0000000000
15.1320000000,15132.0000000000,1.0000000000,-1.0000000000,0.0000000000,57.0000000000,0.9590149649,0.0000000000,0.0409850351,0.9563778037,0.0000000000,0.0436221963,0.0436221963,0.0409850351,0.0026371612,1.0000000000,1.0000000000
15.1330000000,15133.0000000000,1.0000000000,-1.0000000000,0.0000000000,57.0000000000,0.9588936971,0.0000000000,0.0411063029,0.9566137872,0.0000000000,0.0433862128,0.0433862128,0.0411063029,0.0022799099,1.0000000000,1.0000000000
15.1340000000,15134.0000000000,1.0000000000,-1.0000000000,0.0000000000,57.0000000000,0.9587700091,0.0000000000,0.0412299909,0.9568450312,0.0000000000,0.0431549688,0.0431549688,0.0412299909,0.0019249779,1.0000000000,1.0000000000
15.1350000000,15135.0000000000,1.0000000000,-1.0000000000,0.0000000000,57.0000000000,0.9586438868,0.0000000000,0.0413561132,0.9570716379,0.0000000000,0.0429283621,0.0429283621,0.0413561132,0.0015722489,1.0000000000,1.0000000000
15.1360000000,15136.0000000000,1.0000000000,-1.0000000000,0.0000000000,57.0000000000,0.9585153153,0.0000000000,0.0414846847,0.9572937070,0.0000000000,0.0427062930,0.0427062930,0.0414846847,0.0012216083,1.0000000000,1.0000000000
15.1370000000,15137.0000000000,1.0000000000,-1.0000000000,0.0000000000,57.0000000000,0.9583842788,0.0000000000,0.0416157212,0.9575113354,0.0000000000,0.0424886646,0.0424886646,0.0416157212,0.0008729435,1.0000000000,1.0000000000
15.1380000000,15138.0000000000,1.0000000000,-1.0000000000,0.0000000000,57.0000000000,0.9582507610,0.0000000000,0.0417492390,0.9577246175,0.0000000000,0.0422753825,0.0422753825,0.0417492390,0.0005261435,1.0000000000,1.0000000000
15.1390000000,15139.0000000000,1.0000000000,-1.0000000000,0.0000000000,57.0000000000,0.9581147445,0.0000000000,0.0418852555,0.9579336455,0.0000000000,0.0420663545,0.0420663545,0.0418852555,0.0001810991,1.0000000000,1.0000000000
15.1400000000,15140.0000000000,1.0000000000,-1.0000000000,0.0000000000,57.0000000000,0.9579762114,0.0000000000,0.0420237886,0.9581385089,0.0000000000,0.0418614911,0.0418614911,0.0420237886,0.0001622975,1.0000000000,1.0000000000
15.1410000000,15141.0000000000,1.0000000000,-1.0000000000,0.0000000000,57.0000000000,0.9578351428,0.0000000000,0.0421648572,0.9583392952,0.0000000000,0.0416607048,0.0416607048,0.0421648572,0.0005041524,1.0000000000,1.0000000000
15.1420000000,15142.0000000000,1.0000000000,-1.0000000000,0.0000000000,57.0000000000,0.9576915192,0.0000000000,0.0423084808,0.9585360894,0.0000000000,0.0414639106,0.0414639106,0.0423084808,0.0008445702,1.0000000000,1.0000000000
15.1430000000,15143.0000000000,1.0000000000,-1.0000000000,0.0000000000,57.0000000000,0.9575453202,0.0000000000,0.0424546798,0.9587289744,0.0000000000,0.0412710256,0.0412710256,0.0424546798,0.0011836541,1.0000000000,1.0000000000
15.1440000000,15144.0000000000,1.0000000000,-1.0000000000,0.0000000000,57.0000000000,0.9573965249,0.0000000000,0.0426034751,0.9589180310,0.0000000000,0.0410819690,0.0410819690,0.0426034751,0.0015215061,1.0000000000,1.0000000000
15.1450000000,15145.0000000000,1.0000000000,-1.0000000000,0.0000000000,57.0000000000,0.9572451113,0.0000000000,0.0427548887,0.9591033379,0.0000000000,0.0408966621,0.0408966621,0.0427548887,0.0018582265,1.0000000000,1.0000000000
15.1460000000,15146.0000000000,1.0000000000,-1.0000000000,0.0000000000,57.0000000000,0.9570910569,0.0000000000,0.0429089431,0.9592849717,0.0000000000,0.0407150283,0.0407150283,0.0429089431,0.0021939147,1.0000000000,1.0000000000
15.1470000000,15147.0000000000,1.0000000000,-1.0000000000,0.0000000000,57.0000000000,0.9569343383,0.0000000000,0.0430656617,0.9594630071,0.0000000000,0.0405369929,0.0405369929,0.0430656617,0.0025286687,1.0000000000,1.0000000000
15.1480000000,15148.0000000000,1.0000000000,-1.0000000000,0.0000000000,57.0000000000,0.9567749314,0.0000000000,0.0432250686,0.9596375168,0.0000000000,0.0403624832,0.0403624832,0.0432250686,0.0028625854,1.0000000000,1.0000000000
15.1490000000,15149.0000000000,1.0000000000,-1.0000000000,0.0000000000,57.0000000000,0.9566128112,0.0000000000,0.0433871888,0.9598085718,0.0000000000,0.0401914282,0.0401914282,0.0433871888,0.0031957606,1.0000000000,1.0000000000
15.1500000000,15150.0000000000,1.0000000000,-1.0000000000,0.0000000000,57.0000000000,0.9564479522,0.0000000000,0.0435520478,0.9599762411,0.0000000000,0.0400237589,0.0400237589,0.0435520478,0.0035282889,1.0000000000,1.0000000000
15.1510000000,15151.0000000000,1.0000000000,-1.0000000000,0.0000000000,57.0000000000,0.9562803278,0.0000000000,0.0437196722,0.9601405919,0.0000000000,0.0398594081,0.0398594081,0.0437196722,0.0038602641,1.0000000000,1.0000000000
15.1520000000,15152.0000000000,1.0000000000,-1.0000000000,0.0000000000,57.0000000000,0.9561099109,0.0000000000,0.0438900891,0.9603016898,0.0000000000,0.0396983102,0.0396983102,0.0438900891,0.0041917789,1.0000000000,1.0000000000
15.1530000000,15153.0000000000,1.0000000000,-1.0000000000,0.0000000000,57.0000000000,0.9559366736,0.0000000000,0.0440633264,0.9604595987,0.0000000000,0.0395404013,0.0395404013,0.0440633264,0.0045229251,1.0000000000,1.0000000000
15.1540000000,15154.0000000000,1.0000000000,-1.0000000000,0.0000000000,57.0000000000,0.9557605869,0.0000000000,0.0442394131,0.9606143807,0.0000000000,0.0393856193,0.0393856193,0.0442394131,0.0048537937,1.0000000000,1.0000000000
15.1550000000,15155.0000000000,1.0000000000,-1.0000000000,0.0000000000,57.0000000000,0.9555816215,0.0000000000,0.0444183785,0.9607660964,0.0000000000,0.0392339036,0.0392339036,0.0444183785,0.0051844749,1.0000000000,1.0000000000
15.1560000000,15156.0000000000,1.0000000000,-1.0000000000,0.0000000000,57.0000000000,0.9553997470,0.0000000000,0.0446002530,0.9609148049,0.0000000000,0.0390851951,0.0390851951,0.0446002530,0.0055150579,1.0000000000,1.0000000000
15.1570000000,15157.0000000000,1.0000000000,-1.0000000000,0.0000000000,57.0000000000,0.9552149323,0.0000000000,0.0447850677,0.9610605637,0.0000000000,0.0389394363,0.0389394363,0.0447850677,0.0058456314,1.0000000000,1.0000000000
15.1580000000,15158.0000000000,1.0000000000,-1.0000000000,0.0000000000,57.0000000000,0.9550271453,0.0000000000,0.0449728547,0.9612034287,0.0000000000,0.0387965713,0.0387965713,0.0449728547,0.0061762834,1.0000000000,1.0000000000
15.1590000000,15159.0000000000,1.0000000000,-1.0000000000,0.0000000000,57.0000000000,0.9548363535,0.0000000000,0.0451636465,0.9613434546,0.0000000000,0.0386565454,0.0386565454,0.0451636465,0.0065071011,1.0000000000,1.0000000000
15.1600000000,15160.0000000000,1.0000000000,-1.0000000000,0.0000000000,57.0000000000,0.9546425232,0.0000000000,0.0453574768,0.9614806945,0.0000000000,0.0385193055,0.0385193055,0.0453574768,0.0068381713,1.0000000000,1.0000000000
15.1610000000,15161.0000000000,1.0000000000,-1.0000000000,0.0000000000,57.0000000000,0.9544456201,0.0000000000,0.0455543799,0.9616152002,0.0000000000,0.0383847998,0.0383847998,0.0455543799,0.0071695801,1.0000000000,1.0000000000
15.1620000000,15162.0000000000,1.0000000000,-1.0000000000,0.0000000000,57.0000000000,0.9542456090,0.0000000000,0.0457543910,0.9617470220,0.0000000000,0.0382529780,0.0382529780,0.0457543910,0.0075014130,1.0000000000,1.0000000000
15.1630000000,15163.0000000000,1.0000000000,-1.0000000000,0.0000000000,57.0000000000,0.9540424539,0.0000000000,0.0459575461,0.9618762092,0.0000000000,0.0381237908,0.0381237908,0.0459575461,0.0078337553,1.0000000000,1.0000000000
15.1640000000,15164.0000000000,1.0000000000,-1.0000000000,0.0000000000,57.0000000000,0.9538361179,0.0000000000,0.0461638821,0.9620028095,0.0000000000,0.0379971905,0.0379971905,0.0461638821,0.0081666917,1.0000000000,1.0000000000
15.1650000000,15165.0000000000,1.0000000000,-1.0000000000,0.0000000000,57.0000000000,0.9536265632,0.0000000000,0.0463734368,0.9621268696,0.0000000000,0.0378731304,0.0378731304,0.0463734368,0.0085003064,1.0000000000,1.0000000000
15.1660000000,15166.0000000000,1.0000000000,-1.0000000000,0.0000000000,57.0000000000,0.9534137513,0.0000000000,0.0465862487,0.9622484347,0.0000000000,0.0377515653,0.0377515653,0.0465862487,0.0088346834,1.0000000000,1.0000000000
15.1670000000,15167.0000000000,1.0000000000,-1.0000000000,0.0000000000,57.0000000000,0.9531976427,0.0000000000,0.0468023573,0.9623675492,0.0000000000,0.0376324508,0.0376324508,0.0468023573,0.0091699064,1.0000000000,1.0000000000
15.1680000000,15168.0000000000,1.0000000000,-1.0000000000,0.0000000000,57.0000000000,0.9529781971,0.0000000000,0.0470218029,0.9624842559,0.0000000000,0.0375157441,0.0375157441,0.0470218029,0.0095060588,1.0000000000,1.0000000000
15.1690000000,15169.0000000000,1.0000000000,-1.0000000000,0.0000000000,57.0000000000,0.9527553732,0.0000000000,0.0472446268,0.9625985968,0.0000000000,0.0374014032,0.0374014032,0.0472446268,0.0098432236,1.0000000000,1.0000000000
15.1700000000,15170.0000000000,1.0000000000,-1.0000000000,0.0000000000,57.0000000000,0.9525291289,0.0000000000,0.0474708711,0.9627106127,0.0000000000,0.0372893873,0.0372893873,0.0474708711,0.0101814838,1.0000000000,1.0000000000
15.1710000000,15171.0000000000,1.0000000000,-1.0000000000,0.0000000000,57.0000000000,0.9522994211,0.0000000000,0.0477005789,0.9628203432,0.0000000000,0.0371796568,0.0371796568,0.0477005789,0.0105209221,1.0000000000,1.0000000000
15.1720000000,15172.0000000000,1.0000000000,-1.0000000000,0.0000000000,57.0000000000,0.9520662058,0.0000000000,0.0479337942,0.9629278270,0.0000000000,0.0370721730,0.0370721730,0.0479337942,0.0108616212,1.0000000000,1.0000000000
15.1730000000,15173.0000000000,1.0000000000,-1.0000000000,0.0000000000,57.0000000000,0.9518294382,0.0000000000,0.0481705618,0.9630331018,0.0000000000,0.0369668982,0.0369668982,0.0481705618,0.0112036636,1.0000000000,1.0000000000
15.1740000000,15174.0000000000,1.0000000000,-1.0000000000,0.0000000000,57.0000000000,0.9515890723,0.0000000000,0.0484109277,0.9631362041,0.0000000000,0.0368637959,0.0368637959,0.0484109277,0.0115471319,1.0000000000,1.0000000000
15.1750000000,15175.0000000000,1.0000000000,-1.0000000000,0.0000000000,57.0000000000,0.9513450612,0.0000000000,0.0486549388,0.9632371696,0.0000000000,0.0367628304,0.0367628304,0.0486549388,0.0118921084,1.0000000000,1.0000000000
15.1760000000,15176.0000000000,1.0000000000,-1.0000000000,0.0000000000,57.0000000000,0.9510973573,0.0000000000,0.0489026427,0.9633360329,0.0000000000,0.0366639671,0.0366639671,0.0489026427,0.0122386757,1.0000000000,1.0000000000
15.1770000000,15177.0000000000,1.0000000000,-1.0000000000,0.0000000000,57.0000000000,0.9508459115,0.0000000000,0.0491540885,0.9634328279,0.0000000000,0.0365671721,0.0365671721,0.0491540885,0.0125869163,1.0000000000,1.0000000000
15.1780000000,15178.0000000000,1.0000000000,-1.0000000000,0.0000000000,57.0000000000,0.9505906742,0.0000000000,0.0494093258,0.9635275872,0.0000000000,0.0364724128,0.0364724128,0.0494093258,0.0129369129,1.0000000000,1.0000000000
15.1790000000,15179.0000000000,1.0000000000,-1.0000000000,0.0000000000,57.0000000000,0.9503315945,0.0000000000,0.0496684055,0.9636203428,0.0000000000,0.0363796572,0.0363796572,0.0496684055,0.0132887483,1.0000000000,1.0000000000
15.1800000000,15180.0000000000,1.0000000000,-1.0000000000,0.0000000000,57.0000000000,0.9500686204,0.0000000000,0.0499313796,0.9637111258,0.0000000000,0.0362888742,0.0362888742,0.0499313796,0.0136425054,1.0000000000,1.0000000000
15.1810000000,15181.0000000000,1.0000000000,-1.0000000000,0.0000000000,57.0000000000,0.9498016991,0.0000000000,0.0501983009,0.9637999663,0.0000000000,0.0362000337,0.0362000337,0.0501983009,0.0139982672,1.0000000000,1.0000000000
15.1820000000,15182.0000000000,1.0000000000,-1.0000000000,0.0000000000,57.0000000000,0.9495307765,0.0000000000,0.0504692235,0.9638868937,0.0000000000,0.0361131063,0.0361131063,0.0504692235,0.0143561172,1.0000000000,1.0000000000
15.1830000000,15183.0000000000,1.0000000000,-1.0000000000,0.0000000000,57.0000000000,0.9492557976,0.0000000000,0.0507442024,0.9639719366,0.0000000000,0.0360280634,0.0360280634,0.0507442024,0.0147161391,1.0000000000,1.0000000000
15.1840000000,15184.0000000000,1.0000000000,-1.0000000000,0.0000000000,57.0000000000,0.9489767061,0.0000000000,0.0510232939,0.9640551227,0.0000000000,0.0359448773,0.0359448773,0.0510232939,0.0150784166,1.0000000000,1.0000000000
15.1850000000,15185.0000000000,1.0000000000,-1.0000000000,0.0000000000,57.0000000000,0.9486934447,0.0000000000,0.0513065553,0.9641364789,0.0000000000,0.0358635211,0.0358635211,0.0513065553,0.0154430342,1.0000000000,1.0000000000
15.1860000000,15186.0000000000,1.0000000000,-1.0000000000,0.0000000000,57.0000000000,0.9484059550,0.0000000000,0.0515940450,0.9642160314,0.0000000000,0.0357839686,0.0357839686,0.0515940450,0.0158100764,1.0000000000,1.0000000000
15.1870000000,15187.0000000000,1.0000000000,-1.0000000000,0.0000000000,57.0000000000,0.9481141774,0.0000000000,0.0518858226,0.9642938056,0.0000000000,0.0357061944,0.0357061944,0.0518858226,0.0161796283,1.0000000000,1.0000000000
15.1880000000,15188.0000000000,1.0000000000,-1.0000000000,0.0000000000,57.0000000000,0.9478180510,0.0000000000,0.0521819490,0.9643698263,0.0000000000,0.0356301737,0.0356301737,0.0521819490,0.0165517753,1.0000000000,1.0000000000
15.1890000000,15189.0000000000,1.0000000000,-1.0000000000,0.0000000000,57.0000000000,0.9475175140,0.0000000000,0.0524824860,0.9644441174,0.0000000000,0.0355558826,0.0355558826,0.0524824860,0.0169266034,1.0000000000,1.0000000000
15.1900000000,15190.0000000000,1.0000000000,-1.0000000000,0.0000000000,57.0000000000,0.9472125030,0.0000000000,0.0527874970,0.9645167022,0.0000000000,0.0354832978,0.0354832978,0.0527874970,0.0173041992,1.0000000000,1.0000000000
15.1910000000,15191.0000000000,1.0000000000,-1.0000000000,0.0000000000,57.0000000000,0.9469029537,0.0000000000,0.0530970463,0.9645876031,0.0000000000,0.0354123969,0.0354123969,0.0530970463,0.0176846495,1.0000000000,1.0000000000
15.1920000000,15192.0000000000,1.0000000000,-1.0000000000,0.0000000000,57.0000000000,0.9465888004,0.0000000000,0.0534111996,0.9646568423,0.0000000000,0.0353431577,0.0353431577,0.0534111996,0.0180680419,1.0000000000,1.0000000000
15.1930000000,15193.0000000000,1.0000000000,-1.0000000000,0.0000000000,57.0000000000,0.9462699761,0.0000000000,0.0537300239,0.9647244408,0.0000000000,0.0352755592,0.0352755592,0.0537300239,0.0184544647,1.0000000000,1.0000000000
15.1940000000,15194.0000000000,1.0000000000,-1.0000000000,0.0000000000,57.0000000000,0.9459464126,0.0000000000,0.0540535874,0.9647904193,0.0000000000,0.0352095807,0.0352095807,0.0540535874,0.0188440067,1.0000000000,1.0000000000
15.1950000000,15195.0000000000,1.0000000000,-1.0000000000,0.0000000000,57.0000000000,0.9456180403,0.0000000000,0.0543819597,0.9648547976,0.0000000000,0.0351452024,0.0351452024,0.0543819597,0.0192367574,1.0000000000,1.0000000000
15.1960000000,15196.0000000000,1.0000000000,-1.0000000000,0.0000000000,57.0000000000,0.9452847882,0.0000000000,0.0547152118,0.9649175952,0.0000000000,0.0350824048,0.0350824048,0.0547152118,0.0196328070,1.0000000000,1.0000000000
15.1970000000,15197.0000000000,1.0000000000,-1.0000000000,0.0000000000,57.0000000000,0.9449465842,0.0000000000,0.0550534158,0.9649788307,0.0000000000,0.0350211693,0.0350211693,0.0550534158,0.0200322465,1.0000000000,1.0000000000
15.1980000000,15198.0000000000,1.0000000000,-1.0000000000,0.0000000000,57.0000000000,0.9446033545,0.0000000000,0.0553966455,0.9650385221,0.0000000000,0.0349614779,0.0349614779,0.0553966455,0.0204351676,1.0000000000,1.0000000000
15.1990000000,15199.0000000000,1.0000000000,-1.0000000000,0.0000000000,57.0000000000,0.9442550241,0.0000000000,0.0557449759,0.9650966871,0.0000000000,0.0349033129,0.0349033129,0.0557449759,0.0208416629,1.0000000000,1.0000000000
15.2000000000,15200.0000000000,1.0000000000,-1.0000000000,0.0000000000,57.0000000000,0.9439015165,0.0000000000,0.0560984835,0.9651533424,0.0000000000,0.0348466576,0.0348466576,0.0560984835,0.0212518259,1.0000000000,1.0000000000
15.2010000000,15201.0000000000,1.0000000000,-1.0000000000,0.0000000000,57.0000000000,0.9435427537,0.0000000000,0.0564572463,0.9652085044,0.0000000000,0.0347914956,0.0347914956,0.0564572463,0.0216657507,1.0000000000,1.0000000000
15.2020000000,15202.0000000000,1.0000000000,-1.0000000000,0.0000000000,57.0000000000,0.9431786562,0.0000000000,0.0568213438,0.9652621889,0.0000000000,0.0347378111,0.0347378111,0.0568213438,0.0220835328,1.0000000000,1.0000000000
15.2030000000,15203.0000000000,1.0000000000,-1.0000000000,0.0000000000,57.0000000000,0.9428091431,0.0000000000,0.0571908569,0.9653144111,0.0000000000,0.0346855889,0.0346855889,0.0571908569,0.0225052681,1.0000000000,1.0000000000
15.2040000000,15204.0000000000,1.0000000000,-1.0000000000,0.0000000000,57.0000000000,0.9424341319,0.0000000000,0.0575658681,0.9653651857,0.0000000000,0.0346348143,0.0346348143,0.0575658681,0.0229310539,1.0000000000,1.0000000000
15.2050000000,15205.0000000000,1.0000000000,-1.0000000000,0.0000000000,57.0000000000,0.9420535385,0.0000000000,0.0579464615,0.9654145268,0.0000000000,0.0345854732,0.0345854732,0.0579464615,0.0233609884,1.0000000000,1.0000000000
15.2060000000,15206.0000000000,1.0000000000,-1.0000000000,0.0000000000,57.0000000000,0.9416672773,0.0000000000,0.0583327227,0.9654624480,0.0000000000,0.0345375520,0.0345375520,0.0583327227,0.0237951707,1.0000000000,1.0000000000
15.2070000000,15207.0000000000,1.0000000000,-1.0000000000,0.0000000000,57.0000000000,0.9412752610,0.0000000000,0.0587247390,0.9655089624,0.0000000000,0.0344910376,0.0344910376,0.0587247390,0.0242337013,1.0000000000,1.0000000000
15.2080000000,15208.0000000000,1.0000000000,-1.0000000000,0.0000000000,57.0000000000,0.9408774008,0.0000000000,0.0591225992,0.9655540824,0.0000000000,0.0344459176,0.0344459176,0.0591225992,0.0246766816,1.0000000000,1.0000000000
15.2090000000,15209.0000000000,1.0000000000,-1.0000000000,0.0000000000,57.0000000000,0.9404736061,0.0000000000,0.0595263939,0.9655978203,0.0000000000,0.0344021797,0.0344021797,0.0595263939,0.0251242142,1.0000000000,1.0000000000
15.2100000000,15210.0000000000,1.0000000000,-1.0000000000,0.0000000000,57.0000000000,0.9400637845,0.0000000000,0.0599362155,0.9656401874,0.0000000000,0.0343598126,0.0343598126,0.0599362155,0.0255764030,1.0000000000,1.0000000000
15.2110000000,15211.0000000000,1.0000000000,-1.0000000000,0.0000000000,57.0000000000,0.9396478421,0.0000000000,0.0603521579,0.9656811950,0.0000000000,0.0343188050,0.0343188050,0.0603521579,0.0260333529,1.0000000000,1.0000000000
15.2120000000,15212.0000000000,1.0000000000,-1.0000000000,0.0000000000,57.0000000000,0.9392256831,0.0000000000,0.0607743169,0.9657208535,0.0000000000,0.0342791465,0.0342791465,0.0607743169,0.0264951704,1.0000000000,1.0000000000
15.2130000000,15213.0000000000,1.0000000000,-1.0000000000,0.0000000000,57.0000000000,0.9387972100,0.0000000000,0.0612027900,0.9657591730,0.0000000000,0.0342408270,0.0342408270,0.0612027900,0.0269619630,1.0000000000,1.0000000000
15.2140000000,15214.0000000000,1.0000000000,-1.0000000000,0.0000000000,57.0000000000,0.9383623234,0.0000000000,0.0616376766,0.9657961631,0.0000000000,0.0342038369,0.0342038369,0.0616376766,0.0274338398,1.0000000000,1.0000000000
15.2150000000,15215.0000000000,1.0000000000,-1.0000000000,0.0000000000,57.0000000000,0.9379209220,0.0000000000,0.0620790780,0.9658318330,0.0000000000,0.0341681670,0.0341681670,0.0620790780,0.0279109110,1.0000000000,1.0000000000
15.2160000000,15216.0000000000,1.0000000000,-1.0000000000,0.0000000000,57.0000000000,0.9374729029,0.0000000000,0.0625270971,0.9658661914,0.0000000000,0.0341338086,0.0341338086,0.0625270971,0.0283932885,1.0000000000,1.0000000000
15.2170000000,15217.0000000000,1.0000000000,-1.0000000000,0.0000000000,57.0000000000,0.9370181609,0.0000000000,0.0629818391,0.9658992464,0.0000000000,0.0341007536,0.0341007536,0.0629818391,0.0288810855,1.0000000000,1.0000000000
15.2180000000,15218.0000000000,1.0000000000,-1.0000000000,0.0000000000,57.0000000000,0.9365565891,0.0000000000,0.0634434109,0.9659310058,0.0000000000,0.0340689942,0.0340689942,0.0634434109,0.0293744167,1.0000000000,1.0000000000
15.2190000000,15219.0000000000,1.0000000000,-1.0000000000,0.0000000000,57.0000000000,0.9360880787,0.0000000000,0.0639119213,0.9659614769,0.0000000000,0.0340385231,0.0340385231,0.0639119213,0.0298733982,1.0000000000,1.0000000000
15.2200000000,15220.0000000000,1.0000000000,-1.0000000000,0.0000000000,57.0000000000,0.9356125185,0.0000000000,0.0643874815,0.9659906665,0.0000000000,0.0340093335,0.0340093335,0.0643874815,0.0303781479,1.0000000000,1.0000000000
15.2210000000,15221.0000000000,1.0000000000,-1.0000000000,0.0000000000,57.0000000000,0.9351297958,0.0000000000,0.0648702042,0.9660185810,0.0000000000,0.0339814190,0.0339814190,0.0648702042,0.0308887852,1.0000000000,1.0000000000
15.2220000000,15222.0000000000,1.0000000000,-1.0000000000,0.0000000000,57.0000000000,0.9346397953,0.0000000000,0.0653602047,0.9660452264,0.0000000000,0.0339547736,0.0339547736,0.0653602047,0.0314054311,1.0000000000,1.0000000000
15.2230000000,15223.0000000000,1.0000000000,-1.0000000000,0.0000000000,57.0000000000,0.9341424000,0.0000000000,0.0658576000,0.9660706083,0.0000000000,0.0339293917,0.0339293917,0.0658576000,0.0319282083,1.0000000000,1.0000000000
15.2240000000,15224.0000000000,1.0000000000,-1.0000000000,0.0000000000,57.0000000000,0.9336374905,0.0000000000,0.0663625095,0.9660947316,0.0000000000,0.0339052684,0.0339052684,0.0663625095,0.0324572411,1.0000000000,1.0000000000
15.2250000000,15225.0000000000,1.0000000000,-1.0000000000,0.0000000000,57.0000000000,0.9331249454,0.0000000000,0.0668750546,0.9661176010,0.0000000000,0.0338823990,0.0338823990,0.0668750546,0.0329926557,1.0000000000,1.0000000000
15.2260000000,15226.0000000000,1.0000000000,-1.0000000000,0.0000000000,57.0000000000,0.9326046408,0.0000000000,0.0673953592,0.9661392208,0.0000000000,0.0338607792,0.0338607792,0.0673953592,0.0335345800,1.0000000000,1.0000000000
15.2270000000,15227.0000000000,1.0000000000,-1.0000000000,0.0000000000,57.0000000000,0.9320764510,0.0000000000,0.0679235490,0.9661595947,0.0000000000,0.0338404053,0.0338404053,0.0679235490,0.0340831437,1.0000000000,1.0000000000
15.2280000000,15228.0000000000,1.0000000000,-1.0000000000,0.0000000000,57.0000000000,0.9315402477,0.0000000000,0.0684597523,0.9661787261,0.0000000000,0.0338212739,0.0338212739,0.0684597523,0.0346384785,1.0000000000,1.0000000000
15.2290000000,15229.0000000000,1.0000000000,-1.0000000000,0.0000000000,57.0000000000,0.9309959002,0.0000000000,0.0690040998,0.9661966179,0.0000000000,0.0338033821,0.0338033821,0.0690040998,0.0352007177,1.0000000000,1.0000000000
15.2300000000,15230.0000000000,1.0000000000,-1.0000000000,0.0000000000,57.0000000000,0.9304432758,0.0000000000,0.0695567242,0.9662132727,0.0000000000,0.0337867273,0.0337867273,0.0695567242,0.0357699969,1.0000000000,1.0000000000
15.2310000000,15231.0000000000,1.0000000000,-1.0000000000,0.0000000000,57.0000000000,0.9298822391,0.0000000000,0.0701177609,0.9662286924,0.0000000000,0.0337713076,0.0337713076,0.0701177609,0.0363464533,1.0000000000,1.0000000000
15.2320000000,15232.0000000000,1.0000000000,-1.0000000000,0.0000000000,57.0000000000,0.9293126524,0.0000000000,0.0706873476,0.9662428788,0.0000000000,0.0337571212,0.0337571212,0.0706873476,0.0369302264,1.0000000000,1.0000000000
15.2330000000,15233.0000000000,1.0000000000,-1.0000000000,0.0000000000,57.0000000000,0.9287343756,0.0000000000,0.0712656244,0.9662558331,0.0000000000,0.0337441669,0.0337441669,0.0712656244,0.0375214575,1.0000000000,1.0000000000
15.2340000000,15234.0000000000,1.0000000000,-1.0000000000,0.0000000000,57.0000000000,0.9281472659,0.0000000000,0.0718527341,0.9662675560,0.0000000000,0.0337324440,0.0337324440,0.0718527341,0.0381202902,1.0000000000,1.0000000000
15.2350000000,15235.0000000000,1.0000000000,-1.0000000000,0.0000000000,57.0000000000,0.9275511782,0.0000000000,0.0724488218,0.9662780481,0.0000000000,0.0337219519,0.0337219519,0.0724488218,0.0387268699,1.0000000000,1.0000000000
15.2360000000,15236.0000000000,1.0000000000,-1.0000000000,0.0000000000,57.0000000000,0.9269459647,0.0000000000,0.0730540353,0.9662873092,0.0000000000,0.0337126908,0.0337126908,0.0730540353,0.0393413445,1.0000000000,1.0000000000
15.2370000000,15237.0000000000,1.0000000000,-1.0000000000,0.0000000000,57.0000000000,0.9263314751,0.0000000000,0.0736685249,0.9662953389,0.0000000000,0.0337046611,0.0337046611,0.0736685249,0.0399638638,1.0000000000,1.0000000000
15.2380000000,15238.0000000000,1.0000000000,-1.0000000000,0.0000000000,57.0000000000,0.9257075563,0.0000000000,0.0742924437,0.9663021363,0.0000000000,0.0336978637,0.0336978637,0.0742924437,0.0405945800,1.0000000000,1.0000000000
15.2390000000,15239.0000000000,1.0000000000,-1.0000000000,0.0000000000,57.0000000000,0.9250740527,0.0000000000,0.0749259473,0.9663077001,0.0000000000,0.0336922999,0.0336922999,0.0749259473,0.0412336475,1.0000000000,1.0000000000
15.2400000000,15240.0000000000,1.0000000000,-1.0000000000,0.0000000000,57.0000000000,0.9244308058,0.0000000000,0.0755691942,0.9663120286,0.0000000000,0.0336879714,0.0336879714,0.0755691942,0.0418812228,1.0000000000,1.0000000000
15.2410000000,15241.0000000000,1.0000000000,-1.0000000000,0.0000000000,57.0000000000,0.9237776546,0.0000000000,0.0762223454,0.9663151196,0.0000000000,0.0336848804,0.0336848804,0.0762223454,0.0425374650,1.0000000000,1.0000000000
15.2420000000,15242.0000000000,1.0000000000,-1.0000000000,0.0000000000,57.0000000000,0.9231144351,0.0000000000,0.0768855649,0.9663169705,0.0000000000,0.0336830295,0.0336830295,0.0768855649,0.0432025354,1.0000000000,1.0000000000
15.2430000000,15243.0000000000,1.0000000000,-1.0000000000,0.0000000000,57.0000000000,0.9224409806,0.0000000000,0.0775590194,0.9663175783,0.0000000000,0.0336824217,0.0336824217,0.0775590194,0.0438765977,1.0000000000,1.0000000000
15.2440000000,15244.0000000000,1.0000000000,-1.0000000000,0.0000000000,57.0000000000,0.9217571216,0.0000000000,0.0782428784,0.9663169395,0.0000000000,0.0336830605,0.0336830605,0.0782428784,0.0445598179,1.0000000000,1.0000000000
15.2450000000,15245.0000000000,1.0000000000,-1.0000000000,0.0000000000,57.0000000000,0.9210626857,0.0000000000,0.0789373143,0.9663150503,0.0000000000,0.0336849497,0.0336849497,0.0789373143,0.0452523647,1.0000000000,1.0000000000
15.2460000000,15246.0000000000,1.0000000000,-1.0000000000,0.0000000000,57.0000000000,0.9203574974,0.0000000000,0.0796425026,0.9663119063,0.0000000000,0.0336880937,0.0336880937,0.0796425026,0.0459544090,1.0000000000,1.0000000000
15.2470000000,15247.0000000000,1.0000000000,-1.0000000000,0.0000000000,57.0000000000,0.9196413785,0.0000000000,0.0803586215,0.9663075028,0.0000000000,0.0336924972,0.0336924972,0.0803586215,0.0466661243,1.0000000000,1.0000000000
15.2480000000,15248.0000000000,1.0000000000,-1.0000000000,0.0000000000,57.0000000000,0.9189141477,0.0000000000,0.0810858523,0.9663018344,0.0000000000,0.0336981656,0.0336981656,0.0810858523,0.0473876867,1.0000000000,1.0000000000
15.2490000000,15249.0000000000,1.0000000000,-1.0000000000,0.0000000000,57.0000000000,0.9181756208,0.0000000000,0.0818243792,0.9662948957,0.0000000000,0.0337051043,0.0337051043,0.0818243792,0.0481192749,1.0000000000,1.0000000000
15.2500000000,15250.0000000000,1.0000000000,-1.0000000000,0.0000000000,57.0000000000,0.9174256105,0.0000000000,0.0825743895,0.9662866804,0.0000000000,0.0337133196,0.0337133196,0.0825743895,0.0488610699,1.0000000000,1.0000000000
15.2510000000,15251.0000000000,1.0000000000,-1.0000000000,0.0000000000,57.0000000000,0.9166639265,0.0000000000,0.0833360735,0.9662771819,0.0000000000,0.0337228181,0.0337228181,0.0833360735,0.0496132555,1.0000000000,1.0000000000
15.2520000000,15252.0000000000,1.0000000000,-1.0000000000,0.0000000000,57.0000000000,0.9158903753,0.0000000000,0.0841096247,0.9662663934,0.0000000000,0.0337336066,0.0337336066,0.0841096247,0.0503760181,1.0000000000,1.0000000000
15.2530000000,15253.0000000000,1.0000000000,-1.0000000000,0.0000000000,57.0000000000,0.9151047605,0.0000000000,0.0848952395,0.9662543072,0.0000000000,0.0337456928,0.0337456928,0.0848952395,0.0511495467,1.0000000000,1.0000000000
15.2540000000,15254.0000000000,1.0000000000,-1.0000000000,0.0000000000,57.0000000000,0.9143068823,0.0000000000,0.0856931177,0.9662409154,0.0000000000,0.0337590846,0.0337590846,0.0856931177,0.0519340331,1.0000000000,1.0000000000
15.2550000000,15255.0000000000,1.0000000000,-1.0000000000,0.0000000000,57.0000000000,0.9134965380,0.0000000000,0.0865034620,0.9662262096,0.0000000000,0.0337737904,0.0337737904,0.0865034620,0.0527296715,1.0000000000,1.0000000000
15.2560000000,15256.0000000000,1.0000000000,-1.0000000000,0.0000000000,57.0000000000,0.9126735217,0.0000000000,0.0873264783,0.9662101808,0.0000000000,0.0337898192,0.0337898192,0.0873264783,0.0535366591,1.0000000000,1.0000000000
15.2570000000,15257.0000000000,1.0000000000,-1.0000000000,0.0000000000,57.0000000000,0.9118376241,0.0000000000,0.0881623759,0.9661928197,0.0000000000,0.0338071803,0.0338071803,0.0881623759,0.0543551956,1.0000000000,1.0000000000
15.2580000000,15258.0000000000,1.0000000000,-1.0000000000,0.0000000000,57.0000000000,0.9109886330,0.0000000000,0.0890113670,0.9661741164,0.0000000000,0.0338258836,0.0338258836,0.0890113670,0.0551854834,1.0000000000,1.0000000000
15.2590000000,15259.0000000000,1.0000000000,-1.0000000000,0.0000000000,57.0000000000,0.9101263328,0.0000000000,0.0898736672,0.9661540605,0.0000000000,0.0338459395,0.0338459395,0.0898736672,0.0560277277,1.0000000000,1.0000000000
15.2600000000,15260.0000000000,1.0000000000,-1.0000000000,0.0000000000,57.0000000000,0.9092505047,0.0000000000,0.0907494953,0.9661326412,0.0000000000,0.0338673588,0.0338673588,0.0907494953,0.0568821365,1.0000000000,1.0000000000
15.2610000000,15261.0000000000,1.0000000000,-1.0000000000,0.0000000000,57.0000000000,0.9083609267,0.0000000000,0.0916390733,0.9661098470,0.0000000000,0.0338901530,0.0338901530,0.0916390733,0.0577489203,1.0000000000,1.0000000000
15.2620000000,15262.0000000000,1.0000000000,-1.0000000000,0.0000000000,57.0000000000,0.9074573736,0.0000000000,0.0925426264,0.9660856661,0.0000000000,0.0339143339,0.0339143339,0.0925426264,0.0586282925,1.0000000000,1.0000000000
15.2630000000,15263.0000000000,1.0000000000,-1.0000000000,0.0000000000,57.0000000000,0.9065396170,0.0000000000,0.0934603830,0.9660600861,0.0000000000,0.0339399139,0.0339399139,0.0934603830,0.0595204691,1.0000000000,1.0000000000
15.2640000000,15264.0000000000,1.0000000000,-1.0000000000,0.0000000000,57.0000000000,0.9056074250,0.0000000000,0.0943925750,0.9660330939,0.0000000000,0.0339669061,0.0339669061,0.0943925750,0.0604256689,1.0000000000,1.0000000000
15.2650000000,15265.0000000000,1.0000000000,-1.0000000000,0.0000000000,57.0000000000,0.9046605628,0.0000000000,0.0953394372,0.9660046762,0.0000000000,0.0339953238,0.0339953238,0.0953394372,0.0613441133,1.0000000000,1.0000000000
15.2660000000,15266.0000000000,1.0000000000,-1.0000000000,0.0000000000,57.0000000000,0.9036987923,0.0000000000,0.0963012077,0.9659748189,0.0000000000,0.0340251811,0.0340251811,0.0963012077,0.0622760265,1.0000000000,1.0000000000
15.2670000000,15267.0000000000,1.0000000000,-1.0000000000,0.0000000000,57.0000000000,0.9027218722,0.0000000000,0.0972781278,0.9659435074,0.0000000000,0.0340564926,0.0340564926,0.0972781278,0.0632216352,1.0000000000,1.0000000000
15.2680000000,15268.0000000000,1.0000000000,-1.0000000000,0.0000000000,57.0000000000,0.9017295578,0.0000000000,0.0982704422,0.9659107267,0.0000000000,0.0340892733,0.0340892733,0.0982704422,0.0641811689,1.0000000000,1.0000000000
15.2690000000,15269.0000000000,1.0000000000,-1.0000000000,0.0000000000,57.0000000000,0.9007216016,0.0000000000,0.0992783984,0.9658764611,0.0000000000,0.0341235389,0.0341235389,0.0992783984,0.0651548594,1.0000000000,1.0000000000
15.2700000000,15270.0000000000,1.0000000000,-1.0000000000,0.0000000000,57.0000000000,0.8996977528,0.0000000000,0.1003022472,0.9658406942,0.0000000000,0.0341593058,0.0341593058,0.1003022472,0.0661429414,1.0000000000,1.0000000000
15.2710000000,15271.0000000000,1.0000000000,-1.0000000000,0.0000000000,57.0000000000,0.8986577573,0.0000000000,0.1013422427,0.9658034092,0.0000000000,0.0341965908,0.0341965908,0.1013422427,0.0671456519,1.0000000000,1.0000000000
15.2720000000,15272.0000000000,1.0000000000,-1.0000000000,0.0000000000,57.0000000000,0.8976013583,0.0000000000,0.1023986417,0.9657645888,0.0000000000,0.0342354112,0.0342354112,0.1023986417,0.0681632305,1.0000000000,1.0000000000
15.2730000000,15273.0000000000,1.0000000000,-1.0000000000,0.0000000000,57.0000000000,0.8965282958,0.0000000000,0.1034717042,0.9657242149,0.0000000000,0.0342757851,0.0342757851,0.1034717042,0.0691959191,1.0000000000,1.0000000000
15.2740000000,15274.0000000000,1.0000000000,-1.0000000000,0.0000000000,57.0000000000,0.8954383069,0.0000000000,0.1045616931,0.9656822688,0.0000000000,0.0343177312,0.0343177312,0.1045616931,0.0702439619,1.0000000000,1.0000000000
15.2750000000,15275.0000000000,1.0000000000,-1.0000000000,0.0000000000,57.0000000000,0.8943311256,0.0000000000,0.1056688744,0.9656387313,0.0000000000,0.0343612687,0.0343612687,0.1056688744,0.0713076057,1.0000000000,1.0000000000
15.2760000000,15276.0000000000,1.0000000000,-1.0000000000,0.0000000000,57.0000000000,0.8932064834,0.0000000000,0.1067935166,0.9655935825,0.0000000000,0.0344064175,0.0344064175,0.1067935166,0.0723870991,1.0000000000,1.0000000000
15.2770000000,15277.0000000000,1.0000000000,-1.0000000000,0.0000000000,57.0000000000,0.8920641088,0.0000000000,0.1079358912,0.9655468019,0.0000000000,0.0344531981,0.0344531981,0.1079358912,0.0734826931,1.0000000000,1.0000000000
15.2780000000,15278.0000000000,1.0000000000,-1.0000000000,0.0000000000,57.0000000000,0.8909037276,0.0000000000,0.1090962724,0.9654983682,0.0000000000,0.0345016318,0.0345016318,0.1090962724,0.0745946406,1.0000000000,1.0000000000
15.2790000000,15279.0000000000,1.0000000000,-1.0000000000,0.0000000000,57.0000000000,0.8897250631,0.0000000000,0.1102749369,0.9654482598,0.0000000000,0.0345517402,0.0345517402,0.1102749369,0.0757231967,1.0000000000,1.0000000000
15.2800000000,15280.0000000000,1.0000000000,-1.0000000000,0.0000000000,57.0000000000,0.8885278362,0.0000000000,0.1114721638,0.9653964540,0.0000000000,0.0346035460,0.0346035460,0.1114721638,0.0768686179,1.0000000000,1.0000000000
15.2810000000,15281.0000000000,1.0000000000,-1.0000000000,0.0000000000,57.0000000000,0.8873117651,0.0000000000,0.1126882349,0.9653429277,0.0000000000,0.0346570723,0.0346570723,0.1126882349,0.0780311627,1.0000000000,1.0000000000
15.2820000000,15282.0000000000,1.0000000000,-1.0000000000,0.0000000000,57.0000000000,0.8860765659,0.0000000000,0.1139234341,0.9652876571,0.0000000000,0.0347123429,0.0347123429,0.1139234341,0.0792110911,1.0000000000,1.0000000000
15.2830000000,15283.0000000000,1.0000000000,-1.0000000000,0.0000000000,57.0000000000,0.8848219527,0.0000000000,0.1151780473,0.9652306175,0.0000000000,0.0347693825,0.0347693825,0.1151780473,0.0804086647,1.0000000000,1.0000000000
15.2840000000,15284.0000000000,1.0000000000,-1.0000000000,0.0000000000,57.0000000000,0.8835476374,0.0000000000,0.1164523626,0.9651717836,0.0000000000,0.0348282164,0.0348282164,0.1164523626,0.0816241462,1.0000000000,1.0000000000
15.2850000000,15285.0000000000,1.0000000000,-1.0000000000,0.0000000000,57.0000000000,0.8822533300,0.0000000000,0.1177466700,0.9651111296,0.0000000000,0.0348888704,0.0348888704,0.1177466700,0.0828577996,1.0000000000,1.0000000000
15.2860000000,15286.0000000000,1.0000000000,-1.0000000000,0.0000000000,57.0000000000,0.8809387390,0.0000000000,0.1190612610,0.9650486286,0.0000000000,0.0349513714,0.0349513714,0.1190612610,0.0841098896,1.0000000000,1.0000000000
15.2870000000,15287.0000000000,1.0000000000,-1.0000000000,0.0000000000,57.0000000000,0.8796035711,0.0000000000,0.1203964289,0.9649842531,0.0000000000,0.0350157469,0.0350157469,0.1203964289,0.0853806820,1.0000000000,1.0000000000
15.2880000000,15288.0000000000,1.0000000000,-1.0000000000,0.0000000000,57.0000000000,0.8782475319,0.0000000000,0.1217524681,0.9649179749,0.0000000000,0.0350820251,0.0350820251,0.1217524681,0.0866704431,1.0000000000,1.0000000000
15.2890000000,15289.0000000000,1.0000000000,-1.0000000000,0.0000000000,57.0000000000,0.8768703257,0.0000000000,0.1231296743,0.9648497650,0.0000000000,0.0351502350,0.0351502350,0.1231296743,0.0879794394,1.0000000000,1.0000000000
15.2900000000,15290.0000000000,1.0000000000,-1.0000000000,0.0000000000,57.0000000000,0.8754716560,0.0000000000,0.1245283440,0.9647795936,0.0000000000,0.0352204064,0.0352204064,0.1245283440,0.0893079377,1.0000000000,1.0000000000
15.2910000000,15291.0000000000,1.0000000000,-1.0000000000,0.0000000000,57.0000000000,0.8740512254,0.0000000000,0.1259487746,0.9647074302,0.0000000000,0.0352925698,0.0352925698,0.1259487746,0.0906562048,1.0000000000,1.0000000000
15.2920000000,15292.0000000000,1.0000000000,-1.0000000000,0.0000000000,57.0000000000,0.8726087363,0.0000000000,0.1273912637,0.9646332432,0.0000000000,0.0353667568,0.0353667568,0.1273912637,0.0920245069,1.0000000000,1.0000000000
15.2930000000,15293.0000000000,1.0000000000,-1.0000000000,0.0000000000,57.0000000000,0.8711438907,0.0000000000,0.1288561093,0.9645570005,0.0000000000,0.0354429995,0.0354429995,0.1288561093,0.0934131098,1.0000000000,1.0000000000
15.2940000000,15294.0000000000,1.0000000000,-1.0000000000,0.0000000000,57.0000000000,0.8696563908,0.0000000000,0.1303436092,0.9644786692,0.0000000000,0.0355213308,0.0355213308,0.1303436092,0.0948222784,1.0000000000,1.0000000000
15.2950000000,15295.0000000000,1.0000000000,-1.0000000000,0.0000000000,57.0000000000,0.8681459390,0.0000000000,0.1318540610,0.9643982152,0.0000000000,0.0356017848,0.0356017848,0.1318540610,0.0962522762,1.0000000000,1.0000000000
15.2960000000,15296.0000000000,1.0000000000,-1.0000000000,0.0000000000,57.0000000000,0.8666122386,0.0000000000,0.1333877614,0.9643156038,0.0000000000,0.0356843962,0.0356843962,0.1333877614,0.0977033653,1.0000000000,1.0000000000
15.2970000000,15297.0000000000,1.0000000000,-1.0000000000,0.0000000000,57.0000000000,0.8650549937,0.0000000000,0.1349450063,0.9642307996,0.0000000000,0.0357692004,0.0357692004,0.1349450063,0.0991758059,1.0000000000,1.0000000000
15.2980000000,15298.0000000000,1.0000000000,-1.0000000000,0.0000000000,57.0000000000,0.8634739100,0.0000000000,0.1365260900,0.9641437660,0.0000000000,0.0358562340,0.0358562340,0.1365260900,0.1006698560,1.0000000000,1.0000000000
15.2990000000,15299.0000000000,1.0000000000,-1.0000000000,0.0000000000,57.0000000000,0.8618686948,0.0000000000,0.1381313052,0.9640544657,0.0000000000,0.0359455343,0.0359455343,0.1381313052,0.1021857709,1.0000000000,1.0000000000
15.3000000000,15300.0000000000,1.0000000000,-1.0000000000,0.0000000000,57.0000000000,0.8602390574,0.0000000000,0.1397609426,0.9639628604,0.0000000000,0.0360371396,0.0360371396,0.1397609426,0.1037238030,1.0000000000,1.0000000000
15.3010000000,15301.0000000000,1.0000000000,-1.0000000000,0.0000000000,57.0000000000,0.8585847098,0.0000000000,0.1414152902,0.9638689110,0.0000000000,0.0361310890,0.0361310890,0.1414152902,0.1052842012,1.0000000000,1.0000000000
15.3020000000,15302.0000000000,1.0000000000,-1.0000000000,0.0000000000,57.0000000000,0.8569053670,0.0000000000,0.1430946330,0.9637725774,0.0000000000,0.0362274226,0.0362274226,0.1430946330,0.1068672104,1.0000000000,1.0000000000
15.3030000000,15303.0000000000,1.0000000000,-1.0000000000,0.0000000000,57.0000000000,0.8552007473,0.0000000000,0.1447992527,0.9636738186,0.0000000000,0.0363261814,0.0363261814,0.1447992527,0.1084730714,1.0000000000,1.0000000000
15.3040000000,15304.0000000000,1.0000000000,-1.0000000000,0.0000000000,57.0000000000,0.8534705729,0.0000000000,0.1465294271,0.9635725928,0.0000000000,0.0364274072,0.0364274072,0.1465294271,0.1101020199,1.0000000000,1.0000000000
15.3050000000,15305.0000000000,1.0000000000,-1.0000000000,0.0000000000,57.0000000000,0.8517145706,0.0000000000,0.1482854294,0.9634688570,0.0000000000,0.0365311430,0.0365311430,0.1482854294,0.1117542864,1.0000000000,1.0000000000
15.3060000000,15306.0000000000,1.0000000000,-1.0000000000,0.0000000000,57.0000000000,0.8499324720,0.0000000000,0.1500675280,0.9633625674,0.0000000000,0.0366374326,0.0366374326,0.1500675280,0.1134300954,1.0000000000,1.0000000000
15.3070000000,15307.0000000000,1.0000000000,-1.0000000000,0.0000000000,57.0000000000,0.8481240142,0.0000000000,0.1518759858,0.9632536793,0.0000000000,0.0367463207,0.0367463207,0.1518759858,0.1151296651,1.0000000000,1.0000000000
15.3080000000,15308.0000000000,1.0000000000,-1.0000000000,0.0000000000,57.0000000000,0.8462889403,0.0000000000,0.1537110597,0.9631421468,0.0000000000,0.0368578532,0.0368578532,0.1537110597,0.1168532065,1.0000000000,1.0000000000
15.3090000000,15309.0000000000,1.0000000000,-1.0000000000,0.0000000000,57.0000000000,0.8444270002,0.0000000000,0.1555729998,0.9630279234,0.0000000000,0.0369720766,0.0369720766,0.1555729998,0.1186009231,1.0000000000,1.0000000000
15.3100000000,15310.0000000000,1.0000000000,-1.0000000000,0.0000000000,57.0000000000,0.8425379512,0.0000000000,0.1574620488,0.9629109611,0.0000000000,0.0370890389,0.0370890389,0.1574620488,0.1203730100,1.0000000000,1.0000000000
15.3110000000,15311.0000000000,1.0000000000,-1.0000000000,0.0000000000,57.0000000000,0.8406215583,0.0000000000,0.1593784417,0.9627912115,0.0000000000,0.0372087885,0.0372087885,0.1593784417,0.1221696532,1.0000000000,1.0000000000
15.3120000000,15312.0000000000,1.0000000000,-1.0000000000,0.0000000000,57.0000000000,0.8386775953,0.0000000000,0.1613224047,0.9626686248,0.0000000000,0.0373313752,0.0373313752,0.1613224047,0.1239910295,1.0000000000,1.0000000000
15.3130000000,15313.0000000000,1.0000000000,-1.0000000000,0.0000000000,57.0000000000,0.8367058455,0.0000000000,0.1632941545,0.9625431503,0.0000000000,0.0374568497,0.0374568497,0.1632941545,0.1258373048,1.0000000000,1.0000000000
15.3140000000,15314.0000000000,1.0000000000,-1.0000000000,0.0000000000,57.0000000000,0.8347061022,0.0000000000,0.1652938978,0.9624147364,0.0000000000,0.0375852636,0.0375852636,0.1652938978,0.1277086342,1.0000000000,1.0000000000
15.3150000000,15315.0000000000,1.0000000000,-1.0000000000,0.0000000000,57.0000000000,0.8326781695,0.0000000000,0.1673218305,0.9622833304,0.0000000000,0.0377166696,0.0377166696,0.1673218305,0.1296051609,1.0000000000,1.0000000000
15.3160000000,15316.0000000000,1.0000000000,-1.0000000000,0.0000000000,57.0000000000,0.8306218634,0.0000000000,0.1693781366,0.9621488788,0.0000000000,0.0378511212,0.0378511212,0.1693781366,0.1315270154,1.0000000000,1.0000000000
15.3170000000,15317.0000000000,1.0000000000,-1.0000000000,0.0000000000,57.0000000000,0.8285370122,0.0000000000,0.1714629878,0.9620113268,0.0000000000,0.0379886732,0.0379886732,0.1714629878,0.1334743146,1.0000000000,1.0000000000
15.3180000000,15318.0000000000,1.0000000000,-1.0000000000,0.0000000000,57.0000000000,0.8264234578,0.0000000000,0.1735765422,0.9618706189,0.0000000000,0.0381293811,0.0381293811,0.1735765422,0.1354471612,1.0000000000,1.0000000000
15.3190000000,15319.0000000000,1.0000000000,-1.0000000000,0.0000000000,57.0000000000,0.8242810562,0.0000000000,0.1757189438,0.9617266986,0.0000000000,0.0382733014,0.0382733014,0.1757189438,0.1374456424,1.0000000000,1.0000000000
15.3200000000,15320.0000000000,1.0000000000,-1.0000000000,0.0000000000,57.0000000000,0.8221096786,0.0000000000,0.1778903214,0.9615795081,0.0000000000,0.0384204919,0.0384204919,0.1778903214,0.1394698296,1.0000000000,1.0000000000
15.3210000000,15321.0000000000,1.0000000000,-1.0000000000,0.0000000000,57.0000000000,0.8199092123,0.0000000000,0.1800907877,0.9614289892,0.0000000000,0.0385710108,0.0385710108,0.1800907877,0.1415197769,1.0000000000,1.0000000000
15.3220000000,15322.0000000000,1.0000000000,-1.0000000000,0.0000000000,57.0000000000,0.8176795618,0.0000000000,0.1823204382,0.9612750822,0.0000000000,0.0387249178,0.0387249178,0.1823204382,0.1435955204,1.0000000000,1.0000000000
15.3230000000,15323.0000000000,1.0000000000,-1.0000000000,0.0000000000,57.0000000000,0.8154206495,0.0000000000,0.1845793505,0.9611177268,0.0000000000,0.0388822732,0.0388822732,0.1845793505,0.1456970773,1.0000000000,1.0000000000
15.3240000000,15324.0000000000,1.0000000000,-1.0000000000,0.0000000000,57.0000000000,0.8131324169,0.0000000000,0.1868675831,0.9609568617,0.0000000000,0.0390431383,0.0390431383,0.1868675831,0.1478244448,1.0000000000,1.0000000000
15.3250000000,15325.0000000000,1.0000000000,-1.0000000000,0.0000000000,57.0000000000,0.8108148256,0.0000000000,0.1891851744,0.9607924246,0.0000000000,0.0392075754,0.0392075754,0.1891851744,0.1499775990,1.0000000000,1.0000000000
15.3260000000,15326.0000000000,1.0000000000,-1.0000000000,0.0000000000,57.0000000000,0.8084678586,0.0000000000,0.1915321414,0.9606243527,0.0000000000,0.0393756473,0.0393756473,0.1915321414,0.1521564941,1.0000000000,1.0000000000
15.3270000000,15327.0000000000,1.0000000000,-1.0000000000,0.0000000000,57.0000000000,0.8060915208,0.0000000000,0.1939084792,0.9604525818,0.0000000000,0.0395474182,0.0395474182,0.1939084792,0.1543610610,1.0000000000,1.0000000000
15.3280000000,15328.0000000000,1.0000000000,-1.0000000000,0.0000000000,57.0000000000,0.8036858407,0.0000000000,0.1963141593,0.9602770473,0.0000000000,0.0397229527,0.0397229527,0.1963141593,0.1565912066,1.0000000000,1.0000000000
15.3290000000,15329.0000000000,1.0000000000,-1.0000000000,0.0000000000,57.0000000000,0.8012508711,0.0000000000,0.1987491289,0.9600976837,0.0000000000,0.0399023163,0.0399023163,0.1987491289,0.1588468126,1.0000000000,1.0000000000
15.3300000000,15330.0000000000,1.0000000000,-1.0000000000,0.0000000000,57.0000000000,0.7987866904,0.0000000000,0.2012133096,0.9599144246,0.0000000000,0.0400855754,0.0400855754,0.2012133096,0.1611277342,1.0000000000,1.0000000000
15.3310000000,15331.0000000000,1.0000000000,-1.0000000000,0.0000000000,57.0000000000,0.7962934039,0.0000000000,0.2037065961,0.9597272032,0.0000000000,0.0402727968,0.0402727968,0.2037065961,0.1634337993,1.0000000000,1.0000000000
15.3320000000,15332.0000000000,1.0000000000,-1.0000000000,0.0000000000,57.0000000000,0.7937711445,0.0000000000,0.2062288555,0.9595359516,0.0000000000,0.0404640484,0.0404640484,0.2062288555,0.1657648071,1.0000000000,1.0000000000
15.3330000000,15333.0000000000,1.0000000000,-1.0000000000,0.0000000000,57.0000000000,0.7912200743,0.0000000000,0.2087799257,0.9593406018,0.0000000000,0.0406593982,0.0406593982,0.2087799257,0.1681205275,1.0000000000,1.0000000000
15.3340000000,15334.0000000000,1.0000000000,-1.0000000000,0.0000000000,57.0000000000,0.7886403856,0.0000000000,0.2113596144,0.9591410848,0.0000000000,0.0408589152,0.0408589152,0.2113596144,0.1705006992,1.0000000000,1.0000000000
15.3350000000,15335.0000000000,1.0000000000,-1.0000000000,0.0000000000,57.0000000000,0.7860323018,0.0000000000,0.2139676982,0.9589373312,0.0000000000,0.0410626688,0.0410626688,0.2139676982,0.1729050295,1.0000000000,1.0000000000
15.3360000000,15336.0000000000,1.0000000000,-1.0000000000,0.0000000000,57.0000000000,0.7833960789,0.0000000000,0.2166039211,0.9587292714,0.0000000000,0.0412707286,0.0412707286,0.2166039211,0.1753331925,1.0000000000,1.0000000000
15.3370000000,15337.0000000000,1.0000000000,-1.0000000000,0.0000000000,57.0000000000,0.7807320067,0.0000000000,0.2192679933,0.9585168350,0.0000000000,0.0414831650,0.0414831650,0.2192679933,0.1777848284,1.0000000000,1.0000000000
15.3380000000,15338.0000000000,1.0000000000,-1.0000000000,0.0000000000,57.0000000000,0.7780404093,0.0000000000,0.2219595907,0.9582999517,0.0000000000,0.0417000483,0.0417000483,0.2219595907,0.1802595424,1.0000000000,1.0000000000
15.3390000000,15339.0000000000,1.0000000000,-1.0000000000,0.0000000000,57.0000000000,0.7753216470,0.0000000000,0.2246783530,0.9580785506,0.0000000000,0.0419214494,0.0419214494,0.2246783530,0.1827569036,1.0000000000,1.0000000000
15.3400000000,15340.0000000000,1.0000000000,-1.0000000000,0.0000000000,57.0000000000,0.7725761169,0.0000000000,0.2274238831,0.9578525609,0.0000000000,0.0421474391,0.0421474391,0.2274238831,0.1852764441,1.0000000000,1.0000000000
15.3410000000,15341.0000000000,1.0000000000,-1.0000000000,0.0000000000,57.0000000000,0.7698042539,0.0000000000,0.2301957461,0.9576219117,0.0000000000,0.0423780883,0.0423780883,0.2301957461,0.1878176579,1.0000000000,1.0000000000
15.3420000000,15342.0000000000,1.0000000000,-1.0000000000,0.0000000000,57.0000000000,0.7670065320,0.0000000000,0.2329934680,0.9573865321,0.0000000000,0.0426134679,0.0426134679,0.2329934680,0.1903800002,1.0000000000,1.0000000000
15.3430000000,15343.0000000000,1.0000000000,-1.0000000000,0.0000000000,57.0000000000,0.7641834651,0.0000000000,0.2358165349,0.9571463514,0.0000000000,0.0428536486,0.0428536486,0.2358165349,0.1929628863,1.0000000000,1.0000000000
15.3440000000,15344.0000000000,1.0000000000,-1.0000000000,0.0000000000,57.0000000000,0.7613356080,0.0000000000,0.2386643920,0.9569012990,0.0000000000,0.0430987010,0.0430987010,0.2386643920,0.1955656910,1.0000000000,1.0000000000
15.3450000000,15345.0000000000,1.0000000000,-1.0000000000,0.0000000000,57.0000000000,0.7584635572,0.0000000000,0.2415364428,0.9566513049,0.0000000000,0.0433486951,0.0433486951,0.2415364428,0.1981877477,1.0000000000,1.0000000000
15.3460000000,15346.0000000000,1.0000000000,-1.0000000000,0.0000000000,57.0000000000,0.7555679516,0.0000000000,0.2444320484,0.9563962994,0.0000000000,0.0436037006,0.0436037006,0.2444320484,0.2008283478,1.0000000000,1.0000000000
15.3470000000,15347.0000000000,1.0000000000,-1.0000000000,0.0000000000,57.0000000000,0.7526494735,0.0000000000,0.2473505265,0.9561362136,0.0000000000,0.0438637864,0.0438637864,0.2473505265,0.2034867401,1.0000000000,1.0000000000
15.3480000000,15348.0000000000,1.0000000000,-1.0000000000,0.0000000000,57.0000000000,0.7497088489,0.0000000000,0.2502911511,0.9558709793,0.0000000000,0.0441290207,0.0441290207,0.2502911511,0.2061621304,1.0000000000,1.0000000000
15.3490000000,15349.0000000000,1.0000000000,-1.0000000000,0.0000000000,57.0000000000,0.7467468485,0.0000000000,0.2532531515,0.9556005291,0.0000000000,0.0443994709,0.0443994709,0.2532531515,0.2088536806,1.0000000000,1.0000000000
15.3500000000,15350.0000000000,1.0000000000,-1.0000000000,0.0000000000,57.0000000000,0.7437642879,0.0000000000,0.2562357121,0.9553247969,0.0000000000,0.0446752031,0.0446752031,0.2562357121,0.2115605090,1.0000000000,1.0000000000
15.3510000000,15351.0000000000,1.0000000000,-1.0000000000,0.0000000000,57.0000000000,0.7407620280,0.0000000000,0.2592379720,0.9550437178,0.0000000000,0.0449562822,0.0449562822,0.2592379720,0.2142816898,1.0000000000,1.0000000000
15.3520000000,15352.0000000000,1.0000000000,-1.0000000000,0.0000000000,57.0000000000,0.7377409752,0.0000000000,0.2622590248,0.9547572282,0.0000000000,0.0452427718,0.0452427718,0.2622590248,0.2170162530,1.0000000000,1.0000000000
15.3530000000,15353.0000000000,1.0000000000,-1.0000000000,0.0000000000,57.0000000000,0.7347020818,0.0000000000,0.2652979182,0.9544652663,0.0000000000,0.0455347337,0.0455347337,0.2652979182,0.2197631844,1.0000000000,1.0000000000
15.3540000000,15354.0000000000,1.0000000000,-1.0000000000,0.0000000000,57.0000000000,0.7316463459,0.0000000000,0.2683536541,0.9541677718,0.0000000000,0.0458322282,0.0458322282,0.2683536541,0.2225214260,1.0000000000,1.0000000000
15.3550000000,15355.0000000000,1.0000000000,-1.0000000000,0.0000000000,57.0000000000,0.7285748111,0.0000000000,0.2714251889,0.9538646869,0.0000000000,0.0461353131,0.0461353131,0.2714251889,0.2252898758,1.0000000000,1.0000000000
15.3560000000,15356.0000000000,1.0000000000,-1.0000000000,0.0000000000,57.0000000000,0.7254885667,0.0000000000,0.2745114333,0.9535559555,0.0000000000,0.0464440445,0.0464440445,0.2745114333,0.2280673888,1.0000000000,1.0000000000
15.3570000000,15357.0000000000,1.0000000000,-1.0000000000,0.0000000000,57.0000000000,0.7223887469,0.0000000000,0.2776112531,0.9532415243,0.0000000000,0.0467584757,0.0467584757,0.2776112531,0.2308527775,1.0000000000,1.0000000000
15.3580000000,15358.0000000000,1.0000000000,-1.0000000000,0.0000000000,57.0000000000,0.7192765303,0.0000000000,0.2807234697,0.9529213426,0.0000000000,0.0470786574,0.0470786574,0.2807234697,0.2336448123,1.0000000000,1.0000000000
15.3590000000,15359.0000000000,1.0000000000,-1.0000000000,0.0000000000,57.0000000000,0.7161531395,0.0000000000,0.2838468605,0.9525953625,0.0000000000,0.0474046375,0.0474046375,0.2838468605,0.2364422230,1.0000000000,1.0000000000
15.3600000000,15360.0000000000,1.0000000000,-1.0000000000,0.0000000000,57.0000000000,0.7130198400,0.0000000000,0.2869801600,0.9522635393,0.0000000000,0.0477364607,0.0477364607,0.2869801600,0.2392436994,1.0000000000,1.0000000000
15.3610000000,15361.0000000000,1.0000000000,-1.0000000000,0.0000000000,57.0000000000,0.7098779390,0.0000000000,0.2901220610,0.9519258320,0.0000000000,0.0480741680,0.0480741680,0.2901220610,0.2420478930,1.0000000000,1.0000000000
15.3620000000,15362.0000000000,1.0000000000,-1.0000000000,0.0000000000,57.0000000000,0.7067287845,0.0000000000,0.2932712155,0.9515822029,0.0000000000,0.0484177971,0.0484177971,0.2932712155,0.2448534184,1.0000000000,1.0000000000
15.3630000000,15363.0000000000,1.0000000000,-1.0000000000,0.0000000000,57.0000000000,0.7035737637,0.0000000000,0.2964262363,0.9512326186,0.0000000000,0.0487673814,0.0487673814,0.2964262363,0.2476588549,1.0000000000,1.0000000000
15.3640000000,15364.0000000000,1.0000000000,-1.0000000000,0.0000000000,57.0000000000,0.7004143012,0.0000000000,0.2995856988,0.9508770497,0.0000000000,0.0491229503,0.0491229503,0.2995856988,0.2504627485,1.0000000000,1.0000000000
15.3650000000,15365.0000000000,1.0000000000,-1.0000000000,0.0000000000,57.0000000000,0.6972518577,0.0000000000,0.3027481423,0.9505154716,0.0000000000,0.0494845284,0.0494845284,0.3027481423,0.2532636139,1.0000000000,1.0000000000
15.3660000000,15366.0000000000,1.0000000000,-1.0000000000,0.0000000000,57.0000000000,0.6940879273,0.0000000000,0.3059120727,0.9501478643,0.0000000000,0.0498521357,0.0498521357,0.3059120727,0.2560599370,1.0000000000,1.0000000000
15.3670000000,15367.0000000000,1.0000000000,-1.0000000000,0.0000000000,57.0000000000,0.6909240361,0.0000000000,0.3090759639,0.9497742132,0.0000000000,0.0502257868,0.0502257868,0.3090759639,0.2588501771,1.0000000000,1.0000000000
15.3680000000,15368.0000000000,1.0000000000,-1.0000000000,0.0000000000,57.0000000000,0.6877617390,0.0000000000,0.3122382610,0.9493945091,0.0000000000,0.0506054909,0.0506054909,0.3122382610,0.2616327701,1.0000000000,1.0000000000
15.3690000000,15369.0000000000,1.0000000000,-1.0000000000,0.0000000000,57.0000000000,0.6846026176,0.0000000000,0.3153973824,0.9490087485,0.0000000000,0.0509912515,0.0509912515,0.3153973824,0.2644061309,1.0000000000,1.0000000000
15.3700000000,15370.0000000000,1.0000000000,-1.0000000000,0.0000000000,57.0000000000,0.6814482772,0.0000000000,0.3185517228,0.9486169341,0.0000000000,0.0513830659,0.0513830659,0.3185517228,0.2671686569,1.0000000000,1.0000000000
15.3710000000,15371.0000000000,1.0000000000,-1.0000000000,0.0000000000,57.0000000000,0.6783003439,0.0000000000,0.3216996561,0.9482190751,0.0000000000,0.0517809249,0.0517809249,0.3216996561,0.2699187311,1.0000000000,1.0000000000
15.3720000000,15372.0000000000,1.0000000000,-1.0000000000,0.0000000000,57.0000000000,0.6751604613,0.0000000000,0.3248395387,0.9478151873,0.0000000000,0.0521848127,0.0521848127,0.3248395387,0.2726547261,1.0000000000,1.0000000000
15.3730000000,15373.0000000000,1.0000000000,-1.0000000000,0.0000000000,57.0000000000,0.6720302868,0.0000000000,0.3279697132,0.9474052938,0.0000000000,0.0525947062,0.0525947062,0.3279697132,0.2753750070,1.0000000000,1.0000000000
15.3740000000,15374.0000000000,1.0000000000,-1.0000000000,0.0000000000,57.0000000000,0.6689114887,0.0000000000,0.3310885113,0.9469894251,0.0000000000,0.0530105749,0.0530105749,0.3310885113,0.2780779364,1.0000000000,1.0000000000
15.3750000000,15375.0000000000,1.0000000000,-1.0000000000,0.0000000000,57.0000000000,0.6658057417,0.0000000000,0.3341942583,0.9465676193,0.0000000000,0.0534323807,0.0534323807,0.3341942583,0.2807618776,1.0000000000,1.0000000000
15.3760000000,15376.0000000000,1.0000000000,-1.0000000000,0.0000000000,57.0000000000,0.6627147235,0.0000000000,0.3372852765,0.9461399227,0.0000000000,0.0538600773,0.0538600773,0.3372852765,0.2834251992,1.0000000000,1.0000000000
15.3770000000,15377.0000000000,1.0000000000,-1.0000000000,0.0000000000,57.0000000000,0.6596401103,0.0000000000,0.3403598897,0.9457063901,0.0000000000,0.0542936099,0.0542936099,0.3403598897,0.2860662798,1.0000000000,1.0000000000
15.3780000000,15378.0000000000,1.0000000000,-1.0000000000,0.0000000000,57.0000000000,0.6565835727,0.0000000000,0.3434164273,0.9452670848,0.0000000000,0.0547329152,0.0547329152,0.3434164273,0.2886835121,1.0000000000,1.0000000000
15.3790000000,15379.0000000000,1.0000000000,-1.0000000000,0.0000000000,57.0000000000,0.6535467712,0.0000000000,0.3464532288,0.9448220793,0.0000000000,0.0551779207,0.0551779207,0.3464532288,0.2912753081,1.0000000000,1.0000000000
15.3800000000,15380.0000000000,1.0000000000,-1.0000000000,0.0000000000,57.0000000000,0.6505313518,0.0000000000,0.3494686482,0.9443714554,0.0000000000,0.0556285446,0.0556285446,0.3494686482,0.2938401035,1.0000000000,1.0000000000
15.3810000000,15381.0000000000,1.0000000000,-1.0000000000,0.0000000000,57.0000000000,0.6475389411,0.0000000000,0.3524610589,0.9439153044,0.0000000000,0.0560846956,0.0560846956,0.3524610589,0.2963763632,1.0000000000,1.0000000000
15.3820000000,15382.0000000000,1.0000000000,-1.0000000000,0.0000000000,57.0000000000,0.6445711417,0.0000000000,0.3554288583,0.9434537275,0.0000000000,0.0565462725,0.0565462725,0.3554288583,0.2988825858,1.0000000000,1.0000000000
15.3830000000,15383.0000000000,1.0000000000,-1.0000000000,0.0000000000,57.0000000000,0.6416295271,0.0000000000,0.3583704729,0.9429868361,0.0000000000,0.0570131639,0.0570131639,0.3583704729,0.3013573090,1.0000000000,1.0000000000
15.3840000000,15384.0000000000,1.0000000000,-1.0000000000,0.0000000000,57.0000000000,0.6387156370,0.0000000000,0.3612843630,0.9425147518,0.0000000000,0.0574852482,0.0574852482,0.3612843630,0.3037991148,1.0000000000,1.0000000000
15.3850000000,15385.0000000000,1.0000000000,-1.0000000000,0.0000000000,57.0000000000,0.6358309721,0.0000000000,0.3641690279,0.9420376069,0.0000000000,0.0579623931,0.0579623931,0.3641690279,0.3062066348,1.0000000000,1.0000000000
15.3860000000,15386.0000000000,1.0000000000,-1.0000000000,0.0000000000,57.0000000000,0.6329769892,0.0000000000,0.3670230108,0.9415555444,0.0000000000,0.0584444556,0.0584444556,0.3670230108,0.3085785552,1.0000000000,1.0000000000
15.3870000000,15387.0000000000,1.0000000000,-1.0000000000,0.0000000000,57.0000000000,0.6301550958,0.0000000000,0.3698449042,0.9410687181,0.0000000000,0.0589312819,0.0589312819,0.3698449042,0.3109136223,1.0000000000,1.0000000000
15.3880000000,15388.0000000000,1.0000000000,-1.0000000000,0.0000000000,57.0000000000,0.6273666452,0.0000000000,0.3726333548,0.9405772928,0.0000000000,0.0594227072,0.0594227072,0.3726333548,0.3132106476,1.0000000000,1.0000000000
15.3890000000,15389.0000000000,1.0000000000,-1.0000000000,0.0000000000,57.0000000000,0.6246129315,0.0000000000,0.3753870685,0.9400814445,0.0000000000,0.0599185555,0.0599185555,0.3753870685,0.3154685130,1.0000000000,1.0000000000
15.3900000000,15390.0000000000,1.0000000000,-1.0000000000,0.0000000000,57.0000000000,0.6218951842,0.0000000000,0.3781048158,0.9395813605,0.0000000000,0.0604186395,0.0604186395,0.3781048158,0.3176861763,1.0000000000,1.0000000000
15.3910000000,15391.0000000000,1.0000000000,-1.0000000000,0.0000000000,57.0000000000,0.6192145633,0.0000000000,0.3807854367,0.9390772389,0.0000000000,0.0609227611,0.0609227611,0.3807854367,0.3198626756,1.0000000000,1.0000000000
15.3920000000,15392.0000000000,1.0000000000,-1.0000000000,0.0000000000,57.0000000000,0.6165721541,0.0000000000,0.3834278459,0.9385692893,0.0000000000,0.0614307107,0.0614307107,0.3834278459,0.3219971352,1.0000000000,1.0000000000
15.3930000000,15393.0000000000,1.0000000000,-1.0000000000,0.0000000000,57.0000000000,0.6139689625,0.0000000000,0.3860310375,0.9380577323,0.0000000000,0.0619422677,0.0619422677,0.3860310375,0.3240887698,1.0000000000,1.0000000000
15.3940000000,15394.0000000000,1.0000000000,-1.0000000000,0.0000000000,57.0000000000,0.6114059099,0.0000000000,0.3885940901,0.9375427994,0.0000000000,0.0624572006,0.0624572006,0.3885940901,0.3261368896,1.0000000000,1.0000000000
15.3950000000,15395.0000000000,1.0000000000,-1.0000000000,0.0000000000,57.0000000000,0.6088838282,0.0000000000,0.3911161718,0.9370247332,0.0000000000,0.0629752668,0.0629752668,0.3911161718,0.3281409049,1.0000000000,1.0000000000
15.3960000000,15396.0000000000,1.0000000000,-1.0000000000,0.0000000000,57.0000000000,0.6064034555,0.0000000000,0.3935965445,0.9365037865,0.0000000000,0.0634962135,0.0634962135,0.3935965445,0.3301003310,1.0000000000,1.0000000000
15.3970000000,15397.0000000000,1.0000000000,-1.0000000000,0.0000000000,57.0000000000,0.6039654309,0.0000000000,0.3960345691,0.9359802230,0.0000000000,0.0640197770,0.0640197770,0.3960345691,0.3320147921,1.0000000000,1.0000000000
15.3980000000,15398.0000000000,1.0000000000,-1.0000000000,0.0000000000,57.0000000000,0.6015702901,0.0000000000,0.3984297099,0.9354543161,0.0000000000,0.0645456839,0.0645456839,0.3984297099,0.3338840260,1.0000000000,1.0000000000
15.3990000000,15399.0000000000,1.0000000000,-1.0000000000,0.0000000000,57.0000000000,0.5992184611,0.0000000000,0.4007815389,0.9349263490,0.0000000000,0.0650736510,0.0650736510,0.4007815389,0.3357078880,1.0000000000,1.0000000000
15.4000000000,15400.0000000000,1.0000000000,-1.0000000000,0.0000000000,57.0000000000,0.5969102594,0.0000000000,0.4030897406,0.9343966144,0.0000000000,0.0656033856,0.0656033856,0.4030897406,0.3374863549,1.0000000000,1.0000000000
15.4010000000,15401.0000000000,1.0000000000,-1.0000000000,0.0000000000,57.0000000000,0.5946458840,0.0000000000,0.4053541160,0.9338654134,0.0000000000,0.0661345866,0.0661345866,0.4053541160,0.3392195294,1.0000000000,1.0000000000
15.4020000000,15402.0000000000,1.0000000000,-1.0000000000,0.0000000000,57.0000000000,0.5924254129,0.0000000000,0.4075745871,0.9333330558,0.0000000000,0.0666669442,0.0666669442,0.4075745871,0.3409076430,1.0000000000,1.0000000000
15.4030000000,15403.0000000000,1.0000000000,-1.0000000000,0.0000000000,57.0000000000,0.5902487986,0.0000000000,0.4097512014,0.9327998590,0.0000000000,0.0672001410,0.0672001410,0.4097512014,0.3425510603,1.0000000000,1.0000000000
15.4040000000,15404.0000000000,1.0000000000,-1.0000000000,0.0000000000,57.0000000000,0.5881158645,0.0000000000,0.4118841355,0.9322661472,0.0000000000,0.0677338528,0.0677338528,0.4118841355,0.3441502828,1.0000000000,1.0000000000
15.4050000000,15405.0000000000,1.0000000000,-1.0000000000,0.0000000000,57.0000000000,0.5860262999,0.0000000000,0.4139737001,0.9317322514,0.0000000000,0.0682677486,0.0682677486,0.4139737001,0.3457059515,1.0000000000,1.0000000000
15.4060000000,15406.0000000000,1.0000000000,-1.0000000000,0.0000000000,57.0000000000,0.5839796561,0.0000000000,0.4160203439,0.9311985077,0.0000000000,0.0688014923,0.0688014923,0.4160203439,0.3472188516,1.0000000000,1.0000000000
15.4070000000,15407.0000000000,1.0000000000,-1.0000000000,0.0000000000,57.0000000000,0.5819753420,0.0000000000,0.4180246580,0.9306652572,0.0000000000,0.0693347428,0.0693347428,0.4180246580,0.3486899153,1.0000000000,1.0000000000
15.4080000000,15408.0000000000,1.0000000000,-1.0000000000,0.0000000000,57.0000000000,0.5800126193,0.0000000000,0.4199873807,0.9301328451,0.0000000000,0.0698671549,0.0698671549,0.4199873807,0.3501202258,1.0000000000,1.0000000000
15.4090000000,15409.0000000000,1.0000000000,-1.0000000000,0.0000000000,57.0000000000,0.5780905980,0.0000000000,0.4219094020,0.9296016193,0.0000000000,0.0703983807,0.0703983807,0.4219094020,0.3515110213,1.0000000000,1.0000000000
15.4100000000,15410.0000000000,1.0000000000,-1.0000000000,0.0000000000,57.0000000000,0.5762082308,0.0000000000,0.4237917692,0.9290719298,0.0000000000,0.0709280702,0.0709280702,0.4237917692,0.3528636989,1.0000000000,1.0000000000
15.4110000000,15411.0000000000,1.0000000000,-1.0000000000,0.0000000000,57.0000000000,0.5743643083,0.0000000000,0.4256356917,0.9285441274,0.0000000000,0.0714558726,0.0714558726,0.4256356917,0.3541798190,1.0000000000,1.0000000000
15.4120000000,15412.0000000000,1.0000000000,-1.0000000000,0.0000000000,57.0000000000,0.5725574525,0.0000000000,0.4274425475,0.9280185629,0.0000000000,0.0719814371,0.0719814371,0.4274425475,0.3554611105,1.0000000000,1.0000000000
15.4130000000,15413.0000000000,1.0000000000,-1.0000000000,0.0000000000,57.0000000000,0.5707861102,0.0000000000,0.4292138898,0.9274955861,0.0000000000,0.0725044139,0.0725044139,0.4292138898,0.3567094759,1.0000000000,1.0000000000
15.4140000000,15414.0000000000,1.0000000000,-1.0000000000,0.0000000000,57.0000000000,0.5690485460,0.0000000000,0.4309514540,0.9269755439,0.0000000000,0.0730244561,0.0730244561,0.4309514540,0.3579269979,1.0000000000,1.0000000000
15.4150000000,15415.0000000000,1.0000000000,-1.0000000000,0.0000000000,57.0000000000,0.5673428333,0.0000000000,0.4326571667,0.9264587798,0.0000000000,0.0735412202,0.0735412202,0.4326571667,0.3591159465,1.0000000000,1.0000000000
15.4160000000,15416.0000000000,1.0000000000,-1.0000000000,0.0000000000,57.0000000000,0.5656668452,0.0000000000,0.4343331548,0.9259456324,0.0000000000,0.0740543676,0.0740543676,0.4343331548,0.3602787872,1.0000000000,1.0000000000
15.4170000000,15417.0000000000,1.0000000000,-1.0000000000,0.0000000000,57.0000000000,0.5640182433,0.0000000000,0.4359817567,0.9254364340,0.0000000000,0.0745635660,0.0745635660,0.4359817567,0.3614181907,1.0000000000,1.0000000000
15.4180000000,15418.0000000000,1.0000000000,-1.0000000000,0.0000000000,57.0000000000,0.5623944645,0.0000000000,0.4376055355,0.9249315092,0.0000000000,0.0750684908,0.0750684908,0.4376055355,0.3625370447,1.0000000000,1.0000000000
15.4190000000,15419.0000000000,1.0000000000,-1.0000000000,0.0000000000,57.0000000000,0.5607927063,0.0000000000,0.4392072937,0.9244311736,0.0000000000,0.0755688264,0.0755688264,0.4392072937,0.3636384674,1.0000000000,1.0000000000
15.4200000000,15420.0000000000,1.0000000000,-1.0000000000,0.0000000000,57.0000000000,0.5592099085,0.0000000000,0.4407900915,0.9239357323,0.0000000000,0.0760642677,0.0760642677,0.4407900915,0.3647258238,1.0000000000,1.0000000000
15.4210000000,15421.0000000000,1.0000000000,-1.0000000000,0.0000000000,57.0000000000,0.5576427325,0.0000000000,0.4423572675,0.9234454782,0.0000000000,0.0765545218,0.0765545218,0.4423572675,0.3658027457,1.0000000000,1.0000000000
15.4220000000,15422.0000000000,1.0000000000,-1.0000000000,0.0000000000,57.0000000000,0.5560875354,0.0000000000,0.4439124646,0.9229606903,0.0000000000,0.0770393097,0.0770393097,0.4439124646,0.3668731549,1.0000000000,1.0000000000
15.4230000000,15423.0000000000,1.0000000000,-1.0000000000,0.0000000000,57.0000000000,0.5545403399,0.0000000000,0.4454596601,0.9224816324,0.0000000000,0.0775183676,0.0775183676,0.4454596601,0.3679412924,1.0000000000,1.0000000000
15.4240000000,15424.0000000000,1.0000000000,-1.0000000000,0.0000000000,57.0000000000,0.5529967971,0.0000000000,0.4470032029,0.9220085504,0.0000000000,0.0779914496,0.0779914496,0.4470032029,0.3690117532,1.0000000000,1.0000000000
15.4250000000,15425.0000000000,1.0000000000,-1.0000000000,0.0000000000,57.0000000000,0.5514521414,0.0000000000,0.4485478586,0.9215416708,0.0000000000,0.0784583292,0.0784583292,0.4485478586,0.3700895295,1.0000000000,1.0000000000
15.4260000000,15426.0000000000,1.0000000000,-1.0000000000,0.0000000000,57.0000000000,0.5499011348,0.0000000000,0.4500988652,0.9210811983,0.0000000000,0.0789188017,0.0789188017,0.4500988652,0.3711800636,1.0000000000,1.0000000000
15.4270000000,15427.0000000000,1.0000000000,-1.0000000000,0.0000000000,57.0000000000,0.5483379984,0.0000000000,0.4516620016,0.9206273128,0.0000000000,0.0793726872,0.0793726872,0.4516620016,0.3722893145,1.0000000000,1.0000000000
15.4280000000,15428.0000000000,1.0000000000,-1.0000000000,0.0000000000,57.0000000000,0.5467563259,0.0000000000,0.4532436741,0.9201801667,0.0000000000,0.0798198333,0.0798198333,0.4532436741,0.3734238408,1.0000000000,1.0000000000
15.4290000000,15429.0000000000,1.0000000000,-1.0000000000,0.0000000000,57.0000000000,0.5451489744,0.0000000000,0.4548510256,0.9197398807,0.0000000000,0.0802601193,0.0802601193,0.4548510256,0.3745909063,1.0000000000,1.0000000000
15.4300000000,15430.0000000000,1.0000000000,-1.0000000000,0.0000000000,57.0000000000,0.5435079244,0.0000000000,0.4564920756,0.9193065397,0.0000000000,0.0806934603,0.0806934603,0.4564920756,0.3757986153,1.0000000000,1.0000000000
15.4310000000,15431.0000000000,1.0000000000,-1.0000000000,0.0000000000,57.0000000000,0.5418240977,0.0000000000,0.4581759023,0.9188801871,0.0000000000,0.0811198129,0.0811198129,0.4581759023,0.3770560893,1.0000000000,1.0000000000
15.4320000000,15432.0000000000,1.0000000000,-1.0000000000,0.0000000000,57.0000000000,0.5400871169,0.0000000000,0.4599128831,0.9184608169,0.0000000000,0.0815391831,0.0815391831,0.4599128831,0.3783737000,1.0000000000,1.0000000000
15.4330000000,15433.0000000000,1.0000000000,-1.0000000000,0.0000000000,57.0000000000,0.5382849812,0.0000000000,0.4617150188,0.9180483644,0.0000000000,0.0819516356,0.0819516356,0.4617150188,0.3797633832,1.0000000000,1.0000000000
15.4340000000,15434.0000000000,1.0000000000,-1.0000000000,0.0000000000,57.0000000000,0.5364036210,0.0000000000,0.4635963790,0.9176426927,0.0000000000,0.0823573073,0.0823573073,0.4635963790,0.3812390717,1.0000000000,1.0000000000
15.4350000000,15435.0000000000,1.0000000000,-1.0000000000,0.0000000000,57.0000000000,0.5344262684,0.0000000000,0.4655737316,0.9172435734,0.0000000000,0.0827564266,0.0827564266,0.4655737316,0.3828173049,1.0000000000,1.0000000000
15.4360000000,15436.0000000000,1.0000000000,-1.0000000000,0.0000000000,57.0000000000,0.5323325418,0.0000000000,0.4676674582,0.9168506589,0.0000000000,0.0831493411,0.0831493411,0.4676674582,0.3845181171,1.0000000000,1.0000000000
15.4370000000,15437.0000000000,1.0000000000,-1.0000000000,0.0000000000,57.0000000000,0.5300970645,0.0000000000,0.4699029355,0.9164634402,0.0000000000,0.0835365598,0.0835365598,0.4699029355,0.3863663757,1.0000000000,1.0000000000
15.4380000000,15438.0000000000,1.0000000000,-1.0000000000,0.0000000000,57.0000000000,0.5276872864,0.0000000000,0.4723127136,0.9160811790,0.0000000000,0.0839188210,0.0839188210,0.4723127136,0.3883938927,1.0000000000,1.0000000000
15.4390000000,15439.0000000000,1.0000000000,-1.0000000000,0.0000000000,57.0000000000,0.5250598529,0.0000000000,0.4749401471,0.9157027936,0.0000000000,0.0842972064,0.0842972064,0.4749401471,0.3906429408,1.0000000000,1.0000000000
15.4400000000,15440.0000000000,1.0000000000,-1.0000000000,0.0000000000,57.0000000000,0.5221541091,0.0000000000,0.4778458909,0.9153266522,0.0000000000,0.0846733478,0.0846733478,0.4778458909,0.3931725431,1.0000000000,1.0000000000
15.4410000000,15441.0000000000,1.0000000000,-1.0000000000,0.0000000000,57.0000000000,0.5188793261,0.0000000000,0.4811206739,0.9149501604,0.0000000000,0.0850498396,0.0850498396,0.4811206739,0.3960708343,1.0000000000,1.0000000000
15.4420000000,15442.0000000000,1.0000000000,-1.0000000000,0.0000000000,57.0000000000,0.5150859982,0.0000000000,0.4849140018,0.9145688235,0.0000000000,0.0854311765,0.0854311765,0.4849140018,0.3994828253,1.0000000000,1.0000000000
15.4430000000,15443.0000000000,1.0000000000,-1.0000000000,0.0000000000,57.0000000000,0.5104865918,0.0000000000,0.4895134082,0.9141736231,0.0000000000,0.0858263769,0.0858263769,0.4895134082,0.4036870313,1.0000000000,1.0000000000
15.4440000000,15444.0000000000,1.0000000000,-1.0000000000,0.0000000000,57.0000000000,0.5043349922,0.0000000000,0.4956650078,0.9137402691,0.0000000000,0.0862597309,0.0862597309,0.4956650078,0.4094052769,1.0000000000,1.0000000000
15.4450000000,15445.0000000000,1.0000000000,-1.0000000000,0.0000000000,57.0000000000,0.4872090048,0.0000000000,0.5127909952,0.9126604575,0.0000000000,0.0873395425,0.0873395425,0.5127909952,0.4254514528,1.0000000000,1.0000000000
15.4460000000,15446.0000000000,1.0000000000,-1.0000000000,0.0000000000,57.0000000000,0.4769385113,0.0000000000,0.5230614887,0.9112698416,0.0000000000,0.0887301584,0.0887301584,0.5230614887,0.4343313303,1.0000000000,1.0000000000
15.4470000000,15447.0000000000,1.0000000000,-1.0000000000,0.0000000000,57.0000000000,0.4706916169,0.0000000000,0.5293083831,0.9104294858,0.0000000000,0.0895705142,0.0895705142,0.5293083831,0.4397378689,1.0000000000,1.0000000000
15.4480000000,15448.0000000000,1.0000000000,-1.0000000000,0.0000000000,57.0000000000,0.4653187223,0.0000000000,0.5346812777,0.9097415015,0.0000000000,0.0902584985,0.0902584985,0.5346812777,0.4444227792,1.0000000000,1.0000000000
15.4490000000,15449.0000000000,1.0000000000,-1.0000000000,0.0000000000,57.0000000000,0.4603285356,0.0000000000,0.5396714644,0.9091427772,0.0000000000,0.0908572228,0.0908572228,0.5396714644,0.4488142416,1.0000000000,1.0000000000
15.4500000000,15450.0000000000,1.0000000000,-1.0000000000,0.0000000000,57.0000000000,0.4555229043,0.0000000000,0.5444770957,0.9086079582,0.0000000000,0.0913920418,0.0913920418,0.5444770957,0.4530850539,1.0000000000,1.0000000000
15.4510000000,15451.0000000000,1.0000000000,-1.0000000000,0.0000000000,57.0000000000,0.4507957436,0.0000000000,0.5492042564,0.9081237416,0.0000000000,0.0918762584,0.0918762584,0.5492042564,0.4573279980,1.0000000000,1.0000000000
15.4520000000,15452.0000000000,1.0000000000,-1.0000000000,0.0000000000,57.0000000000,0.4460803393,0.0000000000,0.5539196607,0.9076820607,0.0000000000,0.0923179393,0.0923179393,0.5539196607,0.4616017214,1.0000000000,1.0000000000
15.4530000000,15453.0000000000,1.0000000000,-1.0000000000,0.0000000000,57.0000000000,0.4413298694,0.0000000000,0.5586701306,0.9072775405,0.0000000000,0.0927224595,0.0927224595,0.5586701306,0.4659476711,1.0000000000,1.0000000000
15.4540000000,15454.0000000000,1.0000000000,-1.0000000000,0.0000000000,57.0000000000,0.4365086730,0.0000000000,0.5634913270,0.9069063479,0.0000000000,0.0930936521,0.0930936521,0.5634913270,0.4703976749,1.0000000000,1.0000000000
15.4550000000,15455.0000000000,1.0000000000,-1.0000000000,0.0000000000,57.0000000000,0.4315878071,0.0000000000,0.5684121929,0.9065656028,0.0000000000,0.0934343972,0.0934343972,0.5684121929,0.4749777958,1.0000000000,1.0000000000
15.4560000000,15456.0000000000,1.0000000000,-1.0000000000,0.0000000000,57.0000000000,0.4265425695,0.0000000000,0.5734574305,0.9062530482,0.0000000000,0.0937469518,0.0937469518,0.5734574305,0.4797104786,1.0000000000,1.0000000000
15.4570000000,15457.0000000000,1.0000000000,-1.0000000000,0.0000000000,57.0000000000,0.4213510196,0.0000000000,0.5786489804,0.9059668527,0.0000000000,0.0940331473,0.0940331473,0.5786489804,0.4846158331,1.0000000000,1.0000000000
15.4580000000,15458.0000000000,1.0000000000,-1.0000000000,0.0000000000,57.0000000000,0.4159930459,0.0000000000,0.5840069541,0.9057054865,0.0000000000,0.0942945135,0.0942945135,0.5840069541,0.4897124406,1.0000000000,1.0000000000
15.4590000000,15459.0000000000,1.0000000000,-1.0000000000,0.0000000000,57.0000000000,0.4104497543,0.0000000000,0.5895502457,0.9054676392,0.0000000000,0.0945323608,0.0945323608,0.5895502457,0.4950178849,1.0000000000,1.0000000000
15.4600000000,15460.0000000000,1.0000000000,-1.0000000000,0.0000000000,57.0000000000,0.4047030534,0.0000000000,0.5952969466,0.9052521642,0.0000000000,0.0947478358,0.0947478358,0.5952969466,0.5005491108,1.0000000000,1.0000000000
15.4610000000,15461.0000000000,1.0000000000,-1.0000000000,0.0000000000,57.0000000000,0.3987353681,0.0000000000,0.6012646319,0.9050580406,0.0000000000,0.0949419594,0.0949419594,0.6012646319,0.5063226725,1.0000000000,1.0000000000
15.4620000000,15462.0000000000,1.0000000000,-1.0000000000,0.0000000000,57.0000000000,0.3925294409,0.0000000000,0.6074705591,0.9048843450,0.0000000000,0.0951156550,0.0951156550,0.6074705591,0.5123549041,1.0000000000,1.0000000000
15.4630000000,15463.0000000000,1.0000000000,-1.0000000000,0.0000000000,57.0000000000,0.3860681956,0.0000000000,0.6139318044,0.9047302317,0.0000000000,0.0952697683,0.0952697683,0.6139318044,0.5186620361,1.0000000000,1.0000000000
15.4640000000,15464.0000000000,1.0000000000,-1.0000000000,0.0000000000,57.0000000000,0.3793346506,0.0000000000,0.6206653494,0.9045949175,0.0000000000,0.0954050825,0.0954050825,0.6206653494,0.5252602670,1.0000000000,1.0000000000
15.4650000000,15465.0000000000,1.0000000000,-1.0000000000,0.0000000000,57.0000000000,0.3723118713,0.0000000000,0.6276881287,0.9044776714,0.0000000000,0.0955223286,0.0955223286,0.6276881287,0.5321658001,1.0000000000,1.0000000000
15.4660000000,15466.0000000000,1.0000000000,-1.0000000000,0.0000000000,57.0000000000,0.3649829580,0.0000000000,0.6350170420,0.9043778051,0.0000000000,0.0956221949,0.0956221949,0.6350170420,0.5393948471,1.0000000000,1.0000000000
15.4670000000,15467.0000000000,1.0000000000,-1.0000000000,0.0000000000,57.0000000000,0.3573310680,0.0000000000,0.6426689320,0.9042946677,0.0000000000,0.0957053323,0.0957053323,0.6426689320,0.5469635997,1.0000000000,1.0000000000
15.4680000000,15468.0000000000,1.0000000000,-1.0000000000,0.0000000000,57.0000000000,0.3493394716,0.0000000000,0.6506605284,0.9042276397,0.0000000000,0.0957723603,0.0957723603,0.6506605284,0.5548881680,1.0000000000,1.0000000000
15.4690000000,15469.0000000000,1.0000000000,-1.0000000000,0.0000000000,57.0000000000,0.3409916457,0.0000000000,0.6590083543,0.9041761299,0.0000000000,0.0958238701,0.0958238701,0.6590083543,0.5631844842,1.0000000000,1.0000000000
15.4700000000,15470.0000000000,1.0000000000,-1.0000000000,0.0000000000,57.0000000000,0.3322714076,0.0000000000,0.6677285924,0.9041395721,0.0000000000,0.0958604279,0.0958604279,0.6677285924,0.5718681645,1.0000000000,1.0000000000
15.4710000000,15471.0000000000,1.0000000000,-1.0000000000,0.0000000000,57.0000000000,0.3231630956,0.0000000000,0.6768369044,0.9041174226,0.0000000000,0.0958825774,0.0958825774,0.6768369044,0.5809543270,1.0000000000,1.0000000000
15.4720000000,15472.0000000000,1.0000000000,-1.0000000000,0.0000000000,57.0000000000,0.3136518033,0.0000000000,0.6863481967,0.9041091584,0.0000000000,0.0958908416,0.0958908416,0.6863481967,0.5904573551,1.0000000000,1.0000000000
15.4730000000,15473.0000000000,1.0000000000,-1.0000000000,0.0000000000,57.0000000000,0.3037236758,0.0000000000,0.6962763242,0.9041142752,0.0000000000,0.0958857248,0.0958857248,0.6962763242,0.6003905994,1.0000000000,1.0000000000
15.4740000000,15474.0000000000,1.0000000000,-1.0000000000,0.0000000000,57.0000000000,0.2933662788,0.0000000000,0.7066337212,0.9041322865,0.0000000000,0.0958677135,0.0958677135,0.7066337212,0.6107660078,1.0000000000,1.0000000000
15.4750000000,15475.0000000000,1.0000000000,-1.0000000000,0.0000000000,57.0000000000,0.2825690509,0.0000000000,0.7174309491,0.9041627223,0.0000000000,0.0958372777,0.0958372777,0.7174309491,0.6215936714,1.0000000000,1.0000000000
15.4760000000,15476.0000000000,1.0000000000,-1.0000000000,0.0000000000,57.0000000000,0.2713238546,0.0000000000,0.7286761454,0.9042051275,0.0000000000,0.0957948725,0.0957948725,0.7286761454,0.6328812729,1.0000000000,1.0000000000
15.4770000000,15477.0000000000,1.0000000000,-1.0000000000,0.0000000000,57.0000000000,0.2596256382,0.0000000000,0.7403743618,0.9042590615,0.0000000000,0.0957409385,0.0957409385,0.7403743618,0.6446334233,1.0000000000,1.0000000000
15.4780000000,15478.0000000000,1.0000000000,-1.0000000000,0.0000000000,57.0000000000,0.2474732269,0.0000000000,0.7525267731,0.9043240967,0.0000000000,0.0956759033,0.0956759033,0.7525267731,0.6568508698,1.0000000000,1.0000000000
15.4790000000,15479.0000000000,1.0000000000,-1.0000000000,0.0000000000,57.0000000000,0.2348702571,0.0000000000,0.7651297429,0.9043998174,0.0000000000,0.0956001826,0.0956001826,0.7651297429,0.6695295603,1.0000000000,1.0000000000
15.4800000000,15480.0000000000,1.0000000000,-1.0000000000,0.0000000000,57.0000000000,0.2218262724,0.0000000000,0.7781737276,0.9044858189,0.0000000000,0.0955141811,0.0955141811,0.7781737276,0.6826595465,1.0000000000,1.0000000000
15.4810000000,15481.0000000000,1.0000000000,-1.0000000000,0.0000000000,57.0000000000,0.2083579946,0.0000000000,0.7916420054,0.9045817059,0.0000000000,0.0954182941,0.0954182941,0.7916420054,0.6962237113,1.0000000000,1.0000000000
15.4820000000,15482.0000000000,1.0000000000,-1.0000000000,0.0000000000,57.0000000000,0.1944907809,0.0000000000,0.8055092191,0.9046870909,0.0000000000,0.0953129091,0.0953129091,0.8055092191,0.7101963101,1.0000000000,1.0000000000
15.4830000000,15483.0000000000,1.0000000000,-1.0000000000,0.0000000000,57.0000000000,0.1802602748,0.0000000000,0.8197397252,0.9048015928,0.0000000000,0.0951984072,0.0951984072,0.8197397252,0.7245413179,1.0000000000,1.0000000000
15.4840000000,15484.0000000000,1.0000000000,-1.0000000000,0.0000000000,57.0000000000,0.1657142456,0.0000000000,0.8342857544,0.9049248341,0.0000000000,0.0950751659,0.0950751659,0.8342857544,0.7392105885,1.0000000000,1.0000000000
15.4850000000,15485.0000000000,1.0000000000,-1.0000000000,0.0000000000,57.0000000000,0.1509145994,0.0000000000,0.8490854006,0.9050564395,0.0000000000,0.0949435605,0.0949435605,0.8490854006,0.7541418401,1.0000000000,1.0000000000
15.4860000000,15486.0000000000,1.0000000000,-1.0000000000,0.0000000000,57.0000000000,0.1359395271,0.0000000000,0.8640604729,0.9051960319,0.0000000000,0.0948039681,0.0948039681,0.8640604729,0.7692565048,1.0000000000,1.0000000000
15.4870000000,15487.0000000000,1.0000000000,-1.0000000000,0.0000000000,57.0000000000,0.1208857266,0.0000000000,0.8791142734,0.9053432297,0.0000000000,0.0946567703,0.0946567703,0.8791142734,0.7844575030,1.0000000000,1.0000000000
15.4880000000,15488.0000000000,1.0000000000,-1.0000000000,0.0000000000,57.0000000000,0.1058706062,0.0000000000,0.8941293938,0.9054976424,0.0000000000,0.0945023576,0.0945023576,0.8941293938,0.7996270362,1.0000000000,1.0000000000
15.4890000000,15489.0000000000,1.0000000000,-1.0000000000,0.0000000000,57.0000000000,0.0910343334,0.0000000000,0.9089656666,0.9056588656,0.0000000000,0.0943411344,0.0943411344,0.9089656666,0.8146245322,1.0000000000,1.0000000000
15.4900000000,15490.0000000000,1.0000000000,-1.0000000000,0.0000000000,57.0000000000,0.0765415520,0.0000000000,0.9234584480,0.9058264754,0.0000000000,0.0941735246,0.0941735246,0.9234584480,0.8292849234,1.0000000000,1.0000000000
15.4910000000,15491.0000000000,1.0000000000,-1.0000000000,0.0000000000,57.0000000000,0.0625825328,0.0000000000,0.9374174672,0.9060000209,0.0000000000,0.0939999791,0.0939999791,0.9374174672,0.8434174881,1.0000000000,1.0000000000
15.4920000000,15492.0000000000,1.0000000000,-1.0000000000,0.0000000000,57.0000000000,0.0493734804,0.0000000000,0.9506265196,0.9061790157,0.0000000000,0.0938209843,0.0938209843,0.9506265196,0.8568055353,1.0000000000,1.0000000000
15.4930000000,15493.0000000000,1.0000000000,-1.0000000000,0.0000000000,57.0000000000,0.0371556749,0.0000000000,0.9628443251,0.9063629281,0.0000000000,0.0936370719,0.0936370719,0.9628443251,0.8692072533,1.0000000000,1.0000000000
15.4940000000,15494.0000000000,1.0000000000,-1.0000000000,0.0000000000,57.0000000000,0.0261931045,0.0000000000,0.9738068955,0.9065511682,0.0000000000,0.0934488318,0.0934488318,0.9738068955,0.8803580637,1.0000000000,1.0000000000
15.4950000000,15495.0000000000,1.0000000000,-1.0000000000,0.0000000000,57.0000000000,0.0167682608,0.0000000000,0.9832317392,0.9067430729,0.0000000000,0.0932569271,0.0932569271,0.9832317392,0.8899748121,1.0000000000,1.0000000000
15.4960000000,15496.0000000000,1.0000000000,-1.0000000000,0.0000000000,57.0000000000,0.0091758243,0.0000000000,0.9908241757,0.9069378882,0.0000000000,0.0930621118,0.0930621118,0.9908241757,0.8977620639,1.0000000000,1.0000000000
15.4970000000,15497.0000000000,1.0000000000,-1.0000000000,0.0000000000,57.0000000000,0.0037140937,0.0000000000,0.9962859063,0.9071347469,0.0000000000,0.0928652531,0.0928652531,0.9962859063,0.9034206531,1.0000000000,1.0000000000
15.4980000000,15498.0000000000,1.0000000000,-1.0000000000,0.0000000000,57.0000000000,0.0006741992,0.0000000000,0.9993258008,0.9073326421,0.0000000000,0.0926673579,0.0926673579,0.9993258008,0.9066584428,1.0000000000,1.0000000000
15.4990000000,15499.0000000000,1.0000000000,-1.0000000000,0.0000000000,57.0000000000,0.0003274032,0.0000000000,0.9996725968,0.9075303951,0.0000000000,0.0924696049,0.0924696049,0.9996725968,0.9072029919,1.0000000000,1.0000000000
15.5000000000,15500.0000000000,1.0000000000,-1.0000000000,0.0000000000,57.0000000000,0.0029110917,0.0000000000,0.9970889083,0.9077266165,0.0000000000,0.0922733835,0.0922733835,0.9970889083,0.9048155248,1.0000000000,1.0000000000
15.5010000000,15501.0000000000,1.0000000000,-1.0000000000,0.0000000000,57.0000000000,0.0086143755,0.0000000000,0.9913856245,0.9079196585,0.0000000000,0.0920803415,0.0920803415,0.9913856245,0.8993052829,1.0000000000,1.0000000000
15.5020000000,15502.0000000000,1.0000000000,-1.0000000000,0.0000000000,57.0000000000,0.0175644856,0.0000000000,0.9824355144,0.9081075577,0.0000000000,0.0918924423,0.0918924423,0.9824355144,0.8905430722,1.0000000000,1.0000000000
15.5030000000,15503.0000000000,1.0000000000,-1.0000000000,0.0000000000,57.0000000000,0.0298152976,0.0000000000,0.9701847024,0.9082879664,0.0000000000,0.0917120336,0.0917120336,0.9701847024,0.8784726688,1.0000000000,1.0000000000
15.5040000000,15504.0000000000,1.0000000000,-1.0000000000,0.0000000000,57.0000000000,0.0453393062,0.0000000000,0.9546606938,0.9084580681,0.0000000000,0.0915419319,0.0915419319,0.9546606938,0.8631187619,1.0000000000,1.0000000000
15.5050000000,15505.0000000000,1.0000000000,-1.0000000000,0.0000000000,57.0000000000,0.0640241431,0.0000000000,0.9359758569,0.9086144780,0.0000000000,0.0913855220,0.0913855220,0.9359758569,0.8445903349,1.0000000000,1.0000000000
15.5060000000,15506.0000000000,1.0000000000,-1.0000000000,0.0000000000,57.0000000000,0.0856743136,0.0000000000,0.9143256864,0.9087531228,0.0000000000,0.0912468772,0.0912468772,0.9143256864,0.8230788092,1.0000000000,1.0000000000
15.5070000000,15507.0000000000,1.0000000000,-1.0000000000,0.0000000000,57.0000000000,0.1100182553,0.0000000000,0.8899817447,0.9088690993,0.0000000000,0.0911309007,0.0911309007,0.8899817447,0.7988508439,1.0000000000,1.0000000000
15.5080000000,15508.0000000000,1.0000000000,-1.0000000000,0.0000000000,57.0000000000,0.1367202063,0.0000000000,0.8632797937,0.9089565078,0.0000000000,0.0910434922,0.0910434922,0.8632797937,0.7722363014,1.0000000000,1.0000000000
15.5090000000,15509.0000000000,1.0000000000,-1.0000000000,0.0000000000,57.0000000000,0.1653958087,0.0000000000,0.8346041913,0.9090082619,0.0000000000,0.0909917381,0.0909917381,0.8346041913,0.7436124532,1.0000000000,1.0000000000
15.5100000000,15510.0000000000,1.0000000000,-1.0000000000,0.0000000000,57.0000000000,0.1956299788,0.0000000000,0.8043700212,0.9090158735,0.0000000000,0.0909841265,0.0909841265,0.8043700212,0.7133858947,1.0000000000,1.0000000000
15.5110000000,15511.0000000000,1.0000000000,-1.0000000000,0.0000000000,57.0000000000,0.2269954084,0.0000000000,0.7730045916,0.9089692211,0.0000000000,0.0910307789,0.0910307789,0.7730045916,0.6819738127,1.0000000000,1.0000000000
15.5120000000,15512.0000000000,1.0000000000,-1.0000000000,0.0000000000,57.0000000000,0.2590701347,0.0000000000,0.7409298653,0.9088563123,0.0000000000,0.0911436877,0.0911436877,0.7409298653,0.6497861776,1.0000000000,1.0000000000
15.5130000000,15513.0000000000,1.0000000000,-1.0000000000,0.0000000000,57.0000000000,0.2914528958,0.0000000000,0.7085471042,0.9086630659,0.0000000000,0.0913369341,0.0913369341,0.7085471042,0.6172101701,1.0000000000,1.0000000000
15.5140000000,15514.0000000000,1.0000000000,-1.0000000000,0.0000000000,57.0000000000,0.3237753953,0.0000000000,0.6762246047,0.9083731532,0.0000000000,0.0916268468,0.0916268468,0.6762246047,0.5845977579,1.0000000000,1.0000000000
15.5150000000,15515.0000000000,1.0000000000,-1.0000000000,0.0000000000,57.0000000000,0.3557110483,0.0000000000,0.6442889517,0.9079679615,0.0000000000,0.0920320385,0.0920320385,0.6442889517,0.5522569132,1.0000000000,1.0000000000
15.5160000000,15516.0000000000,1.0000000000,-1.0000000000,0.0000000000,57.0000000000,0.3869801984,0.0000000000,0.6130198016,0.9074267761,0.0000000000,0.0925732239,0.0925732239,0.6130198016,0.5204465777,1.0000000000,1.0000000000
15.5170000000,15517.0000000000,1.0000000000,-1.0000000000,0.0000000000,57.0000000000,0.4173521192,0.0000000000,0.5826478808,0.9067273081,0.0000000000,0.0932726919,0.0932726919,0.5826478808,0.4893751889,1.0000000000,1.0000000000
15.5180000000,15518.0000000000,1.0000000000,-1.0000000000,0.0000000000,57.0000000000,0.4466443300,0.0000000000,0.5533556700,0.9058467335,0.0000000000,0.0941532665,0.0941532665,0.5533556700,0.4592024035,1.0000000000,1.0000000000
15.5190000000,15519.0000000000,1.0000000000,-1.0000000000,0.0000000000,57.0000000000,0.4747198562,0.0000000000,0.5252801438,0.9047634241,0.0000000000,0.0952365759,0.0952365759,0.5252801438,0.4300435678,1.0000000000,1.0000000000
15.5200000000,15520.0000000000,1.0000000000,-1.0000000000,0.0000000000,57.0000000000,0.5014830727,0.0000000000,0.4985169273,0.9034595223,0.0000000000,0.0965404777,0.0965404777,0.4985169273,0.4019764495,1.0000000000,1.0000000000
15.5210000000,15521.0000000000,1.0000000000,-1.0000000000,0.0000000000,57.0000000000,0.5268747136,0.0000000000,0.4731252864,0.9019244054,0.0000000000,0.0980755946,0.0980755946,0.4731252864,0.3750496918,1.0000000000,1.0000000000
15.5220000000,15522.0000000000,1.0000000000,-1.0000000000,0.0000000000,57.0000000000,0.5508665318,0.0000000000,0.4491334682,0.9001588508,0.0000000000,0.0998411492,0.0998411492,0.4491334682,0.3492923190,1.0000000000,1.0000000000
15.5230000000,15523.0000000000,1.0000000000,-1.0000000000,0.0000000000,57.0000000000,0.5734559830,0.0000000000,0.4265440170,0.8981793528,0.0000000000,0.1018206472,0.1018206472,0.4265440170,0.3247233698,1.0000000000,1.0000000000
15.5240000000,15524.0000000000,1.0000000000,-1.0000000000,0.0000000000,57.0000000000,0.5946611989,0.0000000000,0.4053388011,0.8960216115,0.0000000000,0.1039783885,0.1039783885,0.4053388011,0.3013604126,1.0000000000,1.0000000000
15.5250000000,15525.0000000000,1.0000000000,-1.0000000000,0.0000000000,57.0000000000,0.6145164174,0.0000000000,0.3854835826,0.8937418829,0.0000000000,0.1062581171,0.1062581171,0.3854835826,0.2792254655,1.0000000000,1.0000000000
15.5260000000,15526.0000000000,1.0000000000,-1.0000000000,0.0000000000,57.0000000000,0.6330679594,0.0000000000,0.3669320406,0.8914149274,0.0000000000,0.1085850726,0.1085850726,0.3669320406,0.2583469680,1.0000000000,1.0000000000
15.5270000000,15527.0000000000,1.0000000000,-1.0000000000,0.0000000000,57.0000000000,0.6503707833,0.0000000000,0.3496292167,0.8891279335,0.0000000000,0.1108720665,0.1108720665,0.3496292167,0.2387571502,1.0000000000,1.0000000000
15.5280000000,15528.0000000000,1.0000000000,-1.0000000000,0.0000000000,57.0000000000,0.6664856052,0.0000000000,0.3335143948,0.8869710019,0.0000000000,0.1130289981,0.1130289981,0.3335143948,0.2204853967,1.0000000000,1.0000000000
15.5290000000,15529.0000000000,1.0000000000,-1.0000000000,0.0000000000,57.0000000000,0.6814765459,0.0000000000,0.3185234541,0.8850261099,0.0000000000,0.1149738901,0.1149738901,0.3185234541,0.2035495641,1.0000000000,1.0000000000
15.5300000000,15530.0000000000,1.0000000000,-1.0000000000,0.0000000000,57.0000000000,0.6954092514,0.0000000000,0.3045907486,0.8833572452,0.0000000000,0.1166427548,0.1166427548,0.3045907486,0.1879479939,1.0000000000,1.0000000000
15.5310000000,15531.0000000000,1.0000000000,-1.0000000000,0.0000000000,57.0000000000,0.7083494262,0.0000000000,0.2916505738,0.8820041145,0.0000000000,0.1179958855,0.1179958855,0.2916505738,0.1736546883,1.0000000000,1.0000000000
15.5320000000,15532.0000000000,1.0000000000,-1.0000000000,0.0000000000,57.0000000000,0.7203617174,0.0000000000,0.2796382826,0.8809805841,0.0000000000,0.1190194159,0.1190194159,0.2796382826,0.1606188667,1.0000000000,1.0000000000
15.5330000000,15533.0000000000,1.0000000000,-1.0000000000,0.0000000000,57.0000000000,0.7315088919,0.0000000000,0.2684911081,0.8802774586,0.0000000000,0.1197225414,0.1197225414,0.2684911081,0.1487685667,1.0000000000,1.0000000000
15.5340000000,15534.0000000000,1.0000000000,-1.0000000000,0.0000000000,57.0000000000,0.7418512523,0.0000000000,0.2581487477,0.8798680834,0.0000000000,0.1201319166,0.1201319166,0.2581487477,0.1380168311,1.0000000000,1.0000000000
15.5350000000,15535.0000000000,1.0000000000,-1.0000000000,0.0000000000,57.0000000000,0.7514462467,0.0000000000,0.2485537533,0.8797149326,0.0000000000,0.1202850674,0.1202850674,0.2485537533,0.1282686859,1.0000000000,1.0000000000
15.5360000000,15536.0000000000,1.0000000000,-1.0000000000,0.0000000000,57.0000000000,0.7603482292,0.0000000000,0.2396517708,0.8797756890,0.0000000000,0.1202243110,0.1202243110,0.2396517708,0.1194274598,1.0000000000,1.0000000000
15.5370000000,15537.0000000000,1.0000000000,-1.0000000000,0.0000000000,57.0000000000,0.7686083402,0.0000000000,0.2313916598,0.8800079735,0.0000000000,0.1199920265,0.1199920265,0.2313916598,0.1113996333,1.0000000000,1.0000000000
15.5380000000,15538.0000000000,1.0000000000,-1.0000000000,0.0000000000,57.0000000000,0.7762744758,0.0000000000,0.2237255242,0.8803724866,0.0000000000,0.1196275134,0.1196275134,0.2237255242,0.1040980109,1.0000000000,1.0000000000
15.5390000000,15539.0000000000,1.0000000000,-1.0000000000,0.0000000000,57.0000000000,0.7833913248,0.0000000000,0.2166086752,0.8808347282,0.0000000000,0.1191652718,0.1191652718,0.2166086752,0.0974434034,1.0000000000,1.0000000000
15.5400000000,15540.0000000000,1.0000000000,-1.0000000000,0.0000000000,57.0000000000,0.7900004547,0.0000000000,0.2099995453,0.8813656393,0.0000000000,0.1186343607,0.1186343607,0.2099995453,0.0913651845,1.0000000000,1.0000000000
15.5410000000,15541.0000000000,1.0000000000,-1.0000000000,0.0000000000,57.0000000000,0.7961404318,0.0000000000,0.2038595682,0.8819415316,0.0000000000,0.1180584684,0.1180584684,0.2038595682,0.0858010998,1.0000000000,1.0000000000
15.5420000000,15542.0000000000,1.0000000000,-1.0000000000,0.0000000000,57.0000000000,0.8018469633,0.0000000000,0.1981530367,0.8825436109,0.0000000000,0.1174563891,0.1174563891,0.1981530367,0.0806966476,1.0000000000,1.0000000000
15.5430000000,15543.0000000000,1.0000000000,-1.0000000000,0.0000000000,57.0000000000,0.8071530542,0.0000000000,0.1928469458,0.8831573146,0.0000000000,0.1168426854,0.1168426854,0.1928469458,0.0760042605,1.0000000000,1.0000000000
15.5440000000,15544.0000000000,1.0000000000,-1.0000000000,0.0000000000,57.0000000000,0.8120891703,0.0000000000,0.1879108297,0.8837716069,0.0000000000,0.1162283931,0.1162283931,0.1879108297,0.0716824366,1.0000000000,1.0000000000
15.5450000000,15545.0000000000,1.0000000000,-1.0000000000,0.0000000000,57.0000000000,0.8166834039,0.0000000000,0.1833165961,0.8843783114,0.0000000000,0.1156216886,0.1156216886,0.1833165961,0.0676949074,1.0000000000,1.0000000000
15.5460000000,15546.0000000000,1.0000000000,-1.0000000000,0.0000000000,57.0000000000,0.8209616370,0.0000000000,0.1790383630,0.8849715224,0.0000000000,0.1150284776,0.1150284776,0.1790383630,0.0640098854,1.0000000000,1.0000000000
15.5470000000,15547.0000000000,1.0000000000,-1.0000000000,0.0000000000,57.0000000000,0.8249477006,0.0000000000,0.1750522994,0.8855471065,0.0000000000,0.1144528935,0.1144528935,0.1750522994,0.0605994060,1.0000000000,1.0000000000
15.5480000000,15548.0000000000,1.0000000000,-1.0000000000,0.0000000000,57.0000000000,0.8286635272,0.0000000000,0.1713364728,0.8861022938,0.0000000000,0.1138977062,0.1138977062,0.1713364728,0.0574387666,1.0000000000,1.0000000000
15.5490000000,15549.0000000000,1.0000000000,-1.0000000000,0.0000000000,57.0000000000,0.8321292963,0.0000000000,0.1678707037,0.8866353494,0.0000000000,0.1133646506,0.1133646506,0.1678707037,0.0545060532,1.0000000000,1.0000000000
15.5500000000,15550.0000000000,1.0000000000,-1.0000000000,0.0000000000,57.0000000000,0.8353635715,0.0000000000,0.1646364285,0.8871453149,0.0000000000,0.1128546851,0.1128546851,0.1646364285,0.0517817433,1.0000000000,1.0000000000
15.5510000000,15551.0000000000,1.0000000000,-1.0000000000,0.0000000000,57.0000000000,0.8383834290,0.0000000000,0.1616165710,0.8876318055,0.0000000000,0.1123681945,0.1123681945,0.1616165710,0.0492483764,1.0000000000,1.0000000000
15.5520000000,15552.0000000000,1.0000000000,-1.0000000000,0.0000000000,57.0000000000,0.8412045774,0.0000000000,0.1587954226,0.8880948545,0.0000000000,0.1119051455,0.1119051455,0.1587954226,0.0468902771,1.0000000000,1.0000000000
15.5530000000,15553.0000000000,1.0000000000,-1.0000000000,0.0000000000,57.0000000000,0.8438414691,0.0000000000,0.1561585309,0.8885347938,0.0000000000,0.1114652062,0.1114652062,0.1561585309,0.0446933247,1.0000000000,1.0000000000
15.5540000000,15554.0000000000,1.0000000000,-1.0000000000,0.0000000000,57.0000000000,0.8463074034,0.0000000000,0.1536925966,0.8889521629,0.0000000000,0.1110478371,0.1110478371,0.1536925966,0.0426447595,1.0000000000,1.0000000000
15.5550000000,15555.0000000000,1.0000000000,-1.0000000000,0.0000000000,57.0000000000,0.8486146218,0.0000000000,0.1513853782,0.8893476408,0.0000000000,0.1106523592,0.1106523592,0.1513853782,0.0407330190,1.0000000000,1.0000000000
15.5560000000,15556.0000000000,1.0000000000,-1.0000000000,0.0000000000,57.0000000000,0.8507743958,0.0000000000,0.1492256042,0.8897219949,0.0000000000,0.1102780051,0.1102780051,0.1492256042,0.0389475991,1.0000000000,1.0000000000
15.5570000000,15557.0000000000,1.0000000000,-1.0000000000,0.0000000000,57.0000000000,0.8527971070,0.0000000000,0.1472028930,0.8900760429,0.0000000000,0.1099239571,0.1099239571,0.1472028930,0.0372789359,1.0000000000,1.0000000000
15.5580000000,15558.0000000000,1.0000000000,-1.0000000000,0.0000000000,57.0000000000,0.8546923217,0.0000000000,0.1453076783,0.8904106251,0.0000000000,0.1095893749,0.1095893749,0.1453076783,0.0357183034,1.0000000000,1.0000000000
15.5590000000,15559.0000000000,1.0000000000,-1.0000000000,0.0000000000,57.0000000000,0.8564688585,0.0000000000,0.1435311415,0.8907265842,0.0000000000,0.1092734158,0.1092734158,0.1435311415,0.0342577256,1.0000000000,1.0000000000
15.5600000000,15560.0000000000,1.0000000000,-1.0000000000,0.0000000000,57.0000000000,0.8581348505,0.0000000000,0.1418651495,0.8910247510,0.0000000000,0.1089752490,0.1089752490,0.1418651495,0.0328899004,1.0000000000,1.0000000000
15.5610000000,15561.0000000000,1.0000000000,-1.0000000000,0.0000000000,57.0000000000,0.8596978022,0.0000000000,0.1403021978,0.8913059344,0.0000000000,0.1086940656,0.1086940656,0.1403021978,0.0316081322,1.0000000000,1.0000000000
15.5620000000,15562.0000000000,1.0000000000,-1.0000000000,0.0000000000,57.0000000000,0.8611646416,0.0000000000,0.1388353584,0.8915709148,0.0000000000,0.1084290852,0.1084290852,0.1388353584,0.0304062733,1.0000000000,1.0000000000
15.5630000000,15563.0000000000,1.0000000000,-1.0000000000,0.0000000000,57.0000000000,0.8625417676,0.0000000000,0.1374582324,0.8918204397,0.0000000000,0.1081795603,0.1081795603,0.1374582324,0.0292786722,1.0000000000,1.0000000000
15.5640000000,15564.0000000000,1.0000000000,-1.0000000000,0.0000000000,57.0000000000,0.8638350940,0.0000000000,0.1361649060,0.8920552214,0.0000000000,0.1079447786,0.1079447786,0.1361649060,0.0282201274,1.0000000000,1.0000000000
15.5650000000,15565.0000000000,1.0000000000,-1.0000000000,0.0000000000,57.0000000000,0.8650500887,0.0000000000,0.1349499113,0.8922759355,0.0000000000,0.1077240645,0.1077240645,0.1349499113,0.0272258468,1.0000000000,1.0000000000
15.5660000000,15566.0000000000,1.0000000000,-1.0000000000,0.0000000000,57.0000000000,0.8661918107,0.0000000000,0.1338081893,0.8924832214,0.0000000000,0.1075167786,0.1075167786,0.1338081893,0.0262914108,1.0000000000,1.0000000000
15.5670000000,15567.0000000000,1.0000000000,-1.0000000000,0.0000000000,57.0000000000,0.8672649426,0.0000000000,0.1327350574,0.8926776822,0.0000000000,0.1073223178,0.1073223178,0.1327350574,0.0254127396,1.0000000000,1.0000000000
15.5680000000,15568.0000000000,1.0000000000,-1.0000000000,0.0000000000,57.0000000000,0.8682738216,0.0000000000,0.1317261784,0.8928598858,0.0000000000,0.1071401142,0.1071401142,0.1317261784,0.0245860642,1.0000000000,1.0000000000
15.5690000000,15569.0000000000,1.0000000000,-1.0000000000,0.0000000000,57.0000000000,0.8692224671,0.0000000000,0.1307775329,0.8930303665,0.0000000000,0.1069696335,0.1069696335,0.1307775329,0.0238078995,1.0000000000,1.0000000000
15.5700000000,15570.0000000000,1.0000000000,-1.0000000000,0.0000000000,57.0000000000,0.8701146057,0.0000000000,0.1298853943,0.8931896262,0.0000000000,0.1068103738,0.1068103738,0.1298853943,0.0230750205,1.0000000000,1.0000000000
15.5710000000,15571.0000000000,1.0000000000,-1.0000000000,0.0000000000,57.0000000000,0.8709536952,0.0000000000,0.1290463048,0.8933381360,0.0000000000,0.1066618640,0.1066618640,0.1290463048,0.0223844408,1.0000000000,1.0000000000
15.5720000000,15572.0000000000,1.0000000000,-1.0000000000,0.0000000000,57.0000000000,0.8717429452,0.0000000000,0.1282570548,0.8934763381,0.0000000000,0.1065236619,0.1065236619,0.1282570548,0.0217333929,1.0000000000,1.0000000000
15.5730000000,15573.0000000000,1.0000000000,-1.0000000000,0.0000000000,57.0000000000,0.8724853368,0.0000000000,0.1275146632,0.8936046473,0.0000000000,0.1063953527,0.1063953527,0.1275146632,0.0211193105,1.0000000000,1.0000000000
15.5740000000,15574.0000000000,1.0000000000,-1.0000000000,0.0000000000,57.0000000000,0.8731836405,0.0000000000,0.1268163595,0.8937234526,0.0000000000,0.1062765474,0.1062765474,0.1268163595,0.0205398120,1.0000000000,1.0000000000
15.5750000000,15575.0000000000,1.0000000000,-1.0000000000,0.0000000000,57.0000000000,0.8738404324,0.0000000000,0.1261595676,0.8938331189,0.0000000000,0.1061668811,0.1061668811,0.1261595676,0.0199926865,1.0000000000,1.0000000000
15.5760000000,15576.0000000000,1.0000000000,-1.0000000000,0.0000000000,57.0000000000,0.8744581092,0.0000000000,0.1255418908,0.8939339886,0.0000000000,0.1060660114,0.1060660114,0.1255418908,0.0194758794,1.0000000000,1.0000000000
15.5770000000,15577.0000000000,1.0000000000,-1.0000000000,0.0000000000,57.0000000000,0.8750389019,0.0000000000,0.1249610981,0.8940263830,0.0000000000,0.1059736170,0.1059736170,0.1249610981,0.0189874811,1.0000000000,1.0000000000
15.5780000000,15578.0000000000,1.0000000000,-1.0000000000,0.0000000000,57.0000000000,0.8755848884,0.0000000000,0.1244151116,0.8941106036,0.0000000000,0.1058893964,0.1058893964,0.1244151116,0.0185257151,1.0000000000,1.0000000000
15.5790000000,15579.0000000000,1.0000000000,-1.0000000000,0.0000000000,57.0000000000,0.8760980051,0.0000000000,0.1239019949,0.8941869334,0.0000000000,0.1058130666,0.1058130666,0.1239019949,0.0180889283,1.0000000000,1.0000000000
15.5800000000,15580.0000000000,1.0000000000,-1.0000000000,0.0000000000,57.0000000000,0.8765800573,0.0000000000,0.1234199427,0.8942556384,0.0000000000,0.1057443616,0.1057443616,0.1234199427,0.0176755811,1.0000000000,1.0000000000
15.5810000000,15581.0000000000,1.0000000000,-1.0000000000,0.0000000000,57.0000000000,0.8770327291,0.0000000000,0.1229672709,0.8943169684,0.0000000000,0.1056830316,0.1056830316,0.1229672709,0.0172842393,1.0000000000,1.0000000000
15.5820000000,15582.0000000000,1.0000000000,-1.0000000000,0.0000000000,57.0000000000,0.8774575926,0.0000000000,0.1225424074,0.8943711584,0.0000000000,0.1056288416,0.1056288416,0.1225424074,0.0169135658,1.0000000000,1.0000000000
15.5830000000,15583.0000000000,1.0000000000,-1.0000000000,0.0000000000,57.0000000000,0.8778561155,0.0000000000,0.1221438845,0.8944184294,0.0000000000,0.1055815706,0.1055815706,0.1221438845,0.0165623139,1.0000000000,1.0000000000
15.5840000000,15584.0000000000,1.0000000000,-1.0000000000,0.0000000000,57.0000000000,0.8782296692,0.0000000000,0.1217703308,0.8944589892,0.0000000000,0.1055410108,0.1055410108,0.1217703308,0.0162293201,1.0000000000,1.0000000000
15.5850000000,15585.0000000000,1.0000000000,-1.0000000000,0.0000000000,57.0000000000,0.8785795356,0.0000000000,0.1214204644,0.8944930338,0.0000000000,0.1055069662,0.1055069662,0.1214204644,0.0159134982,1.0000000000,1.0000000000
15.5860000000,15586.0000000000,1.0000000000,-1.0000000000,0.0000000000,57.0000000000,0.8789069136,0.0000000000,0.1210930864,0.8945207474,0.0000000000,0.1054792526,0.1054792526,0.1210930864,0.0156138338,1.0000000000,1.0000000000
15.5870000000,15587.0000000000,1.0000000000,-1.0000000000,0.0000000000,57.0000000000,0.8792129248,0.0000000000,0.1207870752,0.8945423040,0.0000000000,0.1054576960,0.1054576960,0.1207870752,0.0153293792,1.0000000000,1.0000000000
15.5880000000,15588.0000000000,1.0000000000,-1.0000000000,0.0000000000,57.0000000000,0.8794986193,0.0000000000,0.1205013807,0.8945578675,0.0000000000,0.1054421325,0.1054421325,0.1205013807,0.0150592482,1.0000000000,1.0000000000
15.5890000000,15589.0000000000,1.0000000000,-1.0000000000,0.0000000000,57.0000000000,0.8797649804,0.0000000000,0.1202350196,0.8945675925,0.0000000000,0.1054324075,0.1054324075,0.1202350196,0.0148026122,1.0000000000,1.0000000000
15.5900000000,15590.0000000000,1.0000000000,-1.0000000000,0.0000000000,57.0000000000,0.8800129293,0.0000000000,0.1199870707,0.8945716251,0.0000000000,0.1054283749,0.1054283749,0.1199870707,0.0145586958,1.0000000000,1.0000000000
15.5910000000,15591.0000000000,1.0000000000,-1.0000000000,0.0000000000,57.0000000000,0.8802433297,0.0000000000,0.1197566703,0.8945701030,0.0000000000,0.1054298970,0.1054298970,0.1197566703,0.0143267734,1.0000000000,1.0000000000
15.5920000000,15592.0000000000,1.0000000000,-1.0000000000,0.0000000000,57.0000000000,0.8804569914,0.0000000000,0.1195430086,0.8945631566,0.0000000000,0.1054368434,0.1054368434,0.1195430086,0.0141061653,1.0000000000,1.0000000000
15.5930000000,15593.0000000000,1.0000000000,-1.0000000000,0.0000000000,57.0000000000,0.8806546741,0.0000000000,0.1193453259,0.8945509090,0.0000000000,0.1054490910,0.1054490910,0.1193453259,0.0138962349,1.0000000000,1.0000000000
15.5940000000,15594.0000000000,1.0000000000,-1.0000000000,0.0000000000,57.0000000000,0.8808370911,0.0000000000,0.1191629089,0.8945334766,0.0000000000,0.1054665234,0.1054665234,0.1191629089,0.0136963855,1.0000000000,1.0000000000
15.5950000000,15595.0000000000,1.0000000000,-1.0000000000,0.0000000000,57.0000000000,0.8810049116,0.0000000000,0.1189950884,0.8945109695,0.0000000000,0.1054890305,0.1054890305,0.1189950884,0.0135060579,1.0000000000,1.0000000000
15.5960000000,15596.0000000000,1.0000000000,-1.0000000000,0.0000000000,57.0000000000,0.8811587646,0.0000000000,0.1188412354,0.8944834921,0.0000000000,0.1055165079,0.1055165079,0.1188412354,0.0133247275,1.0000000000,1.0000000000
15.5970000000,15597.0000000000,1.0000000000,-1.0000000000,0.0000000000,57.0000000000,0.8812992410,0.0000000000,0.1187007590,0.8944511430,0.0000000000,0.1055488570,0.1055488570,0.1187007590,0.0131519019,1.0000000000,1.0000000000
15.5980000000,15598.0000000000,1.0000000000,-1.0000000000,0.0000000000,57.0000000000,0.8814268962,0.0000000000,0.1185731038,0.8944140156,0.0000000000,0.1055859844,0.1055859844,0.1185731038,0.0129871194,1.0000000000,1.0000000000
15.5990000000,15599.0000000000,1.0000000000,-1.0000000000,0.0000000000,57.0000000000,0.8815422525,0.0000000000,0.1184577475,0.8943721986,0.0000000000,0.1056278014,0.1056278014,0.1184577475,0.0128299461,1.0000000000,1.0000000000
15.6000000000,15600.0000000000,1.0000000000,-1.0000000000,0.0000000000,57.0000000000,0.8816458011,0.0000000000,0.1183541989,0.8943257757,0.0000000000,0.1056742243,0.1056742243,0.1183541989,0.0126799746,1.0000000000,1.0000000000
15.6010000000,15601.0000000000,1.0000000000,-1.0000000000,0.0000000000,57.0000000000,0.8817380043,0.0000000000,0.1182619957,0.8942748265,0.0000000000,0.1057251735,0.1057251735,0.1182619957,0.0125368223,1.0000000000,1.0000000000
15.6020000000,15602.0000000000,1.0000000000,-1.0000000000,0.0000000000,57.0000000000,0.8818192971,0.0000000000,0.1181807029,0.8942194264,0.0000000000,0.1057805736,0.1057805736,0.1181807029,0.0124001293,1.0000000000,1.0000000000
15.6030000000,15603.0000000000,1.0000000000,-1.0000000000,0.0000000000,57.0000000000,0.8818900893,0.0000000000,0.1181099107,0.8941596468,0.0000000000,0.1058403532,0.1058403532,0.1181099107,0.0122695575,1.0000000000,1.0000000000
15.6040000000,15604.0000000000,1.0000000000,-1.0000000000,0.0000000000,57.0000000000,0.8819507667,0.0000000000,0.1180492333,0.8940955555,0.0000000000,0.1059044445,0.1059044445,0.1180492333,0.0121447888,1.0000000000,1.0000000000
15.6050000000,15605.0000000000,1.0000000000,-1.0000000000,0.0000000000,57.0000000000,0.8820016927,0.0000000000,0.1179983073,0.8940272167,0.0000000000,0.1059727833,0.1059727833,0.1179983073,0.0120255240,1.0000000000,1.0000000000
15.6060000000,15606.0000000000,1.0000000000,-1.0000000000,0.0000000000,57.0000000000,0.8820432097,0.0000000000,0.1179567903,0.8939546912,0.0000000000,0.1060453088,0.1060453088,0.1179567903,0.0119114815,1.0000000000,1.0000000000
15.6070000000,15607.0000000000,1.0000000000,-1.0000000000,0.0000000000,57.0000000000,0.8820756407,0.0000000000,0.1179243593,0.8938780369,0.0000000000,0.1061219631,0.1061219631,0.1179243593,0.0118023962,1.0000000000,1.0000000000
15.6080000000,15608.0000000000,1.0000000000,-1.0000000000,0.0000000000,57.0000000000,0.8820992900,0.0000000000,0.1179007100,0.8937973085,0.0000000000,0.1062026915,0.1062026915,0.1179007100,0.0116980186,1.0000000000,1.0000000000
15.6090000000,15609.0000000000,1.0000000000,-1.0000000000,0.0000000000,57.0000000000,0.8821144444,0.0000000000,0.1178855556,0.8937125579,0.0000000000,0.1062874421,0.1062874421,0.1178855556,0.0115981135,1.0000000000,1.0000000000
15.6100000000,15610.0000000000,1.0000000000,-1.0000000000,0.0000000000,57.0000000000,0.8821213747,0.0000000000,0.1178786253,0.8936238343,0.0000000000,0.1063761657,0.1063761657,0.1178786253,0.0115024596,1.0000000000,1.0000000000
15.6110000000,15611.0000000000,1.0000000000,-1.0000000000,0.0000000000,57.0000000000,0.8821203361,0.0000000000,0.1178796639,0.8935311843,0.0000000000,0.1064688157,0.1064688157,0.1178796639,0.0114108482,1.0000000000,1.0000000000
15.6120000000,15612.0000000000,1.0000000000,-1.0000000000,0.0000000000,57.0000000000,0.8821115695,0.0000000000,0.1178884305,0.8934346520,0.0000000000,0.1065653480,0.1065653480,0.1178884305,0.0113230825,1.0000000000,1.0000000000
15.6130000000,15613.0000000000,1.0000000000,-1.0000000000,0.0000000000,57.0000000000,0.8820953021,0.0000000000,0.1179046979,0.8933342791,0.0000000000,0.1066657209,0.1066657209,0.1179046979,0.0112389771,1.0000000000,1.0000000000
15.6140000000,15614.0000000000,1.0000000000,-1.0000000000,0.0000000000,57.0000000000,0.8820717483,0.0000000000,0.1179282517,0.8932301053,0.0000000000,0.1067698947,0.1067698947,0.1179282517,0.0111583570,1.0000000000,1.0000000000
15.6150000000,15615.0000000000,1.0000000000,-1.0000000000,0.0000000000,57.0000000000,0.8820411106,0.0000000000,0.1179588894,0.8931221680,0.0000000000,0.1068778320,0.1068778320,0.1179588894,0.0110810574,1.0000000000,1.0000000000
15.6160000000,15616.0000000000,1.0000000000,-1.0000000000,0.0000000000,57.0000000000,0.8820035799,0.0000000000,0.1179964201,0.8930105023,0.0000000000,0.1069894977,0.1069894977,0.1179964201,0.0110069224,1.0000000000,1.0000000000
15.6170000000,15617.0000000000,1.0000000000,-1.0000000000,0.0000000000,57.0000000000,0.8819593365,0.0000000000,0.1180406635,0.8928951418,0.0000000000,0.1071048582,0.1071048582,0.1180406635,0.0109358053,1.0000000000,1.0000000000
15.6180000000,15618.0000000000,1.0000000000,-1.0000000000,0.0000000000,57.0000000000,0.8819085505,0.0000000000,0.1180914495,0.8927761178,0.0000000000,0.1072238822,0.1072238822,0.1180914495,0.0108675674,1.0000000000,1.0000000000
15.6190000000,15619.0000000000,1.0000000000,-1.0000000000,0.0000000000,57.0000000000,0.8818513824,0.0000000000,0.1181486176,0.8926534601,0.0000000000,0.1073465399,0.1073465399,0.1181486176,0.0108020777,1.0000000000,1.0000000000
15.6200000000,15620.0000000000,1.0000000000,-1.0000000000,0.0000000000,57.0000000000,0.8817879838,0.0000000000,0.1182120162,0.8925271965,0.0000000000,0.1074728035,0.1074728035,0.1182120162,0.0107392127,1.0000000000,1.0000000000
15.6210000000,15621.0000000000,1.0000000000,-1.0000000000,0.0000000000,57.0000000000,0.8817184978,0.0000000000,0.1182815022,0.8923973533,0.0000000000,0.1076026467,0.1076026467,0.1182815022,0.0106788555,1.0000000000,1.0000000000
15.6220000000,15622.0000000000,1.0000000000,-1.0000000000,0.0000000000,57.0000000000,0.8816430591,0.0000000000,0.1183569409,0.8922639551,0.0000000000,0.1077360449,0.1077360449,0.1183569409,0.0106208960,1.0000000000,1.0000000000
15.6230000000,15623.0000000000,1.0000000000,-1.0000000000,0.0000000000,57.0000000000,0.8815617951,0.0000000000,0.1184382049,0.8921270250,0.0000000000,0.1078729750,0.1078729750,0.1184382049,0.0105652299,1.0000000000,1.0000000000
15.6240000000,15624.0000000000,1.0000000000,-1.0000000000,0.0000000000,57.0000000000,0.8814748258,0.0000000000,0.1185251742,0.8919865846,0.0000000000,0.1080134154,0.1080134154,0.1185251742,0.0105117588,1.0000000000,1.0000000000
15.6250000000,15625.0000000000,1.0000000000,-1.0000000000,0.0000000000,57.0000000000,0.8813822644,0.0000000000,0.1186177356,0.8918426540,0.0000000000,0.1081573460,0.1081573460,0.1186177356,0.0104603896,1.0000000000,1.0000000000
15.6260000000,15626.0000000000,1.0000000000,-1.0000000000,0.0000000000,57.0000000000,0.8812842176,0.0000000000,0.1187157824,0.8916952520,0.0000000000,0.1083047480,0.1083047480,0.1187157824,0.0104110344,1.0000000000,1.0000000000
15.6270000000,15627.0000000000,1.0000000000,-1.0000000000,0.0000000000,57.0000000000,0.8811807859,0.0000000000,0.1188192141,0.8915443959,0.0000000000,0.1084556041,0.1084556041,0.1188192141,0.0103636100,1.0000000000,1.0000000000
15.6280000000,15628.0000000000,1.0000000000,-1.0000000000,0.0000000000,57.0000000000,0.8810720641,0.0000000000,0.1189279359,0.8913901019,0.0000000000,0.1086098981,0.1086098981,0.1189279359,0.0103180378,1.0000000000,1.0000000000
15.6290000000,15629.0000000000,1.0000000000,-1.0000000000,0.0000000000,57.0000000000,0.8809581413,0.0000000000,0.1190418587,0.8912323848,0.0000000000,0.1087676152,0.1087676152,0.1190418587,0.0102742435,1.0000000000,1.0000000000
15.6300000000,15630.0000000000,1.0000000000,-1.0000000000,0.0000000000,57.0000000000,0.8808391014,0.0000000000,0.1191608986,0.8910712583,0.0000000000,0.1089287417,0.1089287417,0.1191608986,0.0102321569,1.0000000000,1.0000000000
15.6310000000,15631.0000000000,1.0000000000,-1.0000000000,0.0000000000,57.0000000000,0.8807150233,0.0000000000,0.1192849767,0.8909067347,0.0000000000,0.1090932653,0.1090932653,0.1192849767,0.0101917114,1.0000000000,1.0000000000
15.6320000000,15632.0000000000,1.0000000000,-1.0000000000,0.0000000000,57.0000000000,0.8805859813,0.0000000000,0.1194140187,0.8907388254,0.0000000000,0.1092611746,0.1092611746,0.1194140187,0.0101528441,1.0000000000,1.0000000000
15.6330000000,15633.0000000000,1.0000000000,-1.0000000000,0.0000000000,57.0000000000,0.8804520449,0.0000000000,0.1195479551,0.8905675405,0.0000000000,0.1094324595,0.1094324595,0.1195479551,0.0101154957,1.0000000000,1.0000000000
15.6340000000,15634.0000000000,1.0000000000,-1.0000000000,0.0000000000,57.0000000000,0.8803132795,0.0000000000,0.1196867205,0.8903928893,0.0000000000,0.1096071107,0.1096071107,0.1196867205,0.0100796098,1.0000000000,1.0000000000
15.6350000000,15635.0000000000,1.0000000000,-1.0000000000,0.0000000000,57.0000000000,0.8801697464,0.0000000000,0.1198302536,0.8902148796,0.0000000000,0.1097851204,0.1097851204,0.1198302536,0.0100451332,1.0000000000,1.0000000000
15.6360000000,15636.0000000000,1.0000000000,-1.0000000000,0.0000000000,57.0000000000,0.8800215029,0.0000000000,0.1199784971,0.8900335186,0.0000000000,0.1099664814,0.1099664814,0.1199784971,0.0100120157,1.0000000000,1.0000000000
15.6370000000,15637.0000000000,1.0000000000,-1.0000000000,0.0000000000,57.0000000000,0.8798686027,0.0000000000,0.1201313973,0.8898488123,0.0000000000,0.1101511877,0.1101511877,0.1201313973,0.0099802096,1.0000000000,1.0000000000
15.6380000000,15638.0000000000,1.0000000000,-1.0000000000,0.0000000000,57.0000000000,0.8797110959,0.0000000000,0.1202889041,0.8896607658,0.0000000000,0.1103392342,0.1103392342,0.1202889041,0.0099496699,1.0000000000,1.0000000000
15.6390000000,15639.0000000000,1.0000000000,-1.0000000000,0.0000000000,57.0000000000,0.8795490293,0.0000000000,0.1204509707,0.8894693832,0.0000000000,0.1105306168,0.1105306168,0.1204509707,0.0099203540,1.0000000000,1.0000000000
15.6400000000,15640.0000000000,1.0000000000,-1.0000000000,0.0000000000,57.0000000000,0.8793824464,0.0000000000,0.1206175536,0.8892746679,0.0000000000,0.1107253321,0.1107253321,0.1206175536,0.0098922215,1.0000000000,1.0000000000
15.6410000000,15641.0000000000,1.0000000000,-1.0000000000,0.0000000000,57.0000000000,0.8792113876,0.0000000000,0.1207886124,0.8890766220,0.0000000000,0.1109233780,0.1109233780,0.1207886124,0.0098652344,1.0000000000,1.0000000000
15.6420000000,15642.0000000000,1.0000000000,-1.0000000000,0.0000000000,57.0000000000,0.8790358904,0.0000000000,0.1209641096,0.8888752470,0.0000000000,0.1111247530,0.1111247530,0.1209641096,0.0098393566,1.0000000000,1.0000000000
15.6430000000,15643.0000000000,1.0000000000,-1.0000000000,0.0000000000,57.0000000000,0.8788559897,0.0000000000,0.1211440103,0.8886705437,0.0000000000,0.1113294563,0.1113294563,0.1211440103,0.0098145541,1.0000000000,1.0000000000
15.6440000000,15644.0000000000,1.0000000000,-1.0000000000,0.0000000000,57.0000000000,0.8786717172,0.0000000000,0.1213282828,0.8884625118,0.0000000000,0.1115374882,0.1115374882,0.1213282828,0.0097907946,1.0000000000,1.0000000000
15.6450000000,15645.0000000000,1.0000000000,-1.0000000000,0.0000000000,57.0000000000,0.8784831026,0.0000000000,0.1215168974,0.8882511502,0.0000000000,0.1117488498,0.1117488498,0.1215168974,0.0097680476,1.0000000000,1.0000000000
15.6460000000,15646.0000000000,1.0000000000,-1.0000000000,0.0000000000,57.0000000000,0.8782901728,0.0000000000,0.1217098272,0.8880364573,0.0000000000,0.1119635427,0.1119635427,0.1217098272,0.0097462844,1.0000000000,1.0000000000
15.6470000000,15647.0000000000,1.0000000000,-1.0000000000,0.0000000000,57.0000000000,0.8780929525,0.0000000000,0.1219070475,0.8878184303,0.0000000000,0.1121815697,0.1121815697,0.1219070475,0.0097254778,1.0000000000,1.0000000000
15.6480000000,15648.0000000000,1.0000000000,-1.0000000000,0.0000000000,57.0000000000,0.8778914639,0.0000000000,0.1221085361,0.8875970660,0.0000000000,0.1124029340,0.1124029340,0.1221085361,0.0097056020,1.0000000000,1.0000000000
15.6490000000,15649.0000000000,1.0000000000,-1.0000000000,0.0000000000,57.0000000000,0.8776857274,0.0000000000,0.1223142726,0.8873723603,0.0000000000,0.1126276397,0.1126276397,0.1223142726,0.0096866328,1.0000000000,1.0000000000
15.6500000000,15650.0000000000,1.0000000000,-1.0000000000,0.0000000000,57.0000000000,0.8774757611,0.0000000000,0.1225242389,0.8871443084,0.0000000000,0.1128556916,0.1128556916,0.1225242389,0.0096685473,1.0000000000,1.0000000000
15.6510000000,15651.0000000000,1.0000000000,-1.0000000000,0.0000000000,57.0000000000,0.8772615810,0.0000000000,0.1227384190,0.8869129049,0.0000000000,0.1130870951,0.1130870951,0.1227384190,0.0096513239,1.0000000000,1.0000000000
15.6520000000,15652.0000000000,1.0000000000,-1.0000000000,0.0000000000,57.0000000000,0.8770432014,0.0000000000,0.1229567986,0.8866781435,0.0000000000,0.1133218565,0.1133218565,0.1229567986,0.0096349421,1.0000000000,1.0000000000
15.6530000000,15653.0000000000,1.0000000000,-1.0000000000,0.0000000000,57.0000000000,0.8768206348,0.0000000000,0.1231793652,0.8864400174,0.0000000000,0.1135599826,0.1135599826,0.1231793652,0.0096193827,1.0000000000,1.0000000000
15.6540000000,15654.0000000000,1.0000000000,-1.0000000000,0.0000000000,57.0000000000,0.8765938916,0.0000000000,0.1234061084,0.8861985191,0.0000000000,0.1138014809,0.1138014809,0.1234061084,0.0096046275,1.0000000000,1.0000000000
15.6550000000,15655.0000000000,1.0000000000,-1.0000000000,0.0000000000,57.0000000000,0.8763629809,0.0000000000,0.1236370191,0.8859536405,0.0000000000,0.1140463595,0.1140463595,0.1236370191,0.0095906595,1.0000000000,1.0000000000
15.6560000000,15656.0000000000,1.0000000000,-1.0000000000,0.0000000000,57.0000000000,0.8761279099,0.0000000000,0.1238720901,0.8857053726,0.0000000000,0.1142946274,0.1142946274,0.1238720901,0.0095774627,1.0000000000,1.0000000000
15.6570000000,15657.0000000000,1.0000000000,-1.0000000000,0.0000000000,57.0000000000,0.8758886844,0.0000000000,0.1241113156,0.8854537061,0.0000000000,0.1145462939,0.1145462939,0.1241113156,0.0095650218,1.0000000000,1.0000000000
15.6580000000,15658.0000000000,1.0000000000,-1.0000000000,0.0000000000,57.0000000000,0.8756453084,0.0000000000,0.1243546916,0.8851986310,0.0000000000,0.1148013690,0.1148013690,0.1243546916,0.0095533226,1.0000000000,1.0000000000
15.6590000000,15659.0000000000,1.0000000000,-1.0000000000,0.0000000000,57.0000000000,0.8753977848,0.0000000000,0.1246022152,0.8849401367,0.0000000000,0.1150598633,0.1150598633,0.1246022152,0.0095423519,1.0000000000,1.0000000000
15.6600000000,15660.0000000000,1.0000000000,-1.0000000000,0.0000000000,57.0000000000,0.8751461148,0.0000000000,0.1248538852,0.8846782118,0.0000000000,0.1153217882,0.1153217882,0.1248538852,0.0095320970,1.0000000000,1.0000000000
15.6610000000,15661.0000000000,1.0000000000,-1.0000000000,0.0000000000,57.0000000000,0.8748902984,0.0000000000,0.1251097016,0.8844128446,0.0000000000,0.1155871554,0.1155871554,0.1251097016,0.0095225463,1.0000000000,1.0000000000
15.6620000000,15662.0000000000,1.0000000000,-1.0000000000,0.0000000000,57.0000000000,0.8746303342,0.0000000000,0.1253696658,0.8841440228,0.0000000000,0.1158559772,0.1158559772,0.1253696658,0.0095136886,1.0000000000,1.0000000000
15.6630000000,15663.0000000000,1.0000000000,-1.0000000000,0.0000000000,57.0000000000,0.8743662196,0.0000000000,0.1256337804,0.8838717334,0.0000000000,0.1161282666,0.1161282666,0.1256337804,0.0095055138,1.0000000000,1.0000000000
15.6640000000,15664.0000000000,1.0000000000,-1.0000000000,0.0000000000,57.0000000000,0.8740979507,0.0000000000,0.1259020493,0.8835959629,0.0000000000,0.1164040371,0.1164040371,0.1259020493,0.0094980122,1.0000000000,1.0000000000
15.6650000000,15665.0000000000,1.0000000000,-1.0000000000,0.0000000000,57.0000000000,0.8738255226,0.0000000000,0.1261744774,0.8833166974,0.0000000000,0.1166833026,0.1166833026,0.1261744774,0.0094911748,1.0000000000,1.0000000000
15.6660000000,15666.0000000000,1.0000000000,-1.0000000000,0.0000000000,57.0000000000,0.8735489289,0.0000000000,0.1264510711,0.8830339223,0.0000000000,0.1169660777,0.1169660777,0.1264510711,0.0094849934,1.0000000000,1.0000000000
15.6670000000,15667.0000000000,1.0000000000,-1.0000000000,0.0000000000,57.0000000000,0.8732681624,0.0000000000,0.1267318376,0.8827476225,0.0000000000,0.1172523775,0.1172523775,0.1267318376,0.0094794601,1.0000000000,1.0000000000
15.6680000000,15668.0000000000,1.0000000000,-1.0000000000,0.0000000000,57.0000000000,0.8729832147,0.0000000000,0.1270167853,0.8824577825,0.0000000000,0.1175422175,0.1175422175,0.1270167853,0.0094745679,1.0000000000,1.0000000000
15.6690000000,15669.0000000000,1.0000000000,-1.0000000000,0.0000000000,57.0000000000,0.8726940764,0.0000000000,0.1273059236,0.8821643863,0.0000000000,0.1178356137,0.1178356137,0.1273059236,0.0094703099,1.0000000000,1.0000000000
15.6700000000,15670.0000000000,1.0000000000,-1.0000000000,0.0000000000,57.0000000000,0.8724007370,0.0000000000,0.1275992630,0.8818674173,0.0000000000,0.1181325827,0.1181325827,0.1275992630,0.0094666803,1.0000000000,1.0000000000
15.6710000000,15671.0000000000,1.0000000000,-1.0000000000,0.0000000000,57.0000000000,0.8721031852,0.0000000000,0.1278968148,0.8815668584,0.0000000000,0.1184331416,0.1184331416,0.1278968148,0.0094636732,1.0000000000,1.0000000000
15.6720000000,15672.0000000000,1.0000000000,-1.0000000000,0.0000000000,57.0000000000,0.8718014085,0.0000000000,0.1281985915,0.8812626920,0.0000000000,0.1187373080,0.1187373080,0.1281985915,0.0094612836,1.0000000000,1.0000000000
15.6730000000,15673.0000000000,1.0000000000,-1.0000000000,0.0000000000,57.0000000000,0.8714953937,0.0000000000,0.1285046063,0.8809549004,0.0000000000,0.1190450996,0.1190450996,0.1285046063,0.0094595067,1.0000000000,1.0000000000
15.6740000000,15674.0000000000,1.0000000000,-1.0000000000,0.0000000000,57.0000000000,0.8711851266,0.0000000000,0.1288148734,0.8806434648,0.0000000000,0.1193565352,0.1193565352,0.1288148734,0.0094583383,1.0000000000,1.0000000000
15.6750000000,15675.0000000000,1.0000000000,-1.0000000000,0.0000000000,57.0000000000,0.8708705921,0.0000000000,0.1291294079,0.8803283666,0.0000000000,0.1196716334,0.1196716334,0.1291294079,0.0094577745,1.0000000000,1.0000000000
15.6760000000,15676.0000000000,1.0000000000,-1.0000000000,0.0000000000,57.0000000000,0.8705517743,0.0000000000,0.1294482257,0.8800095862,0.0000000000,0.1199904138,0.1199904138,0.1294482257,0.0094578119,1.0000000000,1.0000000000
15.6770000000,15677.0000000000,1.0000000000,-1.0000000000,0.0000000000,57.0000000000,0.8702286566,0.0000000000,0.1297713434,0.8796871039,0.0000000000,0.1203128961,0.1203128961,0.1297713434,0.0094584473,1.0000000000,1.0000000000
15.6780000000,15678.0000000000,1.0000000000,-1.0000000000,0.0000000000,57.0000000000,0.8699012213,0.0000000000,0.1300987787,0.8793608995,0.0000000000,0.1206391005,0.1206391005,0.1300987787,0.0094596781,1.0000000000,1.0000000000
15.6790000000,15679.0000000000,1.0000000000,-1.0000000000,0.0000000000,57.0000000000,0.8695694502,0.0000000000,0.1304305498,0.8790309522,0.0000000000,0.1209690478,0.1209690478,0.1304305498,0.0094615019,1.0000000000,1.0000000000
15.6800000000,15680.0000000000,1.0000000000,-1.0000000000,0.0000000000,57.0000000000,0.8692333242,0.0000000000,0.1307666758,0.8786972409,0.0000000000,0.1213027591,0.1213027591,0.1307666758,0.0094639167,1.0000000000,1.0000000000
15.6810000000,15681.0000000000,1.0000000000,-1.0000000000,0.0000000000,57.0000000000,0.8688928235,0.0000000000,0.1311071765,0.8783597443,0.0000000000,0.1216402557,0.1216402557,0.1311071765,0.0094669208,1.0000000000,1.0000000000
15.6820000000,15682.0000000000,1.0000000000,-1.0000000000,0.0000000000,57.0000000000,0.8685479275,0.0000000000,0.1314520725,0.8780184402,0.0000000000,0.1219815598,0.1219815598,0.1314520725,0.0094705127,1.0000000000,1.0000000000
15.6830000000,15683.0000000000,1.0000000000,-1.0000000000,0.0000000000,57.0000000000,0.8681986150,0.0000000000,0.1318013850,0.8776733064,0.0000000000,0.1223266936,0.1223266936,0.1318013850,0.0094746914,1.0000000000,1.0000000000
15.6840000000,15684.0000000000,1.0000000000,-1.0000000000,0.0000000000,57.0000000000,0.8678448641,0.0000000000,0.1321551359,0.8773243202,0.0000000000,0.1226756798,0.1226756798,0.1321551359,0.0094794561,1.0000000000,1.0000000000
15.6850000000,15685.0000000000,1.0000000000,-1.0000000000,0.0000000000,57.0000000000,0.8674866522,0.0000000000,0.1325133478,0.8769714583,0.0000000000,0.1230285417,0.1230285417,0.1325133478,0.0094848061,1.0000000000,1.0000000000
15.6860000000,15686.0000000000,1.0000000000,-1.0000000000,0.0000000000,57.0000000000,0.8671239560,0.0000000000,0.1328760440,0.8766146973,0.0000000000,0.1233853027,0.1233853027,0.1328760440,0.0094907413,1.0000000000,1.0000000000
15.6870000000,15687.0000000000,1.0000000000,-1.0000000000,0.0000000000,57.0000000000,0.8667567517,0.0000000000,0.1332432483,0.8762540133,0.0000000000,0.1237459867,0.1237459867,0.1332432483,0.0094972616,1.0000000000,1.0000000000
15.6880000000,15688.0000000000,1.0000000000,-1.0000000000,0.0000000000,57.0000000000,0.8663850147,0.0000000000,0.1336149853,0.8758893818,0.0000000000,0.1241106182,0.1241106182,0.1336149853,0.0095043671,1.0000000000,1.0000000000
15.6890000000,15689.0000000000,1.0000000000,-1.0000000000,0.0000000000,57.0000000000,0.8660087200,0.0000000000,0.1339912800,0.8755207784,0.0000000000,0.1244792216,0.1244792216,0.1339912800,0.0095120584,1.0000000000,1.0000000000
15.6900000000,15690.0000000000,1.0000000000,-1.0000000000,0.0000000000,57.0000000000,0.8656278418,0.0000000000,0.1343721582,0.8751481779,0.0000000000,0.1248518221,0.1248518221,0.1343721582,0.0095203361,1.0000000000,1.0000000000
15.6910000000,15691.0000000000,1.0000000000,-1.0000000000,0.0000000000,57.0000000000,0.8652423539,0.0000000000,0.1347576461,0.8747715549,0.0000000000,0.1252284451,0.1252284451,0.1347576461,0.0095292011,1.0000000000,1.0000000000
15.6920000000,15692.0000000000,1.0000000000,-1.0000000000,0.0000000000,57.0000000000,0.8648522293,0.0000000000,0.1351477707,0.8743908837,0.0000000000,0.1256091163,0.1256091163,0.1351477707,0.0095386544,1.0000000000,1.0000000000
15.6930000000,15693.0000000000,1.0000000000,-1.0000000000,0.0000000000,57.0000000000,0.8644574408,0.0000000000,0.1355425592,0.8740061381,0.0000000000,0.1259938619,0.1259938619,0.1355425592,0.0095486973,1.0000000000,1.0000000000
15.6940000000,15694.0000000000,1.0000000000,-1.0000000000,0.0000000000,57.0000000000,0.8640579603,0.0000000000,0.1359420397,0.8736172916,0.0000000000,0.1263827084,0.1263827084,0.1359420397,0.0095593313,1.0000000000,1.0000000000
15.6950000000,15695.0000000000,1.0000000000,-1.0000000000,0.0000000000,57.0000000000,0.8636537594,0.0000000000,0.1363462406,0.8732243174,0.0000000000,0.1267756826,0.1267756826,0.1363462406,0.0095705580,1.0000000000,1.0000000000
15.6960000000,15696.0000000000,1.0000000000,-1.0000000000,0.0000000000,57.0000000000,0.8632448091,0.0000000000,0.1367551909,0.8728271884,0.0000000000,0.1271728116,0.1271728116,0.1367551909,0.0095823793,1.0000000000,1.0000000000
15.6970000000,15697.0000000000,1.0000000000,-1.0000000000,0.0000000000,57.0000000000,0.8628310799,0.0000000000,0.1371689201,0.8724258770,0.0000000000,0.1275741230,0.1275741230,0.1371689201,0.0095947971,1.0000000000,1.0000000000
15.6980000000,15698.0000000000,1.0000000000,-1.0000000000,0.0000000000,57.0000000000,0.8624125419,0.0000000000,0.1375874581,0.8720203554,0.0000000000,0.1279796446,0.1279796446,0.1375874581,0.0096078136,1.0000000000,1.0000000000
15.6990000000,15699.0000000000,1.0000000000,-1.0000000000,0.0000000000,57.0000000000,0.8619891646,0.0000000000,0.1380108354,0.8716105955,0.0000000000,0.1283894045,0.1283894045,0.1380108354,0.0096214310,1.0000000000,1.0000000000
15.7000000000,15700.0000000000,1.0000000000,-1.0000000000,0.0000000000,57.0000000000,0.8615609171,0.0000000000,0.1384390829,0.8711965688,0.0000000000,0.1288034312,0.1288034312,0.1384390829,0.0096356518,1.0000000000,1.0000000000
15.7010000000,15701.0000000000,1.0000000000,-1.0000000000,0.0000000000,57.0000000000,0.8611277680,0.0000000000,0.1388722320,0.8707782465,0.0000000000,0.1292217535,0.1292217535,0.1388722320,0.0096504785,1.0000000000,1.0000000000
15.7020000000,15702.0000000000,1.0000000000,-1.0000000000,0.0000000000,57.0000000000,0.8606896855,0.0000000000,0.1393103145,0.8703555995,0.0000000000,0.1296444005,0.1296444005,0.1393103145,0.0096659140,1.0000000000,1.0000000000
15.7030000000,15703.0000000000,1.0000000000,-1.0000000000,0.0000000000,57.0000000000,0.8602466375,0.0000000000,0.1397533625,0.8699285984,0.0000000000,0.1300714016,0.1300714016,0.1397533625,0.0096819609,1.0000000000,1.0000000000
15.7040000000,15704.0000000000,1.0000000000,-1.0000000000,0.0000000000,57.0000000000,0.8597985912,0.0000000000,0.1402014088,0.8694972135,0.0000000000,0.1305027865,0.1305027865,0.1402014088,0.0096986222,1.0000000000,1.0000000000
15.7050000000,15705.0000000000,1.0000000000,-1.0000000000,0.0000000000,57.0000000000,0.8593455137,0.0000000000,0.1406544863,0.8690614148,0.0000000000,0.1309385852,0.1309385852,0.1406544863,0.0097159011,1.0000000000,1.0000000000
15.7060000000,15706.0000000000,1.0000000000,-1.0000000000,0.0000000000,57.0000000000,0.8588873715,0.0000000000,0.1411126285,0.8686211721,0.0000000000,0.1313788279,0.1313788279,0.1411126285,0.0097338007,1.0000000000,1.0000000000
15.7070000000,15707.0000000000,1.0000000000,-1.0000000000,0.0000000000,57.0000000000,0.8584241307,0.0000000000,0.1415758693,0.8681764548,0.0000000000,0.1318235452,0.1318235452,0.1415758693,0.0097523241,1.0000000000,1.0000000000
15.7080000000,15708.0000000000,1.0000000000,-1.0000000000,0.0000000000,57.0000000000,0.8579557572,0.0000000000,0.1420442428,0.8677272321,0.0000000000,0.1322727679,0.1322727679,0.1420442428,0.0097714749,1.0000000000,1.0000000000
15.7090000000,15709.0000000000,1.0000000000,-1.0000000000,0.0000000000,57.0000000000,0.8574822165,0.0000000000,0.1425177835,0.8672734730,0.0000000000,0.1327265270,0.1327265270,0.1425177835,0.0097912564,1.0000000000,1.0000000000
15.7100000000,15710.0000000000,1.0000000000,-1.0000000000,0.0000000000,57.0000000000,0.8570034738,0.0000000000,0.1429965262,0.8668151460,0.0000000000,0.1331848540,0.1331848540,0.1429965262,0.0098116722,1.0000000000,1.0000000000
15.7110000000,15711.0000000000,1.0000000000,-1.0000000000,0.0000000000,57.0000000000,0.8565194937,0.0000000000,0.1434805063,0.8663522197,0.0000000000,0.1336477803,0.1336477803,0.1434805063,0.0098327259,1.0000000000,1.0000000000
15.7120000000,15712.0000000000,1.0000000000,-1.0000000000,0.0000000000,57.0000000000,0.8560302409,0.0000000000,0.1439697591,0.8658846621,0.0000000000,0.1341153379,0.1341153379,0.1439697591,0.0098544212,1.0000000000,1.0000000000
15.7130000000,15713.0000000000,1.0000000000,-1.0000000000,0.0000000000,57.0000000000,0.8555356796,0.0000000000,0.1444643204,0.8654124414,0.0000000000,0.1345875586,0.1345875586,0.1444643204,0.0098767618,1.0000000000,1.0000000000
15.7140000000,15714.0000000000,1.0000000000,-1.0000000000,0.0000000000,57.0000000000,0.8550357736,0.0000000000,0.1449642264,0.8649355251,0.0000000000,0.1350644749,0.1350644749,0.1449642264,0.0098997515,1.0000000000,1.0000000000
15.7150000000,15715.0000000000,1.0000000000,-1.0000000000,0.0000000000,57.0000000000,0.8545304866,0.0000000000,0.1454695134,0.8644538809,0.0000000000,0.1355461191,0.1355461191,0.1454695134,0.0099233942,1.0000000000,1.0000000000
15.7160000000,15716.0000000000,1.0000000000,-1.0000000000,0.0000000000,57.0000000000,0.8540197822,0.0000000000,0.1459802178,0.8639674760,0.0000000000,0.1360325240,0.1360325240,0.1459802178,0.0099476938,1.0000000000,1.0000000000
15.7170000000,15717.0000000000,1.0000000000,-1.0000000000,0.0000000000,57.0000000000,0.8535036233,0.0000000000,0.1464963767,0.8634762776,0.0000000000,0.1365237224,0.1365237224,0.1464963767,0.0099726543,1.0000000000,1.0000000000
15.7180000000,15718.0000000000,1.0000000000,-1.0000000000,0.0000000000,57.0000000000,0.8529819730,0.0000000000,0.1470180270,0.8629802526,0.0000000000,0.1370197474,0.1370197474,0.1470180270,0.0099982795,1.0000000000,1.0000000000
15.7190000000,15719.0000000000,1.0000000000,-1.0000000000,0.0000000000,57.0000000000,0.8524547941,0.0000000000,0.1475452059,0.8624793677,0.0000000000,0.1375206323,0.1375206323,0.1475452059,0.0100245736,1.0000000000,1.0000000000
15.7200000000,15720.0000000000,1.0000000000,-1.0000000000,0.0000000000,57.0000000000,0.8519220492,0.0000000000,0.1480779508,0.8619735897,0.0000000000,0.1380264103,0.1380264103,0.1480779508,0.0100515405,1.0000000000,1.0000000000
15.7210000000,15721.0000000000,1.0000000000,-1.0000000000,0.0000000000,57.0000000000,0.8513837006,0.0000000000,0.1486162994,0.8614628850,0.0000000000,0.1385371150,0.1385371150,0.1486162994,0.0100791844,1.0000000000,1.0000000000
15.7220000000,15722.0000000000,1.0000000000,-1.0000000000,0.0000000000,57.0000000000,0.8508397107,0.0000000000,0.1491602893,0.8609472199,0.0000000000,0.1390527801,0.1390527801,0.1491602893,0.0101075092,1.0000000000,1.0000000000
15.7230000000,15723.0000000000,1.0000000000,-1.0000000000,0.0000000000,57.0000000000,0.8502900415,0.0000000000,0.1497099585,0.8604265606,0.0000000000,0.1395734394,0.1395734394,0.1497099585,0.0101365191,1.0000000000,1.0000000000
15.7240000000,15724.0000000000,1.0000000000,-1.0000000000,0.0000000000,57.0000000000,0.8497346552,0.0000000000,0.1502653448,0.8599008732,0.0000000000,0.1400991268,0.1400991268,0.1502653448,0.0101662181,1.0000000000,1.0000000000
15.7250000000,15725.0000000000,1.0000000000,-1.0000000000,0.0000000000,57.0000000000,0.8491735137,0.0000000000,0.1508264863,0.8593701238,0.0000000000,0.1406298762,0.1406298762,0.1508264863,0.0101966102,1.0000000000,1.0000000000
15.7260000000,15726.0000000000,1.0000000000,-1.0000000000,0.0000000000,57.0000000000,0.8486065788,0.0000000000,0.1513934212,0.8588342783,0.0000000000,0.1411657217,0.1411657217,0.1513934212,0.0102276995,1.0000000000,1.0000000000
15.7270000000,15727.0000000000,1.0000000000,-1.0000000000,0.0000000000,57.0000000000,0.8480338125,0.0000000000,0.1519661875,0.8582933026,0.0000000000,0.1417066974,0.1417066974,0.1519661875,0.0102594900,1.0000000000,1.0000000000
15.7280000000,15728.0000000000,1.0000000000,-1.0000000000,0.0000000000,57.0000000000,0.8474551767,0.0000000000,0.1525448233,0.8577471624,0.0000000000,0.1422528376,0.1422528376,0.1525448233,0.0102919858,1.0000000000,1.0000000000
15.7290000000,15729.0000000000,1.0000000000,-1.0000000000,0.0000000000,57.0000000000,0.8468706331,0.0000000000,0.1531293669,0.8571958237,0.0000000000,0.1428041763,0.1428041763,0.1531293669,0.0103251906,1.0000000000,1.0000000000
15.7300000000,15730.0000000000,1.0000000000,-1.0000000000,0.0000000000,57.0000000000,0.8462801436,0.0000000000,0.1537198564,0.8566392521,0.0000000000,0.1433607479,0.1433607479,0.1537198564,0.0103591085,1.0000000000,1.0000000000
15.7310000000,15731.0000000000,1.0000000000,-1.0000000000,0.0000000000,57.0000000000,0.8456836702,0.0000000000,0.1543163298,0.8560774135,0.0000000000,0.1439225865,0.1439225865,0.1543163298,0.0103937433,1.0000000000,1.0000000000
15.7320000000,15732.0000000000,1.0000000000,-1.0000000000,0.0000000000,57.0000000000,0.8450811750,0.0000000000,0.1549188250,0.8555102738,0.0000000000,0.1444897262,0.1444897262,0.1549188250,0.0104290988,1.0000000000,1.0000000000
15.7330000000,15733.0000000000,1.0000000000,-1.0000000000,0.0000000000,57.0000000000,0.8444726201,0.0000000000,0.1555273799,0.8549377987,0.0000000000,0.1450622013,0.1450622013,0.1555273799,0.0104651787,1.0000000000,1.0000000000
15.7340000000,15734.0000000000,1.0000000000,-1.0000000000,0.0000000000,57.0000000000,0.8438579677,0.0000000000,0.1561420323,0.8543599543,0.0000000000,0.1456400457,0.1456400457,0.1561420323,0.0105019866,1.0000000000,1.0000000000
15.7350000000,15735.0000000000,1.0000000000,-1.0000000000,0.0000000000,57.0000000000,0.8432371804,0.0000000000,0.1567628196,0.8537767066,0.0000000000,0.1462232934,0.1462232934,0.1567628196,0.0105395261,1.0000000000,1.0000000000
15.7360000000,15736.0000000000,1.0000000000,-1.0000000000,0.0000000000,57.0000000000,0.8426102209,0.0000000000,0.1573897791,0.8531880217,0.0000000000,0.1468119783,0.1468119783,0.1573897791,0.0105778007,1.0000000000,1.0000000000
15.7370000000,15737.0000000000,1.0000000000,-1.0000000000,0.0000000000,57.0000000000,0.8419770521,0.0000000000,0.1580229479,0.8525938659,0.0000000000,0.1474061341,0.1474061341,0.1580229479,0.0106168138,1.0000000000,1.0000000000
15.7380000000,15738.0000000000,1.0000000000,-1.0000000000,0.0000000000,57.0000000000,0.8413376371,0.0000000000,0.1586623629,0.8519942057,0.0000000000,0.1480057943,0.1480057943,0.1586623629,0.0106565686,1.0000000000,1.0000000000
15.7390000000,15739.0000000000,1.0000000000,-1.0000000000,0.0000000000,57.0000000000,0.8406919395,0.0000000000,0.1593080605,0.8513890077,0.0000000000,0.1486109923,0.1486109923,0.1593080605,0.0106970682,1.0000000000,1.0000000000
15.7400000000,15740.0000000000,1.0000000000,-1.0000000000,0.0000000000,57.0000000000,0.8400399232,0.0000000000,0.1599600768,0.8507782389,0.0000000000,0.1492217611,0.1492217611,0.1599600768,0.0107383157,1.0000000000,1.0000000000
15.7410000000,15741.0000000000,1.0000000000,-1.0000000000,0.0000000000,57.0000000000,0.8393815523,0.0000000000,0.1606184477,0.8501618662,0.0000000000,0.1498381338,0.1498381338,0.1606184477,0.0107803139,1.0000000000,1.0000000000
15.7420000000,15742.0000000000,1.0000000000,-1.0000000000,0.0000000000,57.0000000000,0.8387167916,0.0000000000,0.1612832084,0.8495398572,0.0000000000,0.1504601428,0.1504601428,0.1612832084,0.0108230656,1.0000000000,1.0000000000
15.7430000000,15743.0000000000,1.0000000000,-1.0000000000,0.0000000000,57.0000000000,0.8380456062,0.0000000000,0.1619543938,0.8489121794,0.0000000000,0.1510878206,0.1510878206,0.1619543938,0.0108665733,1.0000000000,1.0000000000
15.7440000000,15744.0000000000,1.0000000000,-1.0000000000,0.0000000000,57.0000000000,0.8373679616,0.0000000000,0.1626320384,0.8482788010,0.0000000000,0.1517211990,0.1517211990,0.1626320384,0.0109108394,1.0000000000,1.0000000000
15.7450000000,15745.0000000000,1.0000000000,-1.0000000000,0.0000000000,57.0000000000,0.8366838241,0.0000000000,0.1633161759,0.8476396903,0.0000000000,0.1523603097,0.1523603097,0.1633161759,0.0109558662,1.0000000000,1.0000000000
15.7460000000,15746.0000000000,1.0000000000,-1.0000000000,0.0000000000,57.0000000000,0.8359931605,0.0000000000,0.1640068395,0.8469948161,0.0000000000,0.1530051839,0.1530051839,0.1640068395,0.0110016556,1.0000000000,1.0000000000
15.7470000000,15747.0000000000,1.0000000000,-1.0000000000,0.0000000000,57.0000000000,0.8352959381,0.0000000000,0.1647040619,0.8463441478,0.0000000000,0.1536558522,0.1536558522,0.1647040619,0.0110482096,1.0000000000,1.0000000000
15.7480000000,15748.0000000000,1.0000000000,-1.0000000000,0.0000000000,57.0000000000,0.8345921251,0.0000000000,0.1654078749,0.8456876549,0.0000000000,0.1543123451,0.1543123451,0.1654078749,0.0110955298,1.0000000000,1.0000000000
15.7490000000,15749.0000000000,1.0000000000,-1.0000000000,0.0000000000,57.0000000000,0.8338816903,0.0000000000,0.1661183097,0.8450253077,0.0000000000,0.1549746923,0.1549746923,0.1661183097,0.0111436175,1.0000000000,1.0000000000
15.7500000000,15750.0000000000,1.0000000000,-1.0000000000,0.0000000000,57.0000000000,0.8331646032,0.0000000000,0.1668353968,0.8443570771,0.0000000000,0.1556429229,0.1556429229,0.1668353968,0.0111924739,1.0000000000,1.0000000000
15.7510000000,15751.0000000000,1.0000000000,-1.0000000000,0.0000000000,57.0000000000,0.8324408345,0.0000000000,0.1675591655,0.8436829344,0.0000000000,0.1563170656,0.1563170656,0.1675591655,0.0112421000,1.0000000000,1.0000000000
15.7520000000,15752.0000000000,1.0000000000,-1.0000000000,0.0000000000,57.0000000000,0.8317103553,0.0000000000,0.1682896447,0.8430028517,0.0000000000,0.1569971483,0.1569971483,0.1682896447,0.0112924964,1.0000000000,1.0000000000
15.7530000000,15753.0000000000,1.0000000000,-1.0000000000,0.0000000000,57.0000000000,0.8309731381,0.0000000000,0.1690268619,0.8423168016,0.0000000000,0.1576831984,0.1576831984,0.1690268619,0.0113436635,1.0000000000,1.0000000000
15.7540000000,15754.0000000000,1.0000000000,-1.0000000000,0.0000000000,57.0000000000,0.8302291562,0.0000000000,0.1697708438,0.8416247576,0.0000000000,0.1583752424,0.1583752424,0.1697708438,0.0113956014,1.0000000000,1.0000000000
15.7550000000,15755.0000000000,1.0000000000,-1.0000000000,0.0000000000,57.0000000000,0.8294783838,0.0000000000,0.1705216162,0.8409266939,0.0000000000,0.1590733061,0.1590733061,0.1705216162,0.0114483101,1.0000000000,1.0000000000
15.7560000000,15756.0000000000,1.0000000000,-1.0000000000,0.0000000000,57.0000000000,0.8287207966,0.0000000000,0.1712792034,0.8402225855,0.0000000000,0.1597774145,0.1597774145,0.1712792034,0.0115017888,1.0000000000,1.0000000000
15.7570000000,15757.0000000000,1.0000000000,-1.0000000000,0.0000000000,57.0000000000,0.8279563713,0.0000000000,0.1720436287,0.8395124083,0.0000000000,0.1604875917,0.1604875917,0.1720436287,0.0115560370,1.0000000000,1.0000000000
15.7580000000,15758.0000000000,1.0000000000,-1.0000000000,0.0000000000,57.0000000000,0.8271850857,0.0000000000,0.1728149143,0.8387961391,0.0000000000,0.1612038609,0.1612038609,0.1728149143,0.0116110534,1.0000000000,1.0000000000
15.7590000000,15759.0000000000,1.0000000000,-1.0000000000,0.0000000000,57.0000000000,0.8264069193,0.0000000000,0.1735930807,0.8380737558,0.0000000000,0.1619262442,0.1619262442,0.1735930807,0.0116668366,1.0000000000,1.0000000000
15.7600000000,15760.0000000000,1.0000000000,-1.0000000000,0.0000000000,57.0000000000,0.8256218525,0.0000000000,0.1743781475,0.8373452372,0.0000000000,0.1626547628,0.1626547628,0.1743781475,0.0117233846,1.0000000000,1.0000000000
15.7610000000,15761.0000000000,1.0000000000,-1.0000000000,0.0000000000,57.0000000000,0.8248298677,0.0000000000,0.1751701323,0.8366105631,0.0000000000,0.1633894369,0.1633894369,0.1751701323,0.0117806954,1.0000000000,1.0000000000
15.7620000000,15762.0000000000,1.0000000000,-1.0000000000,0.0000000000,57.0000000000,0.8240309484,0.0000000000,0.1759690516,0.8358697146,0.0000000000,0.1641302854,0.1641302854,0.1759690516,0.0118387662,1.0000000000,1.0000000000
15.7630000000,15763.0000000000,1.0000000000,-1.0000000000,0.0000000000,57.0000000000,0.8232250799,0.0000000000,0.1767749201,0.8351226740,0.0000000000,0.1648773260,0.1648773260,0.1767749201,0.0118975941,1.0000000000,1.0000000000
15.7640000000,15764.0000000000,1.0000000000,-1.0000000000,0.0000000000,57.0000000000,0.8224122492,0.0000000000,0.1775877508,0.8343694248,0.0000000000,0.1656305752,0.1656305752,0.1775877508,0.0119571757,1.0000000000,1.0000000000
15.7650000000,15765.0000000000,1.0000000000,-1.0000000000,0.0000000000,57.0000000000,0.8215924449,0.0000000000,0.1784075551,0.8336099519,0.0000000000,0.1663900481,0.1663900481,0.1784075551,0.0120175070,1.0000000000,1.0000000000
15.7660000000,15766.0000000000,1.0000000000,-1.0000000000,0.0000000000,57.0000000000,0.8207656577,0.0000000000,0.1792343423,0.8328442415,0.0000000000,0.1671557585,0.1671557585,0.1792343423,0.0120785838,1.0000000000,1.0000000000
15.7670000000,15767.0000000000,1.0000000000,-1.0000000000,0.0000000000,57.0000000000,0.8199318799,0.0000000000,0.1800681201,0.8320722813,0.0000000000,0.1679277187,0.1679277187,0.1800681201,0.0121404014,1.0000000000,1.0000000000
15.7680000000,15768.0000000000,1.0000000000,-1.0000000000,0.0000000000,57.0000000000,0.8190911061,0.0000000000,0.1809088939,0.8312940605,0.0000000000,0.1687059395,0.1687059395,0.1809088939,0.0122029544,1.0000000000,1.0000000000
15.7690000000,15769.0000000000,1.0000000000,-1.0000000000,0.0000000000,57.0000000000,0.8182433328,0.0000000000,0.1817566672,0.8305095700,0.0000000000,0.1694904300,0.1694904300,0.1817566672,0.0122662372,1.0000000000,1.0000000000
15.7700000000,15770.0000000000,1.0000000000,-1.0000000000,0.0000000000,57.0000000000,0.8173885587,0.0000000000,0.1826114413,0.8297188022,0.0000000000,0.1702811978,0.1702811978,0.1826114413,0.0123302435,1.0000000000,1.0000000000
15.7710000000,15771.0000000000,1.0000000000,-1.0000000000,0.0000000000,57.0000000000,0.8165267848,0.0000000000,0.1834732152,0.8289217515,0.0000000000,0.1710782485,0.1710782485,0.1834732152,0.0123949667,1.0000000000,1.0000000000
15.7720000000,15772.0000000000,1.0000000000,-1.0000000000,0.0000000000,57.0000000000,0.8156580145,0.0000000000,0.1843419855,0.8281184138,0.0000000000,0.1718815862,0.1718815862,0.1843419855,0.0124603993,1.0000000000,1.0000000000
15.7730000000,15773.0000000000,1.0000000000,-1.0000000000,0.0000000000,57.0000000000,0.8147822535,0.0000000000,0.1852177465,0.8273087871,0.0000000000,0.1726912129,0.1726912129,0.1852177465,0.0125265336,1.0000000000,1.0000000000
15.7740000000,15774.0000000000,1.0000000000,-1.0000000000,0.0000000000,57.0000000000,0.8138995101,0.0000000000,0.1861004899,0.8264928713,0.0000000000,0.1735071287,0.1735071287,0.1861004899,0.0125933612,1.0000000000,1.0000000000
15.7750000000,15775.0000000000,1.0000000000,-1.0000000000,0.0000000000,57.0000000000,0.8130097952,0.0000000000,0.1869902048,0.8256706684,0.0000000000,0.1743293316,0.1743293316,0.1869902048,0.0126608732,1.0000000000,1.0000000000
15.7760000000,15776.0000000000,1.0000000000,-1.0000000000,0.0000000000,57.0000000000,0.8121131225,0.0000000000,0.1878868775,0.8248421825,0.0000000000,0.1751578175,0.1751578175,0.1878868775,0.0127290600,1.0000000000,1.0000000000
15.7770000000,15777.0000000000,1.0000000000,-1.0000000000,0.0000000000,57.0000000000,0.8112095085,0.0000000000,0.1887904915,0.8240074199,0.0000000000,0.1759925801,0.1759925801,0.1887904915,0.0127979114,1.0000000000,1.0000000000
15.7780000000,15778.0000000000,1.0000000000,-1.0000000000,0.0000000000,57.0000000000,0.8102989725,0.0000000000,0.1897010275,0.8231663892,0.0000000000,0.1768336108,0.1768336108,0.1897010275,0.0128674167,1.0000000000,1.0000000000
15.7790000000,15779.0000000000,1.0000000000,-1.0000000000,0.0000000000,57.0000000000,0.8093815369,0.0000000000,0.1906184631,0.8223191014,0.0000000000,0.1776808986,0.1776808986,0.1906184631,0.0129375645,1.0000000000,1.0000000000
15.7800000000,15780.0000000000,1.0000000000,-1.0000000000,0.0000000000,57.0000000000,0.8084572272,0.0000000000,0.1915427728,0.8214655699,0.0000000000,0.1785344301,0.1785344301,0.1915427728,0.0130083427,1.0000000000,1.0000000000
15.7810000000,15781.0000000000,1.0000000000,-1.0000000000,0.0000000000,57.0000000000,0.8075260722,0.0000000000,0.1924739278,0.8206058109,0.0000000000,0.1793941891,0.1793941891,0.1924739278,0.0130797387,1.0000000000,1.0000000000
15.7820000000,15782.0000000000,1.0000000000,-1.0000000000,0.0000000000,57.0000000000,0.8065881038,0.0000000000,0.1934118962,0.8197398430,0.0000000000,0.1802601570,0.1802601570,0.1934118962,0.0131517392,1.0000000000,1.0000000000
15.7830000000,15783.0000000000,1.0000000000,-1.0000000000,0.0000000000,57.0000000000,0.8056433575,0.0000000000,0.1943566425,0.8188676875,0.0000000000,0.1811323125,0.1811323125,0.1943566425,0.0132243300,1.0000000000,1.0000000000
15.7840000000,15784.0000000000,1.0000000000,-1.0000000000,0.0000000000,57.0000000000,0.8046918724,0.0000000000,0.1953081276,0.8179893689,0.0000000000,0.1820106311,0.1820106311,0.1953081276,0.0132974965,1.0000000000,1.0000000000
15.7850000000,15785.0000000000,1.0000000000,-1.0000000000,0.0000000000,57.0000000000,0.8037336909,0.0000000000,0.1962663091,0.8171049142,0.0000000000,0.1828950858,0.1828950858,0.1962663091,0.0133712233,1.0000000000,1.0000000000
15.7860000000,15786.0000000000,1.0000000000,-1.0000000000,0.0000000000,57.0000000000,0.8027688594,0.0000000000,0.1972311406,0.8162143537,0.0000000000,0.1837856463,0.1837856463,0.1972311406,0.0134454943,1.0000000000,1.0000000000
15.7870000000,15787.0000000000,1.0000000000,-1.0000000000,0.0000000000,57.0000000000,0.8017974280,0.0000000000,0.1982025720,0.8153177206,0.0000000000,0.1846822794,0.1846822794,0.1982025720,0.0135202926,1.0000000000,1.0000000000
15.7880000000,15788.0000000000,1.0000000000,-1.0000000000,0.0000000000,57.0000000000,0.8008194509,0.0000000000,0.1991805491,0.8144150516,0.0000000000,0.1855849484,0.1855849484,0.1991805491,0.0135956006,1.0000000000,1.0000000000
15.7890000000,15789.0000000000,1.0000000000,-1.0000000000,0.0000000000,57.0000000000,0.7998349861,0.0000000000,0.2001650139,0.8135063864,0.0000000000,0.1864936136,0.1864936136,0.2001650139,0.0136714002,1.0000000000,1.0000000000
15.7900000000,15790.0000000000,1.0000000000,-1.0000000000,0.0000000000,57.0000000000,0.7988440960,0.0000000000,0.2011559040,0.8125917683,0.0000000000,0.1874082317,0.1874082317,0.2011559040,0.0137476723,1.0000000000,1.0000000000
15.7910000000,15791.0000000000,1.0000000000,-1.0000000000,0.0000000000,57.0000000000,0.7978468469,0.0000000000,0.2021531531,0.8116712440,0.0000000000,0.1883287560,0.1883287560,0.2021531531,0.0138243972,1.0000000000,1.0000000000
15.7920000000,15792.0000000000,1.0000000000,-1.0000000000,0.0000000000,57.0000000000,0.7968433097,0.0000000000,0.2031566903,0.8107448640,0.0000000000,0.1892551360,0.1892551360,0.2031566903,0.0139015543,1.0000000000,1.0000000000
15.7930000000,15793.0000000000,1.0000000000,-1.0000000000,0.0000000000,57.0000000000,0.7958335597,0.0000000000,0.2041664403,0.8098126821,0.0000000000,0.1901873179,0.1901873179,0.2041664403,0.0139791224,1.0000000000,1.0000000000
15.7940000000,15794.0000000000,1.0000000000,-1.0000000000,0.0000000000,57.0000000000,0.7948176767,0.0000000000,0.2051823233,0.8088747563,0.0000000000,0.1911252437,0.1911252437,0.2051823233,0.0140570797,1.0000000000,1.0000000000
15.7950000000,15795.0000000000,1.0000000000,-1.0000000000,0.0000000000,57.0000000000,0.7937957451,0.0000000000,0.2062042549,0.8079311483,0.0000000000,0.1920688517,0.1920688517,0.2062042549,0.0141354032,1.0000000000,1.0000000000
15.7960000000,15796.0000000000,1.0000000000,-1.0000000000,0.0000000000,57.0000000000,0.7927678542,0.0000000000,0.2072321458,0.8069819238,0.0000000000,0.1930180762,0.1930180762,0.2072321458,0.0142140696,1.0000000000,1.0000000000
15.7970000000,15797.0000000000,1.0000000000,-1.0000000000,0.0000000000,57.0000000000,0.7917340978,0.0000000000,0.2082659022,0.8060271525,0.0000000000,0.1939728475,0.1939728475,0.2082659022,0.0142930546,1.0000000000,1.0000000000
15.7980000000,15798.0000000000,1.0000000000,-1.0000000000,0.0000000000,57.0000000000,0.7906945750,0.0000000000,0.2093054250,0.8050669083,0.0000000000,0.1949330917,0.1949330917,0.2093054250,0.0143723333,1.0000000000,1.0000000000
15.7990000000,15799.0000000000,1.0000000000,-1.0000000000,0.0000000000,57.0000000000,0.7896493895,0.0000000000,0.2103506105,0.8041012696,0.0000000000,0.1958987304,0.1958987304,0.2103506105,0.0144518801,1.0000000000,1.0000000000
15.8000000000,15800.0000000000,1.0000000000,-1.0000000000,0.0000000000,57.0000000000,0.7885986504,0.0000000000,0.2114013496,0.8031303188,0.0000000000,0.1968696812,0.1968696812,0.2114013496,0.0145316685,1.0000000000,1.0000000000
15.8010000000,15801.0000000000,1.0000000000,-1.0000000000,0.0000000000,57.0000000000,0.7875424717,0.0000000000,0.2124575283,0.8021541430,0.0000000000,0.1978458570,0.1978458570,0.2124575283,0.0146116713,1.0000000000,1.0000000000
15.8020000000,15802.0000000000,1.0000000000,-1.0000000000,0.0000000000,57.0000000000,0.7864809729,0.0000000000,0.2135190271,0.8011728338,0.0000000000,0.1988271662,0.1988271662,0.2135190271,0.0146918609,1.0000000000,1.0000000000
15.8030000000,15803.0000000000,1.0000000000,-1.0000000000,0.0000000000,57.0000000000,0.7854142786,0.0000000000,0.2145857214,0.8001864872,0.0000000000,0.1998135128,0.1998135128,0.2145857214,0.0147722086,1.0000000000,1.0000000000
15.8040000000,15804.0000000000,1.0000000000,-1.0000000000,0.0000000000,57.0000000000,0.7843425189,0.0000000000,0.2156574811,0.7991952041,0.0000000000,0.2008047959,0.2008047959,0.2156574811,0.0148526853,1.0000000000,1.0000000000
15.8050000000,15805.0000000000,1.0000000000,-1.0000000000,0.0000000000,57.0000000000,0.7832658292,0.0000000000,0.2167341708,0.7981990903,0.0000000000,0.2018009097,0.2018009097,0.2167341708,0.0149332611,1.0000000000,1.0000000000
15.8060000000,15806.0000000000,1.0000000000,-1.0000000000,0.0000000000,57.0000000000,0.7821843505,0.0000000000,0.2178156495,0.7971982561,0.0000000000,0.2028017439,0.2028017439,0.2178156495,0.0150139056,1.0000000000,1.0000000000
15.8070000000,15807.0000000000,1.0000000000,-1.0000000000,0.0000000000,57.0000000000,0.7810982293,0.0000000000,0.2189017707,0.7961928170,0.0000000000,0.2038071830,0.2038071830,0.2189017707,0.0150945877,1.0000000000,1.0000000000
15.8080000000,15808.0000000000,1.0000000000,-1.0000000000,0.0000000000,57.0000000000,0.7800076178,0.0000000000,0.2199923822,0.7951828934,0.0000000000,0.2048171066,0.2048171066,0.2199923822,0.0151752756,1.0000000000,1.0000000000
15.8090000000,15809.0000000000,1.0000000000,-1.0000000000,0.0000000000,57.0000000000,0.7789126736,0.0000000000,0.2210873264,0.7941686108,0.0000000000,0.2058313892,0.2058313892,0.2210873264,0.0152559372,1.0000000000,1.0000000000
15.8100000000,15810.0000000000,1.0000000000,-1.0000000000,0.0000000000,57.0000000000,0.7778135602,0.0000000000,0.2221864398,0.7931500998,0.0000000000,0.2068499002,0.2068499002,0.2221864398,0.0153365396,1.0000000000,1.0000000000
15.8110000000,15811.0000000000,1.0000000000,-1.0000000000,0.0000000000,57.0000000000,0.7767104468,0.0000000000,0.2232895532,0.7921274963,0.0000000000,0.2078725037,0.2078725037,0.2232895532,0.0154170495,1.0000000000,1.0000000000
15.8120000000,15812.0000000000,1.0000000000,-1.0000000000,0.0000000000,57.0000000000,0.7756035080,0.0000000000,0.2243964920,0.7911009412,0.0000000000,0.2088990588,0.2088990588,0.2243964920,0.0154974332,1.0000000000,1.0000000000
15.8130000000,15813.0000000000,1.0000000000,-1.0000000000,0.0000000000,57.0000000000,0.7744929244,0.0000000000,0.2255070756,0.7900705808,0.0000000000,0.2099294192,0.2099294192,0.2255070756,0.0155776564,1.0000000000,1.0000000000
15.8140000000,15814.0000000000,1.0000000000,-1.0000000000,0.0000000000,57.0000000000,0.7733788822,0.0000000000,0.2266211178,0.7890365667,0.0000000000,0.2109634333,0.2109634333,0.2266211178,0.0156576844,1.0000000000,1.0000000000
15.8150000000,15815.0000000000,1.0000000000,-1.0000000000,0.0000000000,57.0000000000,0.7722615735,0.0000000000,0.2277384265,0.7879990559,0.0000000000,0.2120009441,0.2120009441,0.2277384265,0.0157374824,1.0000000000,1.0000000000
15.8160000000,15816.0000000000,1.0000000000,-1.0000000000,0.0000000000,57.0000000000,0.7711411959,0.0000000000,0.2288588041,0.7869582109,0.0000000000,0.2130417891,0.2130417891,0.2288588041,0.0158170150,1.0000000000,1.0000000000
15.8170000000,15817.0000000000,1.0000000000,-1.0000000000,0.0000000000,57.0000000000,0.7700179526,0.0000000000,0.2299820474,0.7859141992,0.0000000000,0.2140858008,0.2140858008,0.2299820474,0.0158962465,1.0000000000,1.0000000000
15.8180000000,15818.0000000000,1.0000000000,-1.0000000000,0.0000000000,57.0000000000,0.7688920527,0.0000000000,0.2311079473,0.7848671940,0.0000000000,0.2151328060,0.2151328060,0.2311079473,0.0159751413,1.0000000000,1.0000000000
15.8190000000,15819.0000000000,1.0000000000,-1.0000000000,0.0000000000,57.0000000000,0.7677637108,0.0000000000,0.2322362892,0.7838173740,0.0000000000,0.2161826260,0.2161826260,0.2322362892,0.0160536632,1.0000000000,1.0000000000
15.8200000000,15820.0000000000,1.0000000000,-1.0000000000,0.0000000000,57.0000000000,0.7666331469,0.0000000000,0.2333668531,0.7827649231,0.0000000000,0.2172350769,0.2172350769,0.2333668531,0.0161317762,1.0000000000,1.0000000000
15.8210000000,15821.0000000000,1.0000000000,-1.0000000000,0.0000000000,57.0000000000,0.7655005867,0.0000000000,0.2344994133,0.7817100307,0.0000000000,0.2182899693,0.2182899693,0.2344994133,0.0162094440,1.0000000000,1.0000000000
15.8220000000,15822.0000000000,1.0000000000,-1.0000000000,0.0000000000,57.0000000000,0.7643662611,0.0000000000,0.2356337389,0.7806528916,0.0000000000,0.2193471084,0.2193471084,0.2356337389,0.0162866305,1.0000000000,1.0000000000
15.8230000000,15823.0000000000,1.0000000000,-1.0000000000,0.0000000000,57.0000000000,0.7632304064,0.0000000000,0.2367695936,0.7795937059,0.0000000000,0.2204062941,0.2204062941,0.2367695936,0.0163632995,1.0000000000,1.0000000000
15.8240000000,15824.0000000000,1.0000000000,-1.0000000000,0.0000000000,57.0000000000,0.7620932643,0.0000000000,0.2379067357,0.7785326791,0.0000000000,0.2214673209,0.2214673209,0.2379067357,0.0164394148,1.0000000000,1.0000000000
15.8250000000,15825.0000000000,1.0000000000,-1.0000000000,0.0000000000,57.0000000000,0.7609550812,0.0000000000,0.2390449188,0.7774700218,0.0000000000,0.2225299782,0.2225299782,0.2390449188,0.0165149407,1.0000000000,1.0000000000
15.8260000000,15826.0000000000,1.0000000000,-1.0000000000,0.0000000000,57.0000000000,0.7598161088,0.0000000000,0.2401838912,0.7764059501,0.0000000000,0.2235940499,0.2235940499,0.2401838912,0.0165898413,1.0000000000,1.0000000000
15.8270000000,15827.0000000000,1.0000000000,-1.0000000000,0.0000000000,57.0000000000,0.7586766035,0.0000000000,0.2413233965,0.7753406850,0.0000000000,0.2246593150,0.2246593150,0.2413233965,0.0166640815,1.0000000000,1.0000000000
15.8280000000,15828.0000000000,1.0000000000,-1.0000000000,0.0000000000,57.0000000000,0.7575368266,0.0000000000,0.2424631734,0.7742744526,0.0000000000,0.2257255474,0.2257255474,0.2424631734,0.0167376260,1.0000000000,1.0000000000
15.8290000000,15829.0000000000,1.0000000000,-1.0000000000,0.0000000000,57.0000000000,0.7563970437,0.0000000000,0.2436029563,0.7732074841,0.0000000000,0.2267925159,0.2267925159,0.2436029563,0.0168104404,1.0000000000,1.0000000000
15.8300000000,15830.0000000000,1.0000000000,-1.0000000000,0.0000000000,57.0000000000,0.7552575250,0.0000000000,0.2447424750,0.7721400155,0.0000000000,0.2278599845,0.2278599845,0.2447424750,0.0168824905,1.0000000000,1.0000000000
15.8310000000,15831.0000000000,1.0000000000,-1.0000000000,0.0000000000,57.0000000000,0.7541185447,0.0000000000,0.2458814553,0.7710722876,0.0000000000,0.2289277124,0.2289277124,0.2458814553,0.0169537430,1.0000000000,1.0000000000
15.8320000000,15832.0000000000,1.0000000000,-1.0000000000,0.0000000000,57.0000000000,0.7529803810,0.0000000000,0.2470196190,0.7700045459,0.0000000000,0.2299954541,0.2299954541,0.2470196190,0.0170241649,1.0000000000,1.0000000000
15.8330000000,15833.0000000000,1.0000000000,-1.0000000000,0.0000000000,57.0000000000,0.7518433161,0.0000000000,0.2481566839,0.7689370402,0.0000000000,0.2310629598,0.2310629598,0.2481566839,0.0170937242,1.0000000000,1.0000000000
15.8340000000,15834.0000000000,1.0000000000,-1.0000000000,0.0000000000,57.0000000000,0.7507076355,0.0000000000,0.2492923645,0.7678700250,0.0000000000,0.2321299750,0.2321299750,0.2492923645,0.0171623895,1.0000000000,1.0000000000
15.8350000000,15835.0000000000,1.0000000000,-1.0000000000,0.0000000000,57.0000000000,0.7495736284,0.0000000000,0.2504263716,0.7668037587,0.0000000000,0.2331962413,0.2331962413,0.2504263716,0.0172301304,1.0000000000,1.0000000000
15.8360000000,15836.0000000000,1.0000000000,-1.0000000000,0.0000000000,57.0000000000,0.7484415866,0.0000000000,0.2515584134,0.7657385040,0.0000000000,0.2342614960,0.2342614960,0.2515584134,0.0172969174,1.0000000000,1.0000000000
15.8370000000,15837.0000000000,1.0000000000,-1.0000000000,0.0000000000,57.0000000000,0.7473118052,0.0000000000,0.2526881948,0.7646745274,0.0000000000,0.2353254726,0.2353254726,0.2526881948,0.0173627222,1.0000000000,1.0000000000
15.8380000000,15838.0000000000,1.0000000000,-1.0000000000,0.0000000000,57.0000000000,0.7461845816,0.0000000000,0.2538154184,0.7636120989,0.0000000000,0.2363879011,0.2363879011,0.2538154184,0.0174275173,1.0000000000,1.0000000000
15.8390000000,15839.0000000000,1.0000000000,-1.0000000000,0.0000000000,57.0000000000,0.7450602156,0.0000000000,0.2549397844,0.7625514922,0.0000000000,0.2374485078,0.2374485078,0.2549397844,0.0174912766,1.0000000000,1.0000000000
15.8400000000,15840.0000000000,1.0000000000,-1.0000000000,0.0000000000,57.0000000000,0.7439390091,0.0000000000,0.2560609909,0.7614929843,0.0000000000,0.2385070157,0.2385070157,0.2560609909,0.0175539752,1.0000000000,1.0000000000
15.8410000000,15841.0000000000,1.0000000000,-1.0000000000,0.0000000000,57.0000000000,0.7428212654,0.0000000000,0.2571787346,0.7604368549,0.0000000000,0.2395631451,0.2395631451,0.2571787346,0.0176155895,1.0000000000,1.0000000000
15.8420000000,15842.0000000000,1.0000000000,-1.0000000000,0.0000000000,57.0000000000,0.7417072894,0.0000000000,0.2582927106,0.7593833869,0.0000000000,0.2406166131,0.2406166131,0.2582927106,0.0176760974,1.0000000000,1.0000000000
15.8430000000,15843.0000000000,1.0000000000,-1.0000000000,0.0000000000,57.0000000000,0.7405973873,0.0000000000,0.2594026127,0.7583328654,0.0000000000,0.2416671346,0.2416671346,0.2594026127,0.0177354781,1.0000000000,1.0000000000
15.8440000000,15844.0000000000,1.0000000000,-1.0000000000,0.0000000000,57.0000000000,0.7394918656,0.0000000000,0.2605081344,0.7572855782,0.0000000000,0.2427144218,0.2427144218,0.2605081344,0.0177937126,1.0000000000,1.0000000000
15.8450000000,15845.0000000000,1.0000000000,-1.0000000000,0.0000000000,57.0000000000,0.7383910316,0.0000000000,0.2616089684,0.7562418147,0.0000000000,0.2437581853,0.2437581853,0.2616089684,0.0178507831,1.0000000000,1.0000000000
15.8460000000,15846.0000000000,1.0000000000,-1.0000000000,0.0000000000,57.0000000000,0.7372951925,0.0000000000,0.2627048075,0.7552018664,0.0000000000,0.2447981336,0.2447981336,0.2627048075,0.0179066739,1.0000000000,1.0000000000
15.8470000000,15847.0000000000,1.0000000000,-1.0000000000,0.0000000000,57.0000000000,0.7362046553,0.0000000000,0.2637953447,0.7541660260,0.0000000000,0.2458339740,0.2458339740,0.2637953447,0.0179613708,1.0000000000,1.0000000000
15.8480000000,15848.0000000000,1.0000000000,-1.0000000000,0.0000000000,57.0000000000,0.7351197262,0.0000000000,0.2648802738,0.7531345875,0.0000000000,0.2468654125,0.2468654125,0.2648802738,0.0180148614,1.0000000000,1.0000000000
15.8490000000,15849.0000000000,1.0000000000,-1.0000000000,0.0000000000,57.0000000000,0.7340407106,0.0000000000,0.2659592894,0.7521078457,0.0000000000,0.2478921543,0.2478921543,0.2659592894,0.0180671351,1.0000000000,1.0000000000
15.8500000000,15850.0000000000,1.0000000000,-1.0000000000,0.0000000000,57.0000000000,0.7329679126,0.0000000000,0.2670320874,0.7510860961,0.0000000000,0.2489139039,0.2489139039,0.2670320874,0.0181181835,1.0000000000,1.0000000000
15.8510000000,15851.0000000000,1.0000000000,-1.0000000000,0.0000000000,57.0000000000,0.7319016343,0.0000000000,0.2680983657,0.7500696341,0.0000000000,0.2499303659,0.2499303659,0.2680983657,0.0181679998,1.0000000000,1.0000000000
15.8520000000,15852.0000000000,1.0000000000,-1.0000000000,0.0000000000,57.0000000000,0.7308421761,0.0000000000,0.2691578239,0.7490587553,0.0000000000,0.2509412447,0.2509412447,0.2691578239,0.0182165792,1.0000000000,1.0000000000
15.8530000000,15853.0000000000,1.0000000000,-1.0000000000,0.0000000000,57.0000000000,0.7297898356,0.0000000000,0.2702101644,0.7480537548,0.0000000000,0.2519462452,0.2519462452,0.2702101644,0.0182639192,1.0000000000,1.0000000000
15.8540000000,15854.0000000000,1.0000000000,-1.0000000000,0.0000000000,57.0000000000,0.7287449076,0.0000000000,0.2712550924,0.7470549267,0.0000000000,0.2529450733,0.2529450733,0.2712550924,0.0183100191,1.0000000000,1.0000000000
15.8550000000,15855.0000000000,1.0000000000,-1.0000000000,0.0000000000,57.0000000000,0.7277076840,0.0000000000,0.2722923160,0.7460625643,0.0000000000,0.2539374357,0.2539374357,0.2722923160,0.0183548804,1.0000000000,1.0000000000
15.8560000000,15856.0000000000,1.0000000000,-1.0000000000,0.0000000000,57.0000000000,0.7266784527,0.0000000000,0.2733215473,0.7450769593,0.0000000000,0.2549230407,0.2549230407,0.2733215473,0.0183985067,1.0000000000,1.0000000000
15.8570000000,15857.0000000000,1.0000000000,-1.0000000000,0.0000000000,57.0000000000,0.7256574979,0.0000000000,0.2743425021,0.7440984016,0.0000000000,0.2559015984,0.2559015984,0.2743425021,0.0184409037,1.0000000000,1.0000000000
15.8580000000,15858.0000000000,1.0000000000,-1.0000000000,0.0000000000,57.0000000000,0.7246450994,0.0000000000,0.2753549006,0.7431271787,0.0000000000,0.2568728213,0.2568728213,0.2753549006,0.0184820793,1.0000000000,1.0000000000
15.8590000000,15859.0000000000,1.0000000000,-1.0000000000,0.0000000000,57.0000000000,0.7236415323,0.0000000000,0.2763584677,0.7421635760,0.0000000000,0.2578364240,0.2578364240,0.2763584677,0.0185220437,1.0000000000,1.0000000000
15.8600000000,15860.0000000000,1.0000000000,-1.0000000000,0.0000000000,57.0000000000,0.7226470667,0.0000000000,0.2773529333,0.7412078756,0.0000000000,0.2587921244,0.2587921244,0.2773529333,0.0185608089,1.0000000000,1.0000000000
15.8610000000,15861.0000000000,1.0000000000,-1.0000000000,0.0000000000,57.0000000000,0.7216619674,0.0000000000,0.2783380326,0.7402603567,0.0000000000,0.2597396433,0.2597396433,0.2783380326,0.0185983894,1.0000000000,1.0000000000
15.8620000000,15862.0000000000,1.0000000000,-1.0000000000,0.0000000000,57.0000000000,0.7206864932,0.0000000000,0.2793135068,0.7393212948,0.0000000000,0.2606787052,0.2606787052,0.2793135068,0.0186348017,1.0000000000,1.0000000000
15.8630000000,15863.0000000000,1.0000000000,-1.0000000000,0.0000000000,57.0000000000,0.7197208970,0.0000000000,0.2802791030,0.7383909614,0.0000000000,0.2616090386,0.2616090386,0.2802791030,0.0186700644,1.0000000000,1.0000000000
15.8640000000,15864.0000000000,1.0000000000,-1.0000000000,0.0000000000,57.0000000000,0.7187654254,0.0000000000,0.2812345746,0.7374696238,0.0000000000,0.2625303762,0.2625303762,0.2812345746,0.0187041984,1.0000000000,1.0000000000
15.8650000000,15865.0000000000,1.0000000000,-1.0000000000,0.0000000000,57.0000000000,0.7178203180,0.0000000000,0.2821796820,0.7365575446,0.0000000000,0.2634424554,0.2634424554,0.2821796820,0.0187372266,1.0000000000,1.0000000000
15.8660000000,15866.0000000000,1.0000000000,-1.0000000000,0.0000000000,57.0000000000,0.7168858077,0.0000000000,0.2831141923,0.7356549816,0.0000000000,0.2643450184,0.2643450184,0.2831141923,0.0187691738,1.0000000000,1.0000000000
15.8670000000,15867.0000000000,1.0000000000,-1.0000000000,0.0000000000,57.0000000000,0.7159621200,0.0000000000,0.2840378800,0.7347621871,0.0000000000,0.2652378129,0.2652378129,0.2840378800,0.0188000672,1.0000000000,1.0000000000
15.8680000000,15868.0000000000,1.0000000000,-1.0000000000,0.0000000000,57.0000000000,0.7150494725,0.0000000000,0.2849505275,0.7338794081,0.0000000000,0.2661205919,0.2661205919,0.2849505275,0.0188299355,1.0000000000,1.0000000000
15.8690000000,15869.0000000000,1.0000000000,-1.0000000000,0.0000000000,57.0000000000,0.7141480755,0.0000000000,0.2858519245,0.7330068853,0.0000000000,0.2669931147,0.2669931147,0.2858519245,0.0188588099,1.0000000000,1.0000000000
15.8700000000,15870.0000000000,1.0000000000,-1.0000000000,0.0000000000,57.0000000000,0.7132581306,0.0000000000,0.2867418694,0.7321448536,0.0000000000,0.2678551464,0.2678551464,0.2867418694,0.0188867230,1.0000000000,1.0000000000
15.8710000000,15871.0000000000,1.0000000000,-1.0000000000,0.0000000000,57.0000000000,0.7123798317,0.0000000000,0.2876201683,0.7312935411,0.0000000000,0.2687064589,0.2687064589,0.2876201683,0.0189137095,1.0000000000,1.0000000000
15.8720000000,15872.0000000000,1.0000000000,-1.0000000000,0.0000000000,57.0000000000,0.7115133635,0.0000000000,0.2884866365,0.7304531692,0.0000000000,0.2695468308,0.2695468308,0.2884866365,0.0189398057,1.0000000000,1.0000000000
15.8730000000,15873.0000000000,1.0000000000,-1.0000000000,0.0000000000,57.0000000000,0.7106589025,0.0000000000,0.2893410975,0.7296239522,0.0000000000,0.2703760478,0.2703760478,0.2893410975,0.0189650497,1.0000000000,1.0000000000
15.8740000000,15874.0000000000,1.0000000000,-1.0000000000,0.0000000000,57.0000000000,0.7098166159,0.0000000000,0.2901833841,0.7288060971,0.0000000000,0.2711939029,0.2711939029,0.2901833841,0.0189894813,1.0000000000,1.0000000000
15.8750000000,15875.0000000000,1.0000000000,-1.0000000000,0.0000000000,57.0000000000,0.7089866619,0.0000000000,0.2910133381,0.7279998035,0.0000000000,0.2720001965,0.2720001965,0.2910133381,0.0190131416,1.0000000000,1.0000000000
15.8760000000,15876.0000000000,1.0000000000,-1.0000000000,0.0000000000,57.0000000000,0.7081691895,0.0000000000,0.2918308105,0.7272052629,0.0000000000,0.2727947371,0.2727947371,0.2918308105,0.0190360734,1.0000000000,1.0000000000
15.8770000000,15877.0000000000,1.0000000000,-1.0000000000,0.0000000000,57.0000000000,0.7073643384,0.0000000000,0.2926356616,0.7264226591,0.0000000000,0.2735773409,0.2735773409,0.2926356616,0.0190583207,1.0000000000,1.0000000000
15.8780000000,15878.0000000000,1.0000000000,-1.0000000000,0.0000000000,57.0000000000,0.7065722387,0.0000000000,0.2934277613,0.7256521675,0.0000000000,0.2743478325,0.2743478325,0.2934277613,0.0190799289,1.0000000000,1.0000000000
15.8790000000,15879.0000000000,1.0000000000,-1.0000000000,0.0000000000,57.0000000000,0.7057930108,0.0000000000,0.2942069892,0.7248939553,0.0000000000,0.2751060447,0.2751060447,0.2942069892,0.0191009445,1.0000000000,1.0000000000
15.8800000000,15880.0000000000,1.0000000000,-1.0000000000,0.0000000000,57.0000000000,0.7050267658,0.0000000000,0.2949732342,0.7241481809,0.0000000000,0.2758518191,0.2758518191,0.2949732342,0.0191214151,1.0000000000,1.0000000000
15.8810000000,15881.0000000000,1.0000000000,-1.0000000000,0.0000000000,57.0000000000,0.7042736048,0.0000000000,0.2957263952,0.7234149943,0.0000000000,0.2765850057,0.2765850057,0.2957263952,0.0191413895,1.0000000000,1.0000000000
15.8820000000,15882.0000000000,1.0000000000,-1.0000000000,0.0000000000,57.0000000000,0.7035336194,0.0000000000,0.2964663806,0.7226945365,0.0000000000,0.2773054635,0.2773054635,0.2964663806,0.0191609171,1.0000000000,1.0000000000
15.8830000000,15883.0000000000,1.0000000000,-1.0000000000,0.0000000000,57.0000000000,0.7028068914,0.0000000000,0.2971931086,0.7219869396,0.0000000000,0.2780130604,0.2780130604,0.2971931086,0.0191800482,1.0000000000,1.0000000000
15.8840000000,15884.0000000000,1.0000000000,-1.0000000000,0.0000000000,57.0000000000,0.7020934928,0.0000000000,0.2979065072,0.7212923267,0.0000000000,0.2787076733,0.2787076733,0.2979065072,0.0191988339,1.0000000000,1.0000000000
15.8850000000,15885.0000000000,1.0000000000,-1.0000000000,0.0000000000,57.0000000000,0.7013934862,0.0000000000,0.2986065138,0.7206108119,0.0000000000,0.2793891881,0.2793891881,0.2986065138,0.0192173258,1.0000000000,1.0000000000
15.8860000000,15886.0000000000,1.0000000000,-1.0000000000,0.0000000000,57.0000000000,0.7007069242,0.0000000000,0.2992930758,0.7199425000,0.0000000000,0.2800575000,0.2800575000,0.2992930758,0.0192355759,1.0000000000,1.0000000000
15.8870000000,15887.0000000000,1.0000000000,-1.0000000000,0.0000000000,57.0000000000,0.7000338502,0.0000000000,0.2999661498,0.7192874868,0.0000000000,0.2807125132,0.2807125132,0.2999661498,0.0192536366,1.0000000000,1.0000000000
15.8880000000,15888.0000000000,1.0000000000,-1.0000000000,0.0000000000,57.0000000000,0.6993742979,0.0000000000,0.3006257021,0.7186458586,0.0000000000,0.2813541414,0.2813541414,0.3006257021,0.0192715608,1.0000000000,1.0000000000
15.8890000000,15889.0000000000,1.0000000000,-1.0000000000,0.0000000000,57.0000000000,0.6987282917,0.0000000000,0.3012717083,0.7180176929,0.0000000000,0.2819823071,0.2819823071,0.3012717083,0.0192894012,1.0000000000,1.0000000000
15.8900000000,15890.0000000000,1.0000000000,-1.0000000000,0.0000000000,57.0000000000,0.6980958469,0.0000000000,0.3019041531,0.7174030576,0.0000000000,0.2825969424,0.2825969424,0.3019041531,0.0193072107,1.0000000000,1.0000000000
15.8910000000,15891.0000000000,1.0000000000,-1.0000000000,0.0000000000,57.0000000000,0.6974769696,0.0000000000,0.3025230304,0.7168020119,0.0000000000,0.2831979881,0.2831979881,0.3025230304,0.0193250423,1.0000000000,1.0000000000
15.8920000000,15892.0000000000,1.0000000000,-1.0000000000,0.0000000000,57.0000000000,0.6968716569,0.0000000000,0.3031283431,0.7162146055,0.0000000000,0.2837853945,0.2837853945,0.3031283431,0.0193429485,1.0000000000,1.0000000000
15.8930000000,15893.0000000000,1.0000000000,-1.0000000000,0.0000000000,57.0000000000,0.6962798974,0.0000000000,0.3037201026,0.7156408794,0.0000000000,0.2843591206,0.2843591206,0.3037201026,0.0193609820,1.0000000000,1.0000000000
15.8940000000,15894.0000000000,1.0000000000,-1.0000000000,0.0000000000,57.0000000000,0.6957016709,0.0000000000,0.3042983291,0.7150808655,0.0000000000,0.2849191345,0.2849191345,0.3042983291,0.0193791946,1.0000000000,1.0000000000
15.8950000000,15895.0000000000,1.0000000000,-1.0000000000,0.0000000000,57.0000000000,0.6951369489,0.0000000000,0.3048630511,0.7145345871,0.0000000000,0.2854654129,0.2854654129,0.3048630511,0.0193976381,1.0000000000,1.0000000000
15.8960000000,15896.0000000000,1.0000000000,-1.0000000000,0.0000000000,57.0000000000,0.6945856949,0.0000000000,0.3054143051,0.7140020585,0.0000000000,0.2859979415,0.2859979415,0.3054143051,0.0194163636,1.0000000000,1.0000000000
15.8970000000,15897.0000000000,1.0000000000,-1.0000000000,0.0000000000,57.0000000000,0.6940478645,0.0000000000,0.3059521355,0.7134832858,0.0000000000,0.2865167142,0.2865167142,0.3059521355,0.0194354213,1.0000000000,1.0000000000
15.8980000000,15898.0000000000,1.0000000000,-1.0000000000,0.0000000000,57.0000000000,0.6935234054,0.0000000000,0.3064765946,0.7129782666,0.0000000000,0.2870217334,0.2870217334,0.3064765946,0.0194548611,1.0000000000,1.0000000000
15.8990000000,15899.0000000000,1.0000000000,-1.0000000000,0.0000000000,57.0000000000,0.6930122583,0.0000000000,0.3069877417,0.7124869901,0.0000000000,0.2875130099,0.2875130099,0.3069877417,0.0194747318,1.0000000000,1.0000000000
15.9000000000,15900.0000000000,1.0000000000,-1.0000000000,0.0000000000,57.0000000000,0.6925143564,0.0000000000,0.3074856436,0.7120094377,0.0000000000,0.2879905623,0.2879905623,0.3074856436,0.0194950813,1.0000000000,1.0000000000
15.9010000000,15901.0000000000,1.0000000000,-1.0000000000,0.0000000000,57.0000000000,0.6920296264,0.0000000000,0.3079703736,0.7115455830,0.0000000000,0.2884544170,0.2884544170,0.3079703736,0.0195159566,1.0000000000,1.0000000000
15.9020000000,15902.0000000000,1.0000000000,-1.0000000000,0.0000000000,57.0000000000,0.6915579881,0.0000000000,0.3084420119,0.7110953918,0.0000000000,0.2889046082,0.2889046082,0.3084420119,0.0195374037,1.0000000000,1.0000000000
15.9030000000,15903.0000000000,1.0000000000,-1.0000000000,0.0000000000,57.0000000000,0.6910993554,0.0000000000,0.3089006446,0.7106588227,0.0000000000,0.2893411773,0.2893411773,0.3089006446,0.0195594673,1.0000000000,1.0000000000
15.9040000000,15904.0000000000,1.0000000000,-1.0000000000,0.0000000000,57.0000000000,0.6906536360,0.0000000000,0.3093463640,0.7102358269,0.0000000000,0.2897641731,0.2897641731,0.3093463640,0.0195821909,1.0000000000,1.0000000000
15.9050000000,15905.0000000000,1.0000000000,-1.0000000000,0.0000000000,57.0000000000,0.6902207319,0.0000000000,0.3097792681,0.7098263488,0.0000000000,0.2901736512,0.2901736512,0.3097792681,0.0196056169,1.0000000000,1.0000000000
15.9060000000,15906.0000000000,1.0000000000,-1.0000000000,0.0000000000,57.0000000000,0.6898005400,0.0000000000,0.3101994600,0.7094303264,0.0000000000,0.2905696736,0.2905696736,0.3101994600,0.0196297864,1.0000000000,1.0000000000
15.9070000000,15907.0000000000,1.0000000000,-1.0000000000,0.0000000000,57.0000000000,0.6893929520,0.0000000000,0.3106070480,0.7090476908,0.0000000000,0.2909523092,0.2909523092,0.3106070480,0.0196547388,1.0000000000,1.0000000000
15.9080000000,15908.0000000000,1.0000000000,-1.0000000000,0.0000000000,57.0000000000,0.6889978548,0.0000000000,0.3110021452,0.7086783673,0.0000000000,0.2913216327,0.2913216327,0.3110021452,0.0196805124,1.0000000000,1.0000000000
15.9090000000,15909.0000000000,1.0000000000,-1.0000000000,0.0000000000,57.0000000000,0.6886151313,0.0000000000,0.3113848687,0.7083222752,0.0000000000,0.2916777248,0.2916777248,0.3113848687,0.0197071440,1.0000000000,1.0000000000
15.9100000000,15910.0000000000,1.0000000000,-1.0000000000,0.0000000000,57.0000000000,0.6882446599,0.0000000000,0.3117553401,0.7079793284,0.0000000000,0.2920206716,0.2920206716,0.3117553401,0.0197346686,1.0000000000,1.0000000000
15.9110000000,15911.0000000000,1.0000000000,-1.0000000000,0.0000000000,57.0000000000,0.6878863154,0.0000000000,0.3121136846,0.7076494353,0.0000000000,0.2923505647,0.2923505647,0.3121136846,0.0197631199,1.0000000000,1.0000000000
15.9120000000,15912.0000000000,1.0000000000,-1.0000000000,0.0000000000,57.0000000000,0.6875399693,0.0000000000,0.3124600307,0.7073324993,0.0000000000,0.2926675007,0.2926675007,0.3124600307,0.0197925299,1.0000000000,1.0000000000
15.9130000000,15913.0000000000,1.0000000000,-1.0000000000,0.0000000000,57.0000000000,0.6872054899,0.0000000000,0.3127945101,0.7070284191,0.0000000000,0.2929715809,0.2929715809,0.3127945101,0.0198229292,1.0000000000,1.0000000000
15.9140000000,15914.0000000000,1.0000000000,-1.0000000000,0.0000000000,57.0000000000,0.6868827428,0.0000000000,0.3131172572,0.7067370891,0.0000000000,0.2932629109,0.2932629109,0.3131172572,0.0198543464,1.0000000000,1.0000000000
15.9150000000,15915.0000000000,1.0000000000,-1.0000000000,0.0000000000,57.0000000000,0.6865715909,0.0000000000,0.3134284091,0.7064583995,0.0000000000,0.2935416005,0.2935416005,0.3134284091,0.0198868086,1.0000000000,1.0000000000
15.9160000000,15916.0000000000,1.0000000000,-1.0000000000,0.0000000000,57.0000000000,0.6862718952,0.0000000000,0.3137281048,0.7061922365,0.0000000000,0.2938077635,0.2938077635,0.3137281048,0.0199203413,1.0000000000,1.0000000000
15.9170000000,15917.0000000000,1.0000000000,-1.0000000000,0.0000000000,57.0000000000,0.6859835148,0.0000000000,0.3140164852,0.7059384829,0.0000000000,0.2940615171,0.2940615171,0.3140164852,0.0199549681,1.0000000000,1.0000000000
15.9180000000,15918.0000000000,1.0000000000,-1.0000000000,0.0000000000,57.0000000000,0.6857063071,0.0000000000,0.3142936929,0.7056970183,0.0000000000,0.2943029817,0.2943029817,0.3142936929,0.0199907112,1.0000000000,1.0000000000
15.9190000000,15919.0000000000,1.0000000000,-1.0000000000,0.0000000000,57.0000000000,0.6854401285,0.0000000000,0.3145598715,0.7054677192,0.0000000000,0.2945322808,0.2945322808,0.3145598715,0.0200275907,1.0000000000,1.0000000000
15.9200000000,15920.0000000000,1.0000000000,-1.0000000000,0.0000000000,57.0000000000,0.6851848343,0.0000000000,0.3148151657,0.7052504595,0.0000000000,0.2947495405,0.2947495405,0.3148151657,0.0200656253,1.0000000000,1.0000000000
15.9210000000,15921.0000000000,1.0000000000,-1.0000000000,0.0000000000,57.0000000000,0.6849402790,0.0000000000,0.3150597210,0.7050451107,0.0000000000,0.2949548893,0.2949548893,0.3150597210,0.0201048317,1.0000000000,1.0000000000
15.9220000000,15922.0000000000,1.0000000000,-1.0000000000,0.0000000000,57.0000000000,0.6847063171,0.0000000000,0.3152936829,0.7048515422,0.0000000000,0.2951484578,0.2951484578,0.3152936829,0.0201452252,1.0000000000,1.0000000000
15.9230000000,15923.0000000000,1.0000000000,-1.0000000000,0.0000000000,57.0000000000,0.6844828025,0.0000000000,0.3155171975,0.7046696216,0.0000000000,0.2953303784,0.2953303784,0.3155171975,0.0201868191,1.0000000000,1.0000000000
15.9240000000,15924.0000000000,1.0000000000,-1.0000000000,0.0000000000,57.0000000000,0.6842695896,0.0000000000,0.3157304104,0.7044992147,0.0000000000,0.2955007853,0.2955007853,0.3157304104,0.0202296251,1.0000000000,1.0000000000
15.9250000000,15925.0000000000,1.0000000000,-1.0000000000,0.0000000000,57.0000000000,0.6840665331,0.0000000000,0.3159334669,0.7043401864,0.0000000000,0.2956598136,0.2956598136,0.3159334669,0.0202736533,1.0000000000,1.0000000000
15.9260000000,15926.0000000000,1.0000000000,-1.0000000000,0.0000000000,57.0000000000,0.6838734883,0.0000000000,0.3161265117,0.7041924002,0.0000000000,0.2958075998,0.2958075998,0.3161265117,0.0203189120,1.0000000000,1.0000000000
15.9270000000,15927.0000000000,1.0000000000,-1.0000000000,0.0000000000,57.0000000000,0.6836903113,0.0000000000,0.3163096887,0.7040557191,0.0000000000,0.2959442809,0.2959442809,0.3163096887,0.0203654078,1.0000000000,1.0000000000
15.9280000000,15928.0000000000,1.0000000000,-1.0000000000,0.0000000000,57.0000000000,0.6835168594,0.0000000000,0.3164831406,0.7039300053,0.0000000000,0.2960699947,0.2960699947,0.3164831406,0.0204131459,1.0000000000,1.0000000000
15.9290000000,15929.0000000000,1.0000000000,-1.0000000000,0.0000000000,57.0000000000,0.6833529913,0.0000000000,0.3166470087,0.7038151210,0.0000000000,0.2961848790,0.2961848790,0.3166470087,0.0204621297,1.0000000000,1.0000000000
15.9300000000,15930.0000000000,1.0000000000,-1.0000000000,0.0000000000,57.0000000000,0.6831985671,0.0000000000,0.3168014329,0.7037109280,0.0000000000,0.2962890720,0.2962890720,0.3168014329,0.0205123609,1.0000000000,1.0000000000
15.9310000000,15931.0000000000,1.0000000000,-1.0000000000,0.0000000000,57.0000000000,0.6830534487,0.0000000000,0.3169465513,0.7036172884,0.0000000000,0.2963827116,0.2963827116,0.3169465513,0.0205638397,1.0000000000,1.0000000000
15.9320000000,15932.0000000000,1.0000000000,-1.0000000000,0.0000000000,57.0000000000,0.6829174998,0.0000000000,0.3170825002,0.7035340648,0.0000000000,0.2964659352,0.2964659352,0.3170825002,0.0206165650,1.0000000000,1.0000000000
15.9330000000,15933.0000000000,1.0000000000,-1.0000000000,0.0000000000,57.0000000000,0.6827905863,0.0000000000,0.3172094137,0.7034611201,0.0000000000,0.2965388799,0.2965388799,0.3172094137,0.0206705338,1.0000000000,1.0000000000
15.9340000000,15934.0000000000,1.0000000000,-1.0000000000,0.0000000000,57.0000000000,0.6826725765,0.0000000000,0.3173274235,0.7033983182,0.0000000000,0.2966016818,0.2966016818,0.3173274235,0.0207257418,1.0000000000,1.0000000000
15.9350000000,15935.0000000000,1.0000000000,-1.0000000000,0.0000000000,57.0000000000,0.6825633407,0.0000000000,0.3174366593,0.7033455239,0.0000000000,0.2966544761,0.2966544761,0.3174366593,0.0207821831,1.0000000000,1.0000000000
15.9360000000,15936.0000000000,1.0000000000,-1.0000000000,0.0000000000,57.0000000000,0.6824627522,0.0000000000,0.3175372478,0.7033026029,0.0000000000,0.2966973971,0.2966973971,0.3175372478,0.0208398507,1.0000000000,1.0000000000
15.9370000000,15937.0000000000,1.0000000000,-1.0000000000,0.0000000000,57.0000000000,0.6823706869,0.0000000000,0.3176293131,0.7032694226,0.0000000000,0.2967305774,0.2967305774,0.3176293131,0.0208987358,1.0000000000,1.0000000000
15.9380000000,15938.0000000000,1.0000000000,-1.0000000000,0.0000000000,57.0000000000,0.6822870232,0.0000000000,0.3177129768,0.7032458516,0.0000000000,0.2967541484,0.2967541484,0.3177129768,0.0209588284,1.0000000000,1.0000000000
15.9390000000,15939.0000000000,1.0000000000,-1.0000000000,0.0000000000,57.0000000000,0.6822116430,0.0000000000,0.3177883570,0.7032317602,0.0000000000,0.2967682398,0.2967682398,0.3177883570,0.0210201171,1.0000000000,1.0000000000
15.9400000000,15940.0000000000,1.0000000000,-1.0000000000,0.0000000000,57.0000000000,0.6821444309,0.0000000000,0.3178555691,0.7032270203,0.0000000000,0.2967729797,0.2967729797,0.3178555691,0.0210825894,1.0000000000,1.0000000000
15.9410000000,15941.0000000000,1.0000000000,-1.0000000000,0.0000000000,57.0000000000,0.6820852746,0.0000000000,0.3179147254,0.7032315059,0.0000000000,0.2967684941,0.2967684941,0.3179147254,0.0211462312,1.0000000000,1.0000000000
15.9420000000,15942.0000000000,1.0000000000,-1.0000000000,0.0000000000,57.0000000000,0.6820340654,0.0000000000,0.3179659346,0.7032450928,0.0000000000,0.2967549072,0.2967549072,0.3179659346,0.0212110274,1.0000000000,1.0000000000
15.9430000000,15943.0000000000,1.0000000000,-1.0000000000,0.0000000000,57.0000000000,0.6819906976,0.0000000000,0.3180093024,0.7032676592,0.0000000000,0.2967323408,0.2967323408,0.3180093024,0.0212769616,1.0000000000,1.0000000000
15.9440000000,15944.0000000000,1.0000000000,-1.0000000000,0.0000000000,57.0000000000,0.6819550691,0.0000000000,0.3180449309,0.7032990853,0.0000000000,0.2967009147,0.2967009147,0.3180449309,0.0213440163,1.0000000000,1.0000000000
15.9450000000,15945.0000000000,1.0000000000,-1.0000000000,0.0000000000,57.0000000000,0.6819270810,0.0000000000,0.3180729190,0.7033392537,0.0000000000,0.2966607463,0.2966607463,0.3180729190,0.0214121727,1.0000000000,1.0000000000
15.9460000000,15946.0000000000,1.0000000000,-1.0000000000,0.0000000000,57.0000000000,0.6819066383,0.0000000000,0.3180933617,0.7033880493,0.0000000000,0.2966119507,0.2966119507,0.3180933617,0.0214814110,1.0000000000,1.0000000000
15.9470000000,15947.0000000000,1.0000000000,-1.0000000000,0.0000000000,57.0000000000,0.6818936492,0.0000000000,0.3181063508,0.7034453597,0.0000000000,0.2965546403,0.2965546403,0.3181063508,0.0215517105,1.0000000000,1.0000000000
15.9480000000,15948.0000000000,1.0000000000,-1.0000000000,0.0000000000,57.0000000000,0.6818880257,0.0000000000,0.3181119743,0.7035110748,0.0000000000,0.2964889252,0.2964889252,0.3181119743,0.0216230491,1.0000000000,1.0000000000
15.9490000000,15949.0000000000,1.0000000000,-1.0000000000,0.0000000000,57.0000000000,0.6818896834,0.0000000000,0.3181103166,0.7035850874,0.0000000000,0.2964149126,0.2964149126,0.3181103166,0.0216954040,1.0000000000,1.0000000000
15.9500000000,15950.0000000000,1.0000000000,-1.0000000000,0.0000000000,57.0000000000,0.6818985414,0.0000000000,0.3181014586,0.7036672927,0.0000000000,0.2963327073,0.2963327073,0.3181014586,0.0217687513,1.0000000000,1.0000000000
15.9510000000,15951.0000000000,1.0000000000,-1.0000000000,0.0000000000,57.0000000000,0.6819145226,0.0000000000,0.3180854774,0.7037575887,0.0000000000,0.2962424113,0.2962424113,0.3180854774,0.0218430661,1.0000000000,1.0000000000
15.9520000000,15952.0000000000,1.0000000000,-1.0000000000,0.0000000000,57.0000000000,0.6819375535,0.0000000000,0.3180624465,0.7038558763,0.0000000000,0.2961441237,0.2961441237,0.3180624465,0.0219183228,1.0000000000,1.0000000000
15.9530000000,15953.0000000000,1.0000000000,-1.0000000000,0.0000000000,57.0000000000,0.6819675642,0.0000000000,0.3180324358,0.7039620590,0.0000000000,0.2960379410,0.2960379410,0.3180324358,0.0219944948,1.0000000000,1.0000000000
15.9540000000,15954.0000000000,1.0000000000,-1.0000000000,0.0000000000,57.0000000000,0.6820044886,0.0000000000,0.3179955114,0.7040760432,0.0000000000,0.2959239568,0.2959239568,0.3179955114,0.0220715546,1.0000000000,1.0000000000
15.9550000000,15955.0000000000,1.0000000000,-1.0000000000,0.0000000000,57.0000000000,0.6820482641,0.0000000000,0.3179517359,0.7041977380,0.0000000000,0.2958022620,0.2958022620,0.3179517359,0.0221494740,1.0000000000,1.0000000000
15.9560000000,15956.0000000000,1.0000000000,-1.0000000000,0.0000000000,57.0000000000,0.6820988317,0.0000000000,0.3179011683,0.7043270556,0.0000000000,0.2956729444,0.2956729444,0.3179011683,0.0222282239,1.0000000000,1.0000000000
15.9570000000,15957.0000000000,1.0000000000,-1.0000000000,0.0000000000,57.0000000000,0.6821561359,0.0000000000,0.3178438641,0.7044639106,0.0000000000,0.2955360894,0.2955360894,0.3178438641,0.0223077746,1.0000000000,1.0000000000
15.9580000000,15958.0000000000,1.0000000000,-1.0000000000,0.0000000000,57.0000000000,0.6822201251,0.0000000000,0.3177798749,0.7046082208,0.0000000000,0.2953917792,0.2953917792,0.3177798749,0.0223880957,1.0000000000,1.0000000000
15.9590000000,15959.0000000000,1.0000000000,-1.0000000000,0.0000000000,57.0000000000,0.6822907508,0.0000000000,0.3177092492,0.7047599067,0.0000000000,0.2952400933,0.2952400933,0.3177092492,0.0224691559,1.0000000000,1.0000000000
15.9600000000,15960.0000000000,1.0000000000,-1.0000000000,0.0000000000,57.0000000000,0.6823679680,0.0000000000,0.3176320320,0.7049188915,0.0000000000,0.2950811085,0.2950811085,0.3176320320,0.0225509234,1.0000000000,1.0000000000
15.9610000000,15961.0000000000,1.0000000000,-1.0000000000,0.0000000000,57.0000000000,0.6824517355,0.0000000000,0.3175482645,0.7050851013,0.0000000000,0.2949148987,0.2949148987,0.3175482645,0.0226333658,1.0000000000,1.0000000000
15.9620000000,15962.0000000000,1.0000000000,-1.0000000000,0.0000000000,57.0000000000,0.6825420149,0.0000000000,0.3174579851,0.7052584650,0.0000000000,0.2947415350,0.2947415350,0.3174579851,0.0227164501,1.0000000000,1.0000000000
15.9630000000,15963.0000000000,1.0000000000,-1.0000000000,0.0000000000,57.0000000000,0.6826387716,0.0000000000,0.3173612284,0.7054389140,0.0000000000,0.2945610860,0.2945610860,0.3173612284,0.0228001425,1.0000000000,1.0000000000
15.9640000000,15964.0000000000,1.0000000000,-1.0000000000,0.0000000000,57.0000000000,0.6827419738,0.0000000000,0.3172580262,0.7056263826,0.0000000000,0.2943736174,0.2943736174,0.3172580262,0.0228844089,1.0000000000,1.0000000000
15.9650000000,15965.0000000000,1.0000000000,-1.0000000000,0.0000000000,57.0000000000,0.6828515931,0.0000000000,0.3171484069,0.7058208077,0.0000000000,0.2941791923,0.2941791923,0.3171484069,0.0229692146,1.0000000000,1.0000000000
15.9660000000,15966.0000000000,1.0000000000,-1.0000000000,0.0000000000,57.0000000000,0.6829676042,0.0000000000,0.3170323958,0.7060221287,0.0000000000,0.2939778713,0.2939778713,0.3170323958,0.0230545245,1.0000000000,1.0000000000
15.9670000000,15967.0000000000,1.0000000000,-1.0000000000,0.0000000000,57.0000000000,0.6830899847,0.0000000000,0.3169100153,0.7062302876,0.0000000000,0.2937697124,0.2937697124,0.3169100153,0.0231403029,1.0000000000,1.0000000000
15.9680000000,15968.0000000000,1.0000000000,-1.0000000000,0.0000000000,57.0000000000,0.6832187152,0.0000000000,0.3167812848,0.7064452290,0.0000000000,0.2935547710,0.2935547710,0.3167812848,0.0232265137,1.0000000000,1.0000000000
15.9690000000,15969.0000000000,1.0000000000,-1.0000000000,0.0000000000,57.0000000000,0.6833537793,0.0000000000,0.3166462207,0.7066668997,0.0000000000,0.2933331003,0.2933331003,0.3166462207,0.0233131204,1.0000000000,1.0000000000
15.9700000000,15970.0000000000,1.0000000000,-1.0000000000,0.0000000000,57.0000000000,0.6834951631,0.0000000000,0.3165048369,0.7068952493,0.0000000000,0.2931047507,0.2931047507,0.3165048369,0.0234000862,1.0000000000,1.0000000000
15.9710000000,15971.0000000000,1.0000000000,-1.0000000000,0.0000000000,57.0000000000,0.6836428555,0.0000000000,0.3163571445,0.7071302292,0.0000000000,0.2928697708,0.2928697708,0.3163571445,0.0234873737,1.0000000000,1.0000000000
15.9720000000,15972.0000000000,1.0000000000,-1.0000000000,0.0000000000,57.0000000000,0.6837968482,0.0000000000,0.3162031518,0.7073717936,0.0000000000,0.2926282064,0.2926282064,0.3162031518,0.0235749454,1.0000000000,1.0000000000
15.9730000000,15973.0000000000,1.0000000000,-1.0000000000,0.0000000000,57.0000000000,0.6839571350,0.0000000000,0.3160428650,0.7076198984,0.0000000000,0.2923801016,0.2923801016,0.3160428650,0.0236627634,1.0000000000,1.0000000000
15.9740000000,15974.0000000000,1.0000000000,-1.0000000000,0.0000000000,57.0000000000,0.6841237125,0.0000000000,0.3158762875,0.7078745020,0.0000000000,0.2921254980,0.2921254980,0.3158762875,0.0237507895,1.0000000000,1.0000000000
15.9750000000,15975.0000000000,1.0000000000,-1.0000000000,0.0000000000,57.0000000000,0.6842965794,0.0000000000,0.3157034206,0.7081355646,0.0000000000,0.2918644354,0.2918644354,0.3157034206,0.0238389852,1.0000000000,1.0000000000
15.9760000000,15976.0000000000,1.0000000000,-1.0000000000,0.0000000000,57.0000000000,0.6844757367,0.0000000000,0.3155242633,0.7084030485,0.0000000000,0.2915969515,0.2915969515,0.3155242633,0.0239273118,1.0000000000,1.0000000000
15.9770000000,15977.0000000000,1.0000000000,-1.0000000000,0.0000000000,57.0000000000,0.6846611876,0.0000000000,0.3153388124,0.7086769180,0.0000000000,0.2913230820,0.2913230820,0.3153388124,0.0240157304,1.0000000000,1.0000000000
15.9780000000,15978.0000000000,1.0000000000,-1.0000000000,0.0000000000,57.0000000000,0.6848529371,0.0000000000,0.3151470629,0.7089571391,0.0000000000,0.2910428609,0.2910428609,0.3151470629,0.0241042019,1.0000000000,1.0000000000
15.9790000000,15979.0000000000,1.0000000000,-1.0000000000,0.0000000000,57.0000000000,0.6850509925,0.0000000000,0.3149490075,0.7092436795,0.0000000000,0.2907563205,0.2907563205,0.3149490075,0.0241926870,1.0000000000,1.0000000000
15.9800000000,15980.0000000000,1.0000000000,-1.0000000000,0.0000000000,57.0000000000,0.6852553626,0.0000000000,0.3147446374,0.7095365087,0.0000000000,0.2904634913,0.2904634913,0.3147446374,0.0242811461,1.0000000000,1.0000000000
15.9810000000,15981.0000000000,1.0000000000,-1.0000000000,0.0000000000,57.0000000000,0.6854660580,0.0000000000,0.3145339420,0.7098355978,0.0000000000,0.2901644022,0.2901644022,0.3145339420,0.0243695398,1.0000000000,1.0000000000
15.9820000000,15982.0000000000,1.0000000000,-1.0000000000,0.0000000000,57.0000000000,0.6856830911,0.0000000000,0.3143169089,0.7101409194,0.0000000000,0.2898590806,0.2898590806,0.3143169089,0.0244578283,1.0000000000,1.0000000000
15.9830000000,15983.0000000000,1.0000000000,-1.0000000000,0.0000000000,57.0000000000,0.6859064757,0.0000000000,0.3140935243,0.7104524475,0.0000000000,0.2895475525,0.2895475525,0.3140935243,0.0245459718,1.0000000000,1.0000000000
15.9840000000,15984.0000000000,1.0000000000,-1.0000000000,0.0000000000,57.0000000000,0.6861362269,0.0000000000,0.3138637731,0.7107701575,0.0000000000,0.2892298425,0.2892298425,0.3138637731,0.0246339306,1.0000000000,1.0000000000
15.9850000000,15985.0000000000,1.0000000000,-1.0000000000,0.0000000000,57.0000000000,0.6863723614,0.0000000000,0.3136276386,0.7110940260,0.0000000000,0.2889059740,0.2889059740,0.3136276386,0.0247216646,1.0000000000,1.0000000000
15.9860000000,15986.0000000000,1.0000000000,-1.0000000000,0.0000000000,57.0000000000,0.6866148970,0.0000000000,0.3133851030,0.7114240310,0.0000000000,0.2885759690,0.2885759690,0.3133851030,0.0248091340,1.0000000000,1.0000000000
15.9870000000,15987.0000000000,1.0000000000,-1.0000000000,0.0000000000,57.0000000000,0.6868638525,0.0000000000,0.3131361475,0.7117601514,0.0000000000,0.2882398486,0.2882398486,0.3131361475,0.0248962989,1.0000000000,1.0000000000
15.9880000000,15988.0000000000,1.0000000000,-1.0000000000,0.0000000000,57.0000000000,0.6871192478,0.0000000000,0.3128807522,0.7121023672,0.0000000000,0.2878976328,0.2878976328,0.3128807522,0.0249831194,1.0000000000,1.0000000000
15.9890000000,15989.0000000000,1.0000000000,-1.0000000000,0.0000000000,57.0000000000,0.6873811039,0.0000000000,0.3126188961,0.7124506596,0.0000000000,0.2875493404,0.2875493404,0.3126188961,0.0250695557,1.0000000000,1.0000000000
15.9900000000,15990.0000000000,1.0000000000,-1.0000000000,0.0000000000,57.0000000000,0.6876494424,0.0000000000,0.3123505576,0.7128050103,0.0000000000,0.2871949897,0.2871949897,0.3123505576,0.0251555679,1.0000000000,1.0000000000
15.9910000000,15991.0000000000,1.0000000000,-1.0000000000,0.0000000000,57.0000000000,0.6879242856,0.0000000000,0.3120757144,0.7131654020,0.0000000000,0.2868345980,0.2868345980,0.3120757144,0.0252411164,1.0000000000,1.0000000000
15.9920000000,15992.0000000000,1.0000000000,-1.0000000000,0.0000000000,57.0000000000,0.6882056566,0.0000000000,0.3117943434,0.7135318182,0.0000000000,0.2864681818,0.2864681818,0.3117943434,0.0253261615,1.0000000000,1.0000000000
15.9930000000,15993.0000000000,1.0000000000,-1.0000000000,0.0000000000,57.0000000000,0.6884935790,0.0000000000,0.3115064210,0.7139042429,0.0000000000,0.2860957571,0.2860957571,0.3115064210,0.0254106639,1.0000000000,1.0000000000
15.9940000000,15994.0000000000,1.0000000000,-1.0000000000,0.0000000000,57.0000000000,0.6887880767,0.0000000000,0.3112119233,0.7142826608,0.0000000000,0.2857173392,0.2857173392,0.3112119233,0.0254945841,1.0000000000,1.0000000000
15.9950000000,15995.0000000000,1.0000000000,-1.0000000000,0.0000000000,57.0000000000,0.6890891739,0.0000000000,0.3109108261,0.7146670571,0.0000000000,0.2853329429,0.2853329429,0.3109108261,0.0255778831,1.0000000000,1.0000000000
15.9960000000,15996.0000000000,1.0000000000,-1.0000000000,0.0000000000,57.0000000000,0.6893968953,0.0000000000,0.3106031047,0.7150574172,0.0000000000,0.2849425828,0.2849425828,0.3106031047,0.0256605219,1.0000000000,1.0000000000
15.9970000000,15997.0000000000,1.0000000000,-1.0000000000,0.0000000000,57.0000000000,0.6897112655,0.0000000000,0.3102887345,0.7154537272,0.0000000000,0.2845462728,0.2845462728,0.3102887345,0.0257424617,1.0000000000,1.0000000000
15.9980000000,15998.0000000000,1.0000000000,-1.0000000000,0.0000000000,57.0000000000,0.6900323093,0.0000000000,0.3099676907,0.7158559733,0.0000000000,0.2841440267,0.2841440267,0.3099676907,0.0258236640,1.0000000000,1.0000000000
15.9990000000,15999.0000000000,1.0000000000,-1.0000000000,0.0000000000,57.0000000000,0.6903600513,0.0000000000,0.3096399487,0.7162641419,0.0000000000,0.2837358581,0.2837358581,0.3096399487,0.0259040906,1.0000000000,1.0000000000
16.0000000000,16000.0000000000,1.0000000000,-1.0000000000,0.0000000000,57.0000000000,0.6906945161,0.0000000000,0.3093054839,0.7166782196,0.0000000000,0.2833217804,0.2833217804,0.3093054839,0.0259837035,1.0000000000,1.0000000000
