wavelength_um,R_TE_with_mos2,T_TE_with_mos2,A_TE_with_mos2,R_TE_without_mos2,T_TE_without_mos2,A_TE_without_mos2,R_TM_with_mos2,T_TM_with_mos2,A_TM_with_mos2,R_TM_without_mos2,T_TM_without_mos2,A_TM_without_mos2
0.4,0.22993046686668772,0.6094822286814164,0.16058730445189584,0.16635490327952318,0.8336450967204505,2.631228568361621e-14,0.4368033456162658,0.5247960557029585,0.03840059868077561,0.43094480199012825,0.5690551980098777,-5.995204332975845e-15
0.4004004004004004,0.2180645396727695,0.612560908862992,0.16937455146423852,0.1423311481148685,0.8576688518851352,-3.6637359812630166e-15,0.4366743051867573,0.5229646294817573,0.040361065331485424,0.4316924458630509,0.5683075541369452,3.885780586188048e-15
0.4008008008008008,0.21210277467790026,0.613141038780125,0.17475618654197467,0.1299216237452122,0.8700783762548683,-8.049116928532385e-14,0.43577860268689017,0.5222733367401377,0.04194806057297218,0.43147088863517064,0.568529111364828,1.4432899320127035e-15
0.40120120120120123,0.2074994014518823,0.6130785159321502,0.17942208261596748,0.1201473819248581,0.8798526180751063,3.5638159090467525e-14,0.4346954390292663,0.5217942557754934,0.04351030519524024,0.4310471617322148,0.5689528382677856,-4.440892098500626e-16
0.40160160160160163,0.20382856133330404,0.612557435575571,0.18361400309112497,0.11226312676756343,0.88773687323248,-4.340972026284362e-14,0.4334839557289776,0.5214356478389977,0.04508039643202477,0.43049725315685783,0.5695027468431446,-2.4424906541753444e-15
0.40200200200200203,0.20093153686838316,0.611651424899302,0.18741703823231481,0.10604526898916125,0.8939547310109174,-7.860379014346108e-14,0.43216801390048937,0.5211607730370583,0.046671213062452366,0.42985130277019923,0.5701486972298022,-1.4432899320127035e-15
0.40240240240240244,0.19872865945430107,0.6104011872227659,0.190870153322933,0.1014189504120028,0.898581049588006,-8.770761894538737e-15,0.43076024428314785,0.520950055483435,0.048289700233417165,0.42912503636349897,0.5708749636365016,-5.551115123125783e-16
0.40280280280280284,0.19717012068559903,0.6088347745840451,0.19399510473035586,0.09835942472632296,0.9016405752736362,4.085620730620576e-14,0.4292683152214895,0.5207913425525144,0.04994034222599608,0.4283278795766329,0.5716721204233679,-7.771561172376096e-16
0.40320320320320324,0.1962167990107851,0.6069752446053462,0.19680795638386872,0.09685312120343043,0.9031468787965444,2.5091040356528538e-14,0.42769726422930643,0.5206763126443951,0.051626423126298504,0.4274659527691743,0.5725340472308259,-2.220446049250313e-16
0.40360360360360364,0.19582986267360816,0.6048443315756447,0.1993258057507472,0.09687780249760612,0.9031221975023173,7.66053886991358e-14,0.4260505440456147,0.5205988665793492,0.05335058937503612,0.4265434086745021,0.5734565913254975,3.3306690738754696e-16
0.40400400400400405,0.1959616694297911,0.602464823946206,0.20157350662400286,0.09838962219700273,0.9016103778030902,-9.29256671611256e-14,0.4243305415136033,0.5205543177514989,0.05511514073489787,0.42556309885950433,0.5744369011404956,1.1102230246251565e-16
0.40440440440440445,0.19654098037324108,0.5998632675745958,0.20359575205216307,0.10131017200721631,0.8986898279926964,8.737455203799982e-14,0.42253883762044037,0.5205389598518159,0.056922202527743715,0.42452691870386716,0.5754730812961327,1.1102230246251565e-16
0.40480480480480485,0.1974333880306659,0.5970760922448508,0.2054905197244833,0.10550069334002912,0.894499306660074,-1.0313971898767704e-13,0.4206763120915696,0.5205498423494384,0.05877384555899212,0.4234359695754908,0.5765640304245067,2.55351295663786e-15
0.40520520520520525,0.1982826334803528,0.5941732229160286,0.2075441436036186,0.11066556440624332,0.8893344355936957,6.09512440519211e-14,0.4187431244719223,0.5205846851219246,0.060672190406153126,0.4222905894632689,0.577709410536733,-1.887379141862766e-15
0.4056056056056056,0.1973272309951165,0.5914297811126947,0.21124298789218876,0.11565252105719914,0.8843474789429993,-1.9839685450051547e-13,0.41673855754328604,0.5206419165702152,0.06261952588649877,0.4210902530743538,0.5789097469256488,-2.6645352591003757e-15
0.406006006006006,0.2815454210538013,0.572393329189917,0.14606124975628165,0.1939081707933347,0.8060918292065942,7.116529587847253e-14,0.4146606564233878,0.5207208632100909,0.06461848036652129,0.4198332929041003,0.5801667070958993,3.3306690738754696e-16
0.4064064064064064,0.2150798057951906,0.5827044014350479,0.20221579276976154,0.14033425514290523,0.8596657448573247,-2.299271883998699e-13,0.4125055033379731,0.5208221808987352,0.06667231576329169,0.41851631077463924,0.5814836892253625,-1.7763568394002505e-15
0.4068068068068068,0.21592308199664556,0.5795056087724771,0.2045713092308773,0.14831671702941157,0.851683282970667,-7.849276784099857e-14,0.4102657607275013,0.5209487442496434,0.06878549502285525,0.4171329685399011,0.5828670314600981,7.771561172376096e-16
0.4072072072072072,0.21877522056225243,0.5759483476720176,0.20527643176572996,0.1580841388981467,0.8419158611017457,1.0769163338864018e-13,0.4079275910996071,0.5211075194010044,0.0709648894993885,0.41567138152778593,0.5843286184722155,-1.4432899320127035e-15
0.4076076076076076,0.2223296742815887,0.572259162546435,0.20541116317197627,0.16861991960387213,0.8313800803960852,4.263256414560601e-14,0.4054635683582655,0.5213138054843045,0.07322262615743003,0.41410797360295715,0.5858920263970496,-6.772360450213455e-15
0.408008008008008,0.2262749989901815,0.5685022435590665,0.2052227574507519,0.17960020169354424,0.8203997983063662,8.948397578478762e-14,0.4028142966080037,0.5216019907098359,0.07558371268216035,0.4123909838806423,0.5876090161193551,2.55351295663786e-15
0.4084084084084084,0.23047646715700823,0.5647126909962895,0.20481084184670229,0.19082923154473963,0.8091707684554434,-1.8307577676068831e-13,0.39983220009824016,0.5220575323091493,0.07811026759261053,0.41038724302740764,0.5896127569725903,2.1094237467877974e-15
0.4088088088088088,0.23485212843853878,0.5609162847824916,0.2042315867789697,0.20215736479040575,0.7978426352096162,-2.19824158875781e-14,0.39606483451921365,0.5229355954296462,0.08099957005114011,0.40765627966354634,0.5923437203364494,4.218847493575595e-15
0.4092092092092092,0.23934134081534875,0.5571344328906395,0.2035242262940118,0.21346118534962272,0.7865388146503259,5.140332604014475e-14,0.3896293397223225,0.5252361501921409,0.08513451008553663,0.4019753882531094,0.59802461174691,-1.942890293094024e-14
0.4096096096096096,0.24389440551390962,0.5533857924194638,0.20271980206662654,0.2246371111491982,0.7753628888508175,-1.5765166949677223e-14,0.3754438872678195,0.5308565545148112,0.0936995582173693,0.38150329448151865,0.6184967055185074,-2.609024107869118e-14
0.41001001001001003,0.24846860007580848,0.5496869104915221,0.20184448943266942,0.23559866870061955,0.7644013312994679,-8.737455203799982e-14,0.3865196426630922,0.5227182157503408,0.09076214158656704,0.40031674757483204,0.5996832524251675,4.440892098500626e-16
0.41041041041041043,0.25302652498904177,0.5460525310893871,0.20092094392157112,0.24627482242143536,0.7537251775786682,-1.035838081975271e-13,0.38899862314194866,0.5204449632647349,0.09055641359331645,0.40324317773549645,0.5967568222644964,7.105427357601002e-15
0.41081081081081083,0.2575353857887318,0.5424957817975089,0.1999688324137593,0.2566085665551268,0.7433914334449833,-1.1002310174035301e-13,0.38726079085680365,0.5201749403227834,0.09256426882041291,0.4022631297065593,0.5977368702934266,1.4099832412739488e-14
0.41121121121121124,0.2619666766606257,0.5390283192284638,0.1990050041109105,0.26655554495706807,0.7334444550429551,-2.3092638912203256e-14,0.3848394208064566,0.5201388901874472,0.0950216890060962,0.40067882942625643,0.5993211705737383,5.218048215738236e-15
0.41161161161161164,0.26629603580173233,0.535660462479548,0.19804350171871965,0.27608265290595324,0.7239173470941493,-1.0258460747536446e-13,0.3822465619535014,0.5201212576928768,0.09763218035362187,0.39891687491238725,0.6010831250876058,6.994405055138486e-15
0.41201201201201204,0.27050316471478303,0.5324013234140981,0.19709551187111884,0.2851666388729916,0.71483336112703,-2.1649348980190553e-14,0.37959585560781806,0.5200854765411926,0.10031866785098931,0.39707073315608604,0.6029292668439086,5.329070518200751e-15
0.41241241241241244,0.27457175631630537,0.5292589330330366,0.196169310650658,0.29379274105199726,0.7062072589479945,8.215650382226158e-15,0.376922772900026,0.5200260025812563,0.10305122451871773,0.39516790160399135,0.6048320983960155,-6.772360450213455e-15
0.41281281281281285,0.27848940070479833,0.5262403584296709,0.1952702408655308,0.30195339221772216,0.6980466077823624,-8.459899447643693e-14,0.3742423712206757,0.5199447134629468,0.10581291531637749,0.3932179911448207,0.6067820088551757,3.552713678800501e-15
0.41321321321321325,0.2822474487610504,0.5233518025334728,0.19440074870547674,0.30964701873883677,0.6903529812611855,-2.220446049250313e-14,0.37156321406985293,0.5198460540919437,0.10859073183820334,0.39122470949181737,0.6087752905081824,3.3306690738754696e-16
0.41361361361361365,0.28584081961218943,0.5205986782339018,0.19356050215390874,0.31687695044978037,0.6831230495502627,-4.3076653355456074e-14,0.3688913467507433,0.5197359282947521,0.11137272495450456,0.3891895423533225,0.6108104576466798,-2.3314683517128287e-15
0.41401401401401405,0.28926774186534393,0.5179856493672846,0.19274660876737137,0.3236504496712479,0.6763495503288006,-4.851674617611934e-14,0.3662314864223687,0.5196214427473842,0.11414707083024711,0.38711305966251763,0.6128869403374789,3.4416913763379853e-15
0.41441441441441446,0.29252942230878604,0.5155166334802312,0.19195394421098277,0.32997786083267894,0.6700221391672116,1.0946799022804043e-13,0.363587308794558,0.5195108152053689,0.11690187600007307,0.3849954298183915,0.6150045701816073,1.2212453270876722e-15
0.41481481481481486,0.2956296404868092,0.5131947652167341,0.1911755942964567,0.33587187704154714,0.6641281229583924,6.039613253960852e-14,0.36096141910684587,0.5194132576346709,0.11962532325848318,0.38283663823200353,0.6171633617679944,2.1094237467877974e-15
0.41521521521521526,0.29857427354747024,0.511022324379561,0.1904034020729688,0.3413469164375514,0.6586530835624728,-2.4091839634365897e-14,0.35835522349393867,0.519338779377232,0.12230599712882928,0.38063658561365554,0.6193634143863453,-8.881784197001252e-16
0.41561561561561566,0.30137076289727716,0.5090006385754288,0.18962859852729408,0.3464185990263058,0.6535814009737501,-5.5844218138645374e-14,0.3557687961874828,0.5192979009371407,0.12493330287537652,0.37839513404079106,0.6216048659592078,1.1102230246251565e-15
0.416016016016016,0.304027541776681,0.5071299759003798,0.1888424823229392,0.3511033135814605,0.6488966864185708,-3.1308289294429414e-14,0.3532007929026594,0.5193012905032184,0.12749791659412224,0.3761121291986276,0.6238878708013766,-4.218847493575595e-15
0.41641641641641647,0.3065534498844541,0.5054094471407965,0.1880371029747494,0.3554178639130339,0.6445821360870638,-9.769962616701378e-14,0.3506484391131193,0.5193593491031139,0.12999221178376685,0.3737874113518246,0.6262125886481771,-1.6653345369377348e-15
0.4168168168168168,0.308957166333173,0.5038369382892288,0.18720589537759824,0.3593791840375559,0.6406208159624122,3.186340080674199e-14,0.34810760703929816,0.5194817794761488,0.13241061348455307,0.3714208208706442,0.6285791791293547,1.1102230246251565e-15
0.4172172172172172,0.3112466943544826,0.5024090920248652,0.18634421362065223,0.3630041124004822,0.6369958875995543,-3.6415315207705135e-14,0.34557298205122744,0.5196771780404937,0.13474983990827882,0.369012201112418,0.6309877988875844,-2.3314683517128287e-15
0.4176176176176176,0.31342892945415735,0.5011213511425001,0.18544971940334254,0.3663092161245679,0.6336907838753838,4.829470157119431e-14,0.34303830720526945,0.5199526879845071,0.1370090048102235,0.3665614000445022,0.6334385999555012,-3.4416913763379853e-15
0.418018018018018,0.31550933695029615,0.49996806857117226,0.1845225944785316,0.3693106571852235,0.6306893428146871,8.93729534823251e-14,0.34049668481807316,0.5203137445747045,0.13918957060722237,0.3640682713126987,0.6359317286873035,-2.220446049250313e-15
0.4184184184184184,0.31749175556352227,0.4989426791517684,0.18356556528470935,0.3720240933719979,0.6279759066279901,1.2101430968414206e-14,0.33794090763958207,0.5207639324215112,0.14129515993890673,0.36153267511380016,0.6384673248862044,-4.551914400963142e-15
0.4188188188188188,0.31937833221722894,0.49803791966699107,0.18258374811577993,0.3744646078263536,0.6255353921737803,-1.3389289676979388e-13,0.33536379017706514,0.5213049607757851,0.14333124904714967,0.35895447905945693,0.6410455209405439,-8.881784197001252e-16
0.41921921921921923,0.32116958116195143,0.49724607743558447,0.18158434140246404,0.3766466618204065,0.623353338179593,4.440892098500626e-16,0.3327584730370953,0.5219367494530089,0.14530477750989568,0.35633355912980375,0.6436664408702008,-4.551914400963142e-15
0.41961961961961963,0.32286454978114215,0.49655924515295174,0.18057620506590605,0.3785840662433303,0.6214159337565648,1.0491607582707729e-13,0.33011867894036867,0.5226576069544783,0.147223714105153,0.35366980076587323,0.6463301992341276,-7.771561172376096e-16
0.42002002002002004,0.3244610654719505,0.4959695607405936,0.17956937378745585,0.3802899679706093,0.6197100320294746,-8.393286066166183e-14,0.32743890690908917,0.5234644752609958,0.149096617829915,0.3509631001288785,0.649036899871121,5.551115123125783e-16
0.42042042042042044,0.32595603376574095,0.49546941507523684,0.17857455115902215,0.38177684792868044,0.6182231520713884,-6.894484982922222e-14,0.32471455942817384,0.5243532131084977,0.15093222746332846,0.34821336554199017,0.6517866344580094,4.440892098500626e-16
0.42082082082082084,0.3273457575079476,0.4950516163991575,0.1776026260928949,0.38305652820610336,0.6169434717938624,3.419486915845482e-14,0.32194200476980706,0.5253188908810695,0.1527391043491234,0.3454205191223081,0.6545794808776944,-2.4424906541753444e-15
0.42122122122122124,0.32862624997264955,0.4947095065950615,0.17666424343228893,0.3841401860379153,0.6158598139620787,6.106226635438361e-15,0.31911858225230705,0.5263560745062171,0.15452534324147582,0.34258449861217327,0.657415501387825,1.6653345369377348e-15
0.42162162162162165,0.3297935202325706,0.49443703022178015,0.17576944954564927,0.3850383728828948,0.6149616271170858,1.942890293094024e-14,0.3162425616031508,0.5274590816060657,0.15629835679078352,0.3397052594152648,0.6602947405847351,1.1102230246251565e-16
0.42202202202202205,0.330843815782237,0.49422876149744577,0.17492742272031725,0.38576103715764987,0.6142389628423798,-2.964295475749168e-14,0.3133130689237521,0.5286221994116796,0.15806473166456825,0.33678277684355384,0.6632172231564444,1.7763568394002505e-15
0.42242242242242245,0.33177381417091756,0.4940798970231611,0.17414628880592137,0.3863175494661657,0.6136824505337745,5.984102102729594e-14,0.31032999141476003,0.5298398596541719,0.15983014893106806,0.33381704858492445,0.666182951415073,2.55351295663786e-15
0.42282282282282285,0.33258076141694004,0.49398622306248813,0.17343301552057183,0.3867167294031396,0.6132832705969189,-5.850875339774575e-14,0.30729387154108784,0.5311067702519534,0.1615993582069588,0.330808097396871,0.6691919026031329,-3.885780586188048e-15
0.42322322322322325,0.33326255969575863,0.49394406595611107,0.17279337434813036,0.38696687320238,0.61303312679763,-9.992007221626409e-15,0.30420579924272256,0.5324180068949326,0.16337619386234492,0.32775597403674644,0.6722440259632545,-8.881784197001252e-16
0.42362362362362366,0.33381781004192534,0.4939502331980956,0.17223195675997904,0.3870757816616253,0.6129242183383338,4.0967229608668276e-14,0.30106730854676655,0.5337690696374995,0.16516362181573396,0.32466076043665126,0.6753392395633488,-1.1102230246251565e-16
0.42402402402402406,0.33424581763520245,0.4940019512105659,0.17175223115423166,0.38705078790470937,0.6129492120952831,7.549516567451064e-15,0.29788028282644036,0.5351559105472126,0.16696380662634702,0.32152257313358534,0.6784774268664155,-8.881784197001252e-16
0.42442442442442446,0.33454656789170834,0.49409680427366615,0.17135662783462552,0.38689878464858285,0.6131012153514462,-2.90878432451791e-14,0.2946468711494025,0.5365749385871069,0.1687781902634905,0.31834156696357246,0.6816584330364317,-4.218847493575595e-15
0.42482482482482486,0.3347206813492849,0.4942326775924353,0.17104664105827982,0.3866262507320123,0.6133737492679906,-2.886579864025407e-15,0.2913694167427774,0.5380230074991879,0.17060757575803476,0.31511793902956836,0.6848820609704336,-1.9984014443252818e-15
0.42522522522522527,0.3347693545227258,0.49440770624891384,0.17082293922836034,0.38623927672588154,0.6137607232740502,6.827871601444713e-14,0.28805039756854434,0.5394973917385458,0.17245221069290984,0.3118519329511246,0.6881480670488744,8.881784197001252e-16
0.42562562562562567,0.33469429279041474,0.49462023082771656,0.1706854763818687,0.38574358950400967,0.6142564104960562,-6.583622536027178e-14,0.28469237831567795,0.5409957546543368,0.17431186702998525,0.30854384340571184,0.6914561565942865,1.6653345369377348e-15
0.4260260260260261,0.33449764015433414,0.49486875981362133,0.17063360003204453,0.38514457569859106,0.6148554243013844,2.453592884421596e-14,0.28129797269793344,0.542516112255423,0.1761859150466436,0.3051940209648413,0.694805979035157,1.7763568394002505e-15
0.4264264264264265,0.33418190952669335,0.4951519384137232,0.17066615205958346,0.3844473039926431,0.6155526960073433,1.3655743202889425e-14,0.2778698147538261,0.5440567950981068,0.1780733901480671,0.3018028772345679,0.6981971227654312,8.881784197001252e-16
0.4268268268268268,0.33374991614791744,0.49546852318097834,0.17078156067110428,0.38365654623657264,0.6163434537633552,7.216449660063518e-14,0.274410537786444,0.5456164101480714,0.17997305206548464,0.2983708902988095,0.7016291097011955,-4.9960036108132044e-15
0.4272272272272273,0.3332047158412111,0.4958173617015913,0.17097792245719767,0.3827767973885451,0.6172232026114197,3.519406988061746e-14,0.27092275963673906,0.5471938038943562,0.1818834364689047,0.29489861046832355,0.7051013895316754,9.992007221626409e-16
0.4276276276276276,0.3325495491023602,0.4961973765700952,0.17125307432754455,0.3818122942997415,0.6181877057002813,-2.275957200481571e-14,0.2674090730876114,0.5487880275423801,0.1838028993700085,0.29138666633103916,0.7086133336689677,-6.8833827526759706e-15
0.42802802802802803,0.3317877914740019,0.4966075529144267,0.17160465561157134,0.3807670333736419,0.6192329666263872,-2.90878432451791e-14,0.2638720403353609,0.5503983047655431,0.185729654899096,0.28783577109721953,0.7121642289027801,4.440892098500626e-16
0.42842842842842843,0.3309229102580802,0.4970469287977857,0.1720301609441341,0.3796447871387676,0.6203552128612781,-4.574118861455645e-14,0.2603141906119082,0.5520240022399359,0.18766180714815595,0.28424672922798166,0.7157532707720152,3.1086244689504383e-15
0.42882882882882883,0.3299584273442321,0.49751458791057607,0.17252698474519185,0.3784491197778678,0.6215508802221663,-3.419486915845482e-14,0.25673802018300024,0.5536646030057838,0.1895973768112159,0.2806204433286735,0.719379556671322,4.551914400963142e-15
0.42922922922922924,0.3288978877562313,0.4980096540539392,0.1730924581898295,0.3771834016625967,0.622816598337435,-3.164135620181696e-14,0.25314599408357774,0.5553196825750624,0.1915343233413599,0.2769579212859522,0.7230420787140476,2.220446049250313e-16
0.42962962962962964,0.32774483341510374,0.4985312870025892,0.17372387958230706,0.37585082294185734,0.6241491770581434,-7.771561172376096e-16,0.2495405490670323,0.5569888876275768,0.19347056330539092,0.2732602836189717,0.726739716381033,-4.6629367034256575e-15
0.43003003003003004,0.3265027815746503,0.49907867941060186,0.17441853901474785,0.37445440623753734,0.6255455937624587,3.9968028886505635e-15,0.2459240973437251,0.5586719170955243,0.19540398556075056,0.26952877100367667,0.7304712289963241,-7.771561172376096e-16
0.43043043043043044,0.3251752073694105,0.49965105449489317,0.1751737381356963,0.37299701849356,0.6270029815064495,-9.547918011776346e-15,0.24229903077397935,0.5603685054125515,0.19733246381346914,0.265764751926892,0.7342352480731089,-8.881784197001252e-16
0.43083083083083085,0.32376552994376495,0.5002476642839244,0.17598680577231063,0.3714813820336556,0.6285186179663318,1.2656542480726785e-14,0.23866772524859525,0.5620784077015724,0.1992538670498324,0.261969730413999,0.7380302695859885,1.2545520178264269e-14
0.43123123123123125,0.32227710165329226,0.5008677882727469,0.17685511007396082,0.3699100848704453,0.6300899151296203,-6.561418075534675e-14,0.23503254504374965,0.5638013866851495,0.20116606827110095,0.2581453537608146,0.7418546462391888,-3.4416913763379853e-15
0.43163163163163165,0.32071319988611136,0.5015107323561097,0.177776067757779,0.3682855903198766,0.6317144096801042,1.9206858326015208e-14,0.23139584698866353,0.565537201113096,0.20306695189824042,0.2542934201952683,0.7457065798047284,3.3306690738754696e-15
0.43203203203203205,0.3190770210839361,0.5021758279539946,0.17874715096206928,0.3666102459572269,0.6333897540427715,1.5543122344752192e-15,0.22775998431529598,0.5672855955244327,0.20495442016027132,0.2504158863775297,0.7495841136224862,-1.587618925213974e-14
0.43243243243243246,0.3173716766053048,0.5028624312549886,0.17976589213970662,0.3648862919642069,0.6351137080357859,7.216449660063518e-15,0.22412731008803763,0.5690462911808488,0.20682639873111353,0.24651487463506983,0.7534851253649478,-1.765254609153999e-14
0.43283283283283286,0.31560019011212287,0.5035699225322022,0.18082988735567496,0.36311586890591585,0.6368841310940349,4.929390229335695e-14,0.22050018013616113,0.5708189780293458,0.2086808418344931,0.24259267981969,0.7574073201803176,-7.66053886991358e-15
0.43323323323323326,0.3137654962021561,0.5042977054974297,0.1819367983004142,0.36130102497313454,0.6386989750268666,-1.1102230246251565e-15,0.21688095542344274,0.5726033075751062,0.210515737001451,0.23865177565518134,0.7613482243448011,1.7541523789077473e-14
0.43363363363363366,0.31187044005751696,0.505045206667353,0.18308435327513006,0.3594437227307787,0.6405562772692348,-1.354472090042691e-14,0.21327200380617856,0.5743988865642596,0.21232910962956175,0.2346948204353552,0.7653051795646704,-2.55351295663786e-14
0.43403403403403407,0.30991777790463193,0.5058118747306742,0.18427034736469383,0.3575458454013006,0.642454154598687,1.2434497875801753e-14,0.20967570113756684,0.5762052713963405,0.21411902746609268,0.23072466191604626,0.7692753380839574,-3.6637359812630166e-15
0.43443443443443447,0.3079101781212209,0.5065971799035687,0.18549264197521043,0.35560920271882746,0.6443907972811393,3.319566843629218e-14,0.20609443168578012,0.5780219632036034,0.21588360511061644,0.22674434123502324,0.7732556587650218,-4.496403249731884e-14
0.43483483483483487,0.30585022284664115,0.5074006132709121,0.18674916388244678,0.35363553638078193,0.6463644636192094,8.659739592076221e-15,0.20253058783813777,0.5798484035491491,0.21762100861271305,0.22275709568155647,0.7772429043184659,-2.2315482794965646e-14
0.4352352352352353,0.30374040997865787,0.5082216861107434,0.18803790391059882,0.3516265251258167,0.6483734748742408,-5.750955267558311e-14,0.19898656906915987,0.5816839707123643,0.21932946021847577,0.21876636012842016,0.7812336398715798,0.0
0.4356356356356357,0.3015831554603824,0.5090599292019519,0.18935691533766574,0.3495837894645919,0.6504162105353926,1.554312234475219e-14,0.1954647801555631,0.5835279765397761,0.22100724330466082,0.21477576693393774,0.7852242330660636,-1.3322676295501878e-15
0.4360360360360361,0.29938079577397714,0.5099148921192064,0.1907043121068165,0.347508896084493,0.65249110391552,-1.2989609388114332e-14,0.1919676286249558,0.585379663853074,0.22265270752197008,0.21078914411637734,0.7892108558836438,-2.120525977034049e-14
0.4364364364364365,0.2971355905790375,0.5107861425140038,0.19207826690695873,0.3454033619539295,0.6545966380460442,2.631228568361621e-14,0.18849752142910892,0.5872382044151196,0.22426427415577144,0.2068105116026706,0.7931894883973138,1.554312234475219e-14
0.4368368368368369,0.29484972543833854,0.5116732653894931,0.19347700917216837,0.34326865814317964,0.656731341856847,-2.6645352591003757e-14,0.18505686084361614,0.5891026974590402,0.22584044169734363,0.2028440753649647,0.7971559246350142,2.1094237467877974e-14
0.4372372372372373,0.2925253145918116,0.512575862367543,0.19489882304064532,0.3411062133848025,0.658893786615211,-1.354472090042691e-14,0.18164803958957504,0.5909721687999474,0.2273797916104776,0.19889421925375966,0.8011057807461901,5.0182080713057076e-14
0.43763763763763763,0.29016440374006347,0.5134935509558212,0.19634204530411536,0.33891741738719133,0.6610825826127956,1.2989609388114332e-14,0.1782734351949527,0.5928455705438841,0.22888099426116326,0.1949654943706257,0.8050345056294034,-2.90878432451791e-14
0.4380380380380381,0.287768972815038,0.5144259638134955,0.19780506337146653,0.3367036239226677,0.6632963760773519,-1.965094753586527e-14,0.17493540360794613,0.5947217814200811,0.23034281497197273,0.19106260582947945,0.8089373941705966,-7.605027718682322e-14
0.43843843843843844,0.2853409387089534,0.5153727480231424,0.19928631326790425,0.33446615369784416,0.6655338463021743,-1.84297022087776e-14,0.17163627209045162,0.596599607760351,0.23176412014919734,0.1871903967942578,0.8128096032056759,6.628031457012185e-14
0.43883883883883884,0.2828821579538351,0.5163335643668433,0.2007842776793216,0.33220629702922516,0.667793702970783,-8.215650382226158e-15,0.1683783314272345,0.5984777851508171,0.23314388342194847,0.18335382971325365,0.8166461702867243,2.2093438190040615e-14
0.43923923923923924,0.2803944293326601,0.5173080866116538,0.20229748405568604,0.3299253163303981,0.670074683669583,1.887379141862766e-14,0.16516382749352565,0.60035498078062,0.23448119172585435,0.17955796471146102,0.8204420352885342,4.773959005888173e-15
0.43963963963963965,0.2778794964147108,0.5182960008059329,0.20382450277935626,0.32762444842474714,0.6723755515752627,-9.880984919163893e-15,0.1619949522409989,0.602229796508936,0.23577525125006504,0.17580793515874152,0.8241920648412626,-4.107825191113079e-15
0.44004004004004005,0.27533905000946896,0.5192970045871684,0.20536394540336256,0.3253049066955881,0.6746950933043739,3.7969627442180354e-14,0.15887383416641362,0.6041007726681888,0.2370253931653975,0.17210892048124604,0.827891079518791,-3.708144902248023e-14
0.44044044044044045,0.2727747305341788,0.5203108065039883,0.2069144629618329,0.32296788308343277,0.6770321169165554,1.176836406102666e-14,0.15580252834498895,0.6059663926142819,0.23823107904072915,0.16846611635209663,0.8315338836479262,-2.2870594307278225e-14
0.44084084084084085,0.2701881302922373,0.521337125352179,0.20847474435558366,0.32061454993958294,0.6793854500604113,5.773159728050814e-15,0.15278300611758797,0.6078250880299834,0.23939190585242864,0.1648847024597181,0.8351152975402554,2.653433028854124e-14
0.44124124124124126,0.26758079566173926,0.5223756895268903,0.2100435148113704,0.31824606174536274,0.681753938254631,6.217248937900877e-15,0.14981714453689893,0.6096752449765245,0.24050761048657654,0.1613698081259341,0.838630191874044,2.19824158875781e-14
0.44164164164164166,0.26495422919268724,0.5234262363914234,0.21161953441588943,0.31586355670362054,0.6841364432964102,-3.0753177782116836e-14,0.14690671568527572,0.611515210680934,0.24157807363379036,0.15792647611397267,0.8420735238860332,-5.88418203051333e-15
0.44204204204204206,0.2623098916165535,0.5244885116618413,0.2132015967216052,0.31346815821284474,0.6865318417871724,-1.709743457922741e-14,0.1440533759914521,0.6133433010336449,0.24260332297490306,0.15455962504058166,0.8454403749593644,5.395683899678261e-14
0.44244244244244246,0.25964920376683376,0.525562268809732,0.21478852742343424,0.3110609762280636,0.6889390237719477,-1.1324274851176597e-14,0.14125865567894885,0.6151578087621166,0.24358353555893464,0.1512740108680724,0.8487259891319497,-2.2093438190040615e-14
0.44284284284284287,0.2569735484131474,0.5266472684823004,0.21637918310455218,0.30864310851536814,0.6913568914846369,-4.9960036108132044e-15,0.1385239484870019,0.6169570122318953,0.24451903928110286,0.14807418801380226,0.8519258119862713,-7.349676423018536e-14
0.44324324324324327,0.25428427201277054,0.5277432779396242,0.21797245004760535,0.30621564180761374,0.6937843581923924,-6.106226635438361e-15,0.13585050181621516,0.6187391848130381,0.2454103133707467,0.14496447067055998,0.8550355293293891,5.0959236830294685e-14
0.44364364364364367,0.2515826863818075,0.5288500705090169,0.21956724310917564,0.3037796528662578,0.6962203471337522,-9.992007221626409e-15,0.13323940744776247,0.6205026047391901,0.24625798781304742,0.14194889496427843,0.8580511050357136,7.993605777301127e-15
0.4440440440440441,0.24887007028638156,0.5299674250578712,0.22116250465574727,0.30133620945200557,0.6986637905479642,3.019806626980426e-14,0.1306915929871786,0.6222455653740279,0.24706284163879355,0.13903118260085714,0.8609688173991328,1.0103029524088925e-14
0.4444444444444445,0.24614767095914225,0.5310951254836845,0.2227572035571732,0.29888637121135253,0.7011136287886622,-1.4765966227514582e-14,0.1282078141880394,0.6239663857852389,0.24782580002672172,0.13621470667125568,0.8637852933287093,3.497202527569243e-14
0.4448448448448449,0.24341670554493242,0.5322329602197415,0.22435033423532602,0.29643119048416966,0.7035688095158462,-1.587618925213974e-14,0.12578864829813743,0.6256634215179838,0.24854793018387877,0.13350246026586599,0.8664975397340997,3.430589146091734e-14
0.4452452452452453,0.2406783624774079,0.5333807217582313,0.22594091576436082,0.2939717130352618,0.7060282869647468,-8.659739592076221e-15,0.12343448856599794,0.627335075450141,0.24923043598386108,0.13089702852577323,0.8691029714741925,3.430589146091734e-14
0.4456456456456457,0.23793380278566545,0.5345382061914358,0.22752799102289878,0.29150897870961906,0.7084910212903521,2.886579864025407e-14,0.12114554003475456,0.628979808602308,0.24987465136293752,0.12840056471290245,0.87159943528706,3.752553823233029e-14
0.4460460460460461,0.2351841613436389,0.5357052127658009,0.2291106258905602,0.2890440220248398,0.710955977975126,3.419486915845482e-14,0.11892181673490408,0.6305961507709736,0.25048203249412226,0.1260147708143158,0.8739852291856449,3.930189507173054e-14
0.4464464464464465,0.23243054805298907,0.5368815434550691,0.23068790849194176,0.28657787269171064,0.713422127308291,-1.6653345369377348e-15,0.11676314036895433,0.6321827108502287,0.251054148780817,0.12374088311397949,0.8762591168861157,-9.514611321037592e-14
0.4468468468468469,0.2296740489730288,0.538067002546149,0.23225894848082218,0.28411155607686395,0.7158884439231533,-1.7208456881689926e-14,0.1146691405609463,0.6337381867061157,0.25159267273293795,0.12157966306711492,0.8784203369328144,7.072120666862247e-14
0.4472472472472473,0.22691572739417812,0.5392613962409053,0.2338228763649166,0.28164609360413523,0.7183539063958857,-2.0872192862952943e-14,0.11263925672318238,0.6352613744699545,0.2520993688068631,0.11953139370730131,0.8804686062927085,-9.769962616701378e-15
0.4476476476476477,0.22415662485697382,0.5404645322736105,0.23537884286941568,0.27918250309673376,0.7208174969032359,3.0309088572266774e-14,0.11067274156069369,0.6367511771229835,0.2525760813163228,0.11759588168847239,0.882404118311559,-3.1308289294429414e-14
0.4480480480480481,0.22139776212390327,0.5416762195411887,0.236926018334908,0.27672179906759314,0.7232782009324198,-1.2989609388114332e-14,0.10876866621978999,0.6382066122487497,0.2530247215314603,0.1157724649579377,0.8842275350420206,4.1744385725905886e-14
0.44844844844844844,0.21864014010316488,0.5428962677469577,0.23846359214987745,0.2742649929569671,0.7257350070430476,-1.4765966227514582e-14,0.10692592704543814,0.6396268188470976,0.25344725410746427,0.11406002591441117,0.8859399740855305,5.839773109528323e-14
0.4488488488488489,0.21588474072562064,0.5441244870594424,0.23999077221493703,0.27181309331854014,0.7281869066814798,-1.9872992140790302e-14,0.10514325389793482,0.641011063108355,0.25384568299371024,0.11245700980284946,0.8875429901972023,-5.1736392947532295e-14
0.44924924924924925,0.2131325277794219,0.5453606877830548,0.24150678443752327,0.26936710595857843,0.7306328940414106,1.0880185641326534e-14,0.1034192199447153,0.6423587430685044,0.25422203698678036,0.11096144797645485,0.8890385520234694,7.571721027943568e-14
0.44964964964964965,0.21038444770389056,0.5466046800415547,0.24301087225455476,0.2669280340296075,0.7330719659703724,2.0095036745715333e-14,0.10175225282150306,0.6436693920812293,0.2545783550972677,0.10957098556173057,0.8904290144382034,6.59472476627343e-14
0.45005005005005005,0.2076414303421229,0.5478562734746648,0.2445022961832123,0.2644968780781669,0.7355031219218313,1.7763568394002505e-15,0.10014064703493696,0.6449426810575561,0.2549166719075069,0.10828291297955585,0.891717087020467,-2.2870594307278225e-14
0.45045045045045046,0.20490438965813174,0.5491152769455515,0.24598033339631675,0.2620746360524456,0.737925363947544,1.0436096431476471e-14,0.09858257745373632,0.646178419451951,0.2552390030943127,0.10709420070273784,0.8929057992971207,1.4155343563970746e-13
0.45085085085085086,0.2021742244168499,0.5503814982608728,0.24744427732227736,0.25966230326821904,0.7403376967317513,2.964295475749168e-14,0.09707611372462935,0.6473765549864513,0.2555473312889194,0.10600153659133267,0.8939984634087101,-4.285460875053104e-14
0.45125125125125126,0.19945181882989244,0.5516547439019036,0.248893437268204,0.2572608723360444,0.7427391276639357,1.9984014443252818e-14,0.09561923542985172,0.6485371721270409,0.2558435924431074,0.10500136511145151,0.8949986348885504,-1.887379141862766e-15
0.45165165165165166,0.19673804316845114,0.552934818766796,0.25032713806475293,0.25487133305121995,0.7451286669487981,-1.8096635301390052e-14,0.09420984779605557,0.6496604893506788,0.25612966285326566,0.1040899277397916,0.8959100722602992,-9.08162434143378e-14
0.45205205205205207,0.19403375434468784,0.5542215259236347,0.25174471973167745,0.2524946722480347,0.7475053277519592,6.106226635438361e-15,0.09284579775905963,0.6507468552513289,0.25640734698961143,0.10326330386711861,0.8967366961328462,3.519406988061746e-14
0.45245245245245247,0.1913397964618413,0.5555146663750057,0.253145537163153,0.25013187361883904,0.7498681263811496,1.1324274851176597e-14,0.09152489018531255,0.6517967435607097,0.2566783662539778,0.10251745153881195,0.8974825484611793,8.770761894538737e-15
0.45285285285285287,0.18865700133843846,0.5568140388305085,0.25452895983105306,0.24778391750336426,0.7522160824966172,1.8540724511240114e-14,0.09024490405522714,0.6528107471652095,0.2569443487795634,0.10184824741908605,0.8981517525809415,-2.7533531010703882e-14
0.4532532532532533,0.18598618900032007,0.5581194394923792,0.25589437150730077,0.24545178064257048,0.7545482193574242,5.329070518200751e-15,0.08900360841856288,0.6537895712224907,0.2572068203589464,0.10125152541680486,0.8987484745831891,6.106226635438361e-15
0.4536536536536537,0.1833281681490911,0.5594306618488487,0.25724117000206026,0.24313643590580783,0.7568635640942102,-1.7985612998927536e-14,0.08779877794511186,0.6547340254832914,0.2574671965715968,0.10072311348376,0.899276886516251,-1.099120794378905e-14
0.4540540540540541,0.18068373660346948,0.5607474964779778,0.2585687669185527,0.24083885198818278,0.759161148011789,2.8199664825478976e-14,0.08662820789947533,0.6556450159416337,0.25772677615889095,0.10025886815813435,0.8997411318419232,-5.750955267558311e-14
0.4544544544544545,0.17805368171505537,0.5620697308617721,0.25987658742317254,0.23855999308022624,0.7614400069197904,-1.6653345369377348e-14,0.08548972839560383,0.6565235359315491,0.257986735672847,0.09985470651780477,0.9001452934821773,1.787459069646502e-14
0.4548548548548549,0.17543878076205788,0.5633971492076759,0.2611640700302662,0.2363008185137323,0.7636991814862777,-9.992007221626409e-15,0.08438121779536753,0.6573706567998844,0.25824812540474806,0.09950663527433186,0.9004933647257585,-9.037215420448774e-14
0.4552552552552553,0.17283980131747365,0.5647295322815791,0.26243066640094725,0.2340622823809268,0.7659377176190915,-1.8318679906315083e-14,0.0833006151376868,0.6581875182804537,0.25851186658185943,0.0992107768189982,0.900789223181082,-8.026912468039882e-14
0.4556556556556557,0.17025750159600683,0.5660666572484808,0.26367584115551235,0.2318453331318441,0.7681546668681447,1.1213252548714081e-14,0.08224593151002622,0.6589753186918716,0.2587787497981021,0.09896339211242577,0.9010366078876512,-7.693845560652335e-14
0.4560560560560561,0.16769263077924218,0.5674082975225163,0.26489907169824156,0.22965091314997876,0.7703490868500341,-1.2878587085651816e-14,0.08121526028590989,0.6597353050811909,0.2590494346328992,0.09876090036547466,0.9012390996344988,2.653433028854124e-14
0.4564564564564565,0.16514592931999905,0.5687542226251963,0.2660998480548047,0.2274799583079379,0.7725200416920815,-1.942890293094024e-14,0.08020678618372905,0.6604687634222497,0.2593244503940213,0.0985998955352246,0.901400104464789,-1.3655743202889425e-14
0.4568568568568569,0.16261812922356975,0.5701041980544328,0.26727767272199743,0.22533339750148776,0.7746666024985105,1.7763568394002505e-15,0.07921879311213237,0.661177008976524,0.2596041979113436,0.09847715970170524,0.901522840298291,3.774758283725532e-15
0.4572572572572573,0.16010995431368652,0.5714579851591343,0.26843206052717916,0.22321215217055843,0.7767878478294553,-1.3766765505351941e-14,0.07824967079579989,0.6618613769096943,0.2598889522945058,0.09838967344700131,0.9016103265530064,-7.771561172376096e-15
0.4576576576576577,0.15762212047395915,0.5728153410253929,0.26956253850064793,0.22111713579890008,0.7788828642010892,1.0658141036401503e-14,0.07729792018686461,0.6625232132487172,0.26017886656441813,0.0983346233917124,0.9016653766083532,-6.561418075534675e-14
0.4580580580580581,0.15515533587518607,0.5741760183685913,0.2706686457562226,0.219049253403481,0.780950746596521,-1.9984014443252818e-15,0.07636215768758829,0.6631638662526147,0.26047397605979705,0.09830940707543824,0.90169059292453,3.175237850427948e-14
0.4584584584584585,0.15271030117976234,0.5755397654363572,0.2717499333838804,0.21700940100591537,0.7829905989941063,-2.1649348980190553e-14,0.07544111822236726,0.6637846782600879,0.26077420351754477,0.09831163538952215,0.9016883646105273,-4.9404924595819466e-14
0.4588588588588589,0.15028770973105385,0.5769063259183362,0.2728059643506099,0.21499846509460463,0.7850015349053998,-4.440892098500626e-15,0.07453365721149637,0.6643869780613738,0.2610793647271298,0.09833913278704232,0.90166086721303,-7.227551890309769e-14
0.45925925925925926,0.14788824772529127,0.5782754388642811,0.2738363134104276,0.21301732207607074,0.7869826779239342,-4.884981308350689e-15,0.07363875150727665,0.6649720738370644,0.26138917465565903,0.09838993550068328,0.9016100644993623,-4.5630166312093934e-14
0.4596596596596597,0.14551259436487363,0.5796468386111339,0.2748405670239925,0.21106683771553444,0.7889331622844327,3.2862601528904634e-14,0.07275549936445863,0.6655412466883645,0.261703253947177,0.09846228800504049,0.9015377119950221,-6.261657858885883e-14
0.46006006006006006,0.14316142199398357,0.5810202547194194,0.27581832328659694,0.20914786656853124,0.7908521334314791,-1.0325074129013956e-14,0.07188311952030055,0.6660957447790065,0.26202113570069296,0.09855463795319204,0.901445362046802,5.88418203051333e-15
0.46046046046046046,0.14083539622127517,0.5823954119150365,0.2767691918636883,0.20726125140925716,0.7927387485907286,1.432187701766452e-14,0.07102094946767708,0.6666367780944924,0.2623422724378305,0.09866562981786406,0.901334370182211,-7.505107646466058e-14
0.46086086086086087,0.13853517602331594,0.5837720300422312,0.2776927939344528,0.20540782265067956,0.7945921773493291,-8.659739592076221e-15,0.07016844300204657,0.6671655138204977,0.2626660431774557,0.09879409744662973,0.9012059025534208,-5.051514762044462e-14
0.46126126126126127,0.136261413833881,0.5851498240229388,0.2785887621431802,0.20358839776230378,0.796411602237711,-1.4765966227514582e-14,0.06932516713017578,0.6676830723302843,0.2629917605395399,0.09893905574112938,0.9010609442588668,3.774758283725532e-15
0.46166166166166167,0.1340147556168613,0.5865285038256162,0.27945674055752256,0.20180378068455185,0.7981962193154594,-1.1213252548714081e-14,0.0684907984229096,0.6681905237667484,0.263318677810342,0.0990996916440608,0.9009003083558508,8.848477506262498e-14
0.4620620620620621,0.13179584092377766,0.5879077744422642,0.28029638463395823,0.20005476124203408,0.7999452387579649,1.1102230246251565e-15,0.06766511889623247,0.6686888851975542,0.2636459959062133,0.09927535461124046,0.9007246453888127,-5.3179682879545e-14
0.4624624624624625,0.1296053029394286,0.5892873358718129,0.28110736118875845,0.19834211455983108,0.8016578854401797,-1.0769163338864018e-14,0.06684801149872313,0.6691791183177851,0.2639728701834918,0.09946554672278204,0.9005344532771695,4.8405723873656825e-14
0.4628628628628629,0.12744376850742242,0.5906668831154062,0.2818893483771714,0.1966666004763191,0.8033333995236792,1.6653345369377348e-15,0.0660394552821791,0.669662127672466,0.26429841704535484,0.09966991257566238,0.9003300874244199,-8.22675261247241e-14
0.4632632632632633,0.12531185814765147,0.5920461061760554,0.2826420356762932,0.1950289629651356,0.8049710370348578,6.5503158452884236e-15,0.06523952032733057,0.6701387593623329,0.2646217203103365,0.09988822908122619,0.9001117709187431,3.0753177782116836e-14
0.4636636636636637,0.12321018605527646,0.5934246900694151,0.28336512387530843,0.19342992955730015,0.806570070442713,-1.3100631690576847e-14,0.06444836248997841,0.6706098002033851,0.26494183730663645,0.1001203952764225,0.899879604723636,-5.850875339774575e-14
0.4640640640640641,0.12113936008773561,0.5948023148417403,0.2840583250705241,0.19187021077092814,0.8081297892290917,-1.9872992140790302e-14,0.06366621802887233,0.6710759773006684,0.26525780467045934,0.10036642223964778,0.89963357776028,7.227551890309769e-14
0.4644644644644645,0.11909998173791543,0.5961786555965806,0.28472136266550396,0.19035049954785802,0.8096495004521208,2.120525977034049e-14,0.06289339817264994,0.6715379580011519,0.26556864382619816,0.10062642319490606,0.8993735768051049,-1.099120794378905e-14
0.4648648648648649,0.11709264609529207,0.597553382529074,0.2853539713756339,0.18887147069994017,0.8111285293000448,1.509903313490213e-14,0.062130283671435346,0.6719963501903815,0.26587336613818313,0.10090060386268798,0.8990993961373639,-5.184741524999481e-14
0.4652652652652653,0.11511794179213751,0.5989261609697141,0.2859558972381484,0.18743378036330371,0.8125662196367012,-4.884981308350689e-15,0.061377319382761586,0.6724517028944559,0.26617097772278253,0.10118925311881725,0.8988107468811166,6.616929226765933e-14
0.4656656656656657,0.11317645093961375,0.600296651435091,0.28652689762529526,0.1860380654661613,0.8139619345338447,-5.995204332975845e-15,0.06063500892538401,0.6729045071554994,0.2664604839191166,0.10149273399767765,0.8985072660023397,-1.7319479184152442e-14
0.4660660660660661,0.11126874904761822,0.6016645096896858,0.28706674126269605,0.1846849432055743,0.8153150567944253,4.440892098500626e-16,0.059903909437886586,0.6733551971429689,0.26674089341914453,0.10181147507611488,0.8981885249238729,1.2212453270876722e-14
0.4664664664664665,0.10939540493861684,0.6030293868117856,0.2875752082495975,0.18337501054338612,0.8166249894566139,0.0,0.05918462646742675,0.6738041514737372,0.2670112220588361,0.10214596225933811,0.897854037740638,2.3869795029440866e-14
0.4668668668668669,0.10755698064431053,0.6043909292715524,0.2880520900841371,0.18210884371215474,0.8178911562878138,3.141931159689193e-14,0.058477809014675065,0.6742516947054205,0.2672704962799045,0.10249673098752936,0.897503269012426,4.463096558993129e-14
0.4672672672672673,0.10575403129260685,0.6057487790164905,0.28849718969090266,0.18088699773892844,0.819113002261052,1.9539925233402755e-14,0.05778414475232279,0.6746980989778116,0.2675177562698656,0.10286435887154827,0.897135641128467,-1.532107773982716e-14
0.4676676676676677,0.10398710498445826,0.6071025735642542,0.2889103214512875,0.17971000598703285,0.8202899940129744,-7.327471962526033e-15,0.05710435543241289,0.6751435857749244,0.26775205879266273,0.10324945876124539,0.8967505412387279,2.6756374893466273e-14
0.4680680680680681,0.1022567426591787,0.6084519461045738,0.2892913112362475,0.17857837971576973,0.8214216202842284,1.887379141862766e-15,0.05643919249356544,0.6755883277843907,0.26797247972204385,0.10365267224594221,0.8963473277539667,9.103828801926284e-14
0.4684684684684685,0.10056347794866399,0.6097965256100379,0.2896399964412981,0.17749260765893876,0.8225073923410852,-2.3869795029440866e-14,0.05578943287711058,0.6760324508297052,0.2681781162931842,0.10407466358371671,0.8959253364163389,-5.562217353372034e-14
0.4688688688688689,0.09890783702324384,0.6111359369535552,0.28995622602320104,0.17645315562535194,0.8235468443746528,-4.6629367034256575e-15,0.05515587505538416,0.6764760358577041,0.2683680890869117,0.10451611404784364,0.8954838859521452,1.1102230246251565e-14
0.46926926926926926,0.09729033842453257,0.612469801036906,0.29023986053856143,0.17546046611816213,0.8245395338818186,1.9317880628477724e-14,0.05453933527595786,0.676919120962435,0.2685415437616071,0.10497771668357718,0.895022283316364,5.88418203051333e-14
0.4696696696696697,0.09571149289328114,0.6137977349239705,0.2904907721827483,0.17451495798022654,0.8254850420197859,-1.2434497875801753e-14,0.05394064402069705,0.6773617034288724,0.26869765255043054,0.10546017145870809,0.8945398285413126,-2.0761170560490427e-14
0.47007007007007007,0.09417180318436731,0.615119351984866,0.29070884483076664,0.17361702605950668,0.8263829739404952,-1.887379141862766e-15,0.05336064267910908,0.6778037417817995,0.2688356155390914,0.10596418079648999,0.8940358192034887,2.1316282072803006e-14
0.4704704704704705,0.09267176387358877,0.6164342620483059,0.29089397407810536,0.1727670408990374,0.8272329591009466,1.5987211554602254e-14,0.052800180430968145,0.6782451578300317,0.2689546617390002,0.10649044547251817,0.8935095545275482,-6.639133687258436e-14
0.4708708708708709,0.09121186115930177,0.6177420715592783,0.2910460672814199,0.17196534845421158,0.8280346515457936,-5.218048215738236e-15,0.05226011133468256,0.6786858386910405,0.26905404997427695,0.10703966086132366,0.8929603391386616,1.4765966227514582e-14
0.47127127127127133,0.08979257265179058,0.6190423837480404,0.29116504360016904,0.17121226983192928,0.8287877301680749,-4.218847493575595e-15,0.051741291614253976,0.6791256387912491,0.2691330695944969,0.1076125135140624,0.8923874864858764,6.117328865684613e-14
0.4716716716716717,0.08841436715802278,0.6203347988050953,0.2912508340368819,0.17050810105835812,0.829491898941625,1.687538997430238e-14,0.051244577138708176,0.6795643818305717,0.2691910410307201,0.10820967805062515,0.8917903219493515,2.3314683517128287e-14
0.4720720720720721,0.08707770445924287,0.6216189140638911,0.29130338147686596,0.16985311287328297,0.8301468871267098,7.216449660063518e-15,0.05077082108626489,0.6800018627061151,0.2692273162076201,0.10883181434999042,0.8911681856500822,-7.260858581048524e-14
0.4724724724724725,0.08578303507895177,0.6228943241934582,0.29132264072758995,0.1692475505490328,0.8307524494509557,1.1546319456101628e-14,0.050320871784377774,0.6804378493905711,0.2692412788250512,0.10947956501954803,0.8905204349805043,-5.229150445984487e-14
0.4728728728728729,0.08453080004971074,0.6241606213949785,0.2913085785553108,0.16869163374143037,0.8313083662585543,1.532107773982716e-14,0.049895570718593,0.6808720847594663,0.2692323445219408,0.1101535531291408,0.8898464468708617,-2.4424906541753444e-15
0.4732732732732733,0.08332143066995813,0.6254173956089913,0.29126117372105054,0.16818555636501323,0.8318144436349806,6.217248937900877e-15,0.04949575070025161,0.6813042883648982,0.2691999609348502,0.1108543801916149,0.8891456198083444,4.0745185003743245e-14
0.4736736736736737,0.0821553482568653,0.6266642347289522,0.2911804170141825,0.16772948649783717,0.8322705135021484,1.4432899320127035e-14,0.049122234185058844,0.6817341581527818,0.2691436076621594,0.11158262437573424,0.888417375624277,-1.1324274851176597e-14
0.4740740740740741,0.08103296389558298,0.6279007248211834,0.29106631128323357,0.16732356631559775,0.8326764336844147,-1.2434497875801753e-14,0.04877583173348356,0.6821613721224854,0.26906279614403106,0.11233883893462127,0.8876611610654681,-8.93729534823251e-14
0.4744744744744745,0.07995467818315191,0.6291264503524033,0.29091887146444473,0.16696791205372954,0.8330320879462743,-3.774758283725532e-15,0.04845734060428742,0.6825855899273118,0.2689570694684008,0.1131235508369014,0.8868764491630761,2.2537527399890678e-14
0.4748748748748749,0.07892088096877606,0.6303409944243551,0.2907381246068689,0.1666626139983475,0.8333373860016331,1.942890293094024e-14,0.048167543473919786,0.6830064544153993,0.26882600211068086,0.11393725958619266,0.8860627404138506,-4.3298697960381105e-14
0.4752752752752753,0.07793195109045932,0.6315439390152168,0.29052410989432387,0.16640773650586632,0.8335922634941414,-7.66053886991358e-15,0.047907207270680784,0.6834235931116494,0.2686691996176699,0.11478043621387558,0.8852195637861711,-4.6629367034256575e-14
0.4756756756756757,0.07698825611052389,0.6327348652259596,0.2902768786635166,0.16620331805251903,0.8337966819474646,1.63202784619898e-14,0.04767708211959728,0.6838366196397444,0.2684862982406583,0.11565352243685104,0.8843464775631872,-3.8191672047105385e-14
0.4760760760760761,0.0760901520476095,0.63391335353455,0.2899964944178405,0.16604937131170985,0.8339506286882888,1.3322676295501878e-15,0.04747790038721543,0.6842451350866785,0.26827696452610605,0.1165569299639658,0.8834430700360112,2.298161660974074e-14
0.4764764764764765,0.07523798310683025,0.6350789840557763,0.2896830328373934,0.16594588325970072,0.8340541167403043,-4.9960036108132044e-15,0.047310375820458064,0.6846487293100477,0.26804089486949423,0.11749103994294716,0.8825089600570903,-3.752553823233029e-14
0.4768768768768769,0.07443208141095209,0.6362313368054302,0.28933658178361776,0.16589281531111577,0.8341071846888733,1.0880185641326534e-14,0.04717520277278879,0.685046982188575,0.2677778150386363,0.11845620253642171,0.8815437974636118,-3.352873534367973e-14
0.4772772772772773,0.07367276672821281,0.6373699919723828,0.2889572412994045,0.16589010348053135,0.83410989651948,-1.1324274851176597e-14,0.04707305551019544,0.6854394648195805,0.267487479670224,0.11945273661710372,0.880547263382891,5.218048215738236e-15
0.4776776776776777,0.07296034620322432,0.638494530193013,0.2885451236037626,0.16593765857367956,0.8340623414263204,0.0,0.04700458759237802,0.6858257406621968,0.26716967174542516,0.12048092957362588,0.8795190704263606,1.354472090042691e-14
0.4780780780780781,0.07229511408619954,0.6396045328330501,0.2881003530807503,0.16603536640446584,0.8339646335955275,6.661338147750939e-15,0.04697043132100151,0.6862053666311629,0.2668242020478355,0.1215410372168285,0.8784589627831348,3.6637359812630166e-14
0.4784784784784785,0.07167735146515591,0.6406995822721543,0.28762306626268985,0.1661830880397517,0.8338169119602432,5.10702591327572e-15,0.04697119725261065,0.6865778941398921,0.2664509086074972,0.12263328378086458,0.8773667162191583,-2.2870594307278225e-14
0.4788788788788789,0.07110732599890658,0.6417792621939652,0.28711341180712824,0.16638066006983618,0.8336193399301581,5.662137425588298e-15,0.04700747376850711,0.6869428700970813,0.26604965613441156,0.12375786200910628,0.8762421379908665,2.7200464103316335e-14
0.4792792792792793,0.07058529165357666,0.6428431578790812,0.2865715504673422,0.16662789490509367,0.8333721050948905,1.587618925213974e-14,0.04707982669867756,0.6872998378578508,0.26562033544347163,0.12491493331973014,0.8750850666802585,1.1324274851176597e-14
0.4796796796796797,0.07011148844154602,0.6438908565023445,0.2859976550561095,0.1669245810973567,0.8330754189026287,1.454392162258955e-14,0.04718879899416314,0.6876483381313847,0.2651628628744521,0.12610462804253425,0.873895371957453,1.27675647831893e-14
0.4800800800800801,0.06968614216434325,0.6449219474330513,0.2853919104026055,0.1672704836856888,0.8327295163143034,7.771561172376096e-15,0.04733491044585678,0.6879879098458855,0.26467717970825766,0.12732704572361922,0.8726729542763649,1.587618925213974e-14
0.48048048048048053,0.06930946415943276,0.6459360225385241,0.28475451330204316,0.16766534456549653,0.8323346554344914,1.2101430968414206e-14,0.047518657443400454,0.6883180909753188,0.26416325158128073,0.12858225548873933,0.8714177445113304,-6.972200594645983e-14
0.4808808808808809,0.06898165105320905,0.6469326764889879,0.28408567245780303,0.16810888288127693,0.8318911171187219,1.2212453270876722e-15,0.04774051277296582,0.6886384193269519,0.2636210679000822,0.1298702964625073,0.8701297035374898,2.886579864025407e-15
0.48128128128128134,0.06870288451805891,0.6479115070658686,0.2833856084160724,0.1686007954403827,0.8313992045596184,-1.1102230246251565e-15,0.04800092545021984,0.688948433293477,0.2630506412563032,0.13119117823772677,0.8688088217622284,4.4853010194856324e-14
0.4816816816816817,0.0684733310364913,0.6488721154710404,0.28265455349246826,0.16914075714853,0.8308592428514806,-1.0547118733938987e-14,0.04830032058580524,0.6892476725692519,0.26245200684494285,0.13254488139032744,0.8674551186096588,1.3766765505351941e-14
0.48208208208208214,0.06829314167190148,0.6498141066372833,0.2818927516908152,0.16972842146520062,0.8302715785347995,-1.1102230246251565e-16,0.04863909928007923,0.689535678834939,0.2618252218849817,0.13393135803465125,0.8660686419653515,-2.7755575615628914e-15
0.4824824824824825,0.06816245184604894,0.6507370895405533,0.2811004586133977,0.17036342087838796,0.8296365791216073,4.773959005888173e-15,0.04901763854593761,0.6898119964101536,0.2611703650439088,0.13535053241630962,0.8646494675836223,6.816769371198461e-14
0.4828828828828829,0.06808138112554721,0.6516406775112327,0.28027794136322015,0.1710453673977071,0.8289546326022929,1.1102230246251565e-16,0.04943629125733265,0.6900761728760327,0.26048753586663465,0.13680230153815057,0.8631976984617944,5.5067062021407764e-14
0.4832832832832833,0.06805003301559914,0.6525244885469654,0.2794254784374355,0.17177385306455586,0.8282261469354355,8.659739592076221e-15,0.04989538612101537,0.6903277596694446,0.25977685420954,0.13828653581564093,0.8617134641843938,-3.4638958368304884e-14
0.4836836836836837,0.06806849476426696,0.6533881456234449,0.27854335961228815,0.1725484504790457,0.8274515495209658,-1.1546319456101628e-14,0.05039522767094509,0.6905663126494054,0.25903845967964956,0.13980307975908446,0.86019692024089,2.55351295663786e-14
0.4840840840840841,0.06813683717487558,0.654231277005787,0.2776318858193374,0.1733687133414606,0.826631286658547,-7.549516567451064e-15,0.05093609628292094,0.6907913926387184,0.2582725110783607,0.14135175267838648,0.8586482473216193,-5.773159728050814e-15
0.4844844844844845,0.06825511442958929,0.655053516557769,0.2766913690126417,0.1742341770084337,0.8257658229915633,2.9976021664879227e-15,0.05151824820881828,0.6910025659391155,0.2574791858520663,0.1429323494086071,0.8570676505914316,-3.8746783559417963e-14
0.4848848848848849,0.06842336392331443,0.6558545040494781,0.2757221320272075,0.1751443590619903,0.8248556409380017,7.993605777301127e-15,0.052141915628847194,0.6911994048238164,0.25665867954733645,0.14454464105300924,0.8554553589469835,7.216449660063518e-15
0.4852852852852853,0.0686416061088255,0.6566338854627778,0.2747245084283967,0.17609875989062213,0.8239012401093817,-3.774758283725532e-15,0.052807306721222046,0.6913814880068038,0.2558112052719742,0.14618837574088306,0.8538116242591114,5.551115123125783e-15
0.4856856856856857,0.06890984435374962,0.6573913132938088,0.2736988423524416,0.17709686328121105,0.8229031367187882,6.661338147750939e-16,0.05351460574789551,0.6915484010902262,0.25493699316187834,0.1478632793984779,0.8521367206015243,-2.220446049250313e-15
0.4860860860860861,0.06922806480949234,0.658126446852878,0.2726454883376297,0.1781381370210228,0.8218618629789612,1.5987211554602254e-14,0.05426397315602582,0.6916997369908131,0.25403628985316107,0.14956905652956248,0.8504309434704448,-7.216449660063518e-15
0.4864864864864865,0.06959623629323976,0.6588389525598575,0.2715648111469028,0.17922203350801388,0.8207779664919913,-5.218048215738236e-15,0.05505554569418217,0.6918350963462522,0.2531093579595657,0.15130539100502413,0.8486946089950235,-4.7628567756419216e-14
0.4868868868868869,0.07001431018229608,0.6595285042366063,0.27045718558109766,0.18034799036906488,0.8196520096309334,1.6653345369377348e-15,0.05588943654297312,0.6919540879015379,0.25215647555548903,0.1530719468582702,0.8469280531417461,-1.63202784619898e-14
0.4872872872872873,0.07048222032277451,0.6601947833939286,0.2693229962832969,0.18151543108479634,0.8184845689152028,7.771561172376096e-16,0.0567657354593166,0.692056328877254,0.2511779356634294,0.15486836908519822,0.8451316309148341,-3.2307490016592055e-14
0.4876876876876877,0.0709998829517468,0.6608374795136472,0.2681626375346059,0.1827237656195014,0.817276234380501,-2.4424906541753444e-15,0.05768450893409228,0.6921414453188287,0.250174045747079,0.15669428444678513,0.8433057155532029,1.199040866595169e-14
0.4880880880880881,0.0715671966334472,0.6614562903260163,0.2669765130405365,0.1839723910558097,0.8160276089441975,-7.216449660063518e-15,0.058645800362686226,0.692209072428986,0.24914512720832782,0.15854930227254482,0.8414506977274391,1.609823385706477e-14
0.4884884884884885,0.07218404221085051,0.6620509220796242,0.26576503570952525,0.1852606922323852,0.8147393077676027,1.2101430968414206e-14,0.05964963022844563,0.6922588548818923,0.24809151488966208,0.16043301526389095,0.8395669847360805,2.853273173286652e-14
0.48888888888888893,0.07285028277120668,0.6626210898069347,0.2645286274218587,0.18658804238415772,0.813411957615845,-2.6645352591003757e-15,0.060695996298246756,0.6922904471215685,0.24701355658018476,0.16234500029517887,0.8376549997048385,-1.7319479184152442e-14
0.48928928928928933,0.0735657636275203,0.6631665175814514,0.2632677187910283,0.1879538037836982,0.8120461962162897,1.2101430968414206e-14,0.061784873830120594,0.6923035136435666,0.24591161252631288,0.16428481921117907,0.8357151807888309,-9.992007221626409e-15
0.48968968968968973,0.07433031231525374,0.6636869387683738,0.2619827489163724,0.18935732838270466,0.8106426716172953,0.0,0.06291621579320712,0.6922977292607513,0.24478605494604155,0.16625201962082845,0.8337479803791626,8.881784197001252e-15
0.49009009009009014,0.07514373860467313,0.664182096267445,0.2606741651278819,0.19079795845285077,0.8092020415471453,3.9968028886505635e-15,0.06408995309894969,0.6922727793536315,0.24363726754741877,0.1682461356840638,0.8317538643159149,2.1316282072803006e-14
0.49049049049049054,0.07600583452938396,0.6646517427476045,0.25934242272301156,0.19227502722506848,0.8077249727749178,1.3655743202889425e-14,0.06530599484431913,0.692228360104989,0.2424656450506919,0.1702666888926445,0.8297333111073997,-4.418687638008123e-14
0.4908908908908909,0.07691637443052918,0.6650956408739664,0.2579879846955043,0.1937878595261546,0.8062121404738518,-6.439293542825908e-15,0.06656422856611365,0.6921641787197533,0.241271592714133,0.1723131888424276,0.8276868111575644,7.993605777301127e-15
0.49129129129129134,0.07787511501755504,0.6655135635246917,0.2566113214577532,0.19533577241139763,0.8046642275885941,8.215650382226158e-15,0.06786452050694478,0.6920799536303761,0.2400555258626791,0.17438513399738662,0.8256148660026366,-2.3203661214665772e-14
0.4916916916916917,0.07888179544529257,0.6659052939997031,0.2552129105550043,0.1969180757935339,0.8030819242064697,-3.6637359812630166e-15,0.06920671589189281,0.6919754146870647,0.23881786942104255,0.1764820124428147,0.8235179875572106,-2.531308496145357e-14
0.49209209209209215,0.07993613740724466,0.6662706262196798,0.2537932363730755,0.19853407306613674,0.8014659269338636,-3.3306690738754696e-16,0.07059063921670974,0.6918503033339629,0.23755905744932737,0.17860330262880852,0.8213966973712098,-1.8318679906315083e-14
0.4924924924924925,0.08103784524546548,0.6666093649145319,0.25235278984000264,0.20018306172043954,0.7998169382795524,8.104628079763643e-15,0.07201609454660264,0.6917043727713927,0.23627953268200463,0.18074847410178213,0.8192515258982459,-2.808864252301646e-14
0.49289289289289295,0.08218660607689378,0.6669213258027167,0.25089206812038956,0.20186433395633172,0.7981356660436718,-3.552713678800501e-15,0.07348286582591537,0.6915373881034131,0.2349797460706715,0.18291698822383431,0.8170830117761537,1.199040866595169e-14
0.4932932932932933,0.08338208993605757,0.6672063357589798,0.24941157430496264,0.20357717728479624,0.7964228227152044,-6.661338147750939e-16,0.07499071719854183,0.6913491264723103,0.23366015632914794,0.18510829887961844,0.8148917011203919,-1.0325074129013956e-14
0.4936936936936937,0.08462394993420222,0.6674642329720415,0.24791181709375631,0.20532087512265523,0.794679124877337,7.771561172376096e-15,0.0765393933385505,0.6911393771788229,0.23232122948262657,0.18732185316917432,0.8126781468308201,5.662137425588298e-15
0.4940940940940941,0.08591182243481267,0.6676948670910194,0.2463933104741679,0.207094707378456,0.7929052926215389,5.10702591327572e-15,0.07812861979149753,0.6909079417890659,0.23096343841943656,0.1895570920873954,0.8104429079126015,2.9976021664879227e-15
0.4944944944944945,0.08724532724477836,0.6678980993602088,0.24485657339501277,0.20889795102763326,0.7911020489723651,1.6653345369377348e-15,0.0797581033256923,0.690654634227967,0.22958726244634065,0.19181345118866344,0.8081865488113592,-2.2648549702353193e-14
0.4948948948948949,0.08862406782244533,0.6680738027428904,0.24330212943466423,0.2107298806794266,0.7892701193205762,-2.886579864025407e-15,0.08142753229329829,0.690379280859378,0.2281931868473237,0.19409036123624018,0.8059096387637898,-2.9976021664879227e-14
0.4952952952952953,0.09004763150055214,0.668221862033014,0.2417305064664338,0.21258976913116187,0.7874102308688204,1.765254609153999e-14,0.08313657700169828,0.6900817205528755,0.22678170244542617,0.1963872488371931,0.8036127511628025,4.3298697960381105e-15
0.4956956956956957,0.09151558972543508,0.6683421739550403,0.2401422363195247,0.21447688791249137,0.7855231120875062,2.3314683517128287e-15,0.08488489009366935,0.6897618047381112,0.2253533051682194,0.19870353706030325,0.8012964629397373,-4.0523140398818214e-14
0.4960960960960961,0.09302749831104454,0.668434647251618,0.23853785443733744,0.21639050781710148,0.7836094921828978,7.771561172376096e-16,0.08667210693749923,0.6894193974451145,0.22390849561738624,0.20103864603902666,0.7989613539610015,-2.8199664825478976e-14
0.4964964964964965,0.09458289770825129,0.6684992027592781,0.23691789953247067,0.21832989942259134,0.781670100577415,-6.328271240363392e-15,0.08849784602595603,0.6890543753331048,0.22244777864093923,0.2033919935577661,0.7966080064422709,-3.708144902248023e-14
0.4968968968968969,0.09618131328922086,0.6685357734715353,0.23528291323924388,0.22029433359829806,0.779705666401702,-1.1102230246251565e-16,0.09036170938384773,0.6886666277055462,0.2209716629106061,0.20576299562130004,0.7942370043786483,5.162537064506978e-14
0.4972972972972973,0.097822255644938,0.6685443045896006,0.23363343976546147,0.22228308199817776,0.777716918001831,-8.770761894538737e-15,0.09226328298420791,0.6882560565136865,0.21948066050210557,0.208151067007709,0.7918489329922972,-6.217248937900877e-15
0.4976976976976977,0.09950522089852963,0.6685247535607731,0.23197002554069723,0.2242954175433009,0.7757045824566988,2.220446049250313e-16,0.09420213717269221,0.6878225763465107,0.21797528648079711,0.21055562180442922,0.7894443781956081,-3.730349362740526e-14
0.49809809809809813,0.1012296910303801,0.6684770901039262,0.23029321886569376,0.22633061488779466,0.7736693851122033,2.1094237467877974e-15,0.09617782709964659,0.6873661144099056,0.2164560584904478,0.21297607392700868,0.7870239260730246,-3.3306690738754696e-14
0.49849849849849853,0.10299513421768886,0.668401296222852,0.22860356955945904,0.22838795087302585,0.7716120491269746,-4.440892098500626e-16,0.09818989315990287,0.6868866104924538,0.2149234963476433,0.21541183762117877,0.7845881623787668,5.440092820663267e-14
0.49889889889889893,0.10480100518587893,0.6682973662066983,0.2269016286074227,0.23046670496630695,0.7695332950336954,-2.3314683517128287e-15,0.10023786143929542,0.6863840169206354,0.2133781216400692,0.21786232794707874,0.7821376720529462,-2.4868995751603507e-14
0.49929929929929934,0.1066467455728616,0.6681653066179366,0.22518794780920182,0.23256615968626568,0.7674338403137431,-8.770761894538737e-15,0.10232124416841434,0.6858582985007541,0.21182045733083155,0.22032696124704282,0.7796730387529245,3.26405569239796e-14
0.49969969969969974,0.10853178430437652,0.6680051362679591,0.2234630794276644,0.23468560101284455,0.7653143989871584,-2.886579864025407e-15,0.10443954018208101,0.6853094324511275,0.21025102736679147,0.22280515559540648,0.777194844404581,1.2545520178264269e-14
0.5001001001001001,0.11045553798116053,0.6678168861801634,0.22172757583867608,0.2368243187836026,0.7631756812163881,9.325873406851315e-15,0.10659223538523585,0.6847374083218529,0.2086703562929112,0.22529633123167472,0.7747036687683352,-9.880984919163893e-15
0.5005005005005005,0.11241741127611321,0.6676005995407055,0.21998198918318135,0.23898160707444893,0.7610183929255455,5.551115123125783e-15,0.10877880322408832,0.6841422279034134,0.20707896887249833,0.22779991097659652,0.7722000890234508,-4.729550084903167e-14
0.5009009009009009,0.11441679734159191,0.6673563316370345,0.21822687102137361,0.24115676456573495,0.75884323543426,4.9960036108132044e-15,0.1109987051623503,0.6835239051251716,0.2054773897124781,0.23031532063100038,0.7696846793690253,-2.5646151868841116e-14
0.5013013013013013,0.11645307822684013,0.6670841497843943,0.2164627719887655,0.2433490948943824,0.7566509051056234,-5.773159728050814e-15,0.11325139116151484,0.6828824659429816,0.20386614289550353,0.23284198935728107,0.7671580106426967,2.220446049250313e-14
0.5017017017017017,0.1185256253035407,0.6667841332404095,0.21469024145604976,0.24555790699021385,0.754442093009795,-8.881784197001252e-15,0.11553630016633545,0.6822179482158944,0.20224575161777014,0.23537935004553306,0.7646206499544478,1.9206858326015208e-14
0.5021021021021022,0.12063379969974616,0.6664563731079779,0.2129098271922759,0.24778251539766327,0.7522174846023452,-8.43769498715119e-15,0.11785286059262082,0.6815304015734822,0.200616737833897,0.2379268396613543,0.7620731603386571,-1.1435297153639112e-14
0.5025025025025025,0.12277695274184341,0.6661009722265459,0.21112207503161073,0.2500222405832265,0.749977759416772,1.5543122344752192e-15,0.12020049081925019,0.680819887272834,0.19897962190791574,0.24048389957870317,0.7595161004213098,-1.2989609388114332e-14
0.502902902902903,0.12495442640238885,0.6657180450523894,0.20932752854522174,0.2522764092268781,0.7477235907731257,-3.774758283725532e-15,0.12257859968193277,0.680086478046283,0.19733492227178429,0.24304997589550872,0.7569500241045073,-1.5987211554602254e-14
0.5033033033033033,0.12716555375636956,0.6653077175272781,0.20752672871635225,0.25454435450137575,0.7454556454986241,2.220446049250313e-16,0.12498658696948364,0.6793302579397937,0.19568315509072265,0.24562451973368643,0.7543754802662909,2.275957200481571e-14
0.5037037037037038,0.1294096594407849,0.6648701269369315,0.20572021362228365,0.2568254163342828,0.7431745836657091,8.104628079763643e-15,0.1274238439216448,0.6785513221422722,0.19402483393608294,0.24820698752350862,0.7517930124764932,-1.887379141862766e-15
0.5041041041041041,0.13168606012027995,0.6644054217588304,0.20390851812088961,0.25911894165688415,0.7408810583431058,9.992007221626409e-15,0.12988975372794287,0.6777497768063125,0.1923604694657446,0.2507968412722336,0.7492031587278177,-5.140332604014475e-14
0.5045045045045046,0.13399406495739385,0.6639137614995938,0.20209217354301234,0.26142428463921497,0.7385757153607845,5.551115123125783e-16,0.13238369202698347,0.6769257388605764,0.1906905691124402,0.2533935488175156,0.7466064511825089,-2.453592884421596e-14
0.5049049049049049,0.1363329760862218,0.6633953165225891,0.20027170739118916,0.2637408069107427,0.7362591930892532,3.9968028886505635e-15,0.1349050274059318,0.6760793358143692,0.18901563677969901,0.2559965840660071,0.7440034159340051,-1.2212453270876722e-14
0.5053053053053054,0.13870208908888987,0.6628502678660423,0.1984476430450678,0.26606787776702834,0.7339321222329603,1.1324274851176597e-14,0.13745312189911923,0.6752107055542919,0.18733617254658885,0.25860542721684693,0.7413945727831687,-1.5654144647214707e-14
0.5057057057057057,0.1411006934740744,0.662278807052029,0.1966204994738966,0.2684048743624419,0.7315951256375639,-5.773159728050814e-15,0.1400273314863287,0.6743199961336002,0.1856526723800711,0.2612195649715545,0.738780435028485,-3.952393967665557e-14
0.5061061061061062,0.14352807315805116,0.6616811358862154,0.19479079095573348,0.27075118189044567,0.7292488181095705,-1.6209256159527285e-14,0.14262700658851396,0.6734073655549174,0.18396562785656856,0.2638384907287211,0.7361615092712811,-2.220446049250313e-15
0.5065065065065065,0.14598350694566758,0.6610574662495946,0.19295902680473775,0.2731061937495418,0.7268938062504678,-9.658940314238862e-15,0.14525149256265946,0.6724729815457542,0.18227552589158635,0.2664617047664522,0.7335382952335682,-2.0317081350640365e-14
0.506906906906907,0.14846626901299914,0.6604080198815375,0.19112571110546328,0.27546931169777117,0.7245306883022349,-5.995204332975845e-15,0.14790013019279086,0.6715170213285483,0.1805828484786608,0.2690887144096409,0.7309112855903456,1.354472090042691e-14
0.5073073073073073,0.15097562938775122,0.6597330281557846,0.18929134245646417,0.27783994599248313,0.7221600540075138,2.9976021664879227e-15,0.1505722561785992,0.6705396713844197,0.17888807243698113,0.27171903418532894,0.7282809658146931,-2.2093438190040615e-14
0.5077077077077077,0.1535108544307767,0.6590327318484397,0.1874564137207836,0.2802175155199411,0.7197824844800614,-2.55351295663786e-15,0.15326720362086294,0.6695411272110537,0.17719166916808338,0.27435218596541766,0.7256478140346008,-1.84297022087776e-14
0.5081081081081081,0.15607120731462812,0.6583073808993325,0.18562141178603941,0.282601447911403,0.7173985520886007,-3.6637359812630166e-15,0.1559843025016797,0.6685215930764237,0.1754941044218966,0.2769876990959583,0.7230123009040507,-8.992806499463768e-15
0.5085085085085086,0.15865594849943684,0.6575572341673158,0.1837868173332473,0.28499117964692333,0.7150088203530811,-4.440892098500626e-15,0.1587228801609703,0.6674812817670525,0.17379583807197718,0.2796251105152043,0.7203748894848119,-1.6209256159527285e-14
0.5089089089089089,0.1612643362085859,0.65678255917817,0.1819531046132441,0.2873861561503715,0.7126138438496328,-4.218847493575595e-15,0.16148226176805083,0.6664204143318854,0.17209732390006383,0.28226396486008726,0.7177360351399323,-1.965094753586527e-14
0.5093093093093093,0.16389562689726436,0.6559836318683926,0.18012074123434307,0.28978583186947077,0.7102141681305225,6.661338147750939e-15,0.164261770786788,0.6653392198229378,0.1703990093902743,0.28490381456029895,0.7150961854397395,-3.8413716652030416e-14
0.5097097097097097,0.16654907571980007,0.6551607363226258,0.17829018795757412,0.29218967034780735,0.7078103296521882,4.551914400963142e-15,0.16706072943602168,0.6642379350314658,0.16870133553251254,0.28754421992266177,0.7124557800773292,8.992806499463768e-15
0.5101101101101101,0.1692239369916796,0.6543141645064487,0.17646189850187166,0.29459714428548367,0.7054028557145107,5.662137425588298e-15,0.16987845914277824,0.6631168042215826,0.1670047366356392,0.29018474920407034,0.709815250795911,1.865174681370263e-14
0.5105105105105106,0.1719194646460135,0.6534442159950242,0.1746363193589623,0.2970077355891268,0.7029922644108748,-1.5543122344752192e-15,0.17271428098851158,0.6619760788610439,0.16530964015044447,0.292824978673764,0.7071750213262518,-1.5765166949677223e-14
0.5109109109109109,0.17463491268401235,0.6525511976978169,0.1728138896181708,0.2994209354116408,0.7005790645883565,2.6645352591003757e-15,0.17556751614964286,0.6608160173486597,0.16361646650169748,0.29546449266736996,0.7045355073326419,-1.1879386363489175e-14
0.5113113113113114,0.17736953562097135,0.6516354235791384,0.17099504079989025,0.3018362441840099,0.6981637558159941,-3.9968028886505635e-15,0.17843748632835282,0.6596368847413842,0.16192562893026297,0.2981028836289721,0.7018971163710055,2.2426505097428162e-14
0.5117117117117117,0.18012258892401262,0.6506972143760709,0.16918019669991657,0.30425317163626103,0.6957468283637387,2.220446049250313e-16,0.1813235141775124,0.6584389524780585,0.16023753334442903,0.3007397521462362,0.699260247853781,-1.7319479184152442e-14
0.5121121121121122,0.18289332944378617,0.6497368973133854,0.16736977324282842,0.3066712368105306,0.693328763189464,5.329070518200751e-15,0.1842249237158072,0.6572224981027235,0.15855257818146928,0.30337470697494173,0.6966252930250618,-3.552713678800501e-15
0.5125125125125125,0.18568101583728408,0.6487548058166039,0.16556417834611192,0.3090899680642733,0.6909100319357262,4.440892098500626e-16,0.18714104073481322,0.655987804987071,0.15687115427811582,0.3060073650557556,0.6939926349442732,-2.8754776337791554e-14
0.512912912912913,0.1884849089847648,0.6477512792222009,0.16376381179303434,0.31150890306719387,0.6884910969328027,3.4416913763379853e-15,0.19007119319759663,0.6547351620516172,0.15519364475078612,0.3086373515230395,0.6913626484769345,2.5979218776228663e-14
0.5133133133133133,0.19130427239687398,0.6467266624870904,0.1619690651160356,0.3139275887888364,0.686072411211157,6.5503158452884236e-15,0.19301471162692382,0.6534648634876798,0.1535204248853963,0.311264299704962,0.6887357002950266,1.1435297153639112e-14
0.5137137137137138,0.19413837261211936,0.6456813058972244,0.1601803214906563,0.3163455814778285,0.683654418522158,1.354472090042691e-14,0.19597092948546646,0.6521772084782564,0.1518518620362771,0.3138878511172301,0.6861121488827574,1.2545520178264269e-14
0.5141141141141141,0.19698647958939325,0.6446155647737277,0.15839795563687908,0.3187624466375879,0.6812375533624144,-2.3314683517128287e-15,0.19893918354463144,0.6508725009206093,0.1501883155347592,0.3165076554483579,0.6834923445516242,1.787459069646502e-14
0.5145145145145146,0.19984786708565458,0.6435297991809714,0.15662233373337398,0.3211777589901502,0.6788222410098576,-7.771561172376096e-15,0.20191881424465372,0.6495510491486289,0.14853013660671732,0.31912337053923195,0.6808766294607576,1.0436096431476471e-14
0.5149149149149149,0.20272181302827985,0.6424243736328754,0.15485381333884474,0.32359110243736194,0.6764088975626433,-5.218048215738236e-15,0.2049091660437607,0.6482131656570789,0.14687766829916038,0.32173466235531156,0.6782653376447016,-1.3211653993039363e-14
0.5153153153153154,0.20560759987558946,0.6412996568001995,0.15309274332421097,0.3260020700141245,0.6739979299858723,3.219646771412954e-15,0.20790958775723423,0.6468591668266923,0.14523124541607346,0.32434120495310503,0.6756587950468927,2.220446049250313e-15
0.5157157157157157,0.2085045149678973,0.6401560212182912,0.15133946381381158,0.3284102638363185,0.6715897361636719,9.658940314238862e-15,0.21091943288581302,0.6454893726514118,0.14359119446277513,0.3269426804405938,0.6730573195593881,1.8096635301390052e-14
0.5161161161161162,0.21141185086753453,0.6389938429961145,0.14959430613635094,0.33081529504255885,0.6691847049574442,-3.1086244689504383e-15,0.21393805993312326,0.6441041064675573,0.14195783359931935,0.32953877893181793,0.6704612210681684,1.3655743202889425e-14
0.5165165165165165,0.21432890568901616,0.6378135015262214,0.1478575927847624,0.33321678373128,0.6667832162687166,3.3306690738754696e-15,0.2169648327120007,0.6427036946854191,0.14033147260258017,0.33212919849604716,0.6678708015039692,-1.63202784619898e-14
0.516916916916917,0.21725498341934768,0.6366153791958681,0.14612963738478424,0.3356143588937457,0.6643856411062484,5.88418203051333e-15,0.2199991206409171,0.6412884665229929,0.13871241283609004,0.3347136451027952,0.665286354897213,-8.215650382226158e-15
0.5173173173173173,0.22018939422474457,0.6353998611014453,0.1444107446738101,0.3380076583398323,0.6619923416601606,6.994405055138486e-15,0.22304029902802316,0.639858753743189,0.13710094722878785,0.3372918325611347,0.6627081674388502,1.509903313490213e-14
0.5177177177177177,0.22313145475074045,0.634167334762793,0.14270121048646656,0.3403963286234237,0.6596036713765786,-2.3314683517128287e-15,0.22608774934449716,0.63841489039397,0.1354973602615328,0.33986348245480413,0.660136517545187,8.881784197001252e-15
0.5181181181181181,0.22608048840743145,0.6329181898417672,0.14100132175080138,0.3427800249604161,0.6572199750395731,1.0880185641326534e-14,0.22914085948612356,0.6369572125518653,0.13390192796201117,0.3424283240728385,0.6575716759271877,-2.6201263381153694e-14
0.5185185185185186,0.2290358256464256,0.6316528178621716,0.1393113564914028,0.34515841114544243,0.6548415888545562,1.3322676295501878e-15,0.2321990240252762,0.6354860580683774,0.1323149179063463,0.3449860943376027,0.6550139056623823,1.509903313490213e-14
0.518918918918919,0.23199680422584462,0.6303716119327398,0.1376315838414155,0.34753115946438223,0.6524688405356128,4.9960036108132044e-15,0.23526164444880562,0.6340017663219545,0.13073658922923992,0.34753653772684334,0.6524634622731686,-1.199040866595169e-14
0.5193193193193193,0.23496276946433892,0.6290749664731603,0.13596226406250078,0.34989795060401996,0.6501020493959795,5.551115123125783e-16,0.23832812938702486,0.6325046779719012,0.1291671926410739,0.3500794061943507,0.6499205938056571,-7.771561172376096e-15
0.5197197197197198,0.23793307448484224,0.6277632769428105,0.13430364857234722,0.35225847355944884,0.6477415264405504,7.771561172376096e-16,0.24139789482997911,0.630995134718162,0.12760697045185887,0.35261445908621486,0.6473855409137922,-6.994405055138486e-15
0.5201201201201201,0.24090708044771897,0.6264369395725603,0.13265597997972078,0.3546124255394312,0.6453875744605763,-7.438494264988549e-15,0.2444703643329838,0.6294734790644836,0.12605615660253267,0.3551414630546885,0.6448585369453106,8.881784197001252e-16
0.5205205205205206,0.24388415677256844,0.6250963511002704,0.13101949212716113,0.35695951186906993,0.6430404881309255,4.551914400963142e-15,0.24754496921077074,0.6279400540867075,0.12451497670252176,0.3576601919690427,0.6423398080309419,1.532107773982716e-14
0.5209209209209209,0.24686368135096712,0.6237419085089041,0.12939441014012876,0.35929944589215934,0.640700554107841,-3.3306690738754696e-16,0.25062114871982155,0.6263952032058899,0.12298364807428852,0.36017042682351774,0.6398295731764772,5.10702591327572e-15
0.5213213213213214,0.2498450407473461,0.6223740087687037,0.12778095048395022,0.36163194887090766,0.6383680511290937,-1.3322676295501878e-15,0.2536983502308985,0.6248392699655995,0.12146237980350205,0.36267195564399257,0.6373280443560354,-2.7977620220553945e-14
0.5217217217217217,0.25282763039198447,0.6209930485818506,0.12617932102616491,0.36395674988644905,0.6360432501135495,1.4432899320127035e-15,0.2567760293894625,0.6232725978148429,0.11995137279569457,0.3651645733916352,0.6348354266083559,8.881784197001252e-15
0.5221221221221222,0.255810854763242,0.619599424130843,0.12458972110591493,0.36627358573807917,0.6337264142619199,8.881784197001252e-16,0.25985365026495527,0.6216955298965173,0.11845081983852734,0.3676480818645483,0.6323519181354589,-7.105427357601002e-15
0.5225225225225225,0.25879412756002595,0.6181935308304244,0.12301234160954966,0.36858220084195253,0.6314177991580332,1.4210854715202004e-14,0.26293068549000154,0.6201084088402029,0.11696090566979556,0.370122289598155,0.6298777104018597,-1.4765966227514582e-14
0.522922922922923,0.2617768718678471,0.6167757630812651,0.12144736505088782,0.37088234713229407,0.6291176528677099,-3.9968028886505635e-15,0.26600661638920353,0.6185115765605618,0.1154818070502347,0.37258701176442094,0.6274129882355829,-3.885780586188048e-15
0.5233233233233233,0.2647585203125193,0.6153465140286544,0.11989496565882629,0.3731737839600602,0.626826216039945,-5.218048215738236e-15,0.26908093309533443,0.6169053740623965,0.11401369284226903,0.375042070067841,0.6249579299321696,-1.0547118733938987e-14
0.5237237237237238,0.26773851521055647,0.6139061753214324,0.1183553094680111,0.37545627799688175,0.6245437220031127,5.551115123125783e-15,0.27215313465784585,0.6152901412492716,0.11255672409288253,0.3774872926426447,0.6225127073573564,-1.1102230246251565e-15
0.5241241241241241,0.27071630870903934,0.612455136875065,0.11682855441589557,0.37772960313807963,0.6222703968619171,3.219646771412954e-15,0.27522272913932466,0.6136662167392376,0.11111105412143774,0.3799225139473077,0.620077486052665,2.731148640577885e-14
0.5245245245245246,0.2736913629199215,0.6109937866361156,0.11531485044396284,0.37999354040901473,0.6200064595909772,8.104628079763643e-15,0.27828923370229336,0.6120339376858726,0.10967682861183414,0.3823475746585481,0.6176524253414489,2.9976021664879227e-15
0.5249249249249249,0.27666315004675995,0.6095225103494343,0.11381433960380571,0.38224787787315034,0.6177521221268504,-7.771561172376096e-16,0.2813521746863228,0.6103936396046984,0.10825418570897882,0.38476232156469375,0.6152376784353109,-4.6629367034256575e-15
0.5253253253253254,0.2796311525106643,0.6080416913238033,0.11232715616553246,0.3844924105472662,0.6155075894527289,4.884981308350689e-15,0.28441108767479356,0.6087456562060258,0.10684325611918055,0.38716660745801534,0.6128333925419625,2.220446049250313e-14
0.5257257257257257,0.2825948630664051,0.6065517102016477,0.11085342673194731,0.38672694031650195,0.6132730596835005,-2.4424906541753444e-15,0.2874655175536164,0.6070903192327428,0.1054441632136408,0.3895602910276185,0.610439708972363,1.84297022087776e-14
0.5261261261261262,0.2855537849174813,0.6050529447271988,0.10939327035531987,0.388951275856319,0.611048724143673,8.104628079763643e-15,0.2905150185586297,0.6054279583047881,0.10405702313658216,0.39194323675045595,0.6080567632495826,-3.852473895449293e-14
0.5265265265265265,0.288507431832455,0.6035457695119122,0.10794679865563284,0.39116523256328783,0.6088347674367137,-1.5543122344752192e-15,0.29355915431581997,0.6037589007685098,0.10268194491567018,0.39431531478350584,0.6056846852164909,3.219646771412954e-15
0.526926926926927,0.2914553282518802,0.6020305558031451,0.10651411594497473,0.3933686324858314,0.6066313675141717,-3.1086244689504383e-15,0.29659749787091316,0.6020834715532937,0.10131903057579317,0.3966764008545821,0.6033235991454259,-7.993605777301127e-15
0.5273273273273273,0.29439700940483693,0.6005076712447075,0.10509531935045557,0.39556130427045716,0.6044386957295412,1.6653345369377348e-15,0.2996296317121948,0.6004019930320204,0.09996837525578484,0.3990263761544743,0.6009736238454999,2.5757174171303632e-14
0.5277277277277277,0.29733202142139514,0.5989774796370838,0.10369049894152105,0.397743083112239,0.6022569168877722,-1.1213252548714081e-14,0.3026551477829333,0.5987147848895663,0.09863006732750035,0.4013651272276357,0.5986348727724012,-3.697042672001771e-14
0.5281281281281281,0.3002599214511389,0.5974403406909627,0.10229973785789837,0.39991381071761584,0.6000861892823925,-8.43769498715119e-15,0.3056736474872796,0.5970221639948082,0.09730418851791212,0.4036925458645159,0.5963074541355242,-4.0190073491430667e-14
0.5285285285285286,0.30318027778606854,0.5958966097748388,0.10092311243909258,0.4020733352782624,0.5979266647217266,1.099120794378905e-14,0.30868474168739163,0.5953244442803355,0.09599081403227283,0.40600852899325823,0.5939914710067752,-3.341771304121721e-14
0.528928928928929,0.3060926699933141,0.5943466376527939,0.09956069235389198,0.40422151146009283,0.5957784885399019,5.218048215738236e-15,0.3116880506929695,0.5936219366266189,0.09469001268041155,0.4083129785720845,0.5916870214278744,4.107825191113079e-14
0.5293293293293293,0.30899668905751576,0.59279077021193,0.09821254073055419,0.40635820040737475,0.5936417995926222,3.1086244689504383e-15,0.31468320424313223,0.5919149487529926,0.09340184700387522,0.4106058014817608,0.5893941985182398,-6.661338147750939e-16
0.5297297297297298,0.311891937535787,0.5912293481773353,0.09687871428687778,0.408483269764169,0.5915167302358204,1.0658141036401503e-14,0.31766984148179045,0.5902037851123714,0.09212637340583818,0.4128869094194657,0.587113090580549,-1.4654943925052066e-14
0.5301301301301302,0.314778029731757,0.5896627068095248,0.09555926345871812,0.4105965937182709,0.5894034062817214,7.66053886991358e-15,0.3206476109253845,0.5884887467935885,0.09086364228102695,0.41515621879236575,0.5848437812076397,-5.440092820663267e-15
0.5305305305305306,0.317654591890534,0.588091175582374,0.09425423252709197,0.4126980530689965,0.5873019469309959,7.549516567451064e-15,0.32361617042367163,0.5867701314283487,0.0896136981479797,0.4174136506119587,0.5825863493880485,-7.216449660063518e-15
0.5309309309309309,0.320521262416716,0.5865150778393469,0.09296365974393717,0.4147875353205974,0.5852124646794062,-3.6637359812630166e-15,0.32657518711522354,0.585048233103162,0.0883765797816144,0.4196591303898993,0.5803408696101041,-3.4416913763379853e-15
0.5313313313313314,0.32337769212744155,0.5849347304190256,0.09168757745353284,0.41686493481074216,0.5831350651892544,3.4416913763379853e-15,0.32952433737510195,0.583323342277595,0.08715232034730303,0.42189258803351304,0.5781074119664861,8.881784197001252e-16
0.5317317317317318,0.32622354454024816,0.5833504432488289,0.09042601221092295,0.41893015287407104,0.5810698471259245,4.551914400963142e-15,0.33246330675841773,0.5815957457065579,0.08594094753502435,0.4241139577435575,0.5758860422564043,3.8191672047105385e-14
0.5321321321321322,0.3290584962072728,0.581762518897754,0.08917898489497322,0.4209830980498289,0.579016901950168,3.1086244689504383e-15,0.33539178993568114,0.5798657263697927,0.0847424836945262,0.4263231779108268,0.5736768220891705,2.7755575615628914e-15
0.5325325325325325,0.3318822371017082,0.580171252082479,0.08794651081581273,0.4230236863385729,0.5769763136614168,1.0325074129013956e-14,0.33830949062533205,0.5781335634037993,0.0835569459708686,0.42852019101607447,0.5714798089839311,-5.662137425588298e-15
0.532932932932933,0.3346944710710373,0.5785769291150354,0.08672859981392722,0.4250518415196561,0.574948158480344,0.0,0.34121612151927583,0.5763995320410403,0.08238434643968384,0.4307049435292808,0.5692950564707498,-3.064215547965432e-14
0.5333333333333333,0.3374949163648717,0.5769798272842435,0.08552525635088482,0.42706749553567264,0.5729325044643244,2.9976021664879227e-15,0.3441114042037544,0.5746639035530141,0.08122469224323148,0.43287738581034224,0.5671226141896607,-2.9976021664879227e-15
0.5337337337337338,0.34028330625263825,0.5753802141577353,0.08433647958962642,0.42907058895680933,0.5709294110431973,-6.661338147750939e-15,0.346995069076123,0.5729269451982816,0.08007798572559544,0.4350374720113623,0.5649625279886449,-7.216449660063518e-15
0.5341341341341341,0.3430593897554426,0.573778346784628,0.08316226345992939,0.43106107154413775,0.5689389284558645,-2.220446049250313e-15,0.3498668552556315,0.571188920175636,0.07894422456873251,0.4371851599788623,0.5628148400211412,-3.552713678800501e-15
0.5345345345345346,0.34582293250414675,0.5721744707863491,0.08200259670950416,0.4330389029226061,0.566961097077393,9.992007221626409e-16,0.35272651049201836,0.5694500875809109,0.07782340192707082,0.439320411158844,0.5606795888411711,-1.509903313490213e-14
0.5349349349349349,0.34857371775696666,0.5705688193078333,0.08085746293520002,0.4350040533904479,0.5649959466095452,6.8833827526759706e-15,0.3555737910672362,0.5677107023700345,0.0767155065627293,0.44144319050070047,0.5585568094993375,-3.7969627442180354e-14
0.5353353353353354,0.351311547603231,0.5689616118047766,0.07972684059199242,0.4369565048873037,0.5630434951127059,-9.547918011776346e-15,0.3584084616973728,0.5659710153236277,0.07562052297899946,0.4435534663656218,0.5564465336343842,-5.995204332975845e-15
0.5357357357357357,0.3540362444001707,0.5673530526271949,0.0786107029726344,0.43889625215926026,0.5611037478407384,1.3322676295501878e-15,0.3612302954253218,0.5642312730202008,0.07453843155447737,0.44565121043164735,0.5543487895683419,1.0769163338864018e-14
0.5361361361361362,0.3567476524788649,0.5657433293654872,0.07750901815564792,0.4408233041511595,0.559176695848834,6.439293542825908e-15,0.36403907351563475,0.5624917178090751,0.07346920867529017,0.4477363976044856,0.5522636023955253,-1.0880185641326534e-14
0.5365365365365365,0.3594456401935298,0.5641326108962518,0.07642174891021847,0.44273768568675353,0.5572623143132456,8.881784197001252e-16,0.3668345853425428,0.560752587790182,0.07241282686727524,0.44980900592659956,0.5501909940733827,1.7763568394002505e-14
0.536936936936937,0.3621301023751851,0.5625210450718273,0.07534885255298762,0.44463943948788015,0.5553605605121071,1.27675647831893e-14,0.36961662827618147,0.5590141167973668,0.07136925492645174,0.4518690164885128,0.548130983511482,5.10702591327572e-15
0.5373373373373374,0.3648009632962043,0.5609087559625041,0.07429028074129151,0.4465286286200142,0.5534713713799815,4.3298697960381105e-15,0.37238500756633247,0.5572765343845623,0.07033845804910532,0.45391641334167077,0.5460835866583035,2.5757174171303632e-14
0.5377377377377377,0.36745818025242377,0.559295840554927,0.0732459791926493,0.44840533945324834,0.5515946605467549,-3.219646771412954e-15,0.37513953622270124,0.5555400658171307,0.06932039796016809,0.4559511834118084,0.5440488165881614,3.019806626980426e-14
0.5381381381381382,0.3701017479264803,0.5576823647656386,0.07221588730788109,0.4502696852735898,0.5497303147264192,-8.992806499463768e-15,0.3778800348934715,0.5538049320657923,0.06831503304073627,0.45797331641418376,0.542026683585809,7.327471962526033e-15
0.5385385385385386,0.37273170371567615,0.5560683586062467,0.0711999376780772,0.45212181069696933,0.5478781893030285,2.220446049250313e-15,0.38060633174088526,0.5520713498048442,0.06732231845427061,0.4599828047694837,0.5400171952305488,-3.2529534621517087e-14
0.538938938938939,0.375348134285598,0.5544538102723444,0.0701980554420576,0.4539618971024215,0.5460381028975806,-2.1094237467877974e-15,0.38331826231528,0.5503395314132947,0.06634220627142529,0.4619796435214389,0.5380203564785513,9.769962616701378e-15
0.5393393393393393,0.37795118367301683,0.5528386588707606,0.06921015745622261,0.45579016935266253,0.5442098306473439,-6.328271240363392e-15,0.3860156694278959,0.5486096849794793,0.06537464559262485,0.4639638302560525,0.5360361697439475,0.0
0.5397397397397398,0.3805410633731961,0.5512227854028016,0.0682361512240024,0.4576069041635187,0.5423930958364804,8.881784197001252e-16,0.38869840302005443,0.5468820143091079,0.0644195826708377,0.46593536502084953,0.5340646349791313,1.9206858326015208e-14
0.5401401401401402,0.38311806499302214,0.549606001492799,0.06727593351417882,0.45941244060461783,0.540587559395374,8.215650382226158e-15,0.3913663200319382,0.5451567189368101,0.06347696103125178,0.4678942502460422,0.5321057497539863,-2.842170943040401e-14
0.5405405405405406,0.38568257624186075,0.5479880351819826,0.06632938857615667,0.4612071933728214,0.5387928066271854,-6.8833827526759706e-15,0.39401928427121247,0.5434339941385868,0.0625467215902007,0.46984049066813216,0.5301595093318274,4.04121180963557e-14
0.5409409409409409,0.38823510132718597,0.5463685128504504,0.06539638582236362,0.46299166972454003,0.5370083302754661,-6.106226635438361e-15,0.3966571662765581,0.5417140309514923,0.0616288027719496,0.4717740932515091,0.5282259067484842,6.661338147750939e-15
0.5413413413413414,0.39077628720770663,0.5447469359878282,0.06447677680446517,0.4647664912752919,0.5352335087247139,-5.773159728050814e-15,0.3992798431850652,0.5399970161906054,0.060723140624329375,0.47369506711543274,0.5263049328845708,-3.552713678800501e-15
0.5417417417417418,0.3933069577559225,0.5431226510085857,0.0635703912354918,0.4665324223719126,0.5334675776281023,-1.4876988529977098e-14,0.4018871985936556,0.5382831324739739,0.05982966893237052,0.47560342345809414,0.5243965765419139,-7.993605777301127e-15
0.5421421421421422,0.3958281587176087,0.5414948095689686,0.06267703171342276,0.46829040744069245,0.5317095925593052,2.4424906541753444e-15,0.4044791224239117,0.5365725582461978,0.05894831932989053,0.4774991754853332,0.5225008245146882,-2.142730437526552e-14
0.5425425425425425,0.3983412176505246,0.5398623157048238,0.06179646664465166,0.47004162079196543,0.5299583792080294,5.218048215738236e-15,0.4070555107828118,0.5348654678071436,0.05807902141004462,0.47938233833786414,0.5206176616621409,-4.9960036108132044e-15
0.542942942942943,0.4008478249687138,0.5382237543943357,0.060928420636950587,0.47178753398319695,0.5282124660167883,1.4765966227514582e-14,0.40961626582472516,0.5331620313419491,0.05722170283332584,0.4812529290210989,0.5187470709789076,-6.5503158452884236e-15
0.5433433433433433,0.40335014526442187,0.5365772934663282,0.06007256126924987,0.4735300083830994,0.526469991616882,1.865174681370263e-14,0.412161295612034,0.5314624149535271,0.05637628943443895,0.483110966335507,0.516889033664455,3.7969627442180354e-14
0.5437437437437438,0.40585097293012784,0.5349205464957335,0.05922848057413865,0.4752714246278217,0.5247285753721556,2.275957200481571e-14,0.4146905139752392,0.5297667806981229,0.05554270532663785,0.4849564708078796,0.5150435291921277,-7.327471962526033e-15
0.5441441441441441,0.408353954054868,0.5332503773129516,0.058395668632180486,0.4770148673024204,0.5229851326975725,7.105427357601002e-15,0.41720384037369196,0.5280752866212071,0.05472087300510098,0.48678946462462785,0.5132105353753688,3.4416913763379853e-15
0.5445445445445446,0.41086390996964867,0.53156261492305,0.057573475107301264,0.47876439438386204,0.5212356056161368,1.2212453270876722e-15,0.41970119975406295,0.5263880867984163,0.05391071344752074,0.48860997156424046,0.5113900284357564,3.1086244689504383e-15
0.5449449449449449,0.41338732117596455,0.529851626997807,0.05676105182622848,0.4805254405275412,0.5194745594724606,-1.7763568394002505e-15,0.4221825224106992,0.5247053313757212,0.053112146213579625,0.4904180169326996,0.5095819830672835,1.687538997430238e-14
0.5453453453453454,0.4159330726545033,0.5281096627443039,0.05595726460119277,0.48230543868248776,0.5176945613175252,-1.2989609388114332e-14,0.4246477438442825,0.5230271666135587,0.052325089542158754,0.4922136274983781,0.5077863725016187,3.1086244689504383e-15
0.5457457457457457,0.4185136414295183,0.5263258052919686,0.0551605532785131,0.48411481151395286,0.5158851884860707,-2.353672812205332e-14,0.4270968046209576,0.5213537349319897,0.051549460447052775,0.4939968314284266,0.5060031685715853,-1.199040866595169e-14
0.5461461461461462,0.42114706598276874,0.524484233200789,0.054368700816442295,0.4859686174238078,0.5140313825761912,9.992007221626409e-16,0.4295296502314117,0.5196851749580352,0.05078517481055311,0.49576765822595303,0.504232341774052,-4.9960036108132044e-15
0.5465465465465466,0.4238603718128897,0.5225611939998176,0.05357843418729269,0.4878894175728446,0.5121105824271927,-3.7192471324942744e-14,0.43194623094993273,0.518021621574827,0.05003214747524032,0.4975261386680336,0.5024738613319637,2.6645352591003757e-15
0.546946946946947,0.426695885420598,0.5205194198632986,0.052784694716103364,0.48991256941399264,0.5100874305860792,-7.183142969324763e-14,0.4343465016926762,0.5163632059730424,0.049290292334281394,0.4992723047438524,0.5007276952561575,-9.880984919163893e-15
0.5473473473473474,0.4297237421033013,0.5182970501757905,0.05197920772090814,0.49209673574977164,0.5079032642502219,6.439293542825908e-15,0.436730421877593,0.5147100557028423,0.04855952241956474,0.5010061895948255,0.4989938104051615,1.304512053934559e-14
0.5477477477477478,0.43306906011767454,0.5157835219563071,0.0511474179260184,0.49454678148454123,0.5054532185154633,-4.551914400963142e-15,0.43909795528236045,0.5130622947293829,0.047839749988256686,0.5027278274537825,0.49727217254619777,1.970645868709653e-14
0.5481481481481482,0.43697871346562983,0.5127601827595801,0.050261103774790095,0.49747025676023215,0.5025297432397152,5.262457136723242e-14,0.4414490699041463,0.5114200434883374,0.04713088660751641,0.5044372535860985,0.4955627464139031,-1.5543122344752192e-15
0.5485485485485486,0.4420165931281159,0.5087260068119636,0.04925740005992052,0.5013435320441089,0.49865646795585816,3.297362383136715e-14,0.4437837378178,0.5097834189443124,0.046432843237887544,0.5061345042302159,0.49386549576975614,2.7977620220553945e-14
0.548948948948949,0.4498117403155874,0.5022259086802109,0.04796235100420165,0.5075546160814817,0.49244538391850945,8.881784197001252e-15,0.44610193503575996,0.5081525346502264,0.04574553031401363,0.5078196165397555,0.49218038346023796,6.5503158452884236e-15
0.5493493493493493,0.4678103602337832,0.4865305142685762,0.04565912549764062,0.5225776049466686,0.4774223950533428,-1.1379786002407855e-14,0.44840364136571453,0.5065275008091527,0.04506885782513281,0.5094926285245053,0.49050737147551793,-2.3203661214665772e-14
0.5497497497497498,0.713115693325198,0.2390491718808445,0.04783513479395751,0.8012440579022603,0.19875594209754374,1.9598211942195576e-13,0.4506888402707952,0.504908424336495,0.04440273539270989,0.5111535789935684,0.4888464210063862,4.54081217071689e-14
0.5501501501501502,0.39558791273083593,0.5501371348593043,0.0542749524098598,0.4626400854656617,0.5373599145342851,5.3179682879545e-14,0.45295751872667067,0.5032954089265048,0.04374707234682451,0.5128025074964221,0.48719749250359207,-1.4155343563970746e-14
0.5505505505505506,0.4200440455517473,0.5296659011548803,0.05029005329337233,0.4817874959171631,0.5182125040828882,-5.129230373768223e-14,0.45520966708156635,0.5016885551166601,0.04310177780177349,0.514439454266687,0.4855605457333134,-4.440892098500626e-16
0.5509509509509509,0.4289286595085082,0.5223210527069067,0.04875028778458512,0.48867843291258284,0.5113215670874508,-3.3639757646142243e-14,0.45744527891352266,0.5000879603576531,0.04246676072882427,0.5160644601637407,0.48393553983625387,5.384581669432009e-15
0.5513513513513514,0.4342275774533946,0.5180398036348468,0.04773261891175862,0.4926935621800189,0.5073064378199961,-1.4988010832439613e-14,0.45966435088796354,0.4984937190832742,0.04184193002876224,0.5176775666149989,0.48232243338501385,-1.2712053631958042e-14
0.5517517517517518,0.43812638975164436,0.514955500399349,0.046918109849006684,0.49557737937529334,0.504422620624734,-2.731148640577885e-14,0.461866882615848,0.4969059227818266,0.04122719460232532,0.519278815558732,0.48072118444127315,-5.162537064506978e-15
0.5521521521521522,0.44132611187455084,0.5124655144020842,0.04620837372336495,0.49789406787190726,0.502105932128081,1.176836406102666e-14,0.464052876509203,0.49532466007122367,0.04062246341957332,0.5208682493850187,0.47913175061496793,1.3322676295501878e-14
0.5525525525525525,0.44412053751124275,0.5103163710124788,0.04556309147627846,0.49988119008155185,0.5001188099183996,4.851674617611934e-14,0.4662223376377804,0.49375001677449376,0.04002764558772581,0.5224459108777226,0.47755408912230424,-2.6867397195928788e-14
0.552952952952953,0.44665433482874345,0.5083829575497516,0.044962707621504894,0.5016560774112624,0.49834392258873034,7.271960811294775e-15,0.4683752735835468,0.49218207599804836,0.039442650418404834,0.5240118431550003,0.4759881568449958,3.941291737419306e-15
0.5533533533533534,0.4490069308288826,0.5065964594175404,0.044396609753576954,0.5032832767231686,0.49671672327684774,-1.637578961322106e-14,0.47051169429409334,0.49062091821321074,0.038867387492695915,0.525566089608902,0.47443391039111515,-1.7208456881689926e-14
0.5537537537537538,0.4512254965244794,0.5049159432828177,0.043858560192702845,0.5048011702917897,0.4951988297082316,-2.1316282072803006e-14,0.4726316119358418,0.48906662133797596,0.03830176672618224,0.5271086938451883,0.472891306154816,-4.3298697960381105e-15
0.5541541541541541,0.453339754514256,0.5033155742870947,0.043344671198649265,0.506233958331845,0.4937660416681399,1.504352198367087e-14,0.47473504074349415,0.48751926082422464,0.037745698432281205,0.5286396996201428,0.47136030037986987,-1.2656542480726785e-14
0.5545545545545546,0.455369312263765,0.5017782755211115,0.04285241221512348,0.5075976055248551,0.4924023944751443,6.106226635438361e-16,0.47682199686993454,0.4859789097451392,0.037199093384926274,0.5301591507779728,0.4698408492220414,-1.4210854715202004e-14
0.554954954954955,0.45732758070560187,0.5002923355022604,0.04238008379213776,0.5089030238180374,0.4910969761819433,1.9262369477246466e-14,0.47889249823226576,0.4844456388873695,0.036661862880364715,0.5316670911853418,0.4683329088146732,-1.504352198367087e-14
0.5553553553553554,0.45922399928788404,0.4988494796221423,0.041926521089973634,0.5101578820822616,0.48984211791774673,-8.382183835919932e-15,0.4809465643557268,0.4829195168459857,0.03613391879828748,0.5331635646644153,0.46683643533559743,-1.2712053631958042e-14
0.5557557557557558,0.4610653637463752,0.4974437180218835,0.041490918231741336,0.5113676871951514,0.48863231280487757,-2.892130979148533e-14,0.4829842162153193,0.48140061012251534,0.03561517366216538,0.5346486149242824,0.4653513850756811,3.652633751016765e-14
0.5561561561561562,0.4628566519034838,0.4960706281814637,0.041072719915052514,0.5125364570345711,0.48746354296542344,5.495603971894525e-15,0.48500547607315714,0.47988898322792745,0.035105540698915416,0.5361222854892672,0.4638777145107421,-9.325873406851315e-15
0.5565565565565566,0.46460155554401605,0.4947268922041885,0.04067155225179547,0.513667154275069,0.4863328457249422,-1.1213252548714081e-14,0.4870103673120969,0.4783846987887825,0.034604933899120616,0.5375846196247785,0.4624153803752187,2.7755575615628914e-15
0.556956956956957,0.46630283335007283,0.49340998922079216,0.04028717742913501,0.5147619744332601,0.48523802556674483,-4.9404924595819466e-15,0.4889989142661433,0.4768878176585741,0.03411326807528264,0.5390356602606676,0.46096433973934087,-8.493206138382448e-15
0.5573573573573574,0.46796255118322017,0.49211798546615715,0.039919463350622686,0.5158225420858843,0.4841774579140884,2.731148640577885e-14,0.49097114204408976,0.47539839903433184,0.0336304589215784,0.5404754499099631,0.459524550090031,5.88418203051333e-15
0.5577577577577578,0.46958224932295667,0.49084938767493824,0.03956836300210509,0.5168500475093893,0.48314995249060483,5.828670879282072e-15,0.4929270763489361,0.47391650057852447,0.033156423072539354,0.541904030584611,0.4580959694153859,3.1086244689504383e-15
0.5581581581581582,0.47116306110435147,0.48960303858211424,0.0392339003135343,0.5178453436573164,0.4821546563426849,-1.27675647831893e-15,0.4948667432902284,0.47244217854720466,0.032691078162566944,0.5433214437062942,0.45667855629368437,2.142730437526552e-14
0.5585585585585586,0.47270579845047833,0.4883780410679193,0.03891616048160235,0.518809016110336,0.48119098388966564,-1.6653345369377348e-15,0.49679016918892027,0.4709754879256504,0.03223434288542931,0.5447277300120219,0.4552722699879809,-2.831068712794149e-15
0.558958958958959,0.4742110143849533,0.4871737021772355,0.03861528343781123,0.5197414342289814,0.48025856577102005,-1.4988010832439613e-15,0.49869738037521616,0.4695164825701426,0.03178613705464123,0.5461229294550067,0.4538770705449931,1.6653345369377348e-16
0.5593593593593593,0.4756790492205978,0.4859894911826763,0.0383314595967259,0.5206427889767618,0.4793572110232326,5.662137425588298e-15,0.5005884029753753,0.468065215360218,0.031346381664406675,0.5475070810977569,0.4524929189022555,-1.2434497875801753e-14
0.5597597597597598,0.4771100649658706,0.4848250077285427,0.03806492730558669,0.5215131211256455,0.47848687887435176,2.7200464103316335e-15,0.5024632626899024,0.4666217383582168,0.030914998951880823,0.5488802229995501,0.4511197770004586,-8.659739592076221e-15
0.5601601601601602,0.4785040710819411,0.483679957314101,0.03781597160395794,0.5223523424084233,0.47764765759159156,-1.4876988529977098e-14,0.5043219845581417,0.46518610298111474,0.030491912460743564,0.5502423920944066,0.4497576079055844,8.992806499463768e-15
0.5605605605605606,0.4798609437908342,0.48255413218238047,0.037584924026785316,0.5231602514202416,0.47683974857975986,-1.4432899320127035e-15,0.5061645927110838,0.463758360182554,0.030077047106362165,0.551593624061296,0.44840637593870086,3.164135620181696e-15
0.5609609609609609,0.4811804404863402,0.48144739624112776,0.03737216327253201,0.5239365455456317,0.47606345445436443,3.83026943495679e-15,0.5079911101080297,0.46233856064856427,0.02967032924340607,0.5529339531834038,0.44706604681659856,-2.3314683517128287e-15
0.5613613613613614,0.48246221038322945,0.4803596730018151,0.03717811661495546,0.5246808298464368,0.4753191701535618,1.3877787807814457e-15,0.5098015582562367,0.4609267550079865,0.029271686735776736,0.5542634121959923,0.4457365878040202,-1.2490009027033011e-14
0.5617617617617618,0.4837058022096266,0.4792909358059272,0.037003261984446256,0.5253926235790323,0.47460737642097184,-4.107825191113079e-15,0.5115959569120163,0.4595229940584055,0.028881049029578165,0.5555820321219564,0.44441796787803606,7.494005416219807e-15
0.5621621621621622,0.4849106695504992,0.4782411997755699,0.03684813067393089,0.5260713648495212,0.47392863515046424,1.454392162258955e-14,0.5133743237587347,0.45812732901148895,0.028498347229776344,0.556889842091989,0.4431101579080133,-2.275957200481571e-15
0.5625625625625625,0.4860761742794167,0.4772105150689962,0.03671331065158717,0.5267164137787618,0.4732835862212312,7.049916206369744e-15,0.5151366740610883,0.45673981175758427,0.028123514181327414,0.5581868691492339,0.44181313085076984,-3.7192471324942744e-15
0.562962962962963,0.48720158840835026,0.4761989611095731,0.036599450482076634,0.5273270544638526,0.4726729455361369,1.0436096431476471e-14,0.516883020290027,0.455360495154802,0.027756484555171046,0.5594731380344992,0.44052686196550617,-5.329070518200751e-15
0.5633633633633635,0.4882860946005664,0.4752066415251047,0.0365072638743289,0.527902495956996,0.47209750404301465,-1.0658141036401503e-14,0.5186133717165942,0.45398943334312214,0.027397194940283698,0.5607486709513337,0.43925132904865544,1.0824674490095276e-14
0.5637637637637638,0.48932878552170267,0.47423367958710055,0.03643753489119678,0.5284418724310411,0.47155812756894777,1.1102230246251565e-14,0.5203277339684993,0.45262668208884316,0.027045583942657547,0.5620134873067614,0.4379865126932534,-1.4765966227514582e-14
0.5641641641641642,0.49032866216854326,0.4732802139636826,0.03639112386777421,0.5289442426751745,0.47105575732481697,8.548717289613705e-15,0.5220261085453177,0.45127229916168576,0.026701592292996512,0.5632676034254691,0.4367323965745245,6.38378239159465e-15
0.5645645645645646,0.4912846312636413,0.4723463946334036,0.03636897410295509,0.5294085890311696,0.47059141096882096,9.43689570931383e-15,0.5237084922846748,0.4499263447517848,0.026365162963540467,0.5645110322321363,0.4354889677678636,1.1102230246251565e-16
0.564964964964965,0.4921955017860562,0.4714323788132975,0.036372119400646274,0.5298338158730761,0.47016618412692524,-1.3322676295501878e-15,0.5253748767765358,0.4485888819267696,0.026036241296694573,0.5657437829011673,0.4342562170988302,2.4424906541753444e-15
0.5653653653653654,0.49305998068677753,0.4705383267597321,0.036401692553490406,0.5302187477263973,0.4697812522736129,-1.021405182655144e-14,0.5270252477109914,0.4472599771417714,0.025714775147237245,0.5669658604636296,0.4330341395363827,-1.2323475573339238e-14
0.5657657657657658,0.49387666780547235,0.46966439731261866,0.03645893488190899,0.5305621271096121,0.46943787289039074,-2.886579864025407e-15,0.5286595841563815,0.4459397008032408,0.02540071504037772,0.5681772653706435,0.43182273462934717,9.325873406851315e-15
0.5661661661661662,0.49464405001639883,0.4688107430276971,0.03654520695590402,0.5308626122063699,0.46913738779363023,-1.1102230246251565e-16,0.5302778577522733,0.4446281278992207,0.025094014348506,0.5693779930031284,0.43062200699687997,-8.382183835919932e-15
0.5665665665665666,0.49536049459692977,0.46797750474876354,0.03666200065430669,0.5311187744692805,0.4688812255307163,3.219646771412954e-15,0.5318800318065808,0.4433253387025696,0.02479462949084954,0.5705680331221481,0.4294319668778611,-9.2148511043888e-15
0.566966966966967,0.49602424181707694,0.46716480544365546,0.0368109527392676,0.5313290962857622,0.4686709037142353,2.4980018054066022e-15,0.5334660602789267,0.44203141956165387,0.024502520159419394,0.5717473692486681,0.4282526307513296,2.3314683517128287e-15
0.5673673673673674,0.4966333967480716,0.46637274309906834,0.03699386015286005,0.5314919688695969,0.46850803113040396,-8.881784197001252e-16,0.5350358866350048,0.4407464637883229,0.02421764957667233,0.5729159779645667,0.4270840220354492,-1.5931700403370996e-14
0.5677677677677678,0.49718592027122555,0.46560138244762245,0.03721269728115201,0.5316056905694129,0.46839430943057975,7.382983113757291e-15,0.5365894425453812,0.4394705726626245,0.023939984791994273,0.5740738281187783,0.4259261718812274,-5.662137425588298e-15
0.5681681681681682,0.4976796192906754,0.46485074524113323,0.037469635468191376,0.5316684658573969,0.4683315341426074,-4.3298697960381105e-15,0.5381266464070822,0.4382038565698894,0.023669497023028396,0.575220879926903,0.42477912007310725,-1.021405182655144e-14
0.5685685685685686,0.4981121361410137,0.464120798743204,0.03776706511578232,0.5316784053202137,0.46832159467979045,-4.163336342344337e-15,0.5396474016519068,0.43694643629482155,0.023406162053271617,0.5763570839433597,0.4236429160566337,6.6058269965196814e-15
0.568968968968969,0.49848093721145287,0.46341144202873286,0.03810762075981422,0.5316335270880623,0.4683664729119393,-1.609823385706477e-15,0.5411515948054041,0.43569844449847817,0.023149960696117744,0.5774823798861688,0.4225176201138332,-1.9984014443252818e-15
0.5693693693693694,0.49878330081314826,0.46272248959924484,0.03849420958760691,0.5315317602582387,0.4684682397417648,-3.497202527569243e-15,0.5426390932493104,0.4344600274096021,0.022900879341087532,0.5785966952885265,0.42140330471146586,7.605027718682322e-15
0.5697697697697698,0.4990163043653842,0.4620536516921301,0.03893004394248578,0.531370951060925,0.46862904893906765,7.327471962526033e-15,0.5441097426294321,0.43323134677082786,0.022658910599740012,0.579699943945162,0.4203000560548428,-4.773959005888173e-15
0.5701701701701702,0.49917681100341427,0.4614045105282919,0.03941867846829383,0.5311488727377378,0.4688511272622527,9.492406860545088e-15,0.5455633638398045,0.43201258208499366,0.022424054075201816,0.5807920241168891,0.419207975883124,-1.3100631690576847e-14
0.5705705705705706,0.4992614557997803,0.46077449153145505,0.03996405266876463,0.5308632404414928,0.46913675955849293,1.426636586643326e-14,0.5469997494958163,0.43080393322015875,0.022196317284024936,0.5818728164469071,0.41812718355309436,-1.4988010832439613e-15
0.5709709709709709,0.49926663187210885,0.4601628283140243,0.04057053981386688,0.5305117328876865,0.4694882671123083,5.218048215738236e-15,0.5484186597892864,0.42960562344249603,0.02197571676821758,0.5829421815335742,0.41705781846642853,-2.7755575615628914e-15
0.5713713713713714,0.4991884767960944,0.45956851988881364,0.04124300331509201,0.5300920230873705,0.46990797691262615,3.3861802251067274e-15,0.5498198175888759,0.42841790296463117,0.02176227944649295,0.5839999570894698,0.4160000429105233,6.8833827526759706e-15
0.5717717717717719,0.4990228599498643,0.45899027812083215,0.041986861929303565,0.5296018213121474,0.47039817868785055,2.0539125955565396e-15,0.5512029026184293,0.42724105311465554,0.021556044266915153,0.5850459546034825,0.41495404539651276,4.718447854656915e-15
0.5721721721721722,0.498765371685838,0.45842646286133454,0.04280816545282745,0.5290389345626992,0.4709610654373152,-1.4432899320127035e-14,0.552567544496181,0.42607539125897054,0.02135706424484851,0.586079955399122,0.4139200446008795,-1.5543122344752192e-15
0.5725725725725725,0.49841131565677904,0.4578750013968062,0.0437136829464147,0.528401348411606,0.471598651588382,1.199040866595169e-14,0.5539133143560794,0.4249212766473649,0.021165408996555723,0.5871017059543184,0.4128982940456756,5.995204332975845e-15
0.572972972972973,0.49795570621403107,0.4573332877628908,0.04471100602307815,0.5276873393331972,0.4723126606668248,-2.2037927038809357e-14,0.5552397146982263,0.42377911738561164,0.020981167916162058,0.5881109123182537,0.41188908768174665,-3.885780586188048e-16
0.5733733733733735,0.49739327368762865,0.45679805594274353,0.045808670369627824,0.526895628868408,0.47310437113157655,1.5432100042289676e-14,0.5565461669961258,0.42264937880444775,0.020804454199426448,0.5891072334070994,0.41089276659289947,1.1657341758564144e-15
0.5737737737737738,0.49671848166865207,0.4562652188150351,0.04701629951631281,0.5260255956760872,0.47397440432392046,-7.66053886991358e-15,0.5578319964480627,0.4215325935592491,0.020635409992688203,0.5900902729064673,0.4099097270935289,3.774758283725532e-15
0.5741741741741742,0.4959255624108343,0.4557296615792946,0.04834477600987108,0.5250775684975846,0.4749224315024026,1.2823075934420558e-14,0.5590964130443873,0.42042937389493146,0.020474213060681257,0.5910595694201644,0.40894043057984447,-8.826273045769994e-15
0.5745745745745746,0.4950085795269311,0.4551849737679239,0.049806446705145,0.5240532335893572,0.4759467664106344,8.43769498715119e-15,0.5603384878345175,0.4193404266304146,0.02032108553506795,0.5920145843969054,0.4079854156030979,-3.2751579226442118e-15
0.5749749749749751,0.49396153197456283,0.4546230969271729,0.05141537109826427,0.5229562064239544,0.47704379357604226,3.3861802251067274e-15,0.5615571228520436,0.41826657158257186,0.020176305565384522,0.5929546872082713,0.40704531279171646,1.226796442210798e-14
0.5753753753753754,0.4927785210858279,0.4540338541004764,0.0531876248136956,0.5217928431720567,0.47820715682797815,-3.480549182199866e-14,0.5627510125427819,0.4172087643545298,0.02004022310268827,0.5938791365370664,0.4061208634629307,2.942091015256665e-15
0.5757757757757758,0.49145401528895283,0.4534043095584718,0.0551416751525754,0.5205734093884916,0.4794265906115025,5.88418203051333e-15,0.5639185936034864,0.4161681246852293,0.019913281711284314,0.5947870569168822,0.40521294308311767,1.6653345369377348e-16
0.5761761761761762,0.48998326936294645,0.45271787755639814,0.05729885308065541,0.5193137940917276,0.4806862059082808,-8.43769498715119e-15,0.5650579787103016,0.4151459718675401,0.01979604942215829,0.5956774088136414,0.4043225911863643,-5.717648576819556e-15
0.5765765765765766,0.48836299487701373,0.4519530468196518,0.05968395830333445,0.518038081940889,0.4819619180590977,1.3322676295501878e-14,0.5661668673050679,0.4141438690768585,0.01968926361807355,0.5965489499472358,0.4034510500527726,-8.43769498715119e-15
0.576976976976977,0.4865924537463209,0.45108149091045735,0.062326055343221776,0.516782526793693,0.48321747320630415,2.886579864025407e-15,0.567242422769445,0.4131636786277986,0.019593898602756343,0.5974001844958973,0.4025998155041055,-2.7755575615628914e-15
0.5773773773773774,0.484675298178772,0.4500651436031793,0.06525955821804874,0.5156019240515682,0.4843980759484293,2.4424906541753444e-15,0.5682810985559189,0.41220762968464236,0.01951127175943873,0.5982292951373811,0.40177070486261945,-5.551115123125783e-16
0.5777777777777778,0.48262280969061816,0.44885140844095234,0.06852578186842945,0.5145803464944577,0.48541965350553856,3.7192471324942744e-15,0.5692783831400179,0.4112783971174096,0.019443219742572515,0.5990340501002329,0.40096594989976364,3.4416913763379853e-15
0.5781781781781782,0.48045998234994647,0.4473646966387534,0.07217532101130014,0.5138504862296221,0.48614951377041143,-3.3584246494910985e-14,0.5702284076099265,0.4103791793815446,0.01939241300852884,0.5998116726965372,0.40018832730346277,0.0
0.5785785785785786,0.4782380765247714,0.4454898298074026,0.07627209366782606,0.5136319832813947,0.48636801671862084,-1.554312234475219e-14,0.5711232995089962,0.4095137233334055,0.01936297715759827,0.6005586529067038,0.3994413470932942,1.942890293094024e-15
0.578978978978979,0.4760645321218385,0.4430340652226969,0.08090140265546458,0.5143191432117828,0.4856808567882032,1.3933298959045715e-14,0.5719520013988946,0.40868607924410316,0.019361919357002266,0.6012704700945268,0.3987295299054691,4.052314039881821e-15
0.5793793793793794,0.47419379110673526,0.4396152939341628,0.08619091495910186,0.5167367107298417,0.48326328927016027,-1.9984014443252818e-15,0.5726976778596209,0.40789899508783656,0.01940332705254255,0.6019412179775495,0.39805878202245215,-1.6653345369377348e-15
0.5797797797797798,0.4734934402092664,0.4341009265599595,0.09240563323077405,0.5233994731188206,0.4766005268811786,7.771561172376096e-16,0.5733291559540356,0.4071414558855251,0.019529388160439365,0.6025639380908367,0.39743606190916225,9.992007221626409e-16
0.5801801801801802,0.47163163917265194,0.42505396892148173,0.10331439190586633,0.5360585960302418,0.46394140396976846,-1.021405182655144e-14,0.5759587030967894,0.40457466679919274,0.019466630104017835,0.604648381137219,0.39535161886277964,1.3877787807814457e-15
0.5805805805805806,0.4626095624439078,0.42333913960333824,0.11405129795275404,0.5324038942898349,0.46759610571015353,1.1546319456101628e-14,0.5782603323709852,0.4025324541329702,0.01920721349604465,0.6064074223780981,0.393592577621901,9.43689570931383e-16
0.5809809809809809,0.4532484084326677,0.42124879461628634,0.12550279695104588,0.5290690287282498,0.470930971271748,2.220446049250313e-15,0.5800522356791911,0.4009171663561285,0.01903059796468043,0.6077988064656968,0.3922011935343027,4.440892098500626e-16
0.5813813813813814,0.44292667557056226,0.4187500517977657,0.138323272631672,0.5258301997479842,0.47416980025203237,-1.6542323066914832e-14,0.581643749248421,0.39946903884068746,0.018887211910891544,0.6090451740755293,0.3909548259244726,-1.887379141862766e-15
0.5817817817817819,0.43133712519133893,0.4157621371861009,0.15290073762256018,0.5227427951384159,0.4772572048616043,-2.020605904817785e-14,0.5831180268033878,0.3981178877262019,0.018764085470410363,0.6102069589398063,0.38979304106019436,-6.106226635438361e-16
0.5821821821821822,0.41821089296219965,0.412174196109088,0.16961491092871228,0.5200129656975048,0.47998703430250655,-1.1324274851176597e-14,0.5845115340569025,0.39683285979484784,0.01865560614824968,0.6113108720712777,0.3886891279287229,-5.551115123125783e-16
0.5825825825825826,0.40327036259609705,0.40784368386994485,0.1888859535339581,0.518046542986668,0.48195345701331993,1.2101430968414206e-14,0.5858439365606165,0.39559731192015624,0.018558751519227257,0.612371421154329,0.38762857884566987,1.1657341758564144e-15
0.582982982982983,0.3862150030476231,0.40259098255135295,0.21119401440102403,0.5175766904976715,0.4824233095023466,-1.8096635301390052e-14,0.5871271951365193,0.3944011435354425,0.01847166132803818,0.6133974889844693,0.38660251101553217,-1.4988010832439613e-15
0.5833833833833835,0.36671902915783167,0.3961925128325481,0.2370884580096202,0.5198993258874167,0.4801006741125584,2.4868995751603507e-14,0.5883691902796625,0.39323773379578447,0.018393075924553026,0.6143949651525377,0.38560503484746117,1.1657341758564144e-15
0.5837837837837838,0.34443883359453087,0.3883736127396465,0.26718755366582264,0.5272781252658344,0.47272187473414834,1.7263968032921184e-14,0.5895754220926958,0.3921025022235969,0.01832207568370736,0.6153679846062531,0.3846320153937468,1.1102230246251565e-16
0.5841841841841842,0.3190337011381215,0.37880309747561325,0.3021632013862653,0.5435746196579891,0.45642538034201274,-1.887379141862766e-15,0.590749901575693,0.39099215295149037,0.018257945472816672,0.6163195789477394,0.38368042105226025,3.885780586188048e-16
0.5845845845845846,0.2902069564189048,0.3670930034189405,0.34270004016215466,0.5749711861105486,0.4250288138894845,-3.314015728506092e-14,0.5918956577906805,0.389904244312557,0.018200097896762468,0.6172520479117418,0.38274795208825835,-1.6653345369377348e-16
0.5849849849849851,0.25777799971014004,0.35280966229929966,0.3894123379905603,0.6298293213964631,0.3701706786034887,4.823919041996305e-14,0.5930150452519027,0.3888369279354583,0.01814802681263894,0.6181671848815242,0.3818328151184733,2.4980018054066022e-15
0.5853853853853854,0.22179770064532553,0.3355059463215902,0.44269635303308424,0.7146857501001587,0.2853142498998607,-1.9373391779708982e-14,0.5941099398846166,0.3877887825388526,0.018101277576530794,0.6190664207457476,0.38093357925425325,-8.326672684688674e-16
0.5857857857857858,0.1827169010797248,0.31478840728752794,0.5024946916327473,0.822870360828336,0.1771296391716718,-7.771561172376096e-15,0.5951818692610373,0.3867587036566228,0.018059427082339874,0.6199509194447655,0.3800490805552337,7.771561172376096e-16
0.5861861861861862,0.14160344918752438,0.2904340885075467,0.5679624623049289,0.9249039434414554,0.07509605655854237,2.192690473634684e-15,0.5962321022596072,0.38574582792772194,0.01802206981267085,0.6208216435946174,0.379178356405384,-1.4432899320127035e-15
0.5865865865865866,0.10036784041096257,0.26256334062022146,0.637068818968816,0.9863319225928361,0.013668077407187179,-2.326437653632496e-14,0.5972617127042331,0.3847494795572437,0.017988807738523183,0.6216794008571334,0.3783205991428658,8.326672684688674e-16
0.586986986986987,0.06189712989374406,0.2318472987908216,0.7062555713154344,0.9993852409695281,0.0006147590304603433,1.1579712883014182e-14,0.5982716257683419,0.3837691314495869,0.017959242782071172,0.6225248775102805,0.37747512248972004,-5.551115123125783e-16
0.5873873873873874,0.029932759187861355,0.19967732317308995,0.7703899176390487,0.9807313059867847,0.019268694013225746,-1.045344366623624e-14,0.5992626526448792,0.3828043763018284,0.01793297105329239,0.6233586632706428,0.3766413367293583,-1.1102230246251565e-15
0.5877877877877878,0.008529500323839818,0.1681693792806945,0.8233011203954657,0.9491226214330097,0.050877378567019425,-2.916417107812208e-14,0.6002355170275105,0.38185490460504157,0.017909578367447887,0.6241812699884792,0.3758187300115209,-1.1102230246251565e-16
0.5881881881881882,0.0010928553248846357,0.13988012356941754,0.8590270211056978,0.9156141743898837,0.08438582561012992,-1.3600232051658168e-14,0.601190875752873,0.3809204875161759,0.01788863673095109,0.6249931459596674,0.3750068540403327,-5.551115123125783e-17
0.5885885885885886,0.009305221977478378,0.11723716522617797,0.8734576127963436,0.884854037989381,0.1151459620106144,4.593547764386585e-15,0.6021293351933766,0.3800009632077288,0.01786970159889456,0.625794687042212,0.37420531295778675,1.27675647831893e-15
0.588988988988989,0.032486892131484514,0.10189468198884633,0.8656184258796692,0.8581771618068866,0.1418228381931287,-1.532107773982716e-14,0.6030514644953195,0.37909622572142493,0.017852309783255527,0.6265862454033185,0.37341375459668313,-1.6653345369377348e-15
0.5893893893893895,0.0677898675563138,0.09433548286452854,0.8378746495791577,0.8355516359956595,0.1644483640043532,-1.2712053631958042e-14,0.603957806429065,0.3782062156297483,0.01783597794118663,0.6273681364838235,0.3726318635161778,-1.27675647831893e-15
0.5897897897897898,0.11111928849334245,0.09390689383658136,0.7949738176700762,0.8164903009014297,0.18350969909855694,1.3350431871117507e-14,0.6048488863893747,0.3773309120020121,0.017820201608613195,0.6281406446014853,0.3718593553985148,-1.1102230246251565e-16
0.5901901901901903,0.15826188659977836,0.0992054472725803,0.7425326661276413,0.800420729472236,0.19957927052772587,3.8163916471489756e-14,0.6057252199301923,0.3764703253022957,0.017804454767511968,0.6289040275037592,0.3710959724962398,9.992007221626409e-16
0.5905905905905906,0.2057165739962501,0.10856131765438685,0.6857221083493631,0.7868168403951591,0.21318315960483195,8.965050923848139e-15,0.6065873191029989,0.3756244909443143,0.017788189952686773,0.6296585200992033,0.3703414799007966,1.1102230246251565e-16
0.5909909909909911,0.2510408793092955,0.12041360117432155,0.6285455195163829,0.7752345250688454,0.22476547493115276,1.8596235662471372e-15,0.6074356977886484,0.374793463297285,0.01777083891406661,0.6304043375409798,0.36959566245902037,-1.6653345369377348e-16
0.5913913913913914,0.2928129052826136,0.13350453119020367,0.5736825635271827,0.7653117496790556,0.23468825032094492,-4.996003610813204e-16,0.6082708761515271,0.37397730999134116,0.01775181385713176,0.631141677793797,0.36885832220620396,-9.992007221626409e-16
0.5917917917917919,0.33040420858714575,0.14692462469974563,0.5226711667131086,0.7567574501344637,0.24324254986551183,2.4452662117369073e-14,0.6090933843012468,0.37317610641269744,0.01773050928605574,0.6318707237857268,0.368129276214273,1.6653345369377348e-16
0.5921921921921922,0.3637176317461095,0.1600736787168512,0.4762086895370393,0.7493384776384328,0.2506615223615536,1.3655743202889425e-14,0.609903765214122,0.37238993031320605,0.017706304472671908,0.6325916452238538,0.36740835477614536,8.326672684688674e-16
0.5925925925925926,0.3929676595816788,0.17259111022918852,0.4344412301891327,0.7428677769861699,0.2571322230138317,-1.609823385706477e-15,0.6107025769412451,0.3716188564890063,0.017678566569748644,0.6333046001347438,0.36669539986525834,-2.1094237467877974e-15
0.592992992992993,0.4185243895313015,0.18428625630871678,0.3971893541599817,0.7371946150609339,0.2628053849390531,1.304512053934559e-14,0.6114903941154903,0.3708629515063748,0.01764665437813484,0.6340097361798673,0.3659902638201311,1.5543122344752192e-15
0.5933933933933935,0.44081449273862167,0.19508120991620775,0.3641042973451705,0.7321968176306,0.26780318236940626,-6.217248937900877e-15,0.6122678087544513,0.37012226847881113,0.017609922766737562,0.6347071917832813,0.3652928082167213,-2.55351295663786e-15
0.5937937937937938,0.4602641557193311,0.20496861858376605,0.33476722569690287,0.7277747098471458,0.27222529015285657,-2.3314683517128287e-15,0.6130354303546991,0.36939684191663447,0.017567727728666438,0.6353970971041913,0.3646029028958063,2.3314683517128287e-15
0.5941941941941942,0.4772696626747379,0.213982528316471,0.30874780900879106,0.7238464187310683,0.27615358126893025,1.4988010832439613e-15,0.6137938852684629,0.36868668269134514,0.017519432040191962,0.6360795748793348,0.36392042512066236,2.886579864025407e-15
0.5945945945945946,0.4921847774996976,0.22217917513851235,0.28563604736179005,0.7203442349937281,0.2796557650062775,-5.6066262743570405e-15,0.6145438153571703,0.36799177317340487,0.017464411469424845,0.6367547411552189,0.36324525884478476,-3.6637359812630166e-15
0.5949949949949951,0.5053176378734774,0.22962481818936128,0.2650575439371613,0.7172117886595057,0.2827882113404794,1.4876988529977098e-14,0.6152858759247355,0.36731206261548316,0.01740206145978135,0.6374227059279368,0.3625772940720642,-9.992007221626409e-16
0.5953953953953954,0.5169326133311454,0.23638832713479582,0.2466790595340588,0.7144018470827584,0.2855981529172505,-8.93729534823251e-15,0.6160207329424875,0.36664746286617483,0.017331804191337674,0.6380835737040549,0.3619164262959449,2.220446049250313e-16
0.5957957957957958,0.5272544445074798,0.24253687386583334,0.23020868162668684,0.7118745890126137,0.28812541098738764,-1.3322676295501878e-15,0.6167490595913252,0.3659978445077632,0.01725309590091162,0.6387374439934889,0.36126255600651036,7.771561172376096e-16
0.5961961961961962,0.5364731623077437,0.24813359734304127,0.21539324034921506,0.7095962437324004,0.2904037562676017,-2.0539125955565396e-15,0.6174715321660879,0.365363033514259,0.017165434319653172,0.6393844117457137,0.36061558825428636,-5.551115123125783e-17
0.5965965965965967,0.5447489977317719,0.2532364912286648,0.2020145110395633,0.707538011376807,0.2924619886231786,1.432187701766452e-14,0.6181888253994903,0.36474280853071533,0.017068366069794394,0.6400245677349372,0.3599754322650646,-1.8318679906315083e-15
0.596996996996997,0.5522169052494397,0.25789802809585277,0.18988506665470756,0.7056752009218021,0.2943247990781956,2.275957200481571e-15,0.6189016072895059,0.3641368988654485,0.016961493845045583,0.6406579989036274,0.35934200109637,2.609024107869118e-15
0.5973973973973974,0.5589905518035994,0.26216521095053863,0.17884423724586201,0.703986537652254,0.29601346234774906,-3.1086244689504383e-15,0.6196105335247606,0.3635449832838251,0.016844483191414295,0.6412847886671892,0.35871521133281004,7.771561172376096e-16
0.5977977977977978,0.5651657448340885,0.2660798587171502,0.16875439644876128,0.7024536033652806,0.2975463966347054,1.3988810110276972e-14,0.6203162416294093,0.3629666896719738,0.016717068698616833,0.6419050171875189,0.3580949828124797,1.3877787807814457e-15
0.5981981981981982,0.5708233323203883,0.269679007049255,0.1594976606303567,0.7010603811615825,0.29893961883841774,-2.7755575615628914e-16,0.6210193449564323,0.3624015956260462,0.016579059417521524,0.642518761617367,0.35748123838263257,4.440892098500626e-16
0.5985985985985987,0.5760316331464276,0.27299535335117286,0.15097301350239956,0.6997928831465929,0.3002071168534115,-4.440892098500626e-15,0.6217204266758117,0.361849229996004,0.01643034332818427,0.6431260963201499,0.35687390367985156,-1.4988010832439613e-15
0.598998998998999,0.5808484631591785,0.2760577048024827,0.1430938320383388,0.6986388442406721,0.3013611557593319,-4.052314039881821e-15,0.6224200339091588,0.36130907538881757,0.016270890702023644,0.6437270930678393,0.3562729069321589,1.8318679906315083e-15
0.5993993993993995,0.5853228201594498,0.2788914067166416,0.1357857731239086,0.6975874690153345,0.3024125309846563,9.159339953157541e-15,0.6231186721656121,0.36078057160701144,0.016100756227376445,0.6443218212196622,0.3556781787803377,1.1102230246251565e-16
0.5997997997997998,0.5894962848242399,0.28151873991638976,0.12898497525937036,0.6966292212935339,0.30337077870647955,-1.3433698597964394e-14,0.6238168002298585,0.36026311996971055,0.01592007980043092,0.644910347883594,0.3550896521164068,-8.326672684688674e-16
0.6002002002002003,0.5934041868816007,0.2839592825602334,0.12263653055816592,0.6957556484345097,0.3042443515654932,-2.831068712794149e-15,0.6245148256446219,0.3597560884340011,0.015729085921377006,0.6454927380631206,0.35450726193687815,1.27675647831893e-15
0.6006006006006006,0.5970765781540173,0.2862302357741532,0.11669318607182955,0.6949592338903434,0.3050407661096637,-7.105427357601002e-15,0.625213100912971,0.35925881740893617,0.015528081678092831,0.6460690547902838,0.3539309452097183,-2.0539125955565396e-15
0.6010010010010011,0.6005390470316385,0.28834671456839256,0.11111423839996892,0.6942332729313943,0.3057667270686077,-1.942890293094024e-15,0.6259119205267152,0.3587706261301565,0.01531745334312834,0.646639359246916,0.3533606407530834,6.661338147750939e-16
0.6014014014014014,0.6038134027018507,0.29032200657101426,0.10586459072713506,0.6935717674454305,0.3064282325545771,-7.549516567451064e-15,0.6266115189011272,0.35829081944526797,0.015097661653604821,0.6472037108754423,0.352796289124556,1.7208456881689926e-15
0.6018018018018019,0.6069182522196397,0.2921678015151479,0.10091394626521244,0.6929693365174142,0.307030663482576,9.769962616701378e-15,0.6273120692668157,0.3578186948479854,0.014869235885198895,0.6477621674796002,0.35223783252039914,6.106226635438361e-16
0.6022022022022022,0.6098694890886516,0.2938943944533947,0.09623611645795371,0.6924211401212579,0.3075788598787294,1.2712053631958042e-14,0.6280136835418724,0.3573535495908193,0.014632766867308356,0.6483147853174241,0.3516852146825772,-1.3322676295501878e-15
0.6026026026026026,0.6126807084086745,0.2955108655064217,0.0918084260849038,0.6919228137552759,0.3080771862447211,3.0531133177191805e-15,0.6287164131725411,0.35689468770936505,0.014388899118093823,0.6488616191858831,0.35113838081411525,1.609823385706477e-15
0.603003003003003,0.6153635607190784,0.29702523870345804,0.08761120057746358,0.6914704122488868,0.3085295877511105,2.6645352591003757e-15,0.629420250904421,0.35644142679559543,0.014138322299983574,0.6494027224989638,0.3505972775010348,1.3877787807814457e-15
0.6034034034034035,0.6179280542966168,0.29844462218523593,0.08362732351814728,0.6910603612864492,0.30893963871355606,-5.2735593669694936e-15,0.6301251334168607,0.3559931043720783,0.013881762211060966,0.6499381473593729,0.35006185264062933,-2.275957200481571e-15
0.6038038038038038,0.6203828137857965,0.2997753317678767,0.0798418544463268,0.6906894154474625,0.30931058455252686,1.0602629885170245e-14,0.6308309447305096,0.35554908373657645,0.013619971532913944,0.6504679446247267,0.3495320553752745,-1.1657341758564144e-15
0.6042042042042042,0.6227353015585726,0.30102299961199175,0.07624169882943566,0.6903546217737875,0.3096453782262103,2.220446049250313e-15,0.6315375202786767,0.3551087591690178,0.013353720552305492,0.650992163968639,0.3490078360313591,1.887379141862766e-15
0.6046046046046046,0.624992007026453,0.30219266952948437,0.07281532344406266,0.6900532880375365,0.30994671196245277,1.071365218763276e-14,0.6322446515197567,0.35467156041760856,0.013083788062634716,0.651510853937243,0.3484891460627556,1.4432899320127035e-15
0.6050050050050051,0.6271586082323941,0.3032888802841538,0.0695525114834521,0.6897829550210567,0.31021704497894537,-2.0539125955565396e-15,0.6329520909592088,0.3542369564078064,0.012810952632984818,0.6520240620012587,0.34797593799874255,-1.27675647831893e-15
0.6054054054054054,0.6292401093390234,0.3043157380876524,0.0664441525733242,0.6895413722352007,0.3104586277647936,5.662137425588298e-15,0.6336595574484662,0.35380445814324807,0.012535984408285683,0.6525318346045837,0.34746816539541875,-2.4980018054066022e-15
0.6058058058058058,0.631240957097838,0.30527697938523807,0.06348206351692393,0.6893264765896049,0.3106735234103968,-1.6653345369377348e-15,0.6343667416288082,0.35337362079443635,0.012259637576755411,0.6530342172092796,0.34696578279072016,2.7755575615628914e-16
0.6062062062062062,0.6331651389569419,0.3061760249209473,0.06065883612211076,0.6891363736090556,0.3108636263909479,-3.4416913763379853e-15,0.6350733113960456,0.3529440449935914,0.011982643610362997,0.6535312543372078,0.34646874566279307,-8.881784197001252e-16
0.6066066066066067,0.6350162651403956,0.3070160260034783,0.05796770885612612,0.6889693208482535,0.31103067915174787,-1.3322676295501878e-15,0.6357789172734184,0.35251537737370087,0.011705705352880735,0.6540229896091568,0.3459770103908415,1.6653345369377348e-15
0.607007007007007,0.6367976367673043,0.30779990382014516,0.055402459412550564,0.6888237132139792,0.3111762867860192,1.609823385706477e-15,0.6364831975914066,0.3520873104082858,0.011429492000307628,0.6545094657809,0.3454905342191006,-5.551115123125783e-16
0.6074074074074074,0.6385123018642992,0.30853038259402404,0.052957315541676764,0.6886980699442384,0.31130193005576173,-1.6653345369377348e-16,0.6371857833912352,0.35165958161928024,0.011154634989484546,0.6549907247771167,0.3450092752228842,-9.43689570931383e-16
0.6078078078078079,0.6401631009350761,0.30921001732329945,0.05062688174162444,0.6885910230310768,0.31140897696893133,-8.104628079763643e-15,0.6378863029831797,0.35123197223125,0.010881724785570257,0.6554668077229664,0.34453319227703283,7.771561172376096e-16
0.6082082082082082,0.6417527035951022,0.309841216790955,0.04840607961394283,0.6885013069051088,0.3114986930948942,-2.9976021664879227e-15,0.638584386108594,0.3508043053545891,0.010611308536816855,0.6559377549736017,0.3440622450263959,2.3869795029440866e-15
0.6086086086086087,0.6432836376229119,0.31042626248136523,0.046290099895722914,0.6884277492248042,0.31157225077519624,-4.440892098500626e-16,0.6392796676702868,0.3503764437826974,0.010343888547015845,0.6564036061417883,0.34359639385821167,5.551115123125783e-17
0.609009009009009,0.6447583116454121,0.3109673239893636,0.044274364365224306,0.6883692626355661,0.3116307373644323,1.609823385706477e-15,0.6399717910110525,0.3499482874870357,0.010079921501911782,0.6568644001237123,0.34313559987628633,1.3877787807814457e-15
0.6094094094094095,0.646179032538331,0.3114664714550807,0.042354496006588305,0.6883248373820023,0.31167516261799133,6.328271240363392e-15,0.640660410734228,0.34951977089010905,0.009819818375662981,0.6573201751235234,0.3426798248764761,5.551115123125783e-16
0.6098098098098098,0.6475480185016297,0.311925685506382,0.040526295991988315,0.6882935346726738,0.3117064653273269,-7.216449660063518e-16,0.6413451950701532,0.34909085999225586,0.00956394493759094,0.6577709686758478,0.3422290313241522,-5.551115123125783e-17
0.6102102102102103,0.6488674086464039,0.31234686513837007,0.038785726215226024,0.68827448070968,0.3117255192903146,5.384581669432009e-15,0.6420258278050677,0.3486615494192008,0.009312622775731527,0.6582168176674398,0.34178318233256155,-1.3322676295501878e-15
0.6106106106106106,0.6501392698195747,0.31273183390961606,0.03712889627080923,0.6882668613071764,0.3117331386928206,2.9976021664879227e-15,0.6427020097938755,0.34823185945169505,0.009066130754429469,0.6586577583571328,0.34134224164286764,-4.440892098500626e-16
0.6110110110110111,0.6513656012862954,0.3130823447857959,0.03555205392790872,0.688269917032347,0.3117300829676491,3.941291737419306e-15,0.6433734600866822,0.347801833088392,0.00882470682492581,0.6590938263949039,0.34090617360509506,1.0547118733938987e-15
0.6114114114114114,0.6525483377918314,0.31340008391685664,0.034051578291311946,0.6882829388099916,0.3117170611900094,-9.992007221626409e-16,0.6440399167017699,0.34737153318575503,0.008588550112475113,0.6595250568398836,0.34047494316012117,-4.773959005888173e-15
0.6118118118118119,0.6536893514409027,0.3136866735872084,0.0326239749718889,0.6883052639419321,0.31169473605806886,-9.992007221626409e-16,0.644701137079535,0.3469410397111056,0.00835782320935935,0.6599514841767563,0.34004851582324397,-2.7755575615628914e-16
0.6122122122122122,0.6547904527473969,0.31394367454365485,0.03126587270894826,0.6883362724950143,0.31166372750499044,-4.718447854656915e-15,0.6453568982565265,0.34651044713454215,0.008132654608931311,0.6603731423322063,0.3396268576677905,3.164135620181696e-15
0.6126126126126127,0.655853391140679,0.3141725878679662,0.02997402099135482,0.6883753840186142,0.31162461598138547,3.3306690738754696e-16,0.6460069967934371,0.34607986198231344,0.007913141224249465,0.6607900646894692,0.33920993531053145,-6.661338147750939e-16
0.613013013013013,0.6568798551534392,0.3143748565284134,0.028745288318147433,0.6884220545580653,0.31157794544192413,1.0602629885170245e-14,0.6466512484954897,0.34564940056351406,0.007699350940996219,0.6612022841028645,0.33879771589713226,3.219646771412954e-15
0.6134134134134135,0.6578714724655215,0.3145518667184466,0.02757666081603194,0.6884757739333799,0.3115242260666324,-1.226796442210798e-14,0.6472894879570888,0.34521918688026854,0.007491325162642615,0.6616098329108901,0.3383901670891087,1.1657341758564144e-15
0.6138138138138138,0.6588298099273474,0.3147049490672065,0.026465241005446116,0.6885360632552069,0.31146393674478606,7.049916206369744e-15,0.6479215679646514,0.34478935072310474,0.0072890813122438725,0.6620127429491233,0.3379872570508757,1.0547118733938987e-15
0.6142142142142142,0.6597563736602237,0.31483537978482784,0.0254082465549485,0.6886024726554422,0.31139752734456516,-7.327471962526033e-15,0.648547358785398,0.3443600259523149,0.00709261526228705,0.6624110455620776,0.33758895443792325,-8.881784197001252e-16
0.6146146146146146,0.6606526092912824,0.31494438178834855,0.024403008920369007,0.6886745792109604,0.3113254207890419,-2.3314683517128287e-15,0.649166747369605,0.34393134896050614,0.006901903669888854,0.6628047716145912,0.3371952283854104,-1.5543122344752192e-15
0.6150150150150151,0.6615199023637641,0.3150331258427887,0.02344697179344718,0.6887519850410484,0.31124801495894455,7.049916206369744e-15,0.6497796364897919,0.34350345731009124,0.00671690620011689,0.6631939515027214,0.33680604849728013,-1.5543122344752192e-15
0.6154154154154154,0.6623595789417271,0.3151027317358755,0.02253768932239736,0.6888343155634391,0.3111656844365551,5.773159728050814e-15,0.6503859438368247,0.34307648853783534,0.006537567625339968,0.6635786151636387,0.3364213848363634,-2.1094237467877974e-15
0.6158158158158158,0.6631729064114009,0.3151542695028406,0.02167282408575849,0.6889212178909739,0.3110787821090279,-1.8318679906315083e-15,0.6509856010927781,0.34265057911506974,0.0063638197921521145,0.6639587920857595,0.33604120791423747,3.0531133177191805e-15
0.6162162162162163,0.6639610944790284,0.31518876070212354,0.02085014481884806,0.6890123593593951,0.31098764064060436,5.551115123125783e-16,0.6515785529932006,0.3422258635549838,0.006195583451815645,0.6643345113174686,0.3356654886825316,-1.6653345369377348e-16
0.6166166166166167,0.6647252963472909,0.31520717974620555,0.020067523906503515,0.6891074261709607,0.31089257382904173,-2.3869795029440866e-15,0.6521647563941657,0.34180247365346683,0.006032769952367456,0.6647058014760091,0.3352941985239939,-2.9976021664879227e-15
0.617017017017017,0.6654666100550088,0.31521045528170094,0.019322934663290214,0.6892061221451087,0.3107938778548864,4.9404924595819466e-15,0.6527441793532576,0.3413805378532385,0.005875282793503911,0.6650726907557518,0.33492730924425373,-5.551115123125783e-15
0.6174174174174174,0.6661860799596185,0.31519947161311845,0.01861444842726301,0.6893081675662165,0.3106918324337894,-5.88418203051333e-15,0.6533168002334767,0.3409601807192905,0.005723019047232769,0.6654352069360798,0.33456479306392056,-3.885780586188048e-16
0.6178178178178179,0.6668846983374239,0.315175070162942,0.017940231499634085,0.689413298119145,0.31058670188086146,-6.439293542825908e-15,0.6538826068361511,0.34054152251502806,0.005575870648820869,0.6657933773885827,0.33420662261141737,-5.551115123125783e-17
0.6182182182182183,0.6675634070817431,0.3151380509586704,0.017298541959586466,0.6895212639055988,0.31047873609440285,-1.609823385706477e-15,0.654441595569254,0.34012467886716896,0.005433725563577074,0.6661472290843121,0.3338527709156903,-2.4424906541753444e-15
0.6186186186186187,0.6682230994752115,0.3150891741375956,0.016687726387192903,0.6896318285340439,0.31036817146597123,-1.5154544286133387e-14,0.6549937706535728,0.33970976051028945,0.005296468836137769,0.6664967886004469,0.3335032113995498,3.2751579226442118e-15
0.619019019019019,0.6688646220154678,0.31502916146024884,0.016106216524283345,0.6897447682768376,0.3102552317231669,-4.496403249731884e-15,0.6555391433697136,0.3392968731010512,0.005163983529235139,0.66684208212659,0.3331579178734128,-2.831068712794149e-15
0.6194194194194195,0.6694887762746863,0.3149586978245412,0.015552525900772496,0.689859871288526,0.3101401287114807,-6.716849298982197e-15,0.6560777313474543,0.3388861170930584,0.005036151559487334,0.6671831354706931,0.3328168645293086,-1.6653345369377348e-15
0.6198198198198198,0.6700963207758024,0.31487843277066335,0.015025246453534258,0.6899769368810125,0.3100230631189874,1.1102230246251565e-16,0.6566095578983662,0.3384775876641211,0.004912854437512715,0.667519974064929,0.33248002593506903,1.942890293094024e-15
0.6202202202202203,0.6706879728690177,0.3147889819711451,0.014523045159837211,0.6900957748500539,0.30990422514995586,-9.769962616701378e-15,0.6571346513911063,0.3380713746886979,0.004793973920195815,0.6678526229710344,0.33214737702896674,-1.1657341758564144e-15
0.6206206206206206,0.6712644105951626,0.3146909286979768,0.014044660706860557,0.6902162048494024,0.30978379515060545,-7.827072323607354e-15,0.6576530446689897,0.33766756274864457,0.004679392582365771,0.6681811068852639,0.3318188931147382,-2.1094237467877974e-15
0.6210210210210211,0.6718262745242422,0.31458482526192694,0.013588900213830912,0.6903380558084999,0.3096619441914955,4.551914400963142e-15,0.6581647745092181,0.33726623117576915,0.0045689943150127865,0.6685054501434003,0.3314945498566021,-2.4424906541753444e-15
0.6214214214214214,0.6723741695582757,0.3144711944188496,0.013154636022874755,0.6904611653901298,0.3095388346098647,5.495603971894525e-15,0.6586698811218541,0.33686745412109576,0.00446266475705015,0.668825676725298,0.33117432327470553,-3.552713678800501e-15
0.6218218218218219,0.6729086666916272,0.3143505307379916,0.012740802570381238,0.6905853794855665,0.3094146205144332,2.7755575615628914e-16,0.6591684076867584,0.3364713006460934,0.004360291667148186,0.6691418102590055,0.3308581897409949,-4.440892098500626e-16
0.6222222222222222,0.6734303047196266,0.3142233019309434,0.012346393349429996,0.690710551742804,0.30928944825718935,6.6058269965196814e-15,0.6596603999275761,0.33607783483073733,0.004261765241686588,0.6694538740250973,0.33054612597490124,1.4988010832439613e-15
0.6226226226226227,0.6739395918936775,0.3140899501358589,0.011970457970463644,0.6908365431273813,0.3091634568726231,-4.385380947269368e-15,0.660145905719481,0.3356871158957085,0.00416697838481056,0.6697618909602687,0.330238109039734,-2.7200464103316335e-15
0.623023023023023,0.6744370075148992,0.3139508931573822,0.011612099327718561,0.690963221511379,0.30903677848862743,-6.439293542825908e-15,0.6606249747297295,0.33529919833447663,0.0040758269357938914,0.6700658836609716,0.3299341163390289,-5.551115123125783e-16
0.6234234234234235,0.6749230034661488,0.31380652565968603,0.011270470874165217,0.6910904612895344,0.30890953871045035,1.5210055437364645e-14,0.6610976580882777,0.3349141320529491,0.003988209858773184,0.6703658743867829,0.32963412561321703,1.1102230246251565e-16
0.6238238238238238,0.6753980056786332,0.31365722031244464,0.010944774008922187,0.6912181430197655,0.3087818569802433,-8.770761894538737e-15,0.6615640080867781,0.3345319625137926,0.003904029399429354,0.6706618850635324,0.32933811493646664,9.43689570931383e-16
0.6242242242242242,0.6758624155339823,0.31350332888750704,0.010634255578510665,0.691346153087721,0.3086538469122739,5.162537064506978e-15,0.6620240779035736,0.33415273088360464,0.0038231912128217083,0.6709539372862312,0.32904606271376907,-2.7755575615628914e-16
0.6246246246246246,0.6763166111986005,0.3133451833099099,0.01033820549148956,0.6914743833911082,0.30852561660888617,5.6066262743570405e-15,0.6624779213526856,0.33377647418103007,0.003745604466284358,0.6712420523216791,0.3287579476783194,1.4988010832439613e-15
0.6250250250250251,0.6767609488934652,0.3131830966592369,0.010055954447297955,0.6916027310452592,0.3083972689547353,5.551115123125783e-15,0.6629255926551698,0.33340322542406714,0.0036711819207630447,0.6715262511110599,0.3284737488889388,1.27675647831893e-15
0.6254254254254255,0.6771957640965423,0.31301736412627,0.009786871777187733,0.6917310981055654,0.3082689018944376,-3.0531133177191805e-15,0.6633671462304805,0.3330330137755709,0.0035998399939485837,0.671806554272148,0.3281934457278505,1.5543122344752192e-15
0.6258258258258258,0.6776213726826165,0.31284826392222276,0.009530363395160779,0.6918593913081144,0.30814060869188414,1.4988010832439613e-15,0.6638026365063867,0.33266586468566817,0.0035314988079451215,0.6720829821014664,0.3279170178985344,-8.326672684688674e-16
0.6262262262262263,0.678038071999225,0.3126760581440865,0.009285869856688556,0.6919875218255706,0.30801247817443356,-4.107825191113079e-15,0.6642321177452764,0.3323018000305067,0.0034660822242169598,0.6723555545760455,0.32764444542395516,-6.106226635438361e-16
0.6266266266266267,0.6784461418805423,0.3125009935968788,0.009052864522578918,0.6921154050376069,0.30788459496238413,8.93729534823251e-15,0.6646556438857931,0.33194083824619197,0.0034035178680149047,0.6726242913552343,0.3273757086447703,-4.551914400963142e-15
0.6270270270270271,0.6788458456027783,0.3123233025735329,0.008830851823688812,0.6922429603154692,0.3077570396845265,4.3298697960381105e-15,0.6650732683975119,0.33158299445793604,0.0033437371445520503,0.6728892117820462,0.32711078821795575,-1.942890293094024e-15
0.6274274274274274,0.6792374307809108,0.3121432035948252,0.008619365624263964,0.6923701108190525,0.30762988918095224,-4.773959005888173e-15,0.6654850441478724,0.3312282806034671,0.0032866752486605533,0.6731503348846153,0.326849665115379,5.717648576819556e-15
0.6278278278278279,0.6796211302097012,0.3119609021111978,0.008417967679101024,0.6924967833056325,0.307503216694365,2.55351295663786e-15,0.6658910232793572,0.3308767055509345,0.0032322711697082562,0.6734076793772333,0.32659232062277094,-4.274358644806853e-15
0.6282282282282283,0.6799971626517876,0.3117765911672208,0.008226246180991659,0.6926229079502654,0.3073770920497333,1.3322676295501878e-15,0.6662912570954539,0.3305282752111469,0.0031804676933991916,0.6736612636609641,0.32633873633903104,4.829470157119431e-15
0.6286286286286287,0.6803657335733653,0.31159045203176217,0.008043814394872562,0.6927484181759704,0.30725158182403334,-3.774758283725532e-15,0.6666857959554519,0.33018299264322154,0.0031312114013266057,0.6739111058248319,0.32608889417516757,4.996003610813204e-16
0.629029029029029,0.6807270358306389,0.311402654795287,0.007870309374074125,0.6928732504937406,0.3071267495062721,-1.2712053631958042e-14,0.6670746891748343,0.32984085815507114,0.0030844526700946062,0.674157223645953,0.3258427763540453,1.7208456881689926e-15
0.6294294294294295,0.6810812503093098,0.3112133589357773,0.007705390754912944,0.6929973443518658,0.3070026556481312,3.0531133177191805e-15,0.6674579849317309,0.3295018693978481,0.0030401456704209906,0.674399634589997,0.3256003654100053,-2.275957200481571e-15
0.6298298298298298,0.6814285465182868,0.31102271385642627,0.00754873962528696,0.693120641993331,0.3068793580066717,-2.7200464103316335e-15,0.6678357301773523,0.3291660214551355,0.0029982483675121685,0.6746383558111039,0.3253616441888951,9.992007221626409e-16
0.6302302302302303,0.6817690831397788,0.3108308593963383,0.007400057463882892,0.6932430883211838,0.30675691167881747,-1.2212453270876722e-15,0.6682079705504155,0.3288333069264834,0.0029587225231011427,0.6748734041520716,0.3251265958479243,4.052314039881821e-15
0.6306306306306306,0.6821030085388181,0.3106379263165154,0.00725906514466651,0.6933646307715473,0.30663536922846113,-8.43769498715119e-15,0.6685747502931995,0.3285037160067922,0.0029215337000083608,0.6751047961438592,0.3248952038561418,-9.992007221626409e-16
0.6310310310310311,0.6824304612324608,0.3104440367637666,0.007125502003772655,0.6934852191933143,0.30651478080668976,-4.052314039881821e-15,0.6689361121690003,0.328177236561419,0.002886651269580709,0.6753325480048848,0.3246674519951159,-7.216449660063518e-16
0.6314314314314314,0.6827515703219862,0.3102493047143466,0.006999124963667225,0.693604805734614,0.3063951942653776,8.382183835919932e-15,0.6692920973808744,0.3278538541970222,0.002854048422103461,0.6755566756406954,0.3244433243593018,2.7755575615628914e-15
0.6318318318318319,0.6830664558879848,0.3100538364009111,0.006879707711104133,0.6937233447346919,0.3062766552653095,-1.3877787807814457e-15,0.6696427454888388,0.32753355233044984,0.0028237021807113183,0.6757771946426573,0.3242228053573404,2.3314683517128287e-15
0.6322322322322322,0.6833752293528602,0.30985773072299455,0.006767039924145235,0.6938407926226722,0.3061592073773279,-5.551115123125783e-17,0.6699880943264799,0.3272163122550253,0.002795593418494835,0.6759941202869119,0.32400587971308653,1.609823385706477e-15
0.6326326326326327,0.6836779938096829,0.30966107964662,0.006660926543697154,0.6939571078206306,0.3060428921793656,3.83026943495679e-15,0.6703281799152764,0.3269021132060157,0.0027697068787079226,0.6762074675329565,0.3237925324670371,6.439293542825908e-15
0.633033033033033,0.6839748443205058,0.309463968593921,0.0065611870855731835,0.6940722506522481,0.3059277493477483,3.608224830031759e-15,0.6706630363759645,0.3265909324263813,0.0027460311976542084,0.6764172510219885,0.32358274897801254,-9.992007221626409e-16
0.6334334334334335,0.6842658681856346,0.3092664768265712,0.006467654987794169,0.6941861832561296,0.30581381674387165,-1.2212453270876722e-15,0.6709926958361175,0.326282745234146,0.0027245589297364425,0.6766234850748821,0.32337651492511926,-1.3877787807814457e-15
0.6338338338338338,0.6845511451852272,0.3090686778265866,0.006380176988186215,0.6942988695034025,0.30570113049659764,-1.1102230246251565e-16,0.6713171883337935,0.32597752509267813,0.002705286573528365,0.6768261836902466,0.3231738163097503,3.1086244689504383e-15
0.6342342342342343,0.6848307477957546,0.30887063967745365,0.006298612526791758,0.6944102749199296,0.30558972508007,4.440892098500626e-16,0.6716365417157045,0.325675243686381,0.0026882145979144623,0.6770253605419119,0.32297463945808463,3.497202527569243e-15
0.6346346346346347,0.6851047413818289,0.30867242545059814,0.006222833167572994,0.6945203666120439,0.30547963338796175,-5.6066262743570405e-15,0.6719507815298231,0.32537587100353926,0.00267334746663761,0.6772210289761942,0.322778971023804,1.8318679906315083e-15
0.6350350350350351,0.6853731843665841,0.3084740936008148,0.006152722032601088,0.6946291131961371,0.3053708868038423,2.0650148258027912e-14,0.6722599309119276,0.325079375428859,0.002660693659213398,0.6774132020089765,0.322586797991023,4.996003610813204e-16
0.6354354354354355,0.6856361283827127,0.3082756983756414,0.0060881732416459,0.6947364847320635,0.3052635152679315,4.9960036108132044e-15,0.6725640104655382,0.32478572384868015,0.002650265685781694,0.6776018923225106,0.32239810767749133,-1.887379141862766e-15
0.6358358358358358,0.685893618405349,0.3080772902444541,0.006029091350196858,0.6948424526593785,0.30515754734062467,-3.164135620181696e-15,0.6728630381347859,0.3244948817723862,0.002642080092827903,0.6777871122618518,0.32221288773815115,-2.9976021664879227e-15
0.6362362362362363,0.6861456928709567,0.30787891635298525,0.0059753907760580205,0.6949469897369869,0.305053010263009,4.107825191113079e-15,0.6731570290701316,0.324206813473853,0.0026361574560153644,0.6779688738309485,0.3220311261690516,-1.1102230246251565e-16
0.6366366366366367,0.6863923837851383,0.3076806210095962,0.005926995205265462,0.6950500699858492,0.304949930014147,3.83026943495679e-15,0.6734459954870905,0.3239214821573659,0.0026325223555436206,0.678147188688524,0.32185281131147003,5.995204332975845e-15
0.6370370370370371,0.6866337168215491,0.3074824462116442,0.005883836966806721,0.6951516686340365,0.3048483313659684,-4.9404924595819466e-15,0.6737299465179715,0.3236388501534539,0.0026312033285746383,0.6783220681435046,0.32167793185649274,2.6645352591003757e-15
0.6374374374374374,0.6868697114186234,0.3072844322186213,0.005845856362755308,0.6952517620650394,0.30474823793496014,4.996003610813204e-16,0.6740088880573792,0.32335887915044825,0.0026322327921725064,0.6784935231501396,0.3215064768498564,4.052314039881821e-15
0.6378378378378379,0.6871003808769077,0.3070866181828176,0.005813000940274704,0.6953503277679409,0.3046496722320537,5.384581669432009e-15,0.6742828226023643,0.32308153046883037,0.0026356469288053574,0.6786615643028224,0.32133843569718323,-5.662137425588298e-15
0.6382382382382383,0.6873257324642099,0.30688904284616036,0.00578522468962972,0.6954473442903062,0.3045526557096912,2.609024107869118e-15,0.6745517490884487,0.3228067653862226,0.0026414855253286684,0.6788262018303265,0.3211737981696775,-3.9968028886505635e-15
0.6386386386386387,0.6875457675357799,0.3066917453144138,0.005762487149806317,0.6955427911934113,0.3044572088065922,-3.552713678800501e-15,0.6748156627239541,0.3225345455218237,0.002649791754222197,0.6789874455899149,0.32101255441008497,1.6653345369377348e-16
0.639039039039039,0.6877604816764948,0.3064947659216496,0.0057447524018555685,0.6956366490090382,0.30436335099096906,-7.271960811294775e-15,0.6750745548247755,0.32226483329066097,0.002660611884563513,0.6791453050607887,0.32085469493920926,1.9984014443252818e-15
0.6394394394394395,0.6879698648772277,0.3062981471961139,0.005731987926658411,0.6957288991989594,0.3042711008010443,-3.7192471324942744e-15,0.6753284126535972,0.32199759243881004,0.002673994907592736,0.6792997893371931,0.320700210662805,1.8318679906315083e-15
0.6398398398398399,0.6881739017549031,0.3061019349430568,0.005724163302040064,0.695819524115624,0.30418047588438935,-1.3322676295501878e-14,0.6755772192678473,0.32173278867244764,0.0026899920597050486,0.6794509071209964,0.32054909287900757,-3.9968028886505635e-15
0.6402402402402403,0.6883725718321375,0.3059061794570949,0.005721248710767568,0.6959085069653957,0.3040914930346005,3.774758283725532e-15,0.6758209533825869,0.32147039039441555,0.0027086562229975963,0.6795986667138442,0.32040133328615633,-4.996003610813204e-16
0.6406406406406406,0.6885658498907621,0.3057109368811879,0.005723213228050028,0.6959958317725522,0.30400416822744425,3.552713678800501e-15,0.6760595892553786,0.32121036956384363,0.002730041180777798,0.6797430760087837,0.3202569239912096,6.716849298982197e-15
0.6410410410410411,0.6887537064203624,0.3055162707245254,0.0057300228551122045,0.6960814833458987,0.3039185166540942,7.105427357601002e-15,0.6762930966022747,0.32095270269508,0.0027542007026453152,0.6798841424813009,0.32011585751869803,1.0547118733938987e-15
0.6414414414414414,0.6889361081818034,0.3053222535562501,0.005741638261946513,0.6961654472460365,0.3038345527539653,-1.7763568394002505e-15,0.6765214405561095,0.32069737201309545,0.002781187430795029,0.6800218731797613,0.3199781268202412,-2.4424906541753444e-15
0.6418418418418419,0.6891130189126335,0.3051289688859986,0.005758012201367846,0.6962477097547695,0.30375229024523276,-2.220446049250313e-15,0.6767445816803478,0.3204443667833933,0.002811051536258935,0.6801562747152801,0.3198437252847175,2.4424906541753444e-15
0.6422422422422422,0.6892844002018437,0.3049365132434582,0.00577908655469811,0.6963282578453233,0.30367174215467213,4.6074255521944e-15,0.6769624760547276,0.3201936848337491,0.0028438391115233053,0.6802873532510152,0.31971264674898675,-1.942890293094024e-15
0.6426426426426427,0.689450212567184,0.3047449984626574,0.005804788970158625,0.6964070791541651,0.30359292084584366,-8.770761894538737e-15,0.677175075451283,0.3199453342847093,0.0028795902640077475,0.6804151144906275,0.3195848855093717,7.771561172376096e-16
0.643043043043043,0.689610416770693,0.30455455417209254,0.005835029057214447,0.6964841619542993,0.3035158380456946,6.106226635438361e-15,0.6773823276227827,0.3196993355034242,0.0029183368737930593,0.680539563666093,0.3194604363339001,6.8833827526759706e-15
0.6434434434434435,0.6897649754101434,0.3043653304853958,0.00586969410446081,0.6965594951289563,0.30344050487103547,8.215650382226158e-15,0.6775841767291684,0.3194557232911155,0.0029600999797161354,0.6806607055249012,0.31933929447510195,-3.164135620181696e-15
0.6438438438438439,0.6899138548297098,0.3041775008723787,0.005908644297911492,0.6966330681473742,0.30336693185261926,6.494804694057166e-15,0.6777805639293769,0.31921454930990545,0.00300488676071764,0.6807785443160105,0.31922145568398813,1.3877787807814457e-15
0.6442442442442443,0.6900570273900545,0.3039912651811508,0.005951707428794695,0.696704871040975,0.3032951289590097,1.532107773982716e-14,0.6779714281712436,0.3189758847444191,0.0030526870843373133,0.6808930837755289,0.3191069162244772,-6.106226635438361e-15
0.6446446446446447,0.6901944741405893,0.3038068527604865,0.0059986730989241566,0.6967748943806261,0.30322510561937266,1.2212453270876722e-15,0.6781567072118336,0.31873982318362726,0.003103469604539111,0.6810043271110235,0.31899567288897956,-3.1086244689504383e-15
0.6450450450450451,0.6903261879323807,0.30362452560955194,0.006049286458067404,0.6968431292554724,0.3031568707445363,-8.715250743307479e-15,0.6783363389037634,0.31850648369172035,0.0031571774045162093,0.6811122769850809,0.3188877230149192,-1.1102230246251565e-16
0.6454454454454455,0.6904521770005486,0.30344458145799297,0.006103241541458415,0.6969095672516747,0.30309043274833053,-5.2735593669694936e-15,0.6785102627818639,0.3182760140168397,0.0032137232012964256,0.6812169354977433,0.31878306450225846,-1.7763568394002505e-15
0.6458458458458458,0.690572469036899,0.3032673566428676,0.006160174320233469,0.6969742004328064,0.30302579956719994,-6.38378239159465e-15,0.6786784219820765,0.31804859386149886,0.00327298415642463,0.6813183041679521,0.3186816958320545,-6.661338147750939e-15
0.6462462462462463,0.6906871157518321,0.3030932286162807,0.006219655631887255,0.6970370213209102,0.3029629786790849,4.9404924595819466e-15,0.6788407655179448,0.3178244381083879,0.0033347963736672925,0.6814163839136779,0.318583616086324,-1.887379141862766e-15
0.6466466466466467,0.6907961978985377,0.3029226178775033,0.006281184223958958,0.6970980228781251,0.3029019771218875,-1.2545520178264269e-14,0.6789972509306338,0.3176037998593387,0.0033989492100275354,0.6815111750309978,0.31848882496900294,-7.216449660063518e-16
0.6470470470470471,0.6908998306991384,0.30275598908115214,0.00634418021970945,0.697157198489416,0.3028428015105833,6.661338147750939e-16,0.6791478473117627,0.31738697310630315,0.0034651795819341524,0.6816026771716616,0.31839732282833555,2.886579864025407e-15
0.6474474474474474,0.6909981695643633,0.3025938510372374,0.006407979398399266,0.6972145419455651,0.3027854580544448,-9.880984919163893e-15,0.6792925386777011,0.3171742948106336,0.0035331665116652977,0.6816908893194015,0.31830911068058937,9.159339953157541e-15
0.6478478478478479,0.6910914159452974,0.30243675528289826,0.0064718287718043,0.6972700474274639,0.30272995257252544,1.0658141036401503e-14,0.6794313276443512,0.3169661461260274,0.0036025262296213723,0.6817758097645888,0.31822419023540477,6.38378239159465e-15
0.6482482482482483,0.6911798230876829,0.3022852928902342,0.00653488402208291,0.6973237094902706,0.3026762905097385,-9.048317650695026e-15,0.679564239317239,0.31676295246298186,0.0036728082197791667,0.6818574360774463,0.31814256392255463,-9.43689570931383e-16
0.6486486486486487,0.6912637013899758,0.30214008916899643,0.006596209441027734,0.6973755230492609,0.30262447695073513,3.9968028886505635e-15,0.6796913252689609,0.31656518206765766,0.0037434926633814203,0.6819357650793356,0.31806423492066394,4.440892098500626e-16
0.649049049049049,0.6913434229867785,0.3020017959570408,0.00665478105618067,0.6974254833650193,0.3025745166349743,6.38378239159465e-15,0.6798126674320009,0.3163733427787527,0.0038139897892464636,0.6820107928124597,0.31798920718754287,-2.55351295663786e-15
0.6494494494494495,0.6914194251127833,0.30187108124872547,0.006709493638491215,0.6974735860302521,0.30252641396974045,7.438494264988549e-15,0.6799283816868851,0.31618797664561815,0.0038836416674967733,0.6820825145073087,0.3179174854926917,-4.440892098500626e-16
0.64984984984985,0.6914922117416223,0.3017486160249625,0.006759172233415156,0.697519826956625,0.30248017304337044,4.6074255521944e-15,0.6800386208852777,0.3160096521429412,0.003951726971781144,0.6821509245482268,0.31784907545176877,4.440892098500626e-15
0.6502502502502503,0.6915623529643264,0.3016350583023948,0.006802588733278769,0.6975642023621095,0.3024357976378885,1.9984014443252818e-15,0.6801435770142218,0.31583895381413,0.004017469171648191,0.6822160164365908,0.317783983563404,5.218048215738236e-15
0.6506506506506506,0.69163048158301,0.3015310346237846,0.0068384837932053966,0.6976067087592713,0.3023932912407269,1.7763568394002505e-15,0.6802434821954285,0.31567646931708154,0.00408004848748994,0.6822777827515328,0.3177222172484708,-3.608224830031759e-15
0.6510510510510511,0.6916972864559032,0.30143711945942064,0.00686559408467613,0.6976473429432902,0.3023526570567041,5.662137425588298e-15,0.6803386082240791,0.3155227740353578,0.004138617740563122,0.6823362151081455,0.31766378489185276,1.7763568394002505e-15
0.6514514514514516,0.6917635022638725,0.30135381325621124,0.006882684479916246,0.6976861019812161,0.30231389801879244,-8.493206138382448e-15,0.680429264395335,0.3153784136445761,0.004192321960088896,0.6823913041128439,0.3176086958871577,-1.5543122344752192e-15
0.6518518518518519,0.6918298955658895,0.3012815201435094,0.00688858429060113,0.697722983201178,0.3022770167988208,1.2212453270876722e-15,0.6805157934453171,0.31524388527194,0.004240321282742876,0.682443039315582,0.3175569606844134,4.551914400963142e-15
0.6522522522522523,0.6918972472821611,0.30122052653775794,0.006882226180080997,0.6977579841820072,0.30224201581797994,1.2878587085651816e-14,0.6805985655472832,0.31511961813154654,0.004281816321170306,0.6824914091590364,0.3175085908409588,4.829470157119431e-15
0.6526526526526527,0.6919663320654269,0.30117098204806425,0.006862685886508846,0.697791102743613,0.30220889725636907,1.7930101847696278e-14,0.6806779704451927,0.31500595472583837,0.004316074828968897,0.6825364009240935,0.31746359907591604,-9.547918011776346e-15
0.6530530530530532,0.6920378953630508,0.3011328841370243,0.0068292204999248485,0.6978223369373009,0.30217766306270366,-4.551914400963142e-15,0.6807544079665586,0.31490313383853585,0.00434245819490553,0.6825780006715251,0.31742199932848103,-6.106226635438361e-15
0.6534534534534535,0.6921126293035395,0.3011060678963809,0.006781302800079658,0.697851685037,0.30214831496300976,-9.769962616701378e-15,0.6808282773149901,0.31481127657383323,0.004360446111176697,0.6826161931798779,0.31738380682011696,5.162537064506978e-15
0.6538538538538539,0.6921911487978545,0.3010902020551577,0.006718649146987832,0.6978791455300564,0.3021208544699511,-7.438494264988549e-15,0.6808999656798023,0.3147303765980701,0.004369657722127607,0.6826509618785763,0.3173490381214283,-4.6074255521944e-15
0.6542542542542542,0.6922739694006408,0.3010847919404163,0.006641238658942894,0.6979047171091636,0.3020952828908314,5.051514762044462e-15,0.68096983679799,0.3146602955055115,0.004369867696498553,0.6826822887763788,0.3173177112236151,6.106226635438361e-15
0.6546546546546547,0.692361488470256,0.30108918960939673,0.00654932192034724,0.6979283986641043,0.30207160133590666,-1.0935696792557792e-14,0.6810382201429738,0.31460076387657326,0.004361015980452965,0.6827101543847639,0.31728984561522766,8.43769498715119e-15
0.6550550550550551,0.6924539710008775,0.3011026108035011,0.006443418195621442,0.6979501892740443,0.3020498107259682,-1.2490009027033011e-14,0.6811054013877772,0.31455138815762135,0.004343210454601454,0.6827345376356438,0.31726546236435577,3.885780586188048e-16
0.6554554554554555,0.6925515411717086,0.3011241578201894,0.006324301008101996,0.6979700882000422,0.30202991179995864,-8.881784197001252e-16,0.6811716146982907,0.3145116630213678,0.004316722280341523,0.6827554157928766,0.31724458420713764,-1.4210854715202004e-14
0.6558558558558558,0.6926541802025402,0.3011528469237535,0.006192972873706293,0.6979880948777053,0.30201190512229975,-5.051514762044462e-15,0.6812370372653866,0.3144809884229205,0.00428197431169286,0.6827727643573737,0.317227235642637,-1.0658141036401503e-14
0.6562562562562563,0.6927617305862698,0.301187638580253,0.006050630833477233,0.698004208910431,0.3019957910895683,6.661338147750939e-16,0.68130178629997,0.314458690209327,0.0042395234907030566,0.6827865569649703,0.3172134430350365,-6.772360450213455e-15
0.6566566566566567,0.6928739062431611,0.3012274686498604,0.005898625106978472,0.6980184300625283,0.3019815699374735,-1.7763568394002505e-15,0.681365918519428,0.3144440429085039,0.004190038572068122,0.6827967652763725,0.3172032347236199,7.66053886991358e-15
0.6570570570570571,0.6929903076896191,0.30127127870251774,0.0057384136078631465,0.6980307582530053,0.3019692417470102,-1.5487611193520934e-14,0.6814294319677883,0.31443629324359496,0.004134274788616776,0.6828033588588971,0.31719664114110585,-2.942091015256665e-15
0.6574574574574574,0.6931104409767657,0.3013180438338455,0.005571515189388865,0.6980411935493342,0.30195880645065204,1.3711254354120683e-14,0.6814922698575484,0.314434682985349,0.004073047157102605,0.6828063050584486,0.31719369494153793,1.3433698597964394e-14
0.6578578578578579,0.69323373897461,0.3013667966967199,0.005399464328670056,0.6980497361611971,0.30195026383879997,2.886579864025407e-15,0.6815543260135166,0.31443846994679364,0.004007204039689738,0.6828055688620377,0.31719443113795387,8.43769498715119e-15
0.6582582582582583,0.6933595835522898,0.3014166468800984,0.005223769567611836,0.6980563864351877,0.30194361356479793,1.432187701766452e-14,0.6816154514396583,0.31444694620376096,0.003937602356580749,0.682801112748708,0.31719888725129936,-7.382983113757291e-15
0.6586586586586587,0.6934873273208102,0.3014667952072061,0.005045877471983706,0.6980611448489323,0.3019388551510613,6.38378239159465e-15,0.6816754615232428,0.3144594529461452,0.0038650855306120446,0.6827928965285173,0.317207103471492,-9.270362255620057e-15
0.659059059059059,0.6936163138270708,0.30151654292775293,0.004867143245176286,0.6980640120059918,0.30193598799401145,-3.219646771412954e-15,0.6817341434241385,0.3144753916862285,0.003790464889632972,0.682780877168605,0.31721912283140113,-6.161737786669619e-15
0.6594594594594595,0.6937458953711336,0.30156529612085875,0.004688808508007625,0.69806498863064,0.30193501136934625,1.3711254354120683e-14,0.681791263260251,0.3144942318389403,0.0037145049008087128,0.6827650086043033,0.3172349913956923,4.385380947269368e-15
0.65985985985986,0.6938754479233146,0.30161256587280083,0.004511986203884599,0.6980640755627963,0.30193592443721295,-9.2148511043888e-15,0.6818465727833429,0.314515514919479,0.003637912297178081,0.6827452415346172,0.3172547584653801,2.6645352591003757e-15
0.6602602602602603,0.6940043829043889,0.3016579649484424,0.004337652147168691,0.6980612737535392,0.30193872624645646,4.3298697960381105e-15,0.6818998153271713,0.31453885576710466,0.0035613289057240816,0.6827215231999928,0.31727847680000143,5.773159728050814e-15
0.6606606606606606,0.6941321558380654,0.3017012017432148,0.004166642418719779,0.6980565842602411,0.30194341573974987,9.048317650695026e-15,0.6819507308945825,0.31456394130077997,0.0034853278046375613,0.6826937971410308,0.31730620285897576,-6.6058269965196814e-15
0.6610610610610611,0.6942582720746411,0.3017420722927673,0.003999655632591637,0.6980500082422811,0.3019499917577232,-4.3298697960381105e-15,0.6819990603248737,0.31459052734802734,0.0034104123270989883,0.6826620029357667,0.3173379970642315,1.7763568394002505e-15
0.6614614614614616,0.6943822899142431,0.3017804510588444,0.0038372590269125095,0.698041546956849,0.3019584530431673,-1.6264767310758543e-14,0.6820445485436554,0.31461843407746476,0.0033370173788798696,0.6826260759136844,0.3173739240863215,-5.88418203051333e-15
0.6618618618618619,0.6945038215313856,0.3018162811133804,0.003679897355234052,0.6980312017546975,0.30196879824529976,2.7755575615628914e-15,0.6820869469422121,0.31464754052001875,0.0032655125377691885,0.6825859468436705,0.3174140531563388,-9.270362255620057e-15
0.6622622622622623,0.6946225321304685,0.30184956422898424,0.0035279036405472253,0.6980189740761585,0.3019810259238375,3.941291737419306e-15,0.6821260149646928,0.314677778597869,0.003196206437438176,0.6825415415933928,0.3174584584066075,-2.7755575615628914e-16
0.6626626626626627,0.6947381377506462,0.3018803512682824,0.003381510981071423,0.6980048654474316,0.30199513455257504,-6.6058269965196814e-15,0.6821615209983113,0.314709127004893,0.003129351996795704,0.6824927807568492,0.3175072192431466,4.218847493575595e-15
0.6630630630630632,0.6948504021051461,0.30190873315482714,0.0032408647400267165,0.697988877476954,0.30201112252304985,-3.885780586188048e-15,0.6821932426691273,0.31474160520572947,0.0030651521251432445,0.6824395792467788,0.31756042075322155,-3.3306690738754696e-16
0.6634634634634635,0.6949591327897806,0.301934832611455,0.0031060345987644067,0.697971011851674,0.30202898814832696,-9.43689570931383e-16,0.6822209666443805,0.31477526774998277,0.0030037656056367545,0.6823818458475234,0.31761815415246636,1.0269562977782698e-14
0.6638638638638639,0.6950641771407652,0.3019587967698597,0.002977026089375112,0.6979512703337284,0.30204872966626767,3.941291737419306e-15,0.6822444880364794,0.31481019903484714,0.002945312928673449,0.6823194827246012,0.31768051727539787,9.43689570931383e-16
0.6642642642642643,0.6951654179645365,0.3019807906925553,0.0028537913429082518,0.6979296547571096,0.3020703452428926,-2.1649348980190553e-15,0.6822636094922704,0.31484650859822716,0.0028898819095024564,0.6822523848851897,0.31774761511482197,-1.1657341758564144e-14
0.6646646646646647,0.6952627693101259,0.3020009917989579,0.0027362388909162316,0.6979061670245637,0.30209383297543196,4.385380947269368e-15,0.6822781400401752,0.3148843269825997,0.00283753297722511,0.6821804395841858,0.3178195604158111,3.0531133177191805e-15
0.6650650650650651,0.6953561724072478,0.30201958515448607,0.0026242424382661445,0.6978808091042888,0.3021191908957196,-8.43769498715119e-15,0.6822878937549067,0.31492380217843685,0.002788304066656422,0.6821035256698061,0.31789647433020873,-1.4876988529977098e-14
0.6654654654654655,0.6954455918555499,0.3020367595567984,0.002517648587651744,0.6978535830273886,0.30214641697260336,7.993605777301127e-15,0.6822926882856113,0.3149650966345314,0.0027422150798572797,0.682021512859627,0.3179784871403582,1.482147737874584e-14
0.6658658658658658,0.6955310121149672,0.3020527043447499,0.0024162835402829486,0.6978244908844944,0.30217550911551344,-7.827072323607354e-15,0.6822923432845901,0.3150083848061481,0.00269927190926178,0.6819342609411685,0.31806573905881524,1.6264767310758543e-14
0.6662662662662663,0.6956124343262419,0.30206760684439327,0.0023199588293648654,0.697793534823476,0.3022064651765276,-3.552713678800501e-15,0.6822866787595129,0.31505385120443363,0.0026594700360534906,0.6818416188847114,0.3181583811153002,-1.1601830607332886e-14
0.6666666666666667,0.6956898734675214,0.3020816503718454,0.0022284761606331527,0.6977607170464137,0.3022392829535928,-6.5503158452884236e-15,0.6822755133658495,0.31510168890513707,0.0026227977290134707,0.6817434238588372,0.31825657614116876,-5.995204332975845e-15
0.6670670670670671,0.6957633558422422,0.3020950127112459,0.00214163144651186,0.6977260398073818,0.3022739601926152,2.9976021664879227e-15,0.6822586626467563,0.31515209847427905,0.0025892388789646725,0.6816395001360372,0.3183604998639802,-1.7430501486614958e-14
0.6674674674674674,0.6958329168822099,0.3021078649950585,0.0020592181227315765,0.6976895054095672,0.3023104945904327,1.1102230246251565e-16,0.6822359372197039,0.3152052872702495,0.002558775510046629,0.681529657872263,0.31847034212774006,-3.1086244689504383e-15
0.6678678678678679,0.6958985992446634,0.3021203709187194,0.001981029836617243,0.6976511162033173,0.3023488837966861,-3.4416913763379853e-15,0.6822071409048676,0.31526146908481745,0.0025313900103149933,0.6814136917449272,0.3185863082550733,-4.440892098500626e-16
0.6682682682682684,0.6959604511780245,0.30213268623071365,0.0019068625912618264,0.6976108745835241,0.30238912541646407,1.1823875212257917e-14,0.6821720687829713,0.31532086409018983,0.0025070671268388467,0.6812913794287762,0.31870862057122645,-2.609024107869118e-15
0.6686686686686687,0.6960185251303679,0.30214495844547873,0.0018365164241533893,0.6975687829874094,0.3024312170126006,-1.0047518372857667e-14,0.6821305051664857,0.3153836990643703,0.002485795769144039,0.681162479887279,0.3188375201127342,-1.3156142841808105e-14
0.669069069069069,0.6960728765743077,0.30215732673374096,0.0017697966919513197,0.6975248438926938,0.30247515610731707,-1.0824674490095276e-14,0.6820822214620408,0.31545020787302375,0.00246757066493547,0.6810267314521742,0.3189732685478374,-1.1601830607332886e-14
0.6694694694694695,0.6961235630215692,0.30216992195397163,0.0017065150244591765,0.697479059815132,0.3025209401848762,-8.215650382226158e-15,0.682026973898833,0.31552063219066023,0.0024523939105067227,0.6808838496613192,0.319116150338666,1.4765966227514582e-14
0.66986986986987,0.6961706432048584,0.302182866790637,0.0016464900045045638,0.6974314333067088,0.30256856669329374,-2.4980018054066022e-15,0.6819645010906993,0.3155952224514784,0.002440276457822299,0.6807335248169608,0.3192664751830441,-4.884981308350689e-15
0.6702702702702703,0.6962141764038227,0.30219627597399745,0.0015895476221798877,0.6973819669537431,0.30261803304626644,-9.547918011776346e-15,0.6818945213958102,0.31567423902423736,0.002431239579952449,0.6805754192225015,0.31942458077750047,-1.9984014443252818e-15
0.6706706706706707,0.6962542218951713,0.3022102565591835,0.0015355215456452354,0.697330663374952,0.3026693366250465,1.4988010832439613e-15,0.6818167300312631,0.3157579536129673,0.002425316355769591,0.6804091640470441,0.3195908359529589,-2.9976021664879227e-15
0.6710710710710711,0.6962908385090028,0.3022249082469243,0.001484253244072975,0.69727752521964,0.30272247478036224,-2.275957200481571e-15,0.6817307958923129,0.3158466508903393,0.0024225532173478004,0.6802343557576797,0.31976564424231263,7.716050021144838e-15
0.6714714714714716,0.6963240842759277,0.30224032373062926,0.0014355919934430084,0.6972225551661213,0.30277744483386954,9.159339953157541e-15,0.6816363580185075,0.31594063037732184,0.002423011604170633,0.6800505520489994,0.3199494479510148,-1.426636586643326e-14
0.6718718718718719,0.6963540161498563,0.3022565890599869,0.001389394790156817,0.697165755919764,0.3028342440802363,-3.3306690738754696e-16,0.6815330216375373,0.31604020858971626,0.002426769772746473,0.6798572671840256,0.3201427328159659,8.493206138382448e-15
0.6722722722722723,0.6963806897955942,0.3022737840102327,0.0013455261941731078,0.6971071302117513,0.30289286978825464,-5.9396931817445875e-15,0.6814203537077104,0.31614572147851916,0.0024339248137704717,0.6796539666469897,0.32034603335302436,-1.4099832412739488e-14
0.6726726726726727,0.6964041594295929,0.30229198245172223,0.0013038581186848863,0.6970466807971912,0.3029533192028293,-2.0539125955565396e-14,0.6812978778617955,0.3162575272004301,0.0024445949377743803,0.6794400609837997,0.3205599390162042,-3.941291737419306e-15
0.6730730730730732,0.6964244777055418,0.3023112527132883,0.0012642695811698745,0.6969844104538674,0.30301558954613445,-1.8318679906315083e-15,0.6811650686407725,0.3163760092626876,0.0024589220965398617,0.679214898685673,0.32078510131436044,-3.341771304121721e-14
0.6734734734734735,0.6964416956362305,0.3023316579366804,0.0012266464270891397,0.6969203219805249,0.30307967801946994,5.162537064506978e-15,0.6810213448789741,0.3165015800985107,0.0024770750225151517,0.6789777579349181,0.32102224206507884,3.0531133177191805e-15
0.6738738738738739,0.696455862546271,0.30235325641751887,0.001190881036210123,0.6968544181956993,0.30314558180431933,-1.8596235662471372e-14,0.6808660620787217,0.3166346851403862,0.002499252780892136,0.6787278369981505,0.3212721630018766,-2.7144952952085077e-14
0.6742742742742743,0.6964670260488145,0.302376101932342,0.0011568720188435133,0.6967867019364046,0.3032132980635831,1.2323475573339238e-14,0.6806985035729948,0.31677580747481937,0.002525688952185856,0.678464242998181,0.3215357570018062,1.2823075934420558e-14
0.6746746746746748,0.696475232041977,0.3024002440503873,0.0011245239076356772,0.6967171760565267,0.3032828239434777,-4.440892098500626e-15,0.6805178702359256,0.31692547317870867,0.0025566565853657464,0.6781859787400689,0.3218140212599324,-1.3322676295501878e-15
0.6750750750750751,0.6964805247216735,0.30242572842761184,0.0010937468507146164,0.6966458434259425,0.30335415657405745,5.551115123125783e-17,0.6803232684405688,0.31708425746070507,0.0025924740987261496,0.6778919271828704,0.3221080728171336,-3.9968028886505635e-15
0.6754754754754755,0.6964829466061693,0.3024525970853535,0.0010644563084772352,0.6965727069290458,0.3034272930709551,-9.43689570931383e-16,0.6801136958982297,0.3172527917566626,0.0026335123451077247,0.6775808330548716,0.32241916694510636,2.2037927038809357e-14
0.6758758758758758,0.6964825385708324,0.3024808886713353,0.0010365727578322548,0.696497769463721,0.3035022305362748,4.218847493575595e-15,0.6798880249219553,0.3174317719618839,0.0026802031161607953,0.6772512809793441,0.3227487190206411,1.482147737874584e-14
0.6762762762762763,0.6964793398899354,0.30251063870475203,0.0010100214053125889,0.6964210339401016,0.30357896605990464,-6.217248937900877e-15,0.6796449825430346,0.3176219680242905,0.0027330494326748833,0.6769016693135779,0.323098330686417,5.10702591327572e-15
0.6766766766766767,0.6964733882841979,0.3025418798049339,0.0009847319108681751,0.6963425032796159,0.30365749672039316,-9.048317650695026e-15,0.679383126763321,0.3178242351740033,0.0027926380626756564,0.676530178690752,0.32346982130922186,2.609024107869118e-14
0.6770770770770771,0.6964647199719287,0.30257464190504474,0.000960638123026547,0.6962621804138986,0.3037378195860993,2.0539125955565396e-15,0.6791008180332953,0.3180395271303888,0.00285965483631595,0.6761347339710609,0.32386526602893745,1.609823385706477e-15
0.6774774774774774,0.6964533697227886,0.3026089524509968,0.0009376778262146224,0.6961800682836998,0.303819931716304,-3.83026943495679e-15,0.678796184794724,0.3182689117105482,0.0029349034947277475,0.6757129579351974,0.3242870420648231,-2.0483614804334138e-14
0.6778778778778779,0.6964393709133674,0.302644836586019,0.0009157925006136325,0.6960961698379927,0.30390383016202155,-1.426636586643326e-14,0.6784670815961411,0.318513589368746,0.003019329035112872,0.6752621145563654,0.32473788544362425,1.0325074129013956e-14
0.6782782782782784,0.6964227555830602,0.30268231732252304,0.000894927094416742,0.6960104880330623,0.3039895119669476,-9.936496070395151e-15,0.6781110378460407,0.31877491533280006,0.0031140468211592887,0.6747790390133901,0.32522096098658254,2.736699755701011e-14
0.6786786786786787,0.6964035544903473,0.302721415701162,0.0008750298084906905,0.695923025831536,0.3040769741684618,2.220446049250313e-15,0.6777251946735178,0.3190544261796815,0.0032203791468007337,0.6742600506905972,0.32573994930937333,2.942091015256665e-14
0.679079079079079,0.6963817971680835,0.3027621509386403,0.0008560518932762551,0.6958337862014482,0.30416621379855086,9.43689570931383e-16,0.6773062265590534,0.31935387192203407,0.003339901518912558,0.6737008441501694,0.3262991558497881,4.2521541843143495e-14
0.6794794794794795,0.6963575119785581,0.30280454056387934,0.000837947457562549,0.6957427721156457,0.3042572278843543,0.0,0.6768502432872483,0.31967525497877725,0.0034745017339744555,0.6730963513018485,0.32690364869814587,5.6066262743570405e-15
0.67987987987988,0.696330726166439,0.3028486005449531,0.0008206732886079093,0.6956499865507136,0.30435001344929374,-7.382983113757291e-15,0.6763526662325934,0.3200208778010713,0.003626455966335318,0.6724405655141483,0.32755943448580765,4.4020342926387457e-14
0.6802802802802803,0.6963014659109652,0.3028943454057269,0.0008041886833078937,0.6955554324863271,0.30444456751368026,-7.382983113757291e-15,0.6758080708227333,0.3203934014554791,0.00379852772178757,0.671726314860322,0.3282736851397105,-3.247402347028583e-14
0.6806806806806807,0.6962697563760246,0.30294178833414975,0.0007884552898256292,0.6954591129045161,0.3045408870954614,2.248201624865942e-14,0.6752099839381454,0.32079591817473846,0.003994097887116188,0.6709449665421747,0.32905503345786996,-4.468647674116255e-14
0.6810810810810811,0.696235621758445,0.30299094128250126,0.0007734369590537415,0.6953610307887447,0.30463896921125494,3.885780586188048e-16,0.674550620551953,0.3212320418466217,0.004217337601425286,0.6700860369437498,0.32991396305621995,3.0253577421035516e-14
0.6814814814814816,0.6961990853348332,0.30304181505923616,0.0007590996059306243,0.6952611891236232,0.30473881087638927,-1.2490009027033011e-14,0.6738205373758125,0.3217060217095547,0.004473440914632809,0.6691366703855577,0.3308633296144311,1.1213252548714081e-14
0.6818818818818819,0.6961601695059225,0.30309441941483495,0.0007454110792425306,0.6951595908938952,0.30484040910609256,1.2212453270876722e-14,0.6730081715292656,0.32222288630267615,0.004768942168058232,0.6680809322732282,0.3319190677268749,-1.0308420783644578e-13
0.6822822822822823,0.6961188958392123,0.303148763120841,0.0007323410399467378,0.6950562390837575,0.3049437609162411,1.4432899320127035e-15,0.6720992174541471,0.32278862714625634,0.00511215539959653,0.6668988352813938,0.33310116471871265,-1.0647038806155251e-13
0.6826826826826827,0.6960752851098753,0.3032048540423712,0.0007198608477535506,0.6949511366764997,0.305048863323499,1.3322676295501878e-15,0.671075772367133,0.3234104349674708,0.0055137926653962,0.6655649741454241,0.3344350258546473,-7.144285163462882e-14
0.6830830830830832,0.6960293573394682,0.3032626992058237,0.0007079434547080377,0.6948442866537389,0.30515571334625313,7.993605777301127e-15,0.6699151442652208,0.3240970058335808,0.005987849901198383,0.6640465744908651,0.33595342550906326,7.16093850883226e-14
0.6834834834834835,0.695981131832885,0.30332230486110284,0.0006965633060121434,0.6947356919949058,0.30526430800507653,1.765254609153999e-14,0.6685881576792736,0.32485894067665083,0.0065529016440755705,0.6623006439379701,0.33769935606205254,-2.2593038551121936e-14
0.6838838838838839,0.6959306272134875,0.30338367653921866,0.00068569624729381,0.6946253556766051,0.3053746443233881,6.772360450213455e-15,0.6670566944454654,0.3257092696400176,0.007234035914516934,0.6602697125848486,0.3397302874152794,-1.279532035880493e-13
0.6842842842842843,0.6958778614565104,0.303446819105398,0.0006753194380915706,0.6945132806721982,0.305486719327805,-3.219646771412954e-15,0.6652700388602301,0.32666414216287337,0.008065818976896566,0.6578752949863036,0.34212470501369474,1.6653345369377348e-15
0.6846846846846848,0.6958228519207645,0.3035117368082985,0.0006654112709369442,0.6943994699513106,0.3056005300486835,5.88418203051333e-15,0.663159298911438,0.32774373262462175,0.009096968463940258,0.6550075616151033,0.3449924383850442,-1.4749312882145205e-13
0.6850850850850851,0.6957656153783998,0.30357843332584555,0.0006559512957546865,0.6942839264790626,0.3057160735209468,-9.381384558082573e-15,0.6606286274982144,0.32897341185882545,0.010397960642960169,0.651508512027152,0.3484914879727232,1.247890679678676e-13
0.6854854854854855,0.6957061680437614,0.30364691180673775,0.0006469201495008514,0.6941666532160377,0.30583334678395446,7.882583474838611e-15,0.6575409155862911,0.3303852023197256,0.012073882093983246,0.6471437073427598,0.3528562926573655,-1.2534417948018017e-13
0.685885885885886,0.6956445255998948,0.3037171749100863,0.0006382994900189232,0.6940476531173995,0.3059523468826125,-1.199040866595169e-14,0.6536935080156521,0.3320193941541089,0.014287097830239015,0.6415536445482799,0.3584463554516316,8.848477506262498e-14
0.6862862862862863,0.6955807032245154,0.30378922484071724,0.0006300719347673844,0.6939269291328702,0.306073070867123,6.772360450213455e-15,0.6487749671963323,0.333925719665937,0.0172993131377307,0.6341707330970119,0.3658292669032752,-2.871036741680655e-13
0.6866866866866868,0.6955147156136939,0.3038630633833002,0.0006222210030058517,0.6938044842058536,0.3061955157941544,-7.993605777301127e-15,0.6422835986212864,0.3361619197782282,0.021554481600485453,0.6240980990351108,0.37590190096533366,-4.444777879086814e-13
0.6870870870870871,0.69544657700517,0.3039386919325196,0.0006147310623104141,0.6936803212735284,0.3063196787264777,-6.106226635438361e-15,0.6333630695942758,0.3387823182526893,0.02785461215303492,0.610140959642514,0.38985904035727087,2.1510571102112408e-13
0.6874874874874874,0.6953763011995885,0.3040161115222637,0.0006075872781478031,0.6935544432660635,0.3064455567339387,-2.220446049250313e-15,0.6204420057562353,0.34179040252477305,0.03776759171899163,0.5934437357522306,0.4065562642482977,-5.28355137419112e-13
0.6878878878878879,0.6953039015811341,0.3040953228518966,0.0006007755669693027,0.6934268531063774,0.3065731468936302,-7.605027718682322e-15,0.6003592052543988,0.3449555569729914,0.05468523777260981,0.6171526002264174,0.3828473997730349,5.47728529198821e-13
0.6882882882882884,0.6952293911369342,0.3041763263107462,0.000594282552319636,0.6932975537099236,0.3067024462900715,4.884981308350689e-15,0.5659664256148202,0.34705455075807223,0.08697902362710752,0.9569329684147239,0.04306703158566824,-3.9210301672198966e-13
0.6886886886886887,0.6951527824751985,0.3042591220011597,0.0005880955236418073,0.6931665479842138,0.306833452015791,-4.829470157119431e-15,0.4987368219766538,0.3422180449549294,0.15904513306841678,0.9215013971709567,0.07849860282927813,-2.348260474960284e-13
0.6890890890890891,0.6950740878426485,0.30434370975938596,0.000582202397965581,0.693033838828442,0.3069661611715656,-7.66053886991358e-15,0.34900967504868274,0.29925788081383414,0.3517324441374831,0.8256605394898346,0.1743394605101532,1.2156942119645464e-14
0.6894894894894895,0.6949933191408878,0.30443008917528647,0.0005765916838257334,0.692899429133375,0.30710057086662645,-1.4432899320127035e-15,0.15287303619776332,0.10874348735058856,0.7383834764516481,0.7805918924796449,0.2194081075204654,-1.103006574965093e-13
0.68988988988989,0.6949104879417851,0.30451825961065876,0.0005712524475561254,0.6927633217808379,0.30723667821918493,-2.2815083156046967e-14,0.4531224485091382,0.050746083609891954,0.49613146788096985,0.7562739503255188,0.24372604967426578,2.15411022352896e-13
0.6902902902902903,0.694825605502315,0.3046082202158009,0.000566174281884102,0.6926255196436277,0.3073744803563748,-2.55351295663786e-15,0.6460695718340254,0.1548347995470894,0.19909562861888525,0.7413314486493098,0.2586685513504169,2.7333690866271354e-13
0.6906906906906907,0.6947386827782075,0.30469996994567206,0.0005613472761204497,0.6924860255850113,0.3075139744149917,-2.942091015256665e-15,0.6939348009493976,0.21145914346339895,0.09460605558720342,0.7312763424143647,0.26872365758571287,-7.754907827006718e-14
0.6910910910910911,0.6946497304372945,0.3047935075740226,0.0005567619886828745,0.6923448424587614,0.30765515754123973,-1.1102230246251565e-15,0.7063242165057373,0.24061942225609245,0.05305636123817026,0.7240580632285649,0.2759419367713865,4.85722573273506e-14
0.6914914914914916,0.6945587588717903,0.30488883170722497,0.000552409420984723,0.692201973108693,0.30779802689131347,-6.494804694057166e-15,0.7091683999003401,0.2575401194943677,0.03329148060529219,0.7186221292129525,0.28137787078713156,-8.409939411535561e-14
0.6918918918918919,0.694465778210052,0.30498594079682706,0.0005482809931209864,0.6920574203684109,0.3079425796316163,-2.7200464103316335e-14,0.7090438947151626,0.26838741856903187,0.02256868671580553,0.7143751181399947,0.2856248818599059,9.942047185518277e-14
0.6922922922922923,0.6943707983279571,0.3050848331509644,0.0005443685210784754,0.6919111870614225,0.30808881293856843,9.048317650695026e-15,0.7079489289798612,0.27587378873964985,0.01617728228048898,0.710958961363752,0.2890410386361167,1.3128387266192476e-13
0.6926926926926927,0.6942738288589577,0.30518550694602886,0.0005406641950134183,0.6917632760002413,0.30823672399977275,-1.4099832412739488e-14,0.7065727492468251,0.281333417321098,0.012093833432076873,0.7081453573973078,0.29185464260273947,-4.723998969780041e-14
0.6930930930930932,0.6941748792047784,0.3052879602356855,0.0005371605595361206,0.6916136899871435,0.3083863100128422,1.432187701766452e-14,0.7051697361877588,0.28548702686251837,0.009343236949722833,0.7057821148720068,0.2942178851280949,-1.0169642905566434e-13
0.6934934934934935,0.6940739585442001,0.3053921909614685,0.0005338504943314115,0.6914624318130036,0.30853756818700095,-4.551914400963142e-15,0.7038338149395851,0.2887541958954477,0.007411989164967214,0.7037639915530983,0.2962360084469278,-2.6145752229922437e-14
0.6938938938938939,0.6939710758425517,0.3054981969606765,0.0005307271967718297,0.6913095042577869,0.3086904957422229,-9.825473767932635e-15,0.702595635059389,0.2913942699603889,0.006010094980222036,0.7020159448933382,0.2979840551066596,2.220446049250313e-15
0.6942942942942943,0.6938662398600328,0.30560597597499534,0.0005277841649718451,0.6911549100901583,0.3088450899098361,5.6066262743570405e-15,0.7014601523754788,0.29357554297005334,0.004964304654467899,0.7004830559078296,0.29951694409214713,2.3314683517128287e-14
0.6946946946946948,0.6937594591597662,0.3057155256581525,0.0005250151820812565,0.6909986520672482,0.30900134793276013,-8.326672684688674e-15,0.7004220848902701,0.2954116914851652,0.004166223624564647,0.6991242250434653,0.3008757749565344,3.3306690738754696e-16
0.6950950950950952,0.693650742115583,0.30582684358275647,0.0005224143016605565,0.6908407329346085,0.30915926706538743,4.107825191113079e-15,0.6994725114821145,0.29698211826698917,0.003545370250896296,0.697908092950297,0.3020919070497507,-4.7684078907650473e-14
0.6954954954954955,0.6935400969192211,0.3059399272472119,0.0005199758335669435,0.6906811554259847,0.309318844574009,6.2727600891321345e-15,0.6986017202598843,0.2983438840919613,0.0030543956481544066,0.696810322731317,0.3031896772686474,3.558264793923627e-14
0.695895895895896,0.693427531587324,0.3060547740816844,0.000517694330991636,0.6905199222632807,0.3094800777367106,8.659739592076221e-15,0.6978004055863466,0.2995390048417099,0.0026605895719434836,0.6958117424092464,0.3041882575907804,-2.6756374893466273e-14
0.6962962962962964,0.6933130539678993,0.30617138145405437,0.0005155645780463014,0.6903570361562977,0.30964296384371376,-1.149080830487037e-14,0.6970601218334771,0.30059907741105096,0.002340800755471939,0.6948970463872803,0.30510295361275136,-3.169686735304822e-14
0.6966966966966968,0.6931966717467872,0.30628974667497005,0.0005135815782427167,0.6901924998028706,0.30980750019713493,-5.495603971894525e-15,0.6963734021363547,0.30154830507245767,0.0020782927911876525,0.6940538693165594,0.3059461306834316,8.93729534823251e-15
0.6970970970970971,0.6930783924533009,0.3064098670033122,0.0005117405433868738,0.6900263158883594,0.3099736841116374,3.219646771412954e-15,0.6957337305805948,0.30240553076246346,0.0018607386569416962,0.6932721136217536,0.30672788637821585,3.058664432842306e-14
0.6974974974974975,0.6929582234661013,0.3065317396505572,0.0005100368833415581,0.6898584870858786,0.3101415129141098,1.1601830607332886e-14,0.6951354559338299,0.303185636861213,0.001678907204957114,0.6925434532722068,0.3074565467277398,5.340172748447003e-14
0.6978978978978979,0.6928361720184721,0.306655361785281,0.0005084661962468373,0.6896890160560417,0.31031098394395334,4.9404924595819466e-15,0.6945736879588764,0.3039005296319192,0.0015257824092043681,0.6918609622312426,0.30813903776872964,2.7755575615628914e-14
0.6982982982982984,0.6927122452035451,0.3067807305370619,0.0005070242593929741,0.6895179054470099,0.31048209455296283,2.731148640577885e-14,0.6940441948401792,0.3045598448953253,0.0013959602644955105,0.6912188325423143,0.3087811674577201,-3.441691376337985e-14
0.6986986986986987,0.6925864499789738,0.3069078430006772,0.0005057070203490222,0.6893451578942015,0.31065484210579714,1.3877787807814457e-15,0.6935433094342425,0.3051714626196357,0.0012852279461218474,0.6906121578276083,0.3093878421724234,-3.169686735304822e-14
0.6990990990990991,0.6924587931717898,0.3070366962391562,0.0005045105890539858,0.6891707760203973,0.3108292239795983,4.385380947269368e-15,0.6930678468714773,0.3057418880269131,0.0011902651016096333,0.6900367651665118,0.30996323483350025,-1.2045919817182948e-14
0.6994994994994995,0.6923292814826727,0.3071672872875563,0.0005034312297709786,0.688994762435565,0.31100523756444587,-1.0880185641326534e-14,0.6926150336384712,0.3062765378364871,0.0011084285250416714,0.6894890832050534,0.31051091679490767,3.8913317013111737e-14
0.6998998998999,0.6921979214902702,0.3072996131557461,0.0005024653539837387,0.6888171197368875,0.31118288026311824,-5.773159728050814e-15,0.6921824472378919,0.306779958030327,0.0010375947317811107,0.6889660377120125,0.31103396228800784,-2.0317081350640365e-14
0.7003003003003003,0.6920647196551447,0.3074336708315338,0.0005016095133215104,0.6886378505086386,0.3113621494913624,-9.992007221626409e-16,0.6917679651537106,0.30725599147762644,0.0009760433686629155,0.688464968145265,0.3115350318547412,-6.217248937900877e-15
0.7007007007007007,0.6919296823235727,0.3075694572833557,0.0005008603930716227,0.6884569573220444,0.3115430426779753,-1.965094753586527e-14,0.6913697218043982,0.3077079083616359,0.0009223698339659303,0.6879835604624811,0.3120164395375282,-9.325873406851315e-15
0.7011011011011011,0.6917928157314224,0.3077069694625201,0.0005002148060575529,0.6882744427355338,0.31172555726447376,-7.605027718682322e-15,0.690986072254903,0.30813850867501663,0.0008754190700803188,0.6875197926042651,0.31248020739575366,-1.8762769116165146e-14
0.7015015015015016,0.6916541260073177,0.30784620430609017,0.0004996696865921524,0.6880903092942932,0.3119096907057185,-1.1657341758564144e-14,0.6906155616032222,0.3085502035102143,0.0008342348865634786,0.6870718899476723,0.3129281100523056,2.2093438190040615e-14
0.7019019019019019,0.6915136191763678,0.30798715873848703,0.0004992220851451901,0.6879045595306731,0.31209544046928794,3.8968828164342995e-14,0.6902568991139623,0.3089450800812962,0.0007980208047415616,0.6866382886686018,0.31336171133141266,-1.4432899320127035e-14
0.7023023023023023,0.6913713011628226,0.30812982967445085,0.0004988691627265118,0.687717195963563,0.31228280403644865,-1.1601830607332886e-14,0.6899089363128383,0.30932495414766487,0.0007661095394967954,0.6862176054210324,0.3137823945789309,3.6692870963861424e-14
0.7027027027027027,0.6912271777937903,0.3082742140197441,0.0004986081864656322,0.6875282210991004,0.3124717789008965,3.1086244689504383e-15,0.6895706483897107,0.30969141259354244,0.0007379390167468469,0.6858086121002742,0.3141913878997234,2.3869795029440866e-15
0.7031031031031032,0.6910812548016726,0.3084203086740416,0.000498436524285828,0.6873376374301479,0.312662362569852,1.1102230246251565e-16,0.6892411183650063,0.31004584825010445,0.0007130333848892056,0.6854102147223841,0.31458978527763354,-1.759703494030873e-14
0.7035035035035035,0.6909335378270948,0.30856811053209704,0.0004983516408081923,0.6871454474363512,0.31285455256363864,1.0158540675320182e-14,0.6889195235700327,0.31038948855925336,0.0006909878707139216,0.6850214356580266,0.3149785643419713,2.0539125955565396e-15
0.7039039039039039,0.6907840324215623,0.308717616485562,0.0004983510928757151,0.6869516535841901,0.3130483464158324,-2.248201624865942e-14,0.6886051240682436,0.3107234193104487,0.0006714566213076867,0.6846413986155765,0.3153586013843945,2.9032332093947844e-14
0.7043043043043044,0.6906327440501873,0.30886882342403355,0.0004984325257791911,0.6867562583271042,0.31324374167289254,3.2751579226442118e-15,0.6882972527085296,0.311048604410201,0.000654142881269415,0.6842693158898102,0.3157306841101888,9.992007221626409e-16
0.7047047047047048,0.6904796780938229,0.30902172823713847,0.0004985936690385939,0.6865592641051629,0.31344073589485844,-2.1316282072803006e-14,0.6879953065545176,0.31136590243593415,0.0006387910095482785,0.683904477486841,0.31609552251314954,9.43689570931383e-15
0.7051051051051052,0.6903248398517917,0.3091763278150016,0.0004988323332066891,0.6863606733454783,0.31363932665450794,1.3711254354120683e-14,0.6876987394785431,0.311676080567092,0.0006251799543648962,0.6835462418124223,0.31645375818757016,7.549516567451064e-15
0.7055055055055055,0.6901682345436629,0.30933261905039316,0.0004991464059438955,0.6861604884616515,0.3138395115383703,-2.1760371282653068e-14,0.6874070557415883,0.3119798263660282,0.0006131178923834413,0.6831940276657776,0.31680597233419944,2.2926105458509483e-14
0.705905905905906,0.6900098673120943,0.3094905988386739,0.0004995338492317369,0.685958711854587,0.3140412881454061,6.8833827526759706e-15,0.6871198044139841,0.31227775778442174,0.0006024378015941356,0.6828473073325854,0.3171526926674256,-1.0935696792557792e-14
0.7063063063063064,0.6898497432241664,0.30965026408006024,0.000499992695773388,0.6857553459116339,0.31424465408835406,1.2045919817182948e-14,0.6868365745108463,0.3125704317006803,0.0005929937884733838,0.6825056006026605,0.31749439939734114,-1.6653345369377348e-15
0.7067067067067068,0.6896878672738094,0.30981161167989507,0.0005005210462955545,0.6855503930071115,0.3144496069929169,-2.842170943040401e-14,0.6865569907414597,0.31285835123222067,0.0005846580263196288,0.682168469573403,0.31783153042659035,6.6058269965196814e-15
0.7071071071071071,0.6895242443839098,0.3099746385492922,0.0005011170667980069,0.6853438555025316,0.3146561444974754,-7.049916206369744e-15,0.6862807097835362,0.31314197202349736,0.0005773181929664695,0.6818355141196315,0.3181644858803635,4.9960036108132044e-15
0.7075075075075076,0.6893588794074427,0.3101393416070618,0.0005017789854955268,0.685135735745836,0.3148642642542079,-4.3853809472693683e-14,0.6860074170097947,0.3134217076731161,0.000570875317089159,0.6815063679328086,0.3184936320671596,3.1807889655510735e-14
0.7079079079079079,0.6891917771300193,0.31030571777922283,0.0005025050907578321,0.684926036072257,0.3150739639277344,8.604228440844963e-15,0.685736823605216,0.31369793443390925,0.0005652419608747072,0.6811806950483316,0.3188193049516865,-1.8041124150158794e-14
0.7083083083083084,0.6890229422711137,0.31047376400080656,0.0005032937280797234,0.684714758803915,0.31528524119609713,-1.2101430968414206e-14,0.6854686640206912,0.3139709952977902,0.0005603406815186118,0.6808581867907366,0.3191418132092384,2.4980018054066022e-14
0.7087087087087087,0.6888523794858653,0.3106434772158129,0.0005041432983217686,0.6845019062499139,0.31549809375012156,-3.547162563677375e-14,0.6852026937211451,0.3142412035561445,0.0005561027227104498,0.6805385590818775,0.31946144091812845,-5.995204332975845e-15
0.7091091091091091,0.6886800933666234,0.3108148543781283,0.0005050522552483283,0.6842874807064053,0.31571251929358163,1.304512053934559e-14,0.6849386871861636,0.3145088459139267,0.0005524668999097315,0.6802215500593239,0.31977844994065996,1.609823385706477e-14
0.7095095095095095,0.6885060884443721,0.31098789245244496,0.0005060191031829309,0.6840714844565253,0.3159285155434998,-2.5146551507759796e-14,0.6846764361343703,0.314774185220032,0.0005493786455976757,0.6799069179676211,0.320093082032389,-1.0158540675320182e-14
0.70990990990991,0.6883303691906224,0.311162588413844,0.000507042395533619,0.6838539197709107,0.3161460802290952,-5.88418203051333e-15,0.6844157479400872,0.3150374628691422,0.0005467891907706135,0.6795944392835103,0.3204055607164785,1.1213252548714081e-14
0.7103103103103103,0.688152940018117,0.3113389392495029,0.0005081207323801018,0.6836347889069139,0.3163652110930646,2.1538326677728037e-14,0.6841564442213364,0.315298900919014,0.000544654859649607,0.6792839070481911,0.32071609295181364,-4.718447854656915e-15
0.7107107107107107,0.6879738052827382,0.3115169419584332,0.0005092527588285711,0.6834140941093323,0.31658590589065294,1.4765966227514582e-14,0.6838983595754816,0.3155587039629973,0.000542936461521093,0.6789751293777371,0.3210248706222677,-4.773959005888173e-15
0.7111111111111111,0.6877929692847357,0.31169659355191015,0.0005104371633541938,0.6831918376103024,0.31680816238968185,1.5709655798445965e-14,0.683641340447192,0.3158170607890225,0.0005415987637854558,0.6786679281323462,0.32133207186766327,-9.492406860545088e-15
0.7115115115115116,0.6876104362697092,0.31187789105431757,0.0005116726759732404,0.6829680216290761,0.3170319783709261,-2.220446049250313e-15,0.6833852441113661,0.31607414585367416,0.0005406100349596987,0.6783621377231775,0.3216378622768188,3.6637359812630166e-15
0.7119119119119119,0.6874262104302729,0.31206083150297903,0.0005129580667481148,0.6827426483725417,0.31725735162748775,-2.9476421303797906e-14,0.683129937758457,0.31633012059470733,0.0005399416468356844,0.6780576040413409,0.32194239595865587,3.2751579226442118e-15
0.7123123123123123,0.6872402959068792,0.3122454119488193,0.0005142921443015425,0.6825157200348876,0.3174842799651021,1.0325074129013956e-14,0.6828752976702964,0.3165851346020769,0.0005395677276266997,0.6777541834946231,0.3222458165053926,-1.5709655798445965e-14
0.7127127127127127,0.6870526967890207,0.3124316294569205,0.0005156737540588097,0.6822872387977651,0.31771276120226777,-3.2862601528904634e-14,0.6826212084761489,0.31683932666514236,0.0005394648587087048,0.6774517421393916,0.32254825786060976,-1.3877787807814457e-15
0.7131131131131132,0.686863417116638,0.31261948110595084,0.0005171017774111553,0.6820572068306241,0.3179427931693709,4.9960036108132044e-15,0.6823675624800248,0.3170928257112969,0.0005396118086782864,0.6771501548967539,0.3228498451032557,-9.603429163007604e-15
0.7135135135135136,0.6866724608806953,0.31280896398955005,0.0005185751297546171,0.6818256262902883,0.3181743737097207,-8.992806499463768e-15,0.6821142590516451,0.3173457516481851,0.0005399893001697409,0.6768493048440203,0.3231506951559652,1.454392162258955e-14
0.7139139139139139,0.6864798320245631,0.31300007521565726,0.0005200927597796556,0.6815924993213436,0.31840750067861684,3.957945082788683e-14,0.681861204073963,0.3175982161217765,0.000540579804260477,0.6765490825726851,0.32345091742729043,2.4480417692984702e-14
0.7143143143143144,0.6862855344449007,0.3131928119073783,0.0005216536477209988,0.6813578280561807,0.31864217194382355,-4.274358644806853e-15,0.6816083094414631,0.31785032319907836,0.0005413673594585333,0.6762493856061591,0.32375061439385244,-1.1546319456101628e-14
0.7147147147147148,0.6860895719927832,0.3133871712024565,0.0005232568047602859,0.6811216146151191,0.31887838538488733,-6.439293542825908e-15,0.6813554926033856,0.3181021699848041,0.0005423374118103119,0.6759501178703252,0.3240498821296488,2.5979218776228663e-14
0.7151151151151152,0.6858919484743886,0.31358315025416245,0.0005249012714489409,0.6808838611062925,0.3191161388937107,-3.219646771412954e-15,0.6811026761482698,0.31835384717890747,0.0005434766728227292,0.6756511892122894,0.3243488107877135,-2.886579864025407e-15
0.7155155155155155,0.6856926676520677,0.3137807462311077,0.0005265861168246011,0.6806445696258616,0.3193554303741505,-1.2101430968414206e-14,0.6808497874243051,0.31860543958136556,0.0005447729943293123,0.6753525149612795,0.3246474850387068,1.3766765505351941e-14
0.715915915915916,0.6854917332451288,0.31397995631747944,0.0005283104373917658,0.68040374225797,0.31959625774206607,-3.602673714908633e-14,0.680596758193097,0.3188570265504708,0.0005462152564322253,0.6750540155283298,0.32494598447166073,9.492406860545088e-15
0.7163163163163164,0.6852891489309137,0.31418077771290975,0.000530073356176497,0.6801613810750947,0.31983861892492166,-1.637578961322106e-14,0.6803435243125119,0.3191086824190551,0.0005477932684330167,0.6747556160400773,0.32524438395990934,1.3378187446733136e-14
0.7167167167167168,0.6850849183453637,0.314383207633001,0.0005318740216353479,0.6799174881378373,0.32008251186215997,2.7755575615628914e-15,0.6800900254466362,0.31936047687325986,0.0005494976801039275,0.6744572460039868,0.32554275399601784,-4.6629367034256575e-15
0.7171171171171171,0.6848790450837565,0.3145872433093883,0.0005337116068551695,0.6796720654948686,0.32032793450514874,-1.7319479184152442e-14,0.6798362047994797,0.3196124752977848,0.000551319902735492,0.6741588390013099,0.3258411609986954,-5.329070518200751e-15
0.7175175175175176,0.684671532702205,0.3147928819889917,0.0005355853088032658,0.6794251151838996,0.32057488481608776,1.2656542480726785e-14,0.6795820088708379,0.3198647390908865,0.0005532520382756645,0.6738603324056827,0.3261396675943283,-1.0935696792557792e-14
0.717917917917918,0.6844623847171931,0.3150001209356051,0.0005374943472017946,0.679176639230316,0.3208233607696983,-1.432187701766452e-14,0.6793273872316002,0.3201173259523023,0.0005552868160974556,0.6735616671244129,0.3264383328755744,1.2712053631958042e-14
0.7183183183183184,0.6842516046075242,0.31520895742840294,0.000539437964072853,0.6789266396486577,0.32107336035137357,-3.1308289294429414e-14,0.67907229231737,0.3203702901466428,0.0005574175359872036,0.6732627873608649,0.32673721263915534,-2.020605904817785e-14
0.7187187187187187,0.684039195814386,0.3154193887628371,0.0005414154227769141,0.6786751184419693,0.3213248815580434,-1.2656542480726785e-14,0.6788166792378272,0.3206236827447593,0.000559638017413544,0.6729636403952061,0.32703635960480537,-1.1435297153639112e-14
0.7191191191191191,0.6838251617420616,0.3156314122506697,0.0005434260072686437,0.6784220776018837,0.3215779223981023,1.404432126150823e-14,0.6785605056014835,0.320877551845244,0.0005619425532724653,0.6726641763828437,0.3273358236171497,6.6058269965196814e-15
0.7195195195195195,0.683609505758936,0.31584502521962926,0.0005454690214347635,0.6781675191091221,0.32183248089085886,1.9040324872321435e-14,0.6783037313537064,0.32113194277765555,0.0005643258686380825,0.6723643481682954,0.3276356518317249,-2.0261570199409107e-14
0.71991991991992,0.6833922311977128,0.31606022501382386,0.0005475437884633894,0.6779114449330028,0.32208855506699974,-2.55351295663786e-15,0.6780463186267496,0.3213868982896412,0.0005667830836092458,0.6720641111128953,0.32793588888710345,1.2212453270876722e-15
0.7203203203203203,0.6831733413565667,0.3162770089931925,0.000549649650240791,0.6776538570321944,0.3223461429677738,3.1807889655510735e-14,0.6777882316016427,0.321642458719033,0.0005693096793242813,0.6717634229361696,0.32823657706381937,1.099120794378905e-14
0.7207207207207207,0.6829528394994772,0.31649537453406806,0.0005517859664547764,0.6773947573544359,0.322605242645549,1.509903313490213e-14,0.677529436379715,0.3218986621526136,0.0005719014676714429,0.6714622435683383,0.3285377564316635,-1.7763568394002505e-15
0.7211211211211211,0.6827307288566421,0.3167153190289664,0.0005539521143915205,0.6771341478363565,0.32286585216361335,3.0142555118573e-14,0.6772699008639484,0.3221555445723516,0.000574554563699925,0.6711605350141896,0.3288394649858164,-5.995204332975845e-15
0.7215215215215216,0.6825070126256029,0.316936839886425,0.000556147487972114,0.6768720304042916,0.3231279695957232,-1.4765966227514582e-14,0.677009594648689,0.322413139990777,0.000577265360533985,0.6708582612264936,0.32914173877351205,-5.662137425588298e-15
0.721921921921922,0.682281693971464,0.31715993453092783,0.0005583714976081788,0.6766084069738331,0.3233915930261618,5.10702591327572e-15,0.6767484889173536,0.32267148057593936,0.0005800305067070188,0.6705553879887032,0.3294446120113018,-4.9960036108132044e-15
0.7223223223223223,0.6820547760274206,0.3173846004033777,0.0005606235692017236,0.676343279449984,0.3236567205500422,-2.6145752229922437e-14,0.6764865563474396,0.3229305967670017,0.0005828468855587077,0.6702518828060118,0.3297481171939787,9.547918011776346e-15
0.7227227227227228,0.6818262618956684,0.3176108349602297,0.0005629031441019006,0.6760766497275911,0.323923350272412,-3.0531133177191805e-15,0.6762237710219443,0.3231905173816424,0.0005857115964132964,0.6699477148037908,0.3300522851962074,1.8318679906315083e-15
0.7231231231231232,0.6815961546475441,0.3178386356742335,0.0005652096782224336,0.6758085196910387,0.3241914803089427,1.8596235662471372e-14,0.6759601083471845,0.32345126971518845,0.0005886219376270985,0.6696428546334056,0.33035714536658795,6.494804694057166e-15
0.7235235235235236,0.6813644573241798,0.3180680000340552,0.000567542641764951,0.6755388912144574,0.32446110878553647,6.106226635438361e-15,0.675695544976101,0.3237128796330058,0.0005915753908932175,0.6693372743843,0.3306627256156949,5.10702591327572e-15
0.7239239239239239,0.6811311729371927,0.318298925543996,0.0005699015188112555,0.6752677661620282,0.3247322338379599,1.1879386363489175e-14,0.6754300587367056,0.323975371656175,0.0005945696071193995,0.6690309475019893,0.33096905249801273,-2.0539125955565396e-15
0.7243243243243244,0.6808963044690666,0.3185314097242551,0.000572285806678341,0.6749951463879811,0.3250048536120514,-3.247402347028583e-14,0.6751636285654258,0.3242387690411275,0.00059760239344675,0.6687238487117125,0.3312761512882908,-3.3306690738754696e-15
0.7247247247247248,0.6806598548736432,0.31876545011048785,0.0005746950158689312,0.6747210337366194,0.325278966263339,4.157785227221211e-14,0.6748962344448878,0.3245030938537298,0.0006006717013824492,0.6684159539471419,0.3315840460528489,9.159339953157541e-15
0.7251251251251252,0.6804218270764353,0.31900104425458475,0.0005771286689799648,0.6744454300423206,0.3255545699577048,-2.5424107263916085e-14,0.6746278573456111,0.3247683670384792,0.0006037756159096297,0.6681072402835659,0.33189275971642895,5.10702591327572e-15
0.7255255255255255,0.680182223975611,0.31923818972313933,0.0005795863012496572,0.6741683371301513,0.32583166286983883,9.825473767932635e-15,0.6743584791717561,0.3250346084825969,0.000606912345647026,0.6677976858757786,0.33220231412421164,9.769962616701378e-15
0.725925925925926,0.6799410484417978,0.31947688409891584,0.0005820674592863506,0.6738897568152618,0.32611024318474147,-3.219646771412954e-15,0.6740880827099011,0.32530183707644506,0.0006100802136538852,0.6674872698993691,0.3325127301006229,7.993605777301127e-15
0.7263263263263264,0.6796983033191849,0.319717124979446,0.0005845717013691076,0.6736096909037239,0.3263903090962066,6.94999613415348e-14,0.6738166515817046,0.32557007076919214,0.0006132776491032943,0.6671759724965258,0.3328240275034832,-9.048317650695026e-15
0.7267267267267268,0.6794539914253724,0.3199589099781058,0.0005870985965217845,0.6733281411919657,0.32667185880797606,5.823119764158946e-14,0.6735441701988922,0.325839326621439,0.0006165031796687703,0.6668637747244555,0.33313622527553677,7.771561172376096e-15
0.7271271271271271,0.6792081155520651,0.3202022367233006,0.0005896477246343235,0.6730451094671493,0.3269548905328969,-4.624078897563777e-14,0.6732706237217189,0.3261096208539903,0.0006197554242908243,0.6665506585078119,0.3334493414921923,-4.218847493575595e-15
0.7275275275275276,0.6789606784659965,0.3204471028577742,0.0005922186762292725,0.6727605975078647,0.3272394024921282,7.16093850883226e-15,0.6729959980192238,0.3263809688938477,0.0006230330869284595,0.6662366065931691,0.3337633934068249,5.995204332975845e-15
0.727927927927928,0.6787116829082732,0.32069350604027475,0.0005948110514520377,0.6724746070830417,0.327525392916931,2.7255975254547593e-14,0.6727202796326948,0.3266533854169368,0.0006263349503684568,0.6659216025071638,0.3340783974928358,3.885780586188048e-16
0.7283283283283284,0.6784611315956385,0.32094144394396323,0.0005974244603982881,0.6721871399529945,0.3278128600469883,1.7208456881689926e-14,0.6724434557408272,0.32692688438828976,0.000629659870883037,0.6656056305165927,0.3343943694833909,1.637578961322106e-14
0.7287287287287287,0.6782090272207032,0.3211909142566524,0.0006000585226443866,0.6718981978693485,0.3281018021306528,-1.27675647831893e-15,0.6721655141270464,0.327201479099952,0.0006330067730015987,0.6652886755909418,0.3347113244090658,-7.66053886991358e-15
0.7291291291291291,0.6779553724522746,0.3214419146807872,0.0006027128669382487,0.6716077825750875,0.3283922174249295,-1.6986412276764895e-14,0.6718864431489064,0.32747718220606625,0.0006363746450273045,0.6649707233673671,0.3350292766326389,-5.9396931817445875e-15
0.7295295295295295,0.6777001699355656,0.3216944429335041,0.0006053871309303349,0.6713158958044484,0.3286841041955746,-2.298161660974074e-14,0.6716062317093364,0.3277540057561543,0.0006397625345092584,0.6646517601177134,0.33534823988229245,-5.88418203051333e-15
0.72992992992993,0.6774434222928309,0.3219484967462478,0.0006080809609212423,0.6710225392833482,0.3289774607166584,-6.6058269965196814e-15,0.67132486922942,0.32803196122621836,0.0006431695443616103,0.6643317727173297,0.33566822728267504,-4.718447854656915e-15
0.7303303303303303,0.677185132123659,0.3222040738648033,0.0006107940115376298,0.6707277147293633,0.3292722852706509,-1.4210854715202004e-14,0.6710423456224844,0.32831105954837037,0.0006465948291451973,0.6640107486153595,0.3359892513846391,1.4432899320127035e-15
0.7307307307307307,0.6769253020053828,0.32246117204890384,0.0006135259457133446,0.670431423851943,0.3295685761479829,7.41073868937292e-14,0.6707586512705676,0.32859131113781725,0.0006500375916151935,0.6636886758077859,0.3363113241922153,-1.2212453270876722e-15
0.7311311311311312,0.6766639344933061,0.32271978907283533,0.0006162764338585869,0.6701336683523648,0.3298663316476822,-4.696243394164412e-14,0.6704737770010134,0.3288727259193663,0.0006534970796203132,0.663365542810564,0.3366344571894302,5.773159728050814e-15
0.7315315315315316,0.6764010321212801,0.32297992272397574,0.0006190451547441467,0.6698344499240243,0.33016555007597814,-2.4424906541753444e-15,0.6701877140654758,0.32915531335144144,0.0006569725830827267,0.6630413386355807,0.33695866136441593,3.3861802251067274e-15
0.731931931931932,0.676136597401703,0.3232415708043024,0.0006218317939946649,0.6695337702522745,0.3304662297477342,-8.659739592076221e-15,0.6699004541192153,0.3294390824494381,0.0006604634313466251,0.6627160527668664,0.3372839472331373,-3.7192471324942744e-15
0.7323323323323323,0.6758706328263999,0.3235047311288923,0.0006246360447078048,0.6692316310150686,0.33076836898497325,-4.1799896877137144e-14,0.6696119892023713,0.3297240418069997,0.0006639689906289825,0.6623896751391531,0.33761032486085085,-3.9968028886505635e-15
0.7327327327327328,0.6756031408665207,0.32376940152640804,0.0006274576070712246,0.6689280338825938,0.3310719661174284,-2.220446049250313e-14,0.6693223117214051,0.33001019961693556,0.0006674886616593323,0.6620621961165479,0.3379378038834516,4.440892098500626e-16
0.7331331331331332,0.6753341239728062,0.32403557983922837,0.0006302961879653957,0.6686229805173356,0.33137701948266857,-4.163336342344337e-15,0.6690314144323091,0.33029756369018715,0.0006710218775037857,0.6617336064732758,0.33826639352672494,-7.771561172376096e-16
0.7335335335335336,0.6750635845763379,0.32430326392273545,0.0006331515009266875,0.6683164725746407,0.3316835274253769,-1.7541523789077473e-14,0.6687392904242289,0.330586141474205,0.0006745681015661309,0.6614038973748807,0.33859610262511536,3.941291737419306e-15
0.7339339339339339,0.6747915250886432,0.32457245164530973,0.0006360232660471143,0.668008511702638,0.33199148829734465,1.73749903353837e-14,0.6684459331042464,0.33087594007010185,0.0006781268256517703,0.6610730603607451,0.3389269396392625,-7.605027718682322e-15
0.7343343343343344,0.6745179479019219,0.3248431408885936,0.0006389112094845051,0.6676990995422012,0.3323009004578135,-1.4710455076283324e-14,0.6681513361826718,0.33116696624902897,0.0006816975682992776,0.6607410873272032,0.3392589126728021,-5.2735593669694936e-15
0.7347347347347348,0.6742428553894448,0.32511532954682243,0.0006418150637327313,0.6673882377271837,0.3326117622728022,1.4099832412739488e-14,0.6678554936594321,0.331459226467514,0.00068527987305389,0.660407970511893,0.3395920294881062,7.771561172376096e-16
0.7351351351351352,0.6739662499058454,0.32538901552722466,0.0006447345669299276,0.6670759278845588,0.33292407211548053,-3.93574062229618e-14,0.6675583998109903,0.3317527268820233,0.000688873306986415,0.6600737024787321,0.3399262975212665,1.3877787807814457e-15
0.7355355355355355,0.6736881337877283,0.32566419674895364,0.000647669463318068,0.6667621716348029,0.333237828365163,3.4083846855992306e-14,0.6672600491780027,0.3320474733627093,0.0006924774592879657,0.6597382761037245,0.34026172389626946,6.050715484207103e-15
0.735935935935936,0.6734085093532406,0.32594087114450637,0.0006506195022530359,0.6664469705912827,0.3335530294087541,-3.674838211509268e-14,0.6669604365535944,0.332343471506494,0.0006960919399116028,0.6594016845614792,0.3405983154385198,9.992007221626409e-16
0.7363363363363364,0.6731273789031501,0.32621903665781665,0.000653584439033239,0.6661303263611831,0.3338696736388369,-1.9984014443252818e-14,0.6666595569721734,0.3326407266494374,0.0006997163783892257,0.6590639213123499,0.34093607868764125,8.826273045769994e-15
0.7367367367367368,0.6728447447206798,0.3264986912453147,0.0006565640340054912,0.6658122405451606,0.33418775945476653,7.283063041541027e-14,0.6663574056988796,0.33293924387852397,0.0007033504225964493,0.6587249800902715,0.34127501990972603,2.4980018054066022e-15
0.7371371371371371,0.6725606090719316,0.32677983287566875,0.0006595580523996447,0.6654927147376221,0.3345072852624047,-2.6756374893466273e-14,0.6660539782196335,0.3332390280426019,0.0007069937377645608,0.658384854891332,0.3416151451086681,-1.1102230246251565e-16
0.7375375375375376,0.6722749742061381,0.32706245952878626,0.0006625662650756037,0.6651717505267517,0.33482824947321627,3.2029934260435766e-14,0.6657492702315703,0.3335400837630238,0.0007106460054059349,0.6580435399627418,0.34195646003726543,-7.216449660063518e-15
0.737937937937938,0.6719878423560798,0.32734656919676813,0.0006655884471520879,0.6648493494948742,0.33515065050513115,-5.329070518200751e-15,0.6654432776338677,0.3338424154437192,0.0007143069224131438,0.6577010297922664,0.3422989702077369,-3.3306690738754696e-15
0.7383383383383384,0.6716992157380643,0.3276321598830251,0.0006686243789105761,0.6645255132181531,0.335474486781817,2.986499936241671e-14,0.665135996519301,0.33414602728057413,0.0007179762001248702,0.657357319098501,0.3426426809015113,-1.2323475573339238e-14
0.7387387387387387,0.6714090965527022,0.32791922960233594,0.000671673844961862,0.664200243267347,0.33579975673262386,2.919886554764162e-14,0.6648274231659134,0.33445092327048437,0.0007216535636022647,0.657012402821264,0.3429875971787195,1.6431300764452317e-14
0.7391391391391392,0.671117486984433,0.32820777638108467,0.0006747366344823647,0.663873541207095,0.3361264587929476,-4.2577052994374753e-14,0.6645175540295376,0.33475710721979896,0.0007253387506634401,0.6566662761129674,0.3433337238870243,8.326672684688674e-15
0.7395395395395397,0.6708243892027053,0.3284977982561146,0.0006778125411801561,0.6635454085969759,0.33645459140307443,-5.029310301551959e-14,0.6642063857357348,0.33506458275287454,0.0007290315113906987,0.6563189343293205,0.34368106567068163,-2.1649348980190553e-15
0.73993993993994,0.6705298053614652,0.32878929327560547,0.0006809013629293093,0.6632158469908831,0.33678415300906067,5.623279619726418e-14,0.6638939150733546,0.3353733533193193,0.0007327316073261203,0.6559703730218945,0.3440296269780959,9.547918011776346e-15
0.7403403403403404,0.6702337375995894,0.3290822594989924,0.0006840029014182347,0.6628848579372838,0.33711514206271864,-2.4424906541753444e-15,0.6635801389877086,0.3356834222015068,0.0007364388107845565,0.655620587930239,0.3443794120697582,2.7755575615628914e-15
0.7407407407407407,0.6699361880416468,0.32937669499553596,0.000687116962817258,0.6625524429798854,0.33744755702015583,-4.118927421359331e-14,0.6632650545738128,0.33599479252180886,0.0007401529043783439,0.6552695749740666,0.3447304250259376,-4.163336342344337e-15
0.7411411411411412,0.6696371587975815,0.3296725978453506,0.0006902433570679656,0.6622186036571664,0.3377813963428681,-3.452793606584237e-14,0.6629486590706477,0.33630746724897376,0.0007438736803785373,0.6549173302466302,0.345082669753378,-8.215650382226158e-15
0.7415415415415416,0.6693366519630134,0.32996996613916757,0.0006933818978190343,0.6618833415025382,0.33811665849753125,-6.94999613415348e-14,0.6626309498550944,0.33662144920468623,0.0007476009402193617,0.6545638500076965,0.34543614999229616,7.382983113757291e-15
0.741941941941942,0.6690346696200854,0.33026879797719516,0.0006965324027194408,0.6615466580451174,0.3384533419548294,5.3235194030776256e-14,0.6623119244367154,0.33693674106936067,0.0007513344939239497,0.6542091306775099,0.3457908693224903,-1.6653345369377348e-16
0.7423423423423423,0.6687312138368539,0.33056909147058733,0.0006996946925588166,0.661208554808938,0.33879144519101784,4.413136522884997e-14,0.6619915804520271,0.33725334538819746,0.0007550741597754373,0.6538531688301672,0.3461468311698382,-5.384581669432009e-15
0.7427427427427428,0.6684262866678734,0.3308708447401063,0.0007028685920202893,0.6608690333134152,0.3391309666866102,-2.5368596112684827e-14,0.6616699156595923,0.3375712645766201,0.0007588197637875549,0.6534959611879242,0.34650403881206937,6.439293542825908e-15
0.7431431431431432,0.6681198901550719,0.3311740559155942,0.0007060539293339274,0.660528095074201,0.3394719049257653,3.375077994860476e-14,0.661346927935665,0.33789050092507056,0.0007625711392644785,0.6531375046161503,0.346862495383841,8.715250743307479e-15
0.7435435435435436,0.6678120263269046,0.33147872313739096,0.0007092505357044199,0.6601857416020895,0.33981425839788226,2.8199664825478976e-14,0.6610226152688424,0.3382110566046752,0.0007663281264823629,0.6527777961171269,0.3472222038828796,-6.5503158452884236e-15
0.7439439439439439,0.6675026971992183,0.3317848445549558,0.0007124582458258866,0.6598419744038587,0.34015802559615504,-1.3766765505351941e-14,0.6606969757560567,0.3385329336716034,0.0007700905723398987,0.6524168328253978,0.3475831671746035,-1.27675647831893e-15
0.7443443443443444,0.6671919047756176,0.3320924183267327,0.0007156768976496752,0.6594967949825199,0.34050320501745773,2.2370993946196904e-14,0.6603700075985743,0.33885613407152476,0.0007738583299009005,0.6520546120031149,0.34794538799689106,-5.9396931817445875e-15
0.7447447447447448,0.6668796510473314,0.3324014426207176,0.0007189063319510414,0.6591502048370667,0.3408497951629683,-3.497202527569243e-14,0.660041709097458,0.3391806596443579,0.0007776312581841416,0.6516911310347764,0.34830886896523505,-1.1435297153639112e-14
0.7451451451451452,0.6665659379935063,0.33271191561357555,0.0007221463929181771,0.6588022054626306,0.3411977945373323,3.7136960173711486e-14,0.6597120786502509,0.3395065121279356,0.0007814092218134672,0.6513263874233671,0.34867361257663826,-5.384581669432009e-15
0.7455455455455455,0.6662507675816354,0.3330238354911688,0.0007253969271958094,0.6584527983508714,0.34154720164915714,-2.858824288409778e-14,0.659381114746923,0.3398336931623726,0.0007851920907044341,0.6509603787856377,0.34903962121436427,-1.9984014443252818e-15
0.745945945945946,0.6659341417675538,0.3333372004476718,0.000728657784774378,0.6581019849898497,0.34189801501017486,-2.4591439995447217e-14,0.6590488159667818,0.3401622042933962,0.0007889797398220044,0.6505931028485142,0.34940689715149365,-7.882583474838611e-15
0.7463463463463464,0.6656160624960493,0.33365200868583095,0.0007319288181197314,0.6577497668645265,0.3422502331355414,-6.789013795582832e-14,0.6587151809746639,0.34049204697637386,0.0007927720489622758,0.650224557444661,0.3497754425553269,1.2101430968414206e-14
0.7467467467467468,0.6652965317003141,0.333968258417039,0.0007352098826469144,0.6573961454561088,0.34260385454395165,-6.045164369083977e-14,0.6583802085179672,0.34082322257964837,0.0007965689023844424,0.6498547405090168,0.35014525949097425,8.93729534823251e-15
0.7471471471471471,0.6649755513034354,0.33428594786010163,0.0007385008364629297,0.6570411222435261,0.3429588777563392,1.3472556403826275e-13,0.6580438974236555,0.3411557323876268,0.0008003701887176473,0.6494836500753011,0.35051634992470554,-6.6058269965196814e-15
0.7475475475475476,0.6646531232168279,0.3346050752435461,0.0007418015396259969,0.6566846987016534,0.34331530129834864,-1.9984014443252818e-15,0.6577062465952292,0.3414895776040553,0.0008041758007154565,0.6491112842724853,0.3508887157275164,-1.7208456881689926e-15
0.747947947947948,0.664329249342425,0.3349256388018084,0.0007451118557665892,0.6563268763035124,0.34367312369643116,5.645484080218921e-14,0.6573672550099012,0.3418247593551377,0.0008079856349610948,0.6487376413214747,0.35126235867852845,-3.164135620181696e-15
0.7483483483483484,0.6640039315712917,0.33524763677859837,0.0007484316501099597,0.6559676565187678,0.34403234348127004,-3.780309398848658e-14,0.6570269217157819,0.34216127869242535,0.0008117995917927279,0.6483627195318427,0.351637280468151,6.328271240363392e-15
0.7487487487487487,0.6636771717851453,0.33557106742372295,0.0007517607911317614,0.6556070408151567,0.3443929591846327,2.1055379662016094e-13,0.6566852458297996,0.34249913659517855,0.0008156175750218542,0.6479865172993684,0.35201348270062466,6.938893903907228e-15
0.7491491491491492,0.6633489718550647,0.33589592899627774,0.0007550991486575676,0.6552450306570777,0.34475496934263633,2.8593793999220907e-13,0.65634222653457,0.3428383339736075,0.0008194394918225045,0.6476090331023927,0.3523909668976123,-4.9960036108132044e-15
0.7495495495495497,0.6630193336429673,0.33622221976194766,0.0007584465950850605,0.6548816275070669,0.3451183724929758,-4.268807529683727e-14,0.655997863076445,0.34317887167098565,0.0008232652525693163,0.6472302654995197,0.35276973450049587,-1.554312234475219e-14
0.74994994994995,0.6626882590019758,0.33654993799192223,0.0007618030061019576,0.6545168328260547,0.3454831671738881,5.723199691942682e-14,0.6556521547631519,0.3435207504661802,0.0008270947706679466,0.6468502131268545,0.35314978687315135,-5.88418203051333e-15
0.7503503503503504,0.6623557497751692,0.3368790819665358,0.0007651682582949793,0.6541506480720136,0.34584935192786836,1.1801670751765414e-13,0.6553051009617958,0.34386397107584726,0.0008309279623568977,0.6464688746956423,0.35353112530435804,-3.3306690738754696e-16
0.7507507507507507,0.6620218077969768,0.3372096499723643,0.0007685422306588641,0.6537830747012513,0.3462169252987992,-5.051514762044462e-14,0.6549567010962494,0.34420853415710617,0.0008347647466444563,0.6460862489892217,0.3539137510107783,-5.551115123125783e-17
0.7511511511511512,0.6616864348933301,0.3375416403017077,0.0007719248049621874,0.6534141141685972,0.3465858858313331,6.972200594645983e-14,0.6546069546459594,0.34455444030888904,0.0008386050451515414,0.6457023348616012,0.3542976651383941,4.6629367034256575e-15
0.7515515515515516,0.6613496328813345,0.3378750512546743,0.000775315863991155,0.6530437679269074,0.3469562320731243,-3.175237850427948e-14,0.6542558611432835,0.34490169007474825,0.0008424487819682636,0.6453171312343378,0.3546828687656581,4.163336342344337e-15
0.751951951951952,0.6610114035699851,0.33820988113658573,0.0007787152934291552,0.6526720374277111,0.3473279625722277,6.122879980807738e-14,0.6539034201721141,0.34525028394433294,0.0008462958835529499,0.644930637094904,0.3550693629051019,-5.828670879282072e-15
0.7523523523523523,0.6606717487599008,0.3385461282599022,0.0007821229801970309,0.6522989241209316,0.3477010758790054,6.300515664747763e-14,0.6535496313659452,0.3456002223554039,0.0008501462786508762,0.6445428514944181,0.3554571485055795,2.3314683517128287e-15
0.7527527527527528,0.6603306702440882,0.3388837909422372,0.0007855388136746022,0.6519244294555405,0.3480755705441987,2.6079138848444927e-13,0.6531944944062922,0.3459515056956134,0.0008539998980944263,0.6441537735457603,0.3558462264542369,2.7755575615628914e-15
0.7531531531531532,0.6599881698073295,0.3392228675084176,0.0007889626842528252,0.6515485548788806,0.3484514451210205,9.886536034287019e-14,0.6528380090207992,0.34630413430440327,0.0008578566747974858,0.6437634024213633,0.35623659757864173,-5.051514762044462e-15
0.7535535535535536,0.6596442492274025,0.3395633562876161,0.000792394484981418,0.6511713018378225,0.34882869816228373,-1.0619283230539622e-13,0.6524801749821745,0.34665810847420525,0.0008617165436202723,0.6433717373519159,0.35662826264809677,-1.2656542480726785e-14
0.7539539539539539,0.6592989102746486,0.33990525561478696,0.0007958341105644418,0.6507926717782857,0.34920732822186035,-1.4604983888943934e-13,0.6521209921063258,0.34701342845238675,0.0008655794412874562,0.6429787776241846,0.3570212223758279,-1.2545520178264269e-14
0.7543543543543544,0.6589521547121218,0.3402485638306526,0.0007992814572256313,0.6504126661453201,0.34958733385469265,-1.27675647831893e-14,0.6517604602510173,0.3473700944426963,0.0008694453062864094,0.6425845225793997,0.3574154774206007,-3.885780586188048e-16
0.7547547547547548,0.658603984295601,0.3405932792821777,0.0008027364222213396,0.650031286383009,0.34996871361734205,-3.510525203864745e-13,0.6513985793144818,0.34772810660674514,0.0008733140787731131,0.6421889716116229,0.3578110283883761,9.992007221626409e-16
0.7551551551551552,0.6582544007750659,0.34093940031875486,0.000806198906179223,0.6496485339359699,0.3503514660640818,-5.168088179630104e-14,0.6510353492341877,0.34808746506527594,0.0008771857005363537,0.6417921241662725,0.358207875833737,-9.492406860545088e-15
0.7555555555555555,0.6579034058929593,0.34128692529778576,0.000809668809254982,0.6492644102474722,0.35073558975262936,-1.0152989560197057e-13,0.6506707699854791,0.3484481698995895,0.0008810601149313868,0.6413939797385033,0.35860602026149135,5.329070518200751e-15
0.755955955955956,0.6575510013859092,0.3416358525800246,0.0008131460340662366,0.6488789167611855,0.3511210832393914,-5.768718835952313e-13,0.6503048415805,0.34881022115279914,0.0008849372667009137,0.6409945378719223,0.3590054621280827,-4.9960036108132044e-15
0.7563563563563565,0.657197188985285,0.341986180527133,0.0008166304875820152,0.6484920549215907,0.35150794507711247,1.2968515150646454e-12,0.6499375640669041,0.3491736188310147,0.0008888171020812186,0.6405937981570597,0.35940620184293137,8.881784197001252e-15
0.7567567567567568,0.6568419704130978,0.3423379075166774,0.0008201220702248047,0.6481038261698802,0.3518961738299543,1.6553425297161084e-13,0.6495689375267155,0.3495383629047302,0.000892699568554256,0.6401917602299954,0.3598082397700009,3.7192471324942744e-15
0.7571571571571571,0.6564853473898014,0.34269103191694994,0.0008236206932487056,0.6477142319517223,0.3522857680481203,1.574296248918472e-13,0.6491989620753653,0.34990445330969655,0.000896584614938134,0.6397884237712144,0.36021157622878625,-6.106226635438361e-16
0.7575575575575576,0.6561273216274303,0.3430455521101972,0.000827126262372524,0.6473232737102474,0.3526767262913971,-1.6445733663772444e-12,0.6488276378605592,0.3502718899481801,0.000900472191260715,0.6393837885042497,0.3606162114957446,5.717648576819556e-15
0.7579579579579581,0.6557678948351646,0.3434014664724296,0.000830638692405794,0.6469309528917006,0.3530690471086653,-3.6587399776522034e-13,0.648454965061456,0.35064067268987464,0.0009043622486694103,0.6389778541946771,0.3610221458053266,-3.7192471324942744e-15
0.7583583583583584,0.6554070687100836,0.3437587734072856,0.0008341578826308038,0.6465372709360727,0.3534627290721497,-8.222422742676372e-12,0.6480809438875206,0.3510108013730017,0.0009082547394776985,0.6385706206487617,0.3614293793512342,4.107825191113079e-15
0.7587587587587588,0.655044844957904,0.3441174712756348,0.0008376837664611503,0.6461422292976637,0.35385777070658336,-4.247102669552305e-12,0.6477055745776509,0.3513822758053414,0.0009121496170076959,0.6381620877124022,0.3618379122875987,-9.43689570931383e-16
0.7591591591591592,0.6546812252696208,0.3444775584818458,0.000841216248533394,0.6457458294219158,0.3542541705759693,2.1148638396084607e-12,0.6473288573994607,0.35175509576491304,0.0009160468356262941,0.6377522552702495,0.36224774472975546,-4.9404924595819466e-15
0.7595595595595597,0.6543162113254574,0.3448390334408658,0.0008447552336768305,0.6453480727492079,0.3546519272504985,2.9359847886212265e-13,0.6469507926480558,0.3521292610012813,0.0009199463506629479,0.6373411232442565,0.3626588767557427,7.771561172376096e-16
0.75995995995996,0.6539498048151206,0.3452018945363927,0.0008483006484867328,0.6449489607349623,0.35505103926452874,5.089262344881718e-13,0.6465713806459066,0.35250477123574014,0.0009238481183532765,0.6369286915934791,0.3630713084065127,8.215650382226158e-15
0.7603603603603604,0.6535820074151417,0.34556614017681264,0.0008518524080456391,0.6445484948270968,0.35545150517281593,8.731904088676856e-14,0.6461906217412985,0.3528816261628933,0.0009277520958081986,0.6365149603122504,0.3634850396877507,-1.1102230246251565e-15
0.7607607607607608,0.6532128208022037,0.3459317687653372,0.000855410432459125,0.6441466764791903,0.3558533235205614,2.48245868306185e-13,0.6458085163080008,0.3532598254509798,0.000931658241019373,0.6360999294297557,0.36390007057024876,-4.440892098500626e-15
0.7611611611611613,0.6528422466467899,0.3462987787114456,0.0008589746417644872,0.6437435071441737,0.35625649285486943,9.568457137731912e-13,0.6454250647445492,0.35363936874268936,0.0009355665127614432,0.6356835990091478,0.36431640099084983,2.3314683517128287e-15
0.7615615615615616,0.6524702866149868,0.3466671684299261,0.0008625449550870301,0.6433389882760203,0.35666101172388004,9.96425164601078e-14,0.645040267473542,0.3540202556559016,0.0009394768705563439,0.635265969146694,0.36473403085330824,-2.220446049250313e-15
0.761961961961962,0.6520969423717131,0.3470369363317528,0.0008661212965340725,0.6429331213329607,0.3570668786675513,-5.119793478058909e-13,0.6446541249408272,0.3544024857844651,0.0009433892747077177,0.6348470399708102,0.3651529600291826,7.216449660063518e-15
0.7623623623623623,0.6517222155770825,0.3474080808329093,0.0008697035900081529,0.6425259077737835,0.35747409222659415,-3.77642361826247e-13,0.6442666376149407,0.3547860586988912,0.0009473036861680773,0.6344268116413463,0.36557318835865343,2.7755575615628914e-16
0.7627627627627628,0.651346107888404,0.3477806003520089,0.0008732917595871137,0.6421173490598701,0.3578826509400251,1.0486056467584604e-13,0.6438778059866126,0.3551709739467859,0.0009512200666015325,0.634005284348983,0.36599471565102515,-8.104628079763643e-15
0.7631631631631632,0.6509686209591783,0.3481544933109104,0.000876885729911292,0.6417074466540028,0.3582925533459519,4.529709940470639e-14,0.6434876305680315,0.3555572310536517,0.0009551383783167888,0.6335824583143416,0.3664175416856602,-1.7763568394002505e-15
0.7635635635635636,0.6505897564409554,0.348529758130875,0.0008804854281695973,0.6412962020223638,0.3587037979775252,1.109667913112844e-13,0.6430961118923921,0.35594482952340384,0.0009590585842040311,0.633158333787412,0.3668416662125879,5.551115123125783e-17
0.7639639639639639,0.6502095159823505,0.3489063932362264,0.0008840907814230414,0.6408836166333397,0.3591163833668345,-1.7419399256368706e-13,0.6427032505132229,0.35633376883901685,0.000962980647760292,0.6327329110467379,0.3672670889532593,2.7755575615628914e-15
0.7643643643643644,0.6498279012295156,0.34928439705189335,0.0008877017185910385,0.6404696919580779,0.3595303080423117,-3.8957725934096743e-13,0.6423090470040385,0.3567240484629224,0.000966904533039159,0.6323061903989721,0.3676938096010241,3.83026943495679e-15
0.7647647647647648,0.6494449138262399,0.34966376800407223,0.0008913181696878492,0.6400544294704693,0.3599455705295073,2.3370194668359545e-14,0.6419135019577237,0.357115667837646,0.0009708302046303463,0.6318781721781199,0.368121827821875,5.051514762044462e-15
0.7651651651651652,0.6490605554141787,0.35004450452154123,0.0008949400642800365,0.6396378306474124,0.36036216935236026,2.273181642920008e-13,0.6415166159860137,0.35750862638634306,0.000974757627643208,0.6314488567449033,0.3685511432550833,1.3433698597964394e-14
0.7655655655655655,0.6486748276330784,0.350426605033303,0.0008985673336186495,0.6392198969689451,0.3607801030308894,1.6547874182037958e-13,0.6411183897190627,0.3579029235132897,0.000978686767647674,0.6310182444862182,0.3689817555137783,3.4416913763379853e-15
0.765965965965966,0.6482877321209124,0.3508100679687564,0.0009021999103311917,0.6388006299183536,0.36119937008138214,2.6423307986078726e-13,0.6407188238052699,0.3582985586040044,0.0009826175907257095,0.63058633581488,0.369413664185119,9.992007221626409e-16
0.7663663663663665,0.6478992705139655,0.3511948917590838,0.0009058377269507423,0.6383800309822403,0.36161996901778937,-2.964295475749168e-14,0.6403179189104202,0.35869553102620466,0.0009865500633751134,0.6301531311686126,0.3698468688313949,-7.494005416219807e-15
0.7667667667667668,0.6475094444472835,0.3515810748344461,0.0009094807182703502,0.6379581016509068,0.36204189834894457,1.486033518460772e-13,0.639915675717444,0.35909384013001083,0.0009904841525451569,0.6297186310097114,0.37028136899029324,-4.6074255521944e-15
0.7671671671671672,0.6471182555546067,0.3519686156271274,0.0009131288182659403,0.6375348434183122,0.3624651565816991,-1.1324274851176597e-14,0.6395120949261541,0.35949348524827335,0.0009944198255725234,0.6292828358247107,0.3707171641752929,-3.552713678800501e-15
0.7675675675675676,0.6467257054684621,0.3523575125684819,0.0009167819630560015,0.6371102577820564,0.36288974221793385,9.71445146547012e-15,0.6391071772529744,0.3598944656968293,0.0009983570501962968,0.6288457461240058,0.3711542538759895,4.718447854656915e-15
0.7679679679679681,0.646331795820751,0.3527477640901968,0.0009204400890522324,0.6366843462439994,0.36331565375577723,2.233768725545815e-13,0.6387009234299839,0.3602967807755051,0.0010022957945110544,0.6284073624407486,0.3715926375592505,9.43689570931383e-16
0.7683683683683684,0.6459365282424472,0.3531393686246426,0.0009241031329101923,0.63625711030989,0.3637428896900294,8.065770273901762e-14,0.6382933342053343,0.3607004297676648,0.0010062360270008952,0.6279676853312501,0.37203231466874626,3.608224830031759e-15
0.7687687687687688,0.6455399043640913,0.3535323246028688,0.0009277710330399258,0.6358285514898337,0.36417144851013655,2.969846590872294e-14,0.6378844103422512,0.3611054119412813,0.0010101777164674974,0.6275267153738203,0.3724732846261762,3.497202527569243e-15
0.7691691691691692,0.6451419258158514,0.3539266304561015,0.0009314437280470989,0.6353986712983283,0.3646013287017202,-4.846123502488808e-14,0.6374741526193578,0.36151172654859864,0.0010141208320435524,0.6270844531690636,0.37291554683093386,2.55351295663786e-15
0.7695695695695697,0.6447425942277365,0.354322284614873,0.0009351211573905283,0.634967471254452,0.3650325287457083,-1.6026069360464135e-13,0.6370625618298865,0.36191937282693937,0.0010180653431741127,0.6266408993389636,0.37335910066103917,-2.7755575615628914e-15
0.76996996996997,0.644341911229553,0.354719285508876,0.0009388032615710307,0.634534952881752,0.36546504711824174,6.2727600891321345e-15,0.6366496387813971,0.36232834999898544,0.0010220112196174247,0.6261960545265102,0.3738039454734878,2.0539125955565396e-15
0.7703703703703704,0.6439398784515534,0.3551176315672199,0.0009424899812266463,0.6341011177089345,0.3658988822908832,1.822986206434507e-13,0.6362353842959404,0.36273865727267696,0.0010259584313826453,0.6257499193958278,0.37425008060417314,-9.43689570931383e-16
0.7707707707707708,0.6435364975240894,0.35551732121806845,0.0009461812578421824,0.6336659672694248,0.3663340327303237,2.5146551507759796e-13,0.6358197992092312,0.36315029384197195,0.0010299069487968993,0.6253024946312165,0.37469750536877433,9.2148511043888e-15
0.7711711711711713,0.6431317700784459,0.3559183528879275,0.0009498770336265894,0.6332295031022278,0.3667704968976277,1.4449552665496412e-13,0.6354028843709006,0.3635632588867142,0.001033856742385153,0.6248537809373688,0.3751462190626329,-1.6653345369377348e-15
0.7715715715715716,0.6427256977460203,0.35632072500234757,0.0009535772516321428,0.6327917267509919,0.367208273249054,-4.590772206825022e-14,0.6349846406439028,0.36397755157310635,0.0010378077829908405,0.6244037790386662,0.37559622096132717,6.661338147750939e-15
0.771971971971972,0.64231828215936,0.3567244359848688,0.0009572818557711527,0.6323526397650923,0.3676473602349168,-9.048317650695026e-15,0.6345650689042617,0.36439317105410457,0.0010417600416337547,0.6239524896788591,0.3760475103211411,-1.6653345369377348e-16
0.7723723723723723,0.6419095249521705,0.35712948425778873,0.0009609907900408055,0.6319122436996147,0.3680877563003892,-3.941291737419306e-15,0.6341441700412103,0.36481011646919376,0.0010457134895959785,0.6234999136211572,0.3765000863788507,-7.882583474838611e-15
0.7727727727727728,0.6414994277591624,0.3575358682414863,0.0009647039993513351,0.6314705401151319,0.368529459884869,-9.43689570931383e-16,0.6337219449566223,0.3652283869450042,0.0010496680983735351,0.62304605164756,0.3769539483524488,-8.770761894538737e-15
0.7731731731731732,0.6410879922165513,0.3579435863543309,0.0009684214291177939,0.6310275305782137,0.36897246942187445,-8.815170815523743e-14,0.6332983945649815,0.36564798159535383,0.0010536238396646747,0.6225909045587802,0.3774090954412178,1.9984014443252818e-15
0.7735735735735736,0.6406752199621308,0.35835263701218106,0.0009721430256880992,0.630583216661444,0.3694167833385768,-2.0816681711721685e-14,0.6328735197930111,0.36606889952165633,0.0010575806853325709,0.622134473173772,0.3778655268262319,-3.941291737419306e-15
0.7739739739739739,0.6402611126354458,0.3587630186289224,0.0009758687356317686,0.6301375999435952,0.36986240005633547,6.933342788784103e-14,0.632447321579843,0.3664911398126705,0.001061538607486534,0.6216767583298881,0.3783232416701047,7.16093850883226e-15
0.7743743743743744,0.6398456718776688,0.35917472961622515,0.0009795985061060164,0.6296906820094421,0.3703093179905062,5.168088179630104e-14,0.6320198008763631,0.3669147015452856,0.0010654975783512821,0.6212177608820997,0.3787822391179012,-8.881784197001252e-16
0.7747747747747749,0.6394288993326047,0.35958776838247636,0.0009833322849189252,0.6292424644508205,0.3707575355492993,-1.1984857550828565e-13,0.6315909586455243,0.3673395837840923,0.001069457570383403,0.6207574817033032,0.37924251829669287,3.885780586188048e-15
0.7751751751751752,0.639010796645963,0.36000213333312087,0.000987070020916081,0.6287929488657651,0.3712070511342433,-8.382183835919932e-15,0.6311607958618107,0.36776578558204137,0.0010734185561478982,0.6202959216836802,0.37970407831632713,-7.327471962526033e-15
0.7755755755755755,0.6385913654656842,0.36041782287158314,0.0009908116627326824,0.6283421368588779,0.3716578631410778,4.4353409833775004e-14,0.6307293135113056,0.36819330598027966,0.0010773805084147714,0.6198330817307243,0.3801669182692781,-2.3869795029440866e-15
0.775975975975976,0.638170607443038,0.3608348353971586,0.0009945571598033998,0.6278900300424437,0.37210996995758133,-2.503552920529728e-14,0.6302965125913202,0.3686221440086188,0.0010813434000609412,0.6193689627687982,0.3806310372312037,-1.8318679906315083e-15
0.7763763763763765,0.6377485242316075,0.3612531693059334,0.0009983064624590754,0.6274366300352934,0.37256336996462497,8.165690346118026e-14,0.629862394110663,0.3690522986852386,0.0010853072040983847,0.6189035657393789,0.3810964342606464,-2.525757381022231e-14
0.7767767767767768,0.6373251174877248,0.3616728229913717,0.0010020595209034866,0.6269819384632513,0.3730180615367419,6.772360450213455e-15,0.6294269590891446,0.36948376901710667,0.0010892718937487444,0.618436891600474,0.38156310839954133,-1.532107773982716e-14
0.7771771771771772,0.6369003888712896,0.3620937948422319,0.0010058162864784448,0.6265259569599808,0.37347404303998794,3.1252778143198157e-14,0.6289902085574282,0.3699165540002869,0.0010932374422849556,0.6179689413264084,0.3820310586735824,9.159339953157541e-15
0.7775775775775776,0.6364743400455365,0.362516083243924,0.0010095767105395281,0.6260686871666852,0.3739313128333681,-5.3290705182007514e-14,0.6285521435570919,0.3703506526198328,0.0010972038230753212,0.6174997159078603,0.38250028409214526,-5.6066262743570405e-15
0.7779779779779781,0.6360469726768336,0.3629396865778539,0.001013340745312452,0.6256101307318642,0.3743898692682128,-7.704947790898586e-14,0.6281127651407743,0.3707860638495317,0.0011011710096939797,0.6170292163519734,0.38297078364803266,-6.050715484207103e-15
0.7783783783783784,0.6356182884355785,0.3633646032210061,0.0010171083434153405,0.6251502893122461,0.3748497106877104,4.346523141407488e-14,0.6276720743712603,0.3712227866529729,0.0011051389757668062,0.6165574436813115,0.38344255631870033,-1.1823875212257917e-14
0.7787787787787788,0.6351882889961459,0.3637908315463508,0.001020879457503343,0.6246891645727,0.3753108354273517,-5.168088179630104e-14,0.6272300723223582,0.3716608199825901,0.0011091076950517365,0.6160843989347847,0.3839156010652172,-1.942890293094024e-15
0.7791791791791792,0.6347569760362247,0.3642183699223864,0.001024654041388906,0.6242267581854569,0.3757732418145689,-2.581268532253489e-14,0.6267867600779607,0.3721001627806878,0.0011130771413514484,0.6156100831665721,0.38438991683344437,-1.6431300764452317e-14
0.7795795795795797,0.6343243512386304,0.3646472167124517,0.0010284320489178933,0.6237630718320764,0.3762369281678836,4.0023540037736893e-14,0.6263421387327878,0.3725408139785612,0.0011170472886510296,0.6151344974469053,0.38486550255309293,1.7763568394002505e-15
0.77997997997998,0.6338904162899319,0.365077370275754,0.0010322134343140887,0.6232981072018928,0.37670189279812566,-1.8485213360008856e-14,0.6258962093912425,0.37298277249781997,0.001121018110937566,0.614657642860772,0.385342357139217,1.1046719095020308e-14
0.7803803803803804,0.6334551728815492,0.3655088289657369,0.001035998152713935,0.6228318659931786,0.3771681340067024,1.1896039708858552e-13,0.6254489731685782,0.373426037249138,0.001124989582283853,0.6141795205091498,0.3858204794908691,-1.892930256985892e-14
0.7807807807807808,0.6330186227097049,0.36594159113136104,0.0010397861589340751,0.6223643499130711,0.37763565008691846,1.0436096431476471e-14,0.6250004311897055,0.37387060713335313,0.0011289616769413757,0.6137001315076718,0.38629986849234654,-1.8318679906315083e-14
0.7811811811811813,0.6325807674753883,0.36637565511561954,0.0010435774089921912,0.6218955606774749,0.37810443932252685,-1.7208456881689926e-15,0.624550584589702,0.37431648104116055,0.0011329343691374172,0.6132194769871401,0.38678052301288335,-2.3425705819590803e-14
0.7815815815815816,0.632141608884944,0.3668110192561993,0.0010473718588567271,0.6214255000116793,0.37857449998836573,-4.50195436485501e-14,0.6240994345139339,0.3747636578528438,0.0011369076332222727,0.6127375580936208,0.3872624419063869,-7.771561172376096e-15
0.781981981981982,0.6317011486494406,0.3672476818853812,0.0010511694651781922,0.6209541696496382,0.3790458303503403,2.148281552649678e-14,0.6236469821173904,0.3752121364390294,0.001140881443580155,0.6122543759876838,0.3877456240123079,8.271161533457416e-15
0.7823823823823824,0.6312593884863847,0.36768564132883796,0.001054970184777293,0.6204815713357981,0.3795184286640935,1.0841327835464654e-13,0.6231932285652657,0.3756619156600934,0.0011448557746409072,0.6117699318449963,0.3882300681550003,3.4416913763379853e-15
0.7827827827827829,0.6308163301179027,0.36812489590737446,0.0010587739747228153,0.6200077068230894,0.3799922931769412,-3.058664432842306e-14,0.6227381750322494,0.37611299436680506,0.0011488306009455607,0.6112842268555156,0.38871577314448946,-5.10702591327572e-15
0.7831831831831833,0.6303719752728131,0.3685654439341482,0.0010625807930387254,0.6195325778751288,0.38046742212492984,-5.867528685143952e-14,0.6222818227030943,0.3765653713998133,0.0011528058970924349,0.6107972622240747,0.38920273777591496,1.0325074129013956e-14
0.7835835835835836,0.629926325685421,0.3690072837167562,0.001066390597822875,0.6190561862649021,0.3809438137350646,3.3306690738754696e-14,0.6218241727722464,0.37701904559010835,0.00115678163764521,0.6103090391699357,0.3896909608300799,-1.5654144647214707e-14
0.783983983983984,0.6294793830968468,0.36945041355595154,0.0010702033472016481,0.6185785337761585,0.3814214662239265,-8.493206138382448e-14,0.6213652264438696,0.37747401575875583,0.0011607577973745675,0.6098195589267907,0.39018044107318983,1.942890293094024e-14
0.7843843843843844,0.6290311492538014,0.3698948317458504,0.0010740190003481476,0.6180996222020374,0.3819003777980337,-7.110978472724128e-14,0.6209049849317795,0.37793028071730445,0.0011647343509160746,0.6093288227426457,0.3906711772573275,2.6867397195928788e-14
0.7847847847847849,0.628581625910149,0.37034053657346605,0.0010778375163849607,0.6176194533467565,0.382380546653242,1.4988010832439613e-15,0.6204434494595829,0.378387839267397,0.001168711273020151,0.6088368318799456,0.3911631681200621,-7.716050021144838e-15
0.7851851851851852,0.6281308148263627,0.3707875263187703,0.0010816588548669959,0.6171380290249686,0.38286197097489777,1.336153410136376e-13,0.619980621260385,0.3788466902010339,0.0011726885385811014,0.6083435876152214,0.3916564123847662,1.2378986724570495e-14
0.7855855855855856,0.6276787177700577,0.3712357992545662,0.0010854829753761397,0.6166553510623194,0.38334464893768894,-8.326672684688674e-15,0.619516501576933,0.3793068323007133,0.0011766661223536201,0.6078490912392045,0.39215090876079645,-9.43689570931383e-16
0.785985985985986,0.6272253365155434,0.3716853536459171,0.0010893098385395539,0.6161714212949162,0.38382857870513076,-4.696243394164412e-14,0.6190510916615821,0.37976826433915767,0.0011806439992602114,0.6073533440567662,0.39264665594323045,3.3306690738754696e-15
0.7863863863863865,0.6267706728451155,0.3721361877499548,0.0010931394049297216,0.6156862415707104,0.3843137584293013,-1.1712852909795402e-14,0.6185843927761969,0.38023098507962316,0.0011846221441799143,0.6068563473867704,0.39314365261323353,-3.941291737419306e-15
0.7867867867867868,0.6263147285480731,0.3725882998164676,0.001096971635459243,0.615199813748393,0.3848001862515323,7.466249840604178e-14,0.6181164061922921,0.3806949932756365,0.001188600532071371,0.6063581025621978,0.39364189743779554,6.661338147750939e-15
0.7871871871871872,0.6258575054217481,0.373041688087052,0.0011008064911998683,0.6147121396984819,0.38528786030150947,8.604228440844963e-15,0.6176471331908655,0.38116028767128995,0.0011925791378445405,0.6058586109299309,0.3941413890700901,-2.098321516541546e-14
0.7875875875875876,0.6253990052711791,0.37349635079484766,0.0011046439339732483,0.6142232213029268,0.38577677869705246,2.070565940925917e-14,0.6171765750626237,0.38162686700082404,0.0011965579365522672,0.6053578738509703,0.39464212614904387,-1.4155343563970746e-14
0.7879879879879881,0.624939229909536,0.37395228616489634,0.0011084839255676715,0.6137330604555534,0.38626693954447283,-2.6256774532384952e-14,0.6167047331074986,0.38209472998933713,0.0012005369031642399,0.6048558926998695,0.3951441073001446,-1.4099832412739488e-14
0.7883883883883884,0.6244781811584765,0.3744094924132207,0.001112326428302779,0.6132416590624064,0.3867583409376409,-4.723998969780041e-14,0.616231608635124,0.3825638753521511,0.0012045160127248655,0.6043526688652324,0.395647331134771,-3.4416913763379853e-15
0.7887887887887888,0.6240158608479337,0.37486796774724646,0.0011161714048198434,0.612749019041491,0.38725098095845967,4.929390229335695e-14,0.6157572029646455,0.38303430179509323,0.0012084952402612315,0.603848203749464,0.39615179625053604,-5.551115123125783e-17
0.7891891891891892,0.6235522708167271,0.3753277103655417,0.001120018817731161,0.6122551423234109,0.38774485767657774,1.1324274851176597e-14,0.6152815174249471,0.3835060080142197,0.0012124745608332321,0.603342498768995,0.3966575012310089,-3.941291737419306e-15
0.7895895895895897,0.6230874129123412,0.37578871845723466,0.0011238686304241852,0.611760030851083,0.3882399691488523,6.472600233564663e-14,0.6148045533540061,0.38397899269647784,0.001216453949516083,0.6028355553535507,0.39716444464646805,-1.8762769116165146e-14
0.78998998998999,0.6226212889916625,0.37625099020224134,0.0011277208060961885,0.6112636865805181,0.38873631341954423,-6.233902283270254e-14,0.6143263120997143,0.38445325451883006,0.00122043338145561,0.6023273749470051,0.39767262505297885,1.609823385706477e-14
0.7903903903903904,0.6221539009204677,0.37671452377069614,0.0011315753088361191,0.6107661114802267,0.3892338885198098,-3.652633751016765e-14,0.6138467950194454,0.38492879214890946,0.0012244128316451497,0.6018179590068856,0.39818204099312143,-7.049916206369744e-15
0.7907907907907908,0.6216852505745026,0.37717931732298704,0.0011354321025103253,0.6102673075323615,0.3897326924676853,-4.679590048795035e-14,0.6133660034799402,0.3854056042447666,0.0012283922752931997,0.6013073090042196,0.3986926909957624,1.8041124150158794e-14
0.7911911911911913,0.6212153398385715,0.3776453690098076,0.0011392911516209248,0.6097672767316983,0.39023272326823516,6.655787032627813e-14,0.6128839388576304,0.385883689454924,0.0012323716874456103,0.600795426423861,0.3992045735761274,1.1657341758564144e-14
0.7915915915915916,0.6207441706081018,0.3781126769714183,0.0011431524204798538,0.609266021087306,0.3907339789127094,-1.5376588891058418e-14,0.6124006025388491,0.38636304641792507,0.0012363510432258362,0.6002823127646738,0.39971768723533746,-1.1268763699945339e-14
0.791991991991992,0.6202717447879594,0.37858123933780596,0.0011470158742346026,0.6087635426212191,0.3912364573788302,-4.934941344458821e-14,0.6119159959190188,0.38684367376317635,0.0012403303178048497,0.5997679695386434,0.40023203046136857,-1.199040866595169e-14
0.7923923923923925,0.6197980642940538,0.37905105422787805,0.0011508814780681331,0.6082598433701591,0.3917401566298759,-3.502753642692369e-14,0.6114301204036214,0.38732557011008856,0.0012443094862900073,0.5992523982718804,0.40074760172812324,-3.608224830031759e-15
0.7927927927927929,0.6193231310516449,0.37952211975094363,0.001154749197411431,0.6077549253836622,0.39224507461634744,-9.603429163007604e-15,0.6109429774074422,0.3878087340687296,0.0012482885238281893,0.5987356005037916,0.4012643994961813,2.708944180085382e-14
0.7931931931931933,0.6188469469979769,0.3799944340040341,0.0011586189979889694,0.6072487907269055,0.39275120927306856,2.5923707624997405e-14,0.6104545683552154,0.38829316423932575,0.0012522674054588623,0.598217577787732,0.4017824222122793,-1.1268763699945339e-14
0.7935935935935936,0.6183695140804731,0.38046799507385204,0.001162490845674824,0.6067414414787171,0.3932585585213386,-5.573319583618286e-14,0.6099648946812966,0.38877885921227384,0.0012562461064296038,0.5976983316906357,0.4023016683093548,9.492406860545088e-15
0.793993993993994,0.6178908342579379,0.38094280103506634,0.0011663647069957706,0.6062328797328556,0.3937671202671336,1.0824674490095276e-14,0.6094739578296637,0.38926581756857437,0.0012602246017618945,0.5971778637929883,0.4028221362070353,-2.3592239273284576e-14
0.7943943943943944,0.6174109095003538,0.3814188499513376,0.0011702405483085543,0.6057231075977454,0.39427689240219893,5.56776846849516e-14,0.6089817592543579,0.3897540378789783,0.0012642028666637883,0.5966561756892677,0.40334382431074545,-1.3100631690576847e-14
0.7947947947947949,0.616929741789739,0.38189613987395,0.0011741183363109808,0.6052121271973946,0.3947878728026153,-9.880984919163893e-15,0.6084883004186679,0.3902435187051097,0.0012681808762224356,0.5961332689870468,0.40386673101295045,2.7755575615628914e-15
0.7951951951951952,0.616447333119154,0.38237466884262644,0.001177998038219552,0.6046999406702651,0.3953000593297438,-8.93729534823251e-15,0.6079935827963012,0.3907342585982122,0.001272158605486573,0.5956091453082191,0.40439085469181457,-3.3639757646142243e-14
0.7955955955955956,0.6159636854944838,0.38285443488415816,0.001181879621358073,0.6041865501711929,0.3958134498287121,9.497957975668214e-14,0.6074976078705031,0.3912262560998272,0.0012761360296696944,0.5950838062880388,0.4049161937119752,-1.3988810110276972e-14
0.795995995995996,0.6154788009330854,0.3833354360139679,0.001185763052946709,0.6036719578698835,0.3963280421301526,-3.608224830031759e-14,0.6070003771343514,0.3917195097418446,0.0012801131238039942,0.594557253575384,0.40544274642461176,4.218847493575595e-15
0.7963963963963965,0.6149926814651138,0.3838176702337211,0.001189648301165136,0.6031561659523133,0.39684383404769424,-7.494005416219807e-15,0.6065018920909908,0.3922140180460372,0.00128408986297196,0.5940294888330209,0.4059705111669739,5.218048215738236e-15
0.7967967967967968,0.6145053291335365,0.3843011355325917,0.001193535333871787,0.6026391766207242,0.3973608233792785,-2.7200464103316335e-15,0.6060021542535104,0.39270977952423086,0.001288066222258688,0.5935005137374083,0.4064994862625853,6.38378239159465e-15
0.7971971971971972,0.6140167459942448,0.3847858298863722,0.0011974241193829505,0.6021209920937047,0.3978790079062808,1.4488410471358293e-14,0.6055011651449727,0.39320679267830366,0.0012920421767236845,0.5929703299787269,0.4070296700212736,-4.996003610813204e-16
0.7975975975975976,0.613526934115483,0.3852717512583346,0.0012013146261823926,0.6016016146055491,0.398398385394456,-5.051514762044462e-15,0.6049989262985209,0.39370505600003164,0.0012960177014474383,0.5924389392609642,0.40756106073902404,1.1712852909795402e-14
0.7979979979979981,0.6130358955799255,0.3857588975968956,0.0012052068231788726,0.6010810464084682,0.39891895359144225,8.959499808725013e-14,0.604495439257272,0.394204567971304,0.0012999927714240078,0.5919063433017664,0.4080936566982409,-7.271960811294775e-15
0.7983983983983984,0.6125436324831434,0.3862472668377151,0.0012091006791415393,0.6005592897709031,0.3994407102290382,5.867528685143952e-14,0.6039907055744036,0.394705327063836,0.0013039673617604164,0.5913725438325163,0.4086274561674615,2.225997164373439e-14
0.7987987987987988,0.6120501469350161,0.38673685690160325,0.0012129961633806086,0.6000363469790189,0.39996365302100206,-2.09277040141842e-14,0.6034847268137633,0.3952073317388874,0.0013079414473493034,0.590837542598958,0.40916245740106233,-2.0372592501871623e-14
0.7991991991991992,0.6115554410586003,0.38722766569587613,0.0012168932455235981,0.5995122203354536,0.4004877796645436,2.831068712794149e-15,0.6029775045487553,0.3957105804479149,0.0013119150033297777,0.5903013413599743,0.40969865864002136,4.385380947269368e-15
0.7995995995995997,0.6110595169922833,0.3877196911126148,0.0012207918951018804,0.5989869121616194,0.40101308783842426,-4.363176486776865e-14,0.6024690403633933,0.3962150716320288,0.001315888004577881,0.5897639418886995,0.4102360581113126,-1.2101430968414206e-14
0.8,0.6105623768882621,0.3882129310294547,0.0012246920822832075,0.5984604247960101,0.4015395752039121,7.777112287499222e-14,0.6019593358518862,0.3967208037219855,0.0013198604261283053,0.5892253459720422,0.4107746540279627,-4.9404924595819466e-15
