lambda_um,pol,theta_deg,phi_deg,harmonics,R,T,A,R_reverse,T_reverse,A_reverse,emissivity_same_channel,emissivity_reverse_channel,eta,conservation,reverse_conservation
15.0,TE,55.0,65.0,61,0.9706869208739962,4.3711367858634276e-11,0.029313079082292415,0.9723360065964938,4.314404389305082e-11,0.027663993360362182,0.02766399336034886,0.029313079082282978,0.001649085721943555,1.0,1.0
15.001,TE,55.0,65.0,61,0.9706427991847868,4.374722806232967e-11,0.029357200771465974,0.9723036719480246,4.317657342767234e-11,0.027696328008798843,0.02769632800878019,0.029357200771452985,0.0016608727626857833,1.0,1.0
15.002,TE,55.0,65.0,61,0.9705984837160393,4.378308826602506e-11,0.029401516240177616,0.9722712497308161,4.320899193999139e-11,0.027728750225974874,0.027728750225978205,0.029401516240179282,0.0016727660141994116,1.0,1.0
15.003,TE,55.0,65.0,61,0.9705539727581958,4.3819059492022916e-11,0.02944602719798517,0.9722387394140285,4.324152147461291e-11,0.027761260542729982,0.027761260542733424,0.0294460271979875,0.001684766655251746,1.0,1.0
15.004,TE,55.0,65.0,61,0.9705092645812172,4.385503071802077e-11,0.029490735374927746,0.9722061404620709,4.327416203153689e-11,0.02779385949465496,0.027793859494655737,0.029490735374927857,0.0016968758802720085,1.0,1.0
15.005,TE,55.0,65.0,61,0.9704643574342694,4.389122398862355e-11,0.029535642521839378,0.9721734523344013,4.330680258846087e-11,0.027826547622291864,0.02782654762225656,0.029535642521814176,0.0017090948995828192,1.0,1.0
15.006,TE,55.0,65.0,61,0.9704192495454821,4.392741725922633e-11,0.029580750410590495,0.9721406744856632,4.333944314538485e-11,0.027859325470997343,0.02785932547100678,0.02958075041059738,0.0017214249395837156,1.0,1.0
15.007,TE,55.0,65.0,61,0.9703739391215216,4.396361052982911e-11,0.0296260608345148,0.9721078063654223,4.337208370230883e-11,0.02789219359120565,0.02789219359121453,0.029626060834521017,0.0017338672433002689,1.0,1.0
15.008,TE,55.0,65.0,61,0.9703284243473635,4.3999914822734354e-11,0.029671575608636536,0.9720748474181885,4.340483528153527e-11,0.02792515253840666,0.027925152538386677,0.029671575608622547,0.0017464230702498584,1.0,1.0
15.009,TE,55.0,65.0,61,0.9702827033860268,4.4036219115639597e-11,0.029717296569936935,0.9720417970835127,4.343758686076171e-11,0.02795820287304973,0.027958202873027638,0.02971729656992128,0.0017590936969092974,1.0,1.0
15.01,TE,55.0,65.0,61,0.9702367743781197,4.40726344308473e-11,0.02976322557780764,0.9720086547956787,4.347044946229062e-11,0.02799134516085089,0.02799134516085444,0.029763225577810304,0.0017718804169531976,1.0,1.0
15.011,TE,55.0,65.0,61,0.9701906354415707,4.410916076835747e-11,0.029809364514320147,0.971975419983773,4.350331206381952e-11,0.028024579972723673,0.028024579972717012,0.02980936451431493,0.001784784541603135,1.0,1.0
15.012,TE,55.0,65.0,61,0.9701442846713286,4.414568710586764e-11,0.029855715284525686,0.9719420920716694,4.3536174665348426e-11,0.028057907884794453,0.02805790788481133,0.029855715284537676,0.0017978073997143573,1.0,1.0
15.013,TE,55.0,65.0,61,0.9700977201389658,4.4182213443377805e-11,0.029902279816852007,0.9719086704778445,4.356914828917979e-11,0.02809132947858639,0.028091329478586613,0.02990227981685256,0.0018109503382653935,1.0,1.0
15.014,TE,55.0,65.0,61,0.9700509398924279,4.42189618254929e-11,0.029949060063353183,0.9718751546154701,4.360212191301116e-11,0.02812484534092774,0.028124845340942173,0.02994906006336373,0.0018242147224110106,1.0,1.0
15.015,TE,55.0,65.0,61,0.9700039419554858,4.425571020760799e-11,0.029996058000258508,0.9718415438921766,4.363509553684253e-11,0.02815845606418832,0.02815845606419365,0.02999605800026217,0.0018376019360648588,1.0,1.0
15.016,TE,55.0,65.0,61,0.9699567243276229,4.4292569612025545e-11,0.03004327562808451,0.9718078377101859,4.366818018297636e-11,0.028192162246145958,0.028192162246160946,0.03004327562809561,0.0018511133819235637,1.0,1.0
15.017,TE,55.0,65.0,61,0.9699092849834825,4.43294290164431e-11,0.03009071497218807,0.9717740354660299,4.370126482911019e-11,0.028225964490268818,0.028225964490263933,0.030090714972185406,0.0018647504819241378,1.0,1.0
15.018,TE,55.0,65.0,61,0.969861621872609,4.436639944316312e-11,0.030138378083024553,0.9717401365507334,4.373446049754648e-11,0.028259863405532104,0.028259863405554086,0.030138378083039874,0.0018785146774704664,1.0,1.0
15.019,TE,55.0,65.0,61,0.9698137329190016,4.4403369869883136e-11,0.030186267036594994,0.9717061403494968,4.376765616598277e-11,0.028293859606735583,0.02829385960674391,0.030186267036600656,0.001892407429851084,1.0,1.0
15.02,TE,55.0,65.0,61,0.9697656160207732,4.4440451318905616e-11,0.03023438393478639,0.9716720462418529,4.3800851834419063e-11,0.028327953714346266,0.028327953714362253,0.030234383934797715,0.001906430220424138,1.0,1.0
15.021,TE,55.0,65.0,61,0.969717269049715,4.4477532767928096e-11,0.030282730905807465,0.9716378536014338,4.383415852515782e-11,0.028362146354732,0.0283621463547421,0.030282730905814792,0.001920584551065363,1.0,1.0
15.022,TE,55.0,65.0,61,0.9696686898509665,4.45148362615555e-11,0.030331310104518616,0.9716035617959897,4.386746521589657e-11,0.028396438160142812,0.02839643816013815,0.03033131010451584,0.0019348719443804674,1.0,1.0
15.023,TE,55.0,65.0,61,0.969619876242548,4.455213975518291e-11,0.030380123712899887,0.9715691701873345,4.390077190663533e-11,0.028430829768764765,0.02843082976876321,0.030380123712898777,0.0019492939441366763,1.0,1.0
15.024,TE,55.0,65.0,61,0.969570826014965,4.458944324881031e-11,0.03042917394044553,0.9715346781312103,4.3934189619676545e-11,0.028465321824855505,0.028465321824845624,0.030429173940438203,0.0019638521155999067,1.0,1.0
15.025,TE,55.0,65.0,61,0.9695215369308524,4.462696878704264e-11,0.03047846302452062,0.971500084977271,4.396760733271776e-11,0.028499914978761365,0.028499914978757923,0.030478463024518065,0.001978548045762696,1.0,1.0
15.026,TE,55.0,65.0,61,0.969472006724423,4.466449432527497e-11,0.030527993230912487,0.9714653900689728,4.400113606806144e-11,0.028534609887026052,0.028534609887036377,0.03052799323091948,0.0019933833438761095,1.0,1.0
15.027,TE,55.0,65.0,61,0.9694222331011129,4.47020198635073e-11,0.030577766854185118,0.9714305927435113,4.403466480340512e-11,0.028569407212454045,0.02856940721242618,0.030577766854166355,0.002008359641758939,1.0,1.0
15.028,TE,55.0,65.0,61,0.9693722137372318,4.4739656424042096e-11,0.03062778621802853,0.9713956923318561,4.40681935387488e-11,0.02860430762407573,0.02860430762407329,0.030627786218027087,0.0020234785939552413,1.0,1.0
15.029,TE,55.0,65.0,61,0.9693219462792325,4.477740400687935e-11,0.03067805367599008,0.9713606881584118,4.4101833296394943e-11,0.028639311797486355,0.028639311797471367,0.030678053675979422,0.002038741878518713,1.0,1.0
15.03,TE,55.0,65.0,61,0.9692714283436069,4.4815151589716606e-11,0.030728571611577937,0.9713255795412804,4.4135473054041086e-11,0.028674420414584123,0.028674420414586788,0.03072857161158038,0.0020541511969911497,1.0,1.0
15.031,TE,55.0,65.0,61,0.9692206575161209,4.4853010194856324e-11,0.030779342439026136,0.9712903657919116,4.416911281168723e-11,0.02870963416391925,0.028709634163916475,0.030779342439023916,0.0020697082751096607,1.0,1.0
15.032,TE,55.0,65.0,61,0.9691696313515777,4.4890979822298505e-11,0.030830368603531277,0.9712550462151845,4.420286359163583e-11,0.02874495374061259,0.028744953740614032,0.030830368603532943,0.0020854148629172453,1.0,1.0
15.033,TE,55.0,65.0,61,0.9691183473730989,4.492906047204315e-11,0.030881652581972063,0.9712196201092331,4.423661437158444e-11,0.028780379846530257,0.02878037984652737,0.030881652581969066,0.0021012727354446925,1.0,1.0
15.034,TE,55.0,65.0,61,0.9690668030718733,4.496714112178779e-11,0.03093319688315954,0.9711840867654828,4.4270476173835505e-11,0.028815913190246678,0.028815913190262443,0.030933196883170755,0.0021172836928970984,1.0,1.0
15.035,TE,55.0,65.0,61,0.969014995906408,4.500522177153243e-11,0.03098500404858673,0.9711484454683762,4.430433797608657e-11,0.028851554487319464,0.028851554487315134,0.03098500404858362,0.0021334495612715942,1.0,1.0
15.036,TE,55.0,65.0,61,0.9689629233023291,4.504341344357954e-11,0.03103707665262745,0.9711126954955589,4.433819977833764e-11,0.028887304460102903,0.028887304460094354,0.03103707665262101,0.002149772192533095,1.0,1.0
15.037,TE,55.0,65.0,61,0.9689105826514984,4.5081716137929106e-11,0.031089417303419853,0.9710768361175471,4.437217260289117e-11,0.02892316383808069,0.028923163838047827,0.031089417303397537,0.0021662534653720256,1.0,1.0
15.038,TE,55.0,65.0,61,0.9688579713118223,4.512012985458114e-11,0.031142028643057595,0.9710408665978731,4.44061454274447e-11,0.028959133357720712,0.028959133357728706,0.03114202864306359,0.0021828952853288897,1.0,1.0
15.039,TE,55.0,65.0,61,0.9688050866064158,4.515865459353563e-11,0.0311949133484255,0.971004786192671,4.444022927430069e-11,0.028995213762888716,0.02899521376287828,0.031194913348418618,0.0021996995855472212,1.0,1.0
15.04,TE,55.0,65.0,61,0.9687519258233338,4.519717933249012e-11,0.031248074131469017,0.9709685941510048,4.4474313121156683e-11,0.029031405804520904,0.029031405804518018,0.03124807413146735,0.002216668326950999,1.0,1.0
15.041,TE,55.0,65.0,61,0.9686984862148167,4.523581509374708e-11,0.031301513739947495,0.9709322897144825,4.4508396968012676e-11,0.02906771024100907,0.029067710241030165,0.03130151373996237,0.0022338034989173305,1.0,1.0
15.042,TE,55.0,65.0,61,0.9686447649967039,4.5274450855004034e-11,0.031355234958021616,0.9708958721172233,4.454259183717113e-11,0.02910412783823413,0.029104127838228577,0.03135523495801695,0.002251107119793039,1.0,1.0
15.043,TE,55.0,65.0,61,0.9685907593481241,4.531319763856345e-11,0.031409240606562694,0.9708593405859055,4.4576786706329585e-11,0.029140659369517707,0.029140659369494726,0.03140924060654726,0.002268581237067968,1.0,1.0
15.044,TE,55.0,65.0,61,0.9685364664105568,4.535205544442533e-11,0.03146353354409115,0.9708226943395323,4.46110925977905e-11,0.02917730561585663,0.029177305615850857,0.03146353354408704,0.002286227928240292,1.0,1.0
15.045,TE,55.0,65.0,61,0.9684818832874457,4.5391024272589675e-11,0.03151811666716331,0.9707859325893519,4.464539848925142e-11,0.02921406736600274,0.029214067366015617,0.031518116667172524,0.0023040493011476926,1.0,1.0
15.046,TE,55.0,65.0,61,0.968427007043487,4.542999310075402e-11,0.03157299291108295,0.9707490545387804,4.46798154030148e-11,0.02925094541653983,0.029250945416535945,0.0315729929110804,0.002322047494547008,1.0,1.0
15.047,TE,55.0,65.0,61,0.9683718347041251,4.5469183973523286e-11,0.03162816525040568,0.9707120593834208,4.471412129447572e-11,0.029287940571865123,0.02928794057185813,0.03162816525040146,0.0023402246785475533,1.0,1.0
15.048,TE,55.0,65.0,61,0.96831636325479,4.5508374846292554e-11,0.031683636699701645,0.9706749463108127,4.474876025284402e-11,0.029325053644438492,0.029325053644448484,0.031683636699709194,0.0023585830552531606,1.0,1.0
15.049,TE,55.0,65.0,61,0.9682605896402636,4.554756571906182e-11,0.03173941031418881,0.9706377145003195,4.47831771666074e-11,0.029362285454897274,0.029362285454860082,0.03173941031416283,0.0023771248593287275,1.0,1.0
15.05,TE,55.0,65.0,61,0.9682045107641608,4.558686761413355e-11,0.031795489190252324,0.9706003631232895,4.4817705102673244e-11,0.02939963683189284,0.029399636831886955,0.03179548919024766,0.002395852358365369,1.0,1.0
15.051,TE,55.0,65.0,61,0.9681481234880748,4.5626280531507746e-11,0.031851876466298945,0.9705628913425713,4.485234406104155e-11,0.029437108612576313,0.02943710861257709,0.03185187646629917,0.0024147678537218553,1.0,1.0
15.052,TE,55.0,65.0,61,0.9680914246309635,4.56658044711844e-11,0.03190857532337066,0.9705252983127064,4.4886983019409854e-11,0.02947470164240662,0.029474701642399626,0.03190857532336544,0.0024338736809710326,1.0,1.0
15.053,TE,55.0,65.0,61,0.9680344109684976,4.570532841086106e-11,0.031965588985797044,0.9704875831797457,4.492162197777816e-11,0.029512416775332673,0.029512416775331674,0.031965588985795934,0.002453172210465371,1.0,1.0
15.054,TE,55.0,65.0,61,0.9679770792322634,4.5744963372840175e-11,0.03202292072199164,0.9704497450810802,4.4956371958448926e-11,0.029550254873963455,0.029550254873942916,0.03202292072197688,0.0024726658480487274,1.0,1.0
15.055,TE,55.0,65.0,61,0.9679194261091314,4.578482037942422e-11,0.03208057384508378,0.970411783145412,4.4991121939119694e-11,0.02958821680959689,0.029588216809600443,0.03208057384508545,0.002492357035483339,1.0,1.0
15.056,TE,55.0,65.0,61,0.9678614482404393,4.58245663637058e-11,0.03213855171373614,0.9703736964926067,4.502587191979046e-11,0.029626303462367387,0.029626303462351733,0.03213855171372548,0.002512248251384408,1.0,1.0
15.057,TE,55.0,65.0,61,0.9678031422212625,4.5864534392592304e-11,0.03219685773287295,0.9703354842336497,4.506073292276369e-11,0.029664515721289586,0.029664515721293694,0.03219685773287562,0.0025323420115792583,1.0,1.0
15.058,TE,55.0,65.0,61,0.9677445045996557,4.590450242147881e-11,0.032255495354439834,0.970297145470387,4.5095704948039383e-11,0.02970285448451726,0.029702854484506824,0.032255495354431396,0.0025526408699330094,1.0,1.0
15.059,TE,55.0,65.0,61,0.967685531875911,4.5944470450365316e-11,0.03231446807814453,0.9702586792956343,4.5130676973315076e-11,0.02974132065923507,0.029741320659256498,0.032314468078158964,0.0025731474188880332,1.0,1.0
15.06,TE,55.0,65.0,61,0.9676262205016026,4.598477154615921e-11,0.0323737794524126,0.9702200847927762,4.516564899859077e-11,0.029779915162058135,0.029779915162056247,0.03237377945241127,0.0025938642903563514,1.0,1.0
15.061,TE,55.0,65.0,61,0.9675665668790089,4.602496161965064e-11,0.032433433074966156,0.9701813610360176,4.5200732046168923e-11,0.02981863891878167,0.02981863891879455,0.03243343307497493,0.002614794156171607,1.0,1.0
15.062,TE,55.0,65.0,61,0.9675065673600721,4.606526271544453e-11,0.032493432593862615,0.9701425070898924,4.523581509374708e-11,0.029857492864871826,0.029857492864863167,0.03249343259385673,0.002635939728999448,1.0,1.0
15.063,TE,55.0,65.0,61,0.9674462182457018,4.610578585584335e-11,0.03255378170819245,0.9701035220094357,4.527089814132523e-11,0.029896477945293376,0.029896477945307587,0.03255378170820278,0.002657303762884866,1.0,1.0
15.064,TE,55.0,65.0,61,0.9673855157847576,4.6146197973939707e-11,0.03261448416909618,0.9700644048398263,4.530609221120585e-11,0.029935595114867652,0.029935595114873093,0.032614484169100066,0.002678889054223088,1.0,1.0
15.065,TE,55.0,65.0,61,0.9673244561733588,4.618683213664099e-11,0.03267554378045434,0.9700251546164966,4.534150832569139e-11,0.02997484533816186,0.02997484533814221,0.03267554378044002,0.0027006984423121327,1.0,1.0
15.066,TE,55.0,65.0,61,0.9672630355538773,4.622757732164473e-11,0.03273696439989515,0.9699857703648829,4.537670239557201e-11,0.030014229589740427,0.030014229589742647,0.032736964399897484,0.002722734810152505,1.0,1.0
15.067,TE,55.0,65.0,61,0.9672012500139284,4.6268322506648474e-11,0.03279874993980325,0.9699462511002107,4.541211851005755e-11,0.03005374885437717,0.030053748854375395,0.03279874993980203,0.002745001085427856,1.0,1.0
15.068,TE,55.0,65.0,61,0.9671390955857052,4.630917871395468e-11,0.03286090436798561,0.9699065958275993,4.544742360224063e-11,0.03009340412695327,0.030093404126961487,0.03286090436799183,0.0027675002410241234,1.0,1.0
15.069,TE,55.0,65.0,61,0.9670765682447323,4.635025696586581e-11,0.03292343170891743,0.969866803541692,4.548295073902864e-11,0.03013319641282508,0.030133196412826857,0.03292343170891865,0.0027902352960905707,1.0,1.0
15.07,TE,55.0,65.0,61,0.9670136639090824,4.639133521777694e-11,0.03298633604452628,0.969826873226705,4.551836685351418e-11,0.03017312672777661,0.030173126727768174,0.03298633604452006,0.002813209316758103,1.0,1.0
15.071,TE,55.0,65.0,61,0.9669503784383943,4.643241346968807e-11,0.03304962151517332,0.9697868038562532,4.5553893990302186e-11,0.03021319609819295,0.03021319609822004,0.03304962151519253,0.002836425416953281,1.0,1.0
15.072,TE,55.0,65.0,61,0.966886707632662,4.647371376620413e-11,0.03311329232086424,0.9697465943930668,4.558953214939265e-11,0.030253405561343705,0.030253405561354585,0.03311329232087179,0.0028598867595096555,1.0,1.0
15.073,TE,55.0,65.0,61,0.9668226472314712,4.6515125085022646e-11,0.03317735272201372,0.9697062437890913,4.562517030848312e-11,0.030293756165283514,0.030293756165306496,0.03317735272203015,0.002883596556707224,1.0,1.0
15.074,TE,55.0,65.0,61,0.9667581929127307,4.65564253815387e-11,0.03324180704071289,0.9696657509851435,4.566080846757359e-11,0.030334248969195676,0.0303342489691949,0.03324180704071267,0.0029075580715179905,1.0,1.0
15.075,TE,55.0,65.0,61,0.9666933402917888,4.659794772265968e-11,0.03330665966161328,0.9696251149109683,4.569655764896652e-11,0.030374885043335187,0.030374885043346622,0.03330665966162161,0.002931774618266658,1.0,1.0
15.076,TE,55.0,65.0,61,0.9666280849201567,4.663969210838559e-11,0.03337191503320358,0.9695843344848709,4.573241785266191e-11,0.03041566546939667,0.030415665469383124,0.033371915033194255,0.0029562495638204567,1.0,1.0
15.077,TE,55.0,65.0,61,0.9665624222845095,4.668132547180903e-11,0.03343757766880917,0.9695434086137421,4.5768278056357303e-11,0.030456591340489614,0.030456591340477845,0.033437577668800955,0.0029809863283313254,1.0,1.0
15.078,TE,55.0,65.0,61,0.9664963478055426,4.67231808798374e-11,0.03350365214773421,0.9695023361928863,4.5804138260052696e-11,0.03049766376130958,0.030497663761323124,0.03350365214774398,0.003005988386411085,1.0,1.0
15.079,TE,55.0,65.0,61,0.9664298568367046,4.676503628786577e-11,0.03357014311653039,0.969461116105733,4.583999846374809e-11,0.030538883848426956,0.030538883848439946,0.03357014311653961,0.003031259268090447,1.0,1.0
15.08,TE,55.0,65.0,61,0.9663629446631606,4.680711374049906e-11,0.03363705529003225,0.9694197472239025,4.5876080712048406e-11,0.03058025273022147,0.03058025273023013,0.03363705529003824,0.0030568025598021187,1.0,1.0
15.081,TE,55.0,65.0,61,0.9662956065004745,4.6849191193132356e-11,0.033704393452676285,0.9693782284068859,4.591205193804626e-11,0.030621771547202026,0.030621771547227783,0.0337043934526946,0.0030826219054485016,1.0,1.0
15.082,TE,55.0,65.0,61,0.9662278374933936,4.6891490690370574e-11,0.03377216245971493,0.9693365585019191,4.594813418634658e-11,0.030663441452132734,0.030663441452119966,0.033772162459706045,0.003108721007594961,1.0,1.0
15.083,TE,55.0,65.0,61,0.966159632714668,4.693367916530633e-11,0.03384036723839834,0.969294736343939,4.598432745694936e-11,0.03070526361007664,0.030705263610055877,0.033840367238385016,0.0031351036283424616,1.0,1.0
15.084,TE,55.0,65.0,61,0.9660909871635964,4.697608968484701e-11,0.033909012789427484,0.9692527607552686,4.6020409705249676e-11,0.03074723919871103,0.030747239198708476,0.03390901278942471,0.003161773590719008,1.0,1.0
15.085,TE,55.0,65.0,61,0.9660218957648872,4.701872224899262e-11,0.033978104188094105,0.9692106305454842,4.605682502045738e-11,0.030789369408459,0.030789369408454004,0.03397810418809022,0.003188734779640101,1.0,1.0
15.086,TE,55.0,65.0,61,0.9659523533671979,4.706124379083576e-11,0.03404764658574089,0.9691683445113438,4.6093129313362624e-11,0.030831655442563055,0.030831655442581374,0.03404764658575443,0.0032159911431595134,1.0,1.0
15.087,TE,55.0,65.0,61,0.9658823547417773,4.710398737728383e-11,0.03411764521111871,0.9691259014364816,4.6129433606267867e-11,0.03087409851738898,0.030874098517367998,0.03411764521110383,0.0032435466937507096,1.0,1.0
15.088,TE,55.0,65.0,61,0.9658118945811938,4.714684198603436e-11,0.034188105371659394,0.9690833000914315,4.616584892147557e-11,0.03091669986240264,0.030916699862407748,0.0341881053716635,0.003271405509251646,1.0,1.0
15.089,TE,55.0,65.0,61,0.9657409674977075,4.7189807617087354e-11,0.034259032455102645,0.9690405392332001,4.620226423668328e-11,0.03095946072059763,0.030959460720608956,0.03425903245511108,0.0032995717344936892,1.0,1.0
15.09,TE,55.0,65.0,61,0.9656695680219313,4.723277324814035e-11,0.03433043193083596,0.9689976176052707,4.6238790574193445e-11,0.03100238234849051,0.031002382348504387,0.03433043193084517,0.0033280495823315714,1.0,1.0
15.091,TE,55.0,65.0,61,0.9655976906013495,4.7275960923798266e-11,0.03440230935137456,0.9689545339373783,4.627531691170361e-11,0.03104546601634639,0.031045466016339618,0.03440230935136923,0.0033568433350349425,1.0,1.0
15.092,TE,55.0,65.0,61,0.965525329598769,4.731925962175865e-11,0.03447467035391172,0.9689112869453365,4.6312065293818705e-11,0.031088713008351476,0.031088713008347924,0.0344746703539085,0.003385957345563795,1.0,1.0
15.093,TE,55.0,65.0,61,0.9654524792907017,4.7362447297416566e-11,0.03454752066193589,0.968867875330789,4.6348702653631335e-11,0.0311321246228623,0.031132124622844093,0.034547520661922904,0.0034153960390918003,1.0,1.0
15.094,TE,55.0,65.0,61,0.9653791338659004,4.740596803998187e-11,0.03462086608669368,0.9688242977811511,4.638545103574643e-11,0.03117570217246346,0.031175702172454356,0.03462086608668635,0.0034451639142393242,1.0,1.0
15.095,TE,55.0,65.0,61,0.9653052874236606,4.744959980484964e-11,0.03469471252888978,0.9687805529692876,4.642219941786152e-11,0.031219446984290244,0.031219446984305566,0.034694712528900884,0.003475265544584216,1.0,1.0
15.096,TE,55.0,65.0,61,0.9652309339721338,4.749323156971741e-11,0.03476906598037299,0.9687366395533132,4.645894779997661e-11,0.03126336040022781,0.03126336040023814,0.034769065980380764,0.0035057055801348547,1.0,1.0
15.097,TE,55.0,65.0,61,0.9651560674267086,4.75370853791901e-11,0.03484393252575435,0.9686925561765373,4.649580720439417e-11,0.031307443776966926,0.03130744377696648,0.03484393252575324,0.0035364887487878693,1.0,1.0
15.098,TE,55.0,65.0,61,0.9650806816082871,4.7580939188662796e-11,0.03491931834413198,0.9686483014671764,4.653288865341665e-11,0.03135169848629071,0.031351698486291824,0.03491931834413209,0.003567619857840154,1.0,1.0
15.099,TE,55.0,65.0,61,0.9650047702414293,4.7625015042740415e-11,0.03499522971094571,0.9686038740381168,4.6569859080136666e-11,0.03139612591531338,0.03139612591532304,0.03499522971095226,0.0035991037956226712,1.0,1.0
15.1,TE,55.0,65.0,61,0.9649283269525905,4.7669090896818034e-11,0.035071672999740455,0.9685592724867387,4.6606829506856684e-11,0.031440727466654494,0.03144072746666948,0.035071672999751224,0.003630945533070973,1.0,1.0
15.101,TE,55.0,65.0,61,0.9648513452683034,4.771338879550058e-11,0.035148654683983205,0.9685144953946915,4.6644021978181627e-11,0.0314855045586645,0.03148550455865795,0.03514865468397821,0.003663150125325254,1.0,1.0
15.102,TE,55.0,65.0,61,0.9647738186133205,4.775768669418312e-11,0.03522618133892186,0.9684695413278266,4.668110342720411e-11,0.03153045862549231,0.03153045862548676,0.035226181338917084,0.003695722713435101,1.0,1.0
15.103,TE,55.0,65.0,61,0.9646957403085932,4.780220663747059e-11,0.03530425964360462,0.9684244088357208,4.671829589852905e-11,0.03157559111756092,0.03157559111754771,0.03530425964359507,0.003728668526056911,1.0,1.0
15.104,TE,55.0,65.0,61,0.9646171035693551,4.784683760306052e-11,0.03538289638279801,0.9683790964516498,4.675571041445892e-11,0.03162090350159452,0.031620903501596964,0.03538289638279868,0.0037619928812010484,1.0,1.0
15.105,TE,55.0,65.0,61,0.9645379015031006,4.789146856865045e-11,0.03546209844900794,0.9683336026922913,4.679301390808632e-11,0.03166639726091569,0.03166639726093268,0.03546209844902026,0.0037957011880752622,1.0,1.0
15.106,TE,55.0,65.0,61,0.9644581271075046,4.793632157884531e-11,0.03554187284455912,0.9682879260574971,4.683042842401619e-11,0.03171207389567243,0.031712073895678206,0.035541872844563005,0.0038297989488809137,1.0,1.0
15.107,TE,55.0,65.0,61,0.96437777326841,4.798128561134263e-11,0.035622226683608704,0.9682420650301264,4.686784293994606e-11,0.031757934923005715,0.03175793492300205,0.03562222668360615,0.003864291760606653,1.0,1.0
15.108,TE,55.0,65.0,61,0.9642968327575806,4.802636066614241e-11,0.03570316719439304,0.9681960180757502,4.6905257455875926e-11,0.03180398187734457,0.031803981877361776,0.03570316719440425,0.003899185317031262,1.0,1.0
15.109,TE,55.0,65.0,61,0.9642152982304978,4.807154674324465e-11,0.03578470172143067,0.9681497836423821,4.694289401641072e-11,0.03185021631067497,0.03185021631067553,0.03578470172143133,0.00393448541075514,1.0,1.0
15.11,TE,55.0,65.0,61,0.9641331622241855,4.811695486495182e-11,0.0358668377276975,0.9681033601603304,4.698053057694551e-11,0.031896639792689085,0.031896639792689974,0.03586683772769861,0.0039701979350075245,1.0,1.0
15.111,TE,55.0,65.0,61,0.9640504171548765,4.816225196435653e-11,0.035949582796961255,0.9680567460419294,4.7018167137480305e-11,0.03194325391105246,0.031943253911049685,0.0359495827969597,0.00400632888591157,1.0,1.0
15.112,TE,55.0,65.0,61,0.9639670553156252,4.820788213066862e-11,0.03603294463616691,0.9680099396811587,4.705591472031756e-11,0.031990060271785414,0.031990060271762655,0.036032944636152586,0.004042884364404253,1.0,1.0
15.113,TE,55.0,65.0,61,0.9638830688739615,4.825362331928318e-11,0.03611693107778491,0.9679629394536425,4.7093662303154815e-11,0.0320370604992638,0.03203706049927002,0.03611693107778968,0.004079870578514888,1.0,1.0
15.114,TE,55.0,65.0,61,0.9637984498693707,4.8299364507897735e-11,0.03620155008232995,0.9679157437161069,4.7131631930596996e-11,0.03208425623676148,0.032084256236763364,0.036201550082331835,0.004117293845566583,1.0,1.0
15.115,TE,55.0,65.0,61,0.9637131902108353,4.8345327741117217e-11,0.036286809740819326,0.9678683508063417,4.7169490535736713e-11,0.032131649146488805,0.03213164914647437,0.03628680974080978,0.004155160594344953,1.0,1.0
15.116,TE,55.0,65.0,61,0.9636272816742469,4.839140199663916e-11,0.03637271827736166,0.9678207590428528,4.7207460163178894e-11,0.03217924090993973,0.032179240909948836,0.036372718277367766,0.004193477367412823,1.0,1.0
15.117,TE,55.0,65.0,61,0.9635407158997296,4.843758727446357e-11,0.03645928405183285,0.9677729667245274,4.7245429790621074e-11,0.032227033228227175,0.03222703322824705,0.036459284051847396,0.004232250823585804,1.0,1.0
15.118,TE,55.0,65.0,61,0.9634534843889462,4.84839945968929e-11,0.036546515562569826,0.9677249721304283,4.728362146266818e-11,0.03227502782228808,0.032275027822267544,0.036546515562554616,0.004271487740302282,1.0,1.0
15.119,TE,55.0,65.0,61,0.9633655785024882,4.853040191932223e-11,0.036634421448981436,0.9676767735196014,4.732170211241282e-11,0.032323226433076946,0.032323226433056074,0.03663442144896745,0.004311195015925362,1.0,1.0
15.12,TE,55.0,65.0,61,0.9632769894568743,4.8576920264054024e-11,0.036723010494548736,0.9676283691306202,4.735989378445993e-11,0.03237163082201988,0.032371630822019215,0.03672301049454729,0.004351379672529521,1.0,1.0
15.121,TE,55.0,65.0,61,0.9631877083216858,4.8623660653390743e-11,0.036812291629690574,0.9675797571813485,4.7398196478809496e-11,0.03242024277125333,0.03242024277126987,0.0368122916297009,0.004392048858420705,1.0,1.0
15.122,TE,55.0,65.0,61,0.9630977260167123,4.867062308733239e-11,0.03690227393461709,0.9675309358687082,4.7436610195461526e-11,0.03246906408385519,0.03246906408385364,0.036902273934615204,0.004433209850763453,1.0,1.0
15.123,TE,55.0,65.0,61,0.9630070333088804,4.871758552127403e-11,0.036992966642402036,0.9674819033683344,4.7474912889811094e-11,0.03251809658419069,0.032518096584172484,0.0369929666423896,0.004474870058229552,1.0,1.0
15.124,TE,55.0,65.0,61,0.9629156208091734,4.87647699998206e-11,0.03708437914206186,0.967432657834345,4.7513326606463124e-11,0.03256734211814172,0.032567342118132725,0.037084379142056534,0.004517037023929138,1.0,1.0
15.125,TE,55.0,65.0,61,0.9628234789693564,4.881195447836717e-11,0.03717652098183166,0.9673831973988576,4.755196236772008e-11,0.03261680255359045,0.03261680255357724,0.03717652098182267,0.004559718428254422,1.0,1.0
15.126,TE,55.0,65.0,61,0.9627305980789291,4.8859361001518664e-11,0.037269401872211505,0.967333520171879,4.759048710667457e-11,0.0326664797805305,0.032666479780527835,0.037269401872209396,0.00460292209168367,1.0,1.0
15.127,TE,55.0,65.0,61,0.9626369682616334,4.8906989569275083e-11,0.03736303168945965,0.9672836242408529,4.762912286793153e-11,0.032716375711517975,0.032716375711517975,0.03736303168946031,0.004646655977941672,1.0,1.0
15.128,TE,55.0,65.0,61,0.9625425794721465,4.8954729159333965e-11,0.03745742047889877,0.967233507670381,4.7667758629188484e-11,0.032766492281951276,0.03276649228194273,0.037457420478892334,0.004690928196956046,1.0,1.0
15.129,TE,55.0,65.0,61,0.9624474214925983,4.900246874939285e-11,0.03755257845839921,0.96718316850192,4.7706616435050364e-11,0.032816831450373396,0.03281683145035397,0.03755257845838522,0.0047357470080452435,1.0,1.0
15.13,TE,55.0,65.0,61,0.9623514839289947,4.9050430384056654e-11,0.03764851602195485,0.9671326047534444,4.774536321860978e-11,0.03286739519881021,0.03286739519883053,0.03764851602196906,0.0047811208231243185,1.0,1.0
15.131,TE,55.0,65.0,61,0.9622547562074436,4.909850304102292e-11,0.03774524374345789,0.9670818144189314,4.778422102447166e-11,0.032918185533284405,0.0329181855332783,0.03774524374345356,0.004827058210179591,1.0,1.0
15.132,TE,55.0,65.0,61,0.9621572275707114,4.914690876489658e-11,0.037842772380141665,0.9670307954683472,4.782330087493847e-11,0.03296920448382945,0.032969204483825454,0.037842772380137446,0.004873567896316211,1.0,1.0
15.133,TE,55.0,65.0,61,0.9620588870741456,4.9195314488770236e-11,0.03794111287665913,0.966979545847007,4.786226970310281e-11,0.03302045410513077,0.03302045410512522,0.03794111287665469,0.0049206587715339145,1.0,1.0
15.134,TE,55.0,65.0,61,0.961959723581777,4.9243831234946356e-11,0.03804027636897922,0.9669280634753671,4.7901238531267154e-11,0.03307193647673168,0.03307193647674067,0.0380402763689861,0.004968339892238549,1.0,1.0
15.135,TE,55.0,65.0,61,0.9618597257624288,4.92925700257274e-11,0.03814027418827859,0.9668763462485517,4.7940540426338885e-11,0.03312365370350778,0.033123653703500566,0.038140274188272594,0.005016620484778023,1.0,1.0
15.136,TE,55.0,65.0,61,0.9617588820854831,4.934141983881091e-11,0.03824111786517548,0.9668243920361337,4.797962027680569e-11,0.033175607915886696,0.033175607915886696,0.03824111786517548,0.005065509949288782,1.0,1.0
15.137,TE,55.0,65.0,61,0.9616571808167456,4.9390380674196876e-11,0.03834281913386406,0.9667721986815826,4.801892217187742e-11,0.03322780127039848,0.03322780127038094,0.03834281913385196,0.005115017863483118,1.0,1.0
15.138,TE,55.0,65.0,61,0.9615546100140955,4.9439674576490233e-11,0.03844538993646485,0.9667197640020435,4.8058335089251614e-11,0.03328023594989815,0.0332802359499037,0.03844538993646862,0.005165153986561144,1.0,1.0
15.139,TE,55.0,65.0,61,0.9614511575229697,4.948896847878359e-11,0.03854884242754131,0.9666670857878217,4.8097636984323344e-11,0.033332914164080685,0.03333291416408646,0.03854884242754586,0.00521592826345485,1.0,1.0
15.14,TE,55.0,65.0,61,0.9613468109719879,4.953837340337941e-11,0.038653188978473696,0.9666141618020183,4.813727194630246e-11,0.033385838149844416,0.03338583814985052,0.03865318897847758,0.005267350828623174,1.0,1.0
15.141,TE,55.0,65.0,61,0.9612415577682069,4.958811139488262e-11,0.03875844218220503,0.9665609897802306,4.8176684863676655e-11,0.033439010171592676,0.03343901017160367,0.03875844218221203,0.005319432010601366,1.0,1.0
15.142,TE,55.0,65.0,61,0.9611353850923585,4.9637849386385824e-11,0.03886461485800363,0.9665075674299327,4.8216319825655773e-11,0.03349243252185097,0.03349243252183898,0.03886461485799553,0.005372182336164655,1.0,1.0
15.143,TE,55.0,65.0,61,0.9610282798939846,4.968792044479642e-11,0.03897172005632743,0.9664538924302942,4.8256065809937354e-11,0.03354610752144971,0.03354610752143239,0.03897172005631511,0.005425612534895041,1.0,1.0
15.144,TE,55.0,65.0,61,0.9609202288864169,4.973799150320701e-11,0.03907977106384508,0.9663999624316055,4.829570077191647e-11,0.03360003752009877,0.03360003752009255,0.03907977106384197,0.00547973354375253,1.0,1.0
15.145,TE,55.0,65.0,61,0.9608112185416111,4.9788395628524995e-11,0.03918878140860049,0.9663457750548445,4.8335557778500515e-11,0.033654224896819906,0.033654224896815355,0.03918878140859683,0.005534556511785138,1.0,1.0
15.146,TE,55.0,65.0,61,0.960701235084961,4.983879975384298e-11,0.03929876486520023,0.9662913278912963,4.837541478508456e-11,0.03370867206032824,0.033708672060344114,0.03929876486521122,0.005590092804856117,1.0,1.0
15.147,TE,55.0,65.0,61,0.9605902644898219,4.9889425923765884e-11,0.0394097354602887,0.9662366185021177,4.84152717916686e-11,0.033763381449467,0.033763381449466556,0.039409735460288475,0.005646354010822141,1.0,1.0
15.148,TE,55.0,65.0,61,0.9604782924719967,4.9940274138293717e-11,0.03952170747806305,0.9661816444177794,4.845535084285757e-11,0.03381835553376522,0.0338183555337781,0.03952170747807249,0.005703351944284951,1.0,1.0
15.149,TE,55.0,65.0,61,0.9603653044840575,4.999123337512401e-11,0.03963469546595122,0.9661264031377164,4.849542989404654e-11,0.03387359681378821,0.033873596813770446,0.039634695465940784,0.005761098652180774,1.0,1.0
15.15,TE,55.0,65.0,61,0.9602512857095362,5.004230363425677e-11,0.03974871424042148,0.9660708921298298,4.853561996753797e-11,0.03392910782163461,0.03392910782164138,0.03974871424042514,0.005819606418780099,1.0,1.0
15.151,TE,55.0,65.0,61,0.9601362210569407,5.009359593799445e-11,0.03986377889296566,0.9660151088299276,4.85758100410294e-11,0.03398489112149661,0.033984891121490945,0.03986377889296078,0.005878887771474717,1.0,1.0
15.152,TE,55.0,65.0,61,0.9600200951535921,5.014511028633706e-11,0.03997990479626279,0.9659590506413587,4.861611113682329e-11,0.034040949310025215,0.03404094931001489,0.039979904796256016,0.005938955486247899,1.0,1.0
15.153,TE,55.0,65.0,61,0.9599028923393742,5.019684667928459e-11,0.04009710761042895,0.965902714934413,4.8656412232617186e-11,0.034097285016930545,0.03409728501691689,0.04009710761042029,0.005999822593512061,1.0,1.0
15.154,TE,55.0,65.0,61,0.9597845966602389,5.024858307223212e-11,0.040215403289512563,0.9658460990458727,4.8696935373016004e-11,0.03415390090543036,0.03415390090543147,0.04021540328951423,0.006061502384081097,1.0,1.0
15.155,TE,55.0,65.0,61,0.9596651918616382,5.0300763554389505e-11,0.040334808088061,0.9657892002784466,4.873734749111236e-11,0.03421079967281604,0.03421079967283125,0.04033480808807011,0.006124008415229754,1.0,1.0
15.156,TE,55.0,65.0,61,0.9595446613816674,5.035294403654689e-11,0.04045533856797967,0.9657320159003355,4.877798165381364e-11,0.03426798405088649,0.03426798405088449,0.04045533856797845,0.006187354517095178,1.0,1.0
15.157,TE,55.0,65.0,61,0.9594229883441386,5.0405346563309195e-11,0.040577011605456015,0.9656745431446049,4.881861581651492e-11,0.034325456806576504,0.03432545680657528,0.04057701160545468,0.006251554798880732,1.0,1.0
15.158,TE,55.0,65.0,61,0.9593001555513605,5.0457860112373965e-11,0.04069984439818164,0.9656167792086847,4.8859361001518664e-11,0.03438322074245592,0.03438322074244682,0.0406998443981742,0.006316623655734821,1.0,1.0
15.159,TE,55.0,65.0,61,0.9591761454768593,5.051070672834612e-11,0.04082385447263004,0.9655587212538334,4.890010618652241e-11,0.03444127869726654,0.03444127869726277,0.04082385447262671,0.006382575775367272,1.0,1.0
15.16,TE,55.0,65.0,61,0.9590509402577788,5.056366436662074e-11,0.04094905969165752,0.9655003664045329,4.8941073416131076e-11,0.034499633546526076,0.03449963354652463,0.04094905969165663,0.006449426145132886,1.0,1.0
15.161,TE,55.0,65.0,61,0.9589245216871297,5.0616733027197824e-11,0.04107547826225355,0.9654417117479148,4.898192962343728e-11,0.03455828820310325,0.03455828820309603,0.04107547826224789,0.006517190059157518,1.0,1.0
15.162,TE,55.0,65.0,61,0.9587968712058424,5.0670134754682294e-11,0.041203128743487416,0.9653827543332347,4.902300787534841e-11,0.034617245617742265,0.03461724561773338,0.04120312874348209,0.006585883125754033,1.0,1.0
15.163,TE,55.0,65.0,61,0.9586679698946349,5.072364750446923e-11,0.04133203005464148,0.9653234911712211,4.906397510495708e-11,0.034676508779714954,0.03467650877971662,0.04133203005464381,0.006655521274924858,1.0,1.0
15.164,TE,55.0,65.0,61,0.958537798465502,5.0777382298861085e-11,0.041462201483720595,0.9652639192334819,4.9105275401473136e-11,0.034736080717412854,0.03473608071741785,0.0414622014837247,0.006726120766302746,1.0,1.0
15.165,TE,55.0,65.0,61,0.9584063372532244,5.083133913785787e-11,0.04159366269594422,0.9652040354518778,4.914635365338427e-11,0.03479596449897582,0.03479596449896316,0.04159366269593501,0.006797698196981061,1.0,1.0
15.166,TE,55.0,65.0,61,0.9582735662065051,5.0885518021459575e-11,0.041726433742609426,0.965143836717997,4.9187764972202785e-11,0.03485616323281526,0.03485616323282292,0.0417264337426142,0.0068702705097865024,1.0,1.0
15.167,TE,55.0,65.0,61,0.9581394648787097,5.0939807927363745e-11,0.04186053507035048,0.9650833198823399,4.922906526871884e-11,0.03491668006843107,0.03491668006844795,0.04186053507036125,0.0069438550019025325,1.0,1.0
15.168,TE,55.0,65.0,61,0.9580040124186928,5.099431987787284e-11,0.04199598753031286,0.9650224817537265,4.927058760983982e-11,0.0349775181970029,0.034977518197000235,0.04199598753031031,0.007018469333312627,1.0,1.0
15.169,TE,55.0,65.0,61,0.9578671875611721,5.104905387298686e-11,0.042132812387778884,0.964961319098832,4.9312220973263265e-11,0.0350386808518558,0.03503868085187656,0.04213281238779332,0.007094131535902326,1.0,1.0
15.17,TE,55.0,65.0,61,0.9577289686166378,5.1104009912705806e-11,0.04227103133225818,0.9648998286411167,4.9353743314384246e-11,0.03510017130952958,0.0351001713095177,0.042271031332248854,0.007170860022740477,1.0,1.0
15.171,TE,55.0,65.0,61,0.9575893334615886,5.1159187997029676e-11,0.042410666487252224,0.9648380070605748,4.939548770011015e-11,0.03516199289002975,0.03516199289001065,0.0424106664872379,0.007248673597241573,1.0,1.0
15.172,TE,55.0,65.0,61,0.9574482595277806,5.121458812595847e-11,0.04255174042100485,0.9647758509927227,4.943723208583606e-11,0.035224148957840096,0.03522414895784087,0.042551740421005624,0.007327591463163974,1.0,1.0
15.173,TE,55.0,65.0,61,0.9573057237915947,5.127021029949219e-11,0.04269427615713506,0.9647133570279732,4.9479087493864427e-11,0.035286642922547684,0.03528664292256578,0.04269427615714727,0.0074076332345692775,1.0,1.0
15.174,TE,55.0,65.0,61,0.9571617027630416,5.1325943495328374e-11,0.04283829718563248,0.9646505217109235,4.952105392419526e-11,0.035349478239555476,0.03534947823956813,0.04283829718564136,0.007488818946064346,1.0,1.0
15.175,TE,55.0,65.0,61,0.9570161724744322,5.1382009758071945e-11,0.04298382747418583,0.9645873415396622,4.956313137682855e-11,0.03541265841077468,0.03541265841079011,0.04298382747419727,0.007571169063395722,1.0,1.0
15.176,TE,55.0,65.0,61,0.9568691084686674,5.143829806542044e-11,0.04313089147989435,0.9645238129648933,4.960509780715938e-11,0.03547618698550159,0.0354761869854775,0.043130891479878475,0.007654704494416853,1.0,1.0
15.177,TE,55.0,65.0,61,0.9567204857873602,5.14946973950714e-11,0.04327951416114506,0.9644599323893408,4.964728628209514e-11,0.03554006756101191,0.03554006756101624,0.04327951416114917,0.007739446600128819,1.0,1.0
15.178,TE,55.0,65.0,61,0.9565702789583396,5.1551540813932206e-11,0.04342972099010889,0.964395696166737,4.9689585779333356e-11,0.03560430378357338,0.035604303783586255,0.04342972099011766,0.007825417206522634,1.0,1.0
15.179,TE,55.0,65.0,61,0.9564184619830918,5.1608384232793014e-11,0.043581537965299844,0.9643311006012221,4.973199629887404e-11,0.035668899349045935,0.03566889934904449,0.043581537965299066,0.007912638616255352,1.0,1.0
15.18,TE,55.0,65.0,61,0.9562650083236734,5.166556071856121e-11,0.04373499162466099,0.9642661419464291,4.9774295796112256e-11,0.03573385800379658,0.03573385800379658,0.04373499162465966,0.008001133620864409,1.0,1.0
15.181,TE,55.0,65.0,61,0.9561098908893211,5.172295924893433e-11,0.04389010905895596,0.9642008164047009,4.98168173379554e-11,0.03579918354548228,0.03579918354549183,0.04389010905896229,0.008090925513464131,1.0,1.0
15.182,TE,55.0,65.0,61,0.9559530820225063,5.1780579823912376e-11,0.044046917925713136,0.9641351201261756,4.9859449902101005e-11,0.03586487982396491,0.035864879823963025,0.04404691792571158,0.008182038101750111,1.0,1.0
15.183,TE,55.0,65.0,61,0.9557945534849651,5.183864448810027e-11,0.04420544646319624,0.9640690492080468,4.990208246624661e-11,0.035930950742051104,0.03593095074205521,0.04420544646319846,0.008274495721141029,1.0,1.0
15.184,TE,55.0,65.0,61,0.9556342764427997,5.189670915228817e-11,0.044365723505303545,0.9640025996935376,4.994482605269468e-11,0.03599740025651754,0.03599740025650977,0.04436572350530055,0.008368323248793774,1.0,1.0
15.185,TE,55.0,65.0,61,0.9554722214515323,5.195510688338345e-11,0.04452777849651257,0.9639357675710977,4.998768066144521e-11,0.03606423237891465,0.036064232378921424,0.044527778496516124,0.008463546117591147,1.0,1.0
15.186,TE,55.0,65.0,61,0.9553083584406808,5.201372665908366e-11,0.044691641507305424,0.9638685487734932,5.0030646292498204e-11,0.036131451176476204,0.03613145117646821,0.04469164150730176,0.008560190330837214,1.0,1.0
15.187,TE,55.0,65.0,61,0.9551426566976415,5.207256847938879e-11,0.0448573432502859,0.9638009391768567,5.00736119235512e-11,0.03619906077306967,0.03619906077308899,0.04485734325029955,0.00865828247719691,1.0,1.0
15.188,TE,55.0,65.0,61,0.9549750848513321,5.213163234429885e-11,0.04502491509653628,0.9637329345996674,5.0116688576906654e-11,0.036267065350215955,0.03626706535022428,0.04502491509654216,0.008757849746311996,1.0,1.0
15.189,TE,55.0,65.0,61,0.9548056108552937,5.2191029276116296e-11,0.045194389092515275,0.9636645308019255,5.015987625256457e-11,0.036335469147914634,0.03633546914792363,0.045194389092520826,0.008858919944591648,1.0,1.0
15.19,TE,55.0,65.0,61,0.9546342019701931,5.225064825253867e-11,0.045365797977556244,0.9635957234840653,5.0203174950524954e-11,0.03640427646573152,0.036404276465729746,0.04536579797755502,0.008961521511826498,1.0,1.0
15.191,TE,55.0,65.0,61,0.9544608247458926,5.2310600295868426e-11,0.045539175201796844,0.9635265082859739,5.0246473648485335e-11,0.03647349166377967,0.03647349166377589,0.045539175201794846,0.009065683538020952,1.0,1.0
15.192,TE,55.0,65.0,61,0.9542854450028924,5.237077438380311e-11,0.04571455494473686,0.9634568807859766,5.028988336874818e-11,0.03654311916373354,0.036543119163739646,0.045714554944740415,0.009171435780997217,1.0,1.0
15.193,TE,55.0,65.0,61,0.9541080278133863,5.243117051634272e-11,0.0458919721341825,0.9633868364997471,5.0333404111313484e-11,0.036613163449919495,0.03661316344992438,0.04589197213418594,0.009278808684258122,1.0,1.0
15.194,TE,55.0,65.0,61,0.953928537481478,5.2491899715789714e-11,0.04607146246603011,0.9633163708793111,5.037703587618125e-11,0.03668362907031186,0.03668362907031386,0.04607146246603,0.00938783339571625,1.0,1.0
15.195,TE,55.0,65.0,61,0.9537469375230931,5.2552850959841635e-11,0.04625306242435401,0.963245479311909,5.0420778663351484e-11,0.03675452063767026,0.03675452063767548,0.04625306242435867,0.009498541786678527,1.0,1.0
15.196,TE,55.0,65.0,61,0.9535631906449031,5.2614135270800944e-11,0.04643680930248273,0.9631741571188754,5.046463247282418e-11,0.03682584283065993,0.036825842830651045,0.04643680930247607,0.009610966471831683,1.0,1.0
15.197,TE,55.0,65.0,61,0.9533772587231046,5.267564162636518e-11,0.04662274122421972,0.9631023995546081,5.050848628229687e-11,0.036897600394883434,0.03689760039487511,0.04662274122421384,0.009725140829344614,1.0,1.0
15.198,TE,55.0,65.0,61,0.9531891027809692,5.27374810488368e-11,0.046810897166293275,0.9630302018052417,5.055245111407203e-11,0.03696979814420587,0.03696979814420809,0.04681089716629461,0.009841099022085187,1.0,1.0
15.199,TE,55.0,65.0,61,0.9529986829661301,5.279965353821581e-11,0.04700131698107024,0.9629575589876382,5.0596526968149647e-11,0.03704244096176523,0.037042440961764234,0.04700131698107002,0.009958876019306007,1.0,1.0
15.2,TE,55.0,65.0,61,0.9528059585269109,5.286193704989728e-11,0.047194041420227206,0.9628844661480377,5.064071384452973e-11,0.0371155338013216,0.03711553380131549,0.04719404142022121,0.010078507618911714,1.0,1.0
15.201,TE,55.0,65.0,61,0.9526108877882594,5.29246646507886e-11,0.047389112158815916,0.9628109182610403,5.068490072090981e-11,0.03718908168827484,0.0371890816882674,0.047389112158811475,0.010200030470548516,1.0,1.0
15.202,TE,55.0,65.0,61,0.9524134281262613,5.2987614296284846e-11,0.0475865718207511,0.962736910228064,5.0729309641894815e-11,0.03726308972120673,0.037263089721200515,0.04758657182074644,0.010323482099550585,1.0,1.0
15.203,TE,55.0,65.0,61,0.952213535942631,5.305100803099094e-11,0.04778646400431796,0.9626624368763406,5.077371856287982e-11,0.037337563072885716,0.03733756307288483,0.04778646400431752,0.010448900931433136,1.0,1.0
15.204,TE,55.0,65.0,61,0.95201116663782,5.3114623810301964e-11,0.04798883330906534,0.9625874929574479,5.081823850616729e-11,0.03741250699173382,0.03741250699172438,0.04798883330906001,0.010576326317340956,1.0,1.0
15.205,TE,55.0,65.0,61,0.9518062745835416,5.317846163421791e-11,0.04819372536327993,0.9625120731460707,5.0862980494059684e-11,0.03748792680306634,0.03748792680307056,0.04819372536328126,0.010705798560209367,1.0,1.0
15.206,TE,55.0,65.0,61,0.9515988130943663,5.3242632525041245e-11,0.04840118685239103,0.9624361720385922,5.090772248195208e-11,0.03756382791050006,0.037563827910510716,0.04840118685239636,0.010837358941880315,1.0,1.0
15.207,TE,55.0,65.0,61,0.9513887343982952,5.3307136482771966e-11,0.048611265548397675,0.9623597841517078,5.0952575492146934e-11,0.03764021579733967,0.03764021579735488,0.04861126554840667,0.010971049751042794,1.0,1.0
15.208,TE,55.0,65.0,61,0.9511759896065768,5.337208452971254e-11,0.04882401034005113,0.9622829039210598,5.099742850234179e-11,0.03771709602794282,0.03771709602793005,0.04882401034004402,0.011106914312121074,1.0,1.0
15.209,TE,55.0,65.0,61,0.9509605286823186,5.343714359895557e-11,0.04903947126424424,0.9622055256998002,5.104250355714157e-11,0.03779447424915727,0.0377944742491475,0.04903947126423713,0.011244997015096736,1.0,1.0
15.21,TE,55.0,65.0,61,0.9507423004083629,5.350275777971092e-11,0.0492576995381343,0.9621276437570176,5.1087578611941353e-11,0.037872356191894774,0.03787235619190821,0.049257699538140964,0.011385343346226096,1.0,1.0
15.211,TE,55.0,65.0,61,0.9505212523537641,5.356859400507119e-11,0.04947874759266735,0.9620492522763664,5.113287571134606e-11,0.03795074767250073,0.037950747672474194,0.049478747592649586,0.011527999920193155,1.0,1.0
15.212,TE,55.0,65.0,61,0.9502973308395154,5.363465227503639e-11,0.04970266910684995,0.961970345354444,5.1178172810750766e-11,0.03802965459437779,0.03802965459436336,0.04970266910684107,0.01167301451248659,1.0,1.0
15.213,TE,55.0,65.0,61,0.9500704809028298,5.37012656565139e-11,0.049929519043468984,0.9618909169993016,5.1223580932457935e-11,0.03810908294947479,0.038109082949491,0.04992951904347953,0.011820436093977982,1.0,1.0
15.214,TE,55.0,65.0,61,0.9498406462604073,5.376810108259633e-11,0.05015935368582458,0.9618109611286747,5.126921109877003e-11,0.03818903882005609,0.03818903882003721,0.05015935368581248,0.011970314865787368,1.0,1.0
15.215,TE,55.0,65.0,61,0.9496077692706804,5.383526957558615e-11,0.05039223067548437,0.9617304715686794,5.131473024277966e-11,0.03826952838000586,0.03826952838001996,0.0503922306754927,0.012122702295464416,1.0,1.0
15.216,TE,55.0,65.0,61,0.9493717908941197,5.390277113548336e-11,0.05062820905197751,0.9616494420517554,5.136047143139422e-11,0.03835055789688413,0.03835055789686781,0.05062820905196597,0.012277651155109703,1.0,1.0
15.217,TE,55.0,65.0,61,0.9491326506531761,5.397071678459042e-11,0.05086734929285319,0.9615678662153057,5.1406323642311236e-11,0.03843213373328802,0.03843213373328769,0.0508673492928543,0.012435215559565505,1.0,1.0
15.218,TE,55.0,65.0,61,0.9488902865899086,5.403899550060487e-11,0.05110971335605241,0.9614857375996678,5.145228687553072e-11,0.03851426234887989,0.03851426234886346,0.05110971335604375,0.012595451007188951,1.0,1.0
15.219,TE,55.0,65.0,61,0.948644635222905,5.4107607283526704e-11,0.05135536472298741,0.9614030496465883,5.14982501087502e-11,0.03859695030191346,0.038596950301902466,0.05135536472298052,0.01275841442108494,1.0,1.0
15.22,TE,55.0,65.0,61,0.9483956315023536,5.4176552133355926e-11,0.05160436844346983,0.9613197956972701,5.1544435386574605e-11,0.03868020425118546,0.03868020425119101,0.05160436844347227,0.01292416419227882,1.0,1.0
15.221,TE,55.0,65.0,61,0.9481432087636933,5.4245941072395e-11,0.05185679118206077,0.9612359689905279,5.1590731686701474e-11,0.03876403095788139,0.038764030957883944,0.05185679118206399,0.013092760224176825,1.0,1.0
15.222,TE,55.0,65.0,61,0.9478872986795728,5.431577410064392e-11,0.05211270126611145,0.9611515626609339,5.1637139009130806e-11,0.03884843728742893,0.0388484372874055,0.05211270126610057,0.013264263978705948,1.0,1.0
15.223,TE,55.0,65.0,61,0.9476278312103443,5.438582917349777e-11,0.05237216873526984,0.9610665697369251,5.168354633156014e-11,0.038933430211391395,0.03893343021138629,0.05237216873526773,0.013438738523883553,1.0,1.0
15.224,TE,55.0,65.0,61,0.9473647345527066,5.445643935786393e-11,0.052635265392836916,0.9609809831386762,5.1730175698594394e-11,0.03901901680959363,0.039019016809566986,0.05263526539281971,0.01361624858326993,1.0,1.0
15.225,TE,55.0,65.0,61,0.9470979350865782,5.4527382609137476e-11,0.05290206485889437,0.9608947956763632,5.177680506562865e-11,0.03910520427186004,0.039105204271846716,0.052902064858887266,0.013796860587047655,1.0,1.0
15.226,TE,55.0,65.0,61,0.9468273573200449,5.459865892731841e-11,0.05317264262535648,0.9608080000477283,5.182365647726783e-11,0.03919199990044808,0.0391919999004573,0.053172642625363364,0.013980642724899184,1.0,1.0
15.227,TE,55.0,65.0,61,0.9465529238324715,5.467049035701166e-11,0.05344707611285804,0.9607205888362665,5.1870507888907014e-11,0.03927941111186295,0.039279411111872053,0.053447076112865144,0.014167665000985985,1.0,1.0
15.228,TE,55.0,65.0,61,0.9462745552157266,5.474254383130983e-11,0.05372544472953089,0.9606325545090385,5.191758134515112e-11,0.03936744543904391,0.03936744543904935,0.05372544472953489,0.014357999290481538,1.0,1.0
15.229,TE,55.0,65.0,61,0.9459921700129148,5.4815041394817854e-11,0.05400782993227016,0.9605438894142952,5.196476582369769e-11,0.039456110533739985,0.03945611053376363,0.05400782993228326,0.014551719398506524,1.0,1.0
15.23,TE,55.0,65.0,61,0.9457056846554066,5.488809406983819e-11,0.0542943152897053,0.9604545857794738,5.201195030224426e-11,0.039545414168514204,0.0395454141685182,0.054294315289708406,0.014748901121187097,1.0,1.0
15.231,TE,55.0,65.0,61,0.9454150133972653,5.4961590834068375e-11,0.05458498654777311,0.960364635708718,5.205935682539575e-11,0.03963536423922265,0.03963536423921299,0.05458498654776944,0.014949622308560118,1.0,1.0
15.232,TE,55.0,65.0,61,0.9451200682474344,5.503542066520595e-11,0.05487993169753014,0.9602740311805987,5.210687437084971e-11,0.039725968767294395,0.03972596876730761,0.05487993169753924,0.015153962930222531,1.0,1.0
15.233,TE,55.0,65.0,61,0.9448207588995389,5.510958356325091e-11,0.055179241045351546,0.9601827640457268,5.215450293860613e-11,0.03981723590211872,0.03981723590212427,0.05517924104535321,0.015362005143227275,1.0,1.0
15.234,TE,55.0,65.0,61,0.944516992659085,5.5184412595110643e-11,0.055483007285730634,0.9600908260242641,5.220224252866501e-11,0.03990917392353366,0.03990917392352733,0.055483007285724084,0.015573833362203304,1.0,1.0
15.235,TE,55.0,65.0,61,0.9442086743679426,5.5259574693877767e-11,0.05579132557679778,0.9599982087035015,5.224998211872389e-11,0.04000179124424852,0.040001791244242524,0.055791325576794115,0.015789534332555255,1.0,1.0
15.236,TE,55.0,65.0,61,0.9438957063260015,5.53352919041572e-11,0.056104293618663204,0.9599049035351606,5.22979437533877e-11,0.0400950964125415,0.04009509641254172,0.05610429361866265,0.016009197206121484,1.0,1.0
15.237,TE,55.0,65.0,61,0.9435779882103086,5.5411342181344025e-11,0.056422011734280075,0.9598109018328544,5.234601641035397e-11,0.04018909811479954,0.04018909811480187,0.056422011734280964,0.016232913619478206,1.0,1.0
15.238,TE,55.0,65.0,61,0.9432554169907128,5.54878365477407e-11,0.05674458295379936,0.959716194769415,5.23942000896227e-11,0.040283805178190746,0.040283805178179755,0.05674458295378837,0.016460777775619606,1.0,1.0
15.239,TE,55.0,65.0,61,0.9429278868428608,5.556499704795215e-11,0.05707211310157423,0.959620773374185,5.244260581349636e-11,0.04037922657337234,0.040379226573365234,0.05707211310156912,0.016692886528208994,1.0,1.0
15.24,TE,55.0,65.0,61,0.9425952890573427,5.564249061507098e-11,0.05740471088701482,0.9595246285300858,5.2491011537370014e-11,0.04047537141742319,0.04047537141742996,0.05740471088701937,0.01692933946958486,1.0,1.0
15.241,TE,55.0,65.0,61,0.9422575119460354,5.572053929370213e-11,0.05774248799824411,0.959427750970853,5.253952828354613e-11,0.040572248976607495,0.04057224897661116,0.05774248799824566,0.01717023902163295,1.0,1.0
15.242,TE,55.0,65.0,61,0.9419144407446481,5.579903206154313e-11,0.05808555919955283,0.9593301312780971,5.258826707432718e-11,0.04066986866931466,0.04066986866933464,0.05808555919956859,0.017415690530218186,1.0,1.0
15.243,TE,55.0,65.0,61,0.9415659575113149,5.587807994089644e-11,0.05843404243280703,0.9592317598782264,5.2637116887410684e-11,0.040768240069136485,0.04076824006913349,0.058434042432801925,0.017665802363673544,1.0,1.0
15.244,TE,55.0,65.0,61,0.9412119410220567,5.59575719094596e-11,0.058788058921985686,0.9591326270396157,5.268596670049419e-11,0.040867372907698374,0.04086737290770004,0.05878805892198624,0.017920686014285647,1.0,1.0
15.245,TE,55.0,65.0,61,0.9408522666612309,5.603773001183754e-11,0.059147733282731374,0.9590327228690709,5.273503855818262e-11,0.04096727707819403,0.040967277078199804,0.059147733282736925,0.01818045620453157,1.0,1.0
15.246,TE,55.0,65.0,61,0.940486806308653,5.611822118112286e-11,0.05951319363522878,0.9589320373089707,5.278433246047598e-11,0.04106796263824497,0.04106796263824264,0.05951319363522822,0.01844523099698614,1.0,1.0
15.247,TE,55.0,65.0,61,0.9401154282218238,5.6199489506525424e-11,0.0598845717219767,0.9588305601338488,5.283362636276934e-11,0.041169439813317554,0.04116943981332577,0.05988457172198136,0.018715131908650928,1.0,1.0
15.248,TE,55.0,65.0,61,0.939737996913841,5.628109089883537e-11,0.06026200302987794,0.9587282809469391,5.2883031287365156e-11,0.0412717190001779,0.04127171900018045,0.06026200302987783,0.01899028402969749,1.0,1.0
15.249,TE,55.0,65.0,61,0.9393543730264377,5.63633584249601e-11,0.06064562691719899,0.9586251891769438,5.29326582565659e-11,0.041374810770123505,0.04137481077011851,0.06064562691719655,0.019270816147080483,1.0,1.0
15.25,TE,55.0,65.0,61,0.9389644131980339,5.644607004029467e-11,0.06103558674552001,0.9585212740743221,5.298239624806911e-11,0.04147872587269552,0.04147872587269852,0.061035586745524895,0.01955686087282149,1.0,1.0
15.251,TE,55.0,65.0,61,0.9385679699265025,5.652944778944402e-11,0.061432030016968064,0.9584165247077441,5.303224526187478e-11,0.04158347523922368,0.04158347523922579,0.06143203001696984,0.019848554777742278,1.0,1.0
15.252,TE,55.0,65.0,61,0.9381648914268381,5.661338065010568e-11,0.0618351085165485,0.958310929960492,5.308231632028537e-11,0.04168906998642563,0.041689069986427185,0.06183510851654983,0.020146038530121313,1.0,1.0
15.253,TE,55.0,65.0,61,0.9377550214826124,5.669786862227966e-11,0.06224497846068977,0.9582044785265094,5.3132387378695967e-11,0.04179552142035825,0.04179552142036114,0.06224497846069321,0.020449457040328634,1.0,1.0
15.254,TE,55.0,65.0,61,0.937338199292061,5.6782911705965944e-11,0.06266180065115612,0.9580971589066994,5.3182680481711486e-11,0.04190284104011788,0.041902841040127536,0.06266180065116356,0.020758959611028582,1.0,1.0
15.255,TE,55.0,65.0,61,0.9369142593074244,5.6868620923467006e-11,0.06308574063570693,0.9579889594048785,5.3232973584727006e-11,0.042011040541888534,0.042011040541914735,0.06308574063572026,0.021074700093792198,1.0,1.0
15.256,TE,55.0,65.0,61,0.9364830310682717,5.695499627478284e-11,0.06351696887477332,0.9578798681237182,5.328359975464991e-11,0.04212013182299823,0.04212013182300556,0.06351696887477776,0.02139683705176776,1.0,1.0
15.257,TE,55.0,65.0,61,0.9360443390276585,5.704192673761099e-11,0.06395566091529958,0.9577698729606389,5.333422592457282e-11,0.042230126986026906,0.04223012698604389,0.0639556609153098,0.02172553392925569,1.0,1.0
15.258,TE,55.0,65.0,61,0.9355980023715048,5.7129412311951455e-11,0.06440199757136578,0.9576589616035418,5.338507413910065e-11,0.04234103834307312,0.04234103834307679,0.06440199757137266,0.02206095922828899,1.0,1.0
15.259,TE,55.0,65.0,61,0.935143834830214,5.721756402010669e-11,0.06485616511256842,0.9575471215264398,5.343603337593095e-11,0.04245287842012413,0.04245287842013512,0.0648561651125742,0.0224032866924333,1.0,1.0
15.26,TE,55.0,65.0,61,0.9346816444829452,5.7306381862076705e-11,0.0653183554597484,0.9574343399850038,5.3487214657366167e-11,0.04256565996150896,0.042565659961513624,0.06531835545975262,0.022752695498234776,1.0,1.0
15.261,TE,55.0,65.0,61,0.9342112335532453,5.7395976860163955e-11,0.06578876638935871,0.9573206040120384,5.3538395938801386e-11,0.04267939593442316,0.042679395934425934,0.06578876638936082,0.023109370454932776,1.0,1.0
15.262,TE,55.0,65.0,61,0.9337323981966597,5.7486015947461055e-11,0.06626760174585433,0.9572059004127066,5.358979926484153e-11,0.04279409953370361,0.04279409953370428,0.06626760174585133,0.023473502212150055,1.0,1.0
15.263,TE,55.0,65.0,61,0.9332449282791264,5.7576943213177856e-11,0.06675507166329664,0.9570902157598989,5.364131361318414e-11,0.04290978418645974,0.04290978418646052,0.06675507166329464,0.02384528747683612,1.0,1.0
15.264,TE,55.0,65.0,61,0.9327486071460235,5.766842559040697e-11,0.0672513927963081,0.9569735363890725,5.369305000613167e-11,0.043026463557234496,0.043026463557222616,0.06725139279629944,0.02422492923908548,1.0,1.0
15.265,TE,55.0,65.0,61,0.9322432113816439,5.776068512375332e-11,0.06775678856059542,0.9568558483935176,5.3744897421381665e-11,0.04314415155273754,0.04314415155272544,0.06775678856058631,0.024612637007869975,1.0,1.0
15.266,TE,55.0,65.0,61,0.9317285105582681,5.7853610790914445e-11,0.06827148938387828,0.9567371376189606,5.379685585893412e-11,0.043262862327242524,0.04326286232724841,0.06827148938387906,0.025008627056629873,1.0,1.0
15.267,TE,55.0,65.0,61,0.9312042669745361,5.7947202591890346e-11,0.06879573296751673,0.9566173896584111,5.3849036341091505e-11,0.04338261028773982,0.04338261028774193,0.06879573296751829,0.025413122679774802,1.0,1.0
15.268,TE,55.0,65.0,61,0.9306702353825383,5.8041571548983484e-11,0.06932976455942008,0.956496589846705,5.390143886785381e-11,0.043503410099393514,0.04350341009940517,0.06932976455942907,0.02582635446001491,1.0,1.0
15.269,TE,55.0,65.0,61,0.9301261627031356,5.813671766219386e-11,0.06987383723872764,0.9563747232549513,5.395384139461612e-11,0.04362527669109484,0.043625276691098835,0.06987383723872997,0.026248560547628808,1.0,1.0
15.27,TE,55.0,65.0,61,0.9295717877289984,5.823264093152147e-11,0.07042821221276896,0.9562517746848564,5.400646596598335e-11,0.043748225261137086,0.0437482252611433,0.07042821221277096,0.026679986951625656,1.0,1.0
15.271,TE,55.0,65.0,61,0.9290068408144371,5.832923033466386e-11,0.0709931591272337,0.9561277286628832,5.405920155965305e-11,0.043872271283057596,0.043872271283055486,0.07099315912723336,0.02712088784417821,1.0,1.0
15.272,TE,55.0,65.0,61,0.9284310435517656,5.842670791622595e-11,0.07156895638980765,0.9560025694343146,5.411215919792767e-11,0.04399743051157323,0.04399743051157712,0.07156895638980965,0.02757152587823053,1.0,1.0
15.273,TE,55.0,65.0,61,0.9278441084334378,5.852496265390528e-11,0.07215589150803725,0.9558762809569683,5.416522785850475e-11,0.04412371898886647,0.04412371898883849,0.07215589150802537,0.02803217251919876,1.0,1.0
15.274000000000001,TE,55.0,65.0,61,0.9272457384989546,5.862388352539938e-11,0.07275426144242148,0.9557488468951978,5.421851856368676e-11,0.04425115305058369,0.04425115305058602,0.07275426144242247,0.028503108391835452,1.0,1.0
15.275,TE,55.0,65.0,61,0.9266356269663243,5.872369257531318e-11,0.07336437297495202,0.9556202506130862,5.427192029117123e-11,0.04437974933264188,0.04437974933264077,0.07336437297494969,0.028984623642311247,1.0,1.0
15.276,TE,55.0,65.0,61,0.9260134568466556,5.882438980364668e-11,0.07398654309452002,0.9554904751682045,5.432554406326062e-11,0.044509524777469944,0.044509524777490816,0.07398654309452879,0.029477018317029202,1.0,1.0
15.277,TE,55.0,65.0,61,0.9253789005417236,5.892597521039988e-11,0.07462109939935047,0.9553595033044583,5.437938987995494e-11,0.04464049664116232,0.04464049664116054,0.07462109939935357,0.029980602758189923,1.0,1.0
15.278,TE,55.0,65.0,61,0.9247316194229169,5.902833777327032e-11,0.07526838051805473,0.9552273174454728,5.4433346718951725e-11,0.04477268250009381,0.044772682500084704,0.0752683805180493,0.03049569801797003,1.0,1.0
15.279,TE,55.0,65.0,61,0.9240712633914758,5.9131477492258e-11,0.0759287365493927,0.9550938996872482,5.448730355794851e-11,0.04490610025826447,0.044906100258275905,0.07592873654940147,0.03102263629111679,1.0,1.0
15.28,TE,55.0,65.0,61,0.9233974704179276,5.923561641196784e-11,0.07660252952283675,0.9549592317908662,5.454159346385268e-11,0.04504076815459224,0.045040768154583244,0.07660252952283453,0.031561761368253505,1.0,1.0
15.281,TE,55.0,65.0,61,0.9227098660611142,5.934064351009738e-11,0.0772901338795452,0.9548232951750638,5.459599439205931e-11,0.04517670477034019,0.04517670477032332,0.07729013387953743,0.03211342910922188,1.0,1.0
15.282,TE,55.0,65.0,61,0.9220080629643521,5.944655878664662e-11,0.07799193697620133,0.9546860709084392,5.465061736487087e-11,0.04531392903691023,0.04531392903690179,0.0779919369761991,0.032678007939299536,1.0,1.0
15.283,TE,55.0,65.0,61,0.9212916603282116,5.955347326391802e-11,0.07870833961223489,0.9545475397015434,5.470546238228735e-11,0.04545246024375116,0.04545246024374772,0.07870833961222945,0.03325587936848717,1.0,1.0
15.284,TE,55.0,65.0,61,0.9205602433591987,5.966116489730666e-11,0.07943975658114011,0.9544076818988445,5.476052944430876e-11,0.045592318046394964,0.04559231804638397,0.07943975658113178,0.033847438534756136,1.0,1.0
15.285,TE,55.0,65.0,61,0.9198133826915161,5.976996675371993e-11,0.0801866172487139,0.9542664774703182,5.4815596506330166e-11,0.04573352247486617,0.045733522474847854,0.08018661724870257,0.034453094773866044,1.0,1.0
15.286,TE,55.0,65.0,61,0.9190506337826566,5.987965678855289e-11,0.08094936615746373,0.9541239060029107,5.48708856129565e-11,0.045876093942218366,0.04587609394221759,0.08094936615745874,0.03507327221524614,1.0,1.0
15.287,TE,55.0,65.0,61,0.9182715362794288,5.999034602410802e-11,0.08172846366058084,0.9539799466917641,5.492650778649022e-11,0.04602005325330938,0.046020053253319815,0.08172846366058595,0.035708410407261026,1.0,1.0
15.288,TE,55.0,65.0,61,0.9174756133539533,6.010214548268777e-11,0.08252438658594452,0.9538345783311918,5.498212996002394e-11,0.046165421613826085,0.046165421613831636,0.0825243865859474,0.036358964972112884,1.0,1.0
15.289,TE,55.0,65.0,61,0.9166623710079538,6.021483311968723e-11,0.08333762893183139,0.953687779305418,5.503808520046505e-11,0.04631222063954388,0.046312220639535995,0.08333762893182928,0.03702540829229539,1.0,1.0
15.29,TE,55.0,65.0,61,0.9158312973435299,6.03286309797113e-11,0.08416870259614151,0.9535395275791764,5.5094040440906156e-11,0.04646047236572959,0.04646047236574502,0.08416870259615394,0.03770823023039649,1.0,1.0
15.291,TE,55.0,65.0,61,0.9149818617979916,6.044342804045755e-11,0.085018138141565,0.953389800687683,5.515032874825465e-11,0.046610199257166696,0.046610199257174245,0.08501813814156778,0.03840793888439076,1.0,1.0
15.292,TE,55.0,65.0,61,0.9141135143423733,6.055933532422841e-11,0.08588648559706735,0.9532385757269531,5.520683910020807e-11,0.04676142421784002,0.046761424217847125,0.08588648559707335,0.03912506137922023,1.0,1.0
15.293,TE,55.0,65.0,61,0.9132256846397878,6.06763528310239e-11,0.08677431529953583,0.9530858293432484,5.5263460474463955e-11,0.04691417060148817,0.046914170601488614,0.08677431529953794,0.03986014469804722,1.0,1.0
15.294,TE,55.0,65.0,61,0.9123177811628903,6.079436953854156e-11,0.08768221877631532,0.952931537722546,5.532030389332476e-11,0.04706846222213368,0.04706846222212946,0.08768221877632032,0.040613756554185865,1.0,1.0
15.295,TE,55.0,65.0,61,0.9113891902674031,6.09136074913863e-11,0.08861080967168333,0.9527756765797232,5.5377369356790496e-11,0.047224323364899456,0.04722432336487914,0.08861080967166968,0.04138648630680419,1.0,1.0
15.296,TE,55.0,65.0,61,0.9104392752200698,6.103395566725567e-11,0.0895607247188962,0.9526182211474526,5.543454584255869e-11,0.047381778797112806,0.04738177879712269,0.08956072471890164,0.042178945921773514,1.0,1.0
15.297,TE,55.0,65.0,61,0.9094673751771073,6.115552508845212e-11,0.09053262476173718,0.9524591461644639,5.549194437293181e-11,0.047540853780044134,0.0475408537800458,0.0905326247617303,0.04299177098169138,1.0,1.0
15.298,TE,55.0,65.0,61,0.9084728041125842,6.127831575497567e-11,0.09152719582613744,0.9522984258640519,5.554956494790986e-11,0.047701574080398546,0.047701574080399656,0.09152719582613922,0.043825621745737786,1.0,1.0
15.299,TE,55.0,65.0,61,0.9074548496914939,6.140221664452383e-11,0.09254515024710386,0.9521360339617363,5.560751858979529e-11,0.04786396598265619,0.047863965982647416,0.09254515024710286,0.04468118426445644,1.0,1.0
15.3,TE,55.0,65.0,61,0.9064127720868022,6.152733877939909e-11,0.09358722785167051,0.951971943642899,5.5665472231680724e-11,0.04802805630143547,0.048028056301442024,0.09358722785167528,0.04555917155022848,1.0,1.0
15.301,TE,55.0,65.0,61,0.9053458027357987,6.165368215960143e-11,0.09465419720254764,0.951806127549967,5.572386996277601e-11,0.04819387239430917,0.048193872394301174,0.09465419720254387,0.04646032480824647,1.0,1.0
15.302,TE,55.0,65.0,61,0.904253143032316,6.178124678513086e-11,0.09574685690590279,0.9516385577692349,5.578237871617375e-11,0.04836144217498273,0.048361442174975844,0.09574685690590046,0.047385414730926945,1.0,1.0
15.303,TE,55.0,65.0,61,0.9031339629529236,6.191014367828984e-11,0.09686603698516627,0.9514692058173073,5.584099849187396e-11,0.048530794126851684,0.048530794126854127,0.09686603698517005,0.048335242858312144,1.0,1.0
15.304,TE,55.0,65.0,61,0.9019873996109579,6.204037283907837e-11,0.09801260032700176,0.9512980426270844,5.589995133448156e-11,0.048701957317015654,0.04870195731701865,0.09801260032700576,0.04931064300998311,1.0,1.0
15.305,TE,55.0,65.0,61,0.9008125557363552,6.217193426749645e-11,0.09918744420147285,0.9511250385336453,5.595912622169408e-11,0.0488749614103956,0.04887496141040237,0.09918744420147019,0.05031248279107048,1.0,1.0
15.306,TE,55.0,65.0,61,0.8996084980762369,6.230482796354408e-11,0.10039150186145829,0.9509501632593392,5.601841213120906e-11,0.049049836684642356,0.0490498366846408,0.10039150186145351,0.051341665176817486,1.0,1.0
15.307,TE,55.0,65.0,61,0.8983742557113575,6.243905392722127e-11,0.10162574422620341,0.9507733858986744,5.607792008532897e-11,0.04922661404524764,0.04922661404524631,0.10162574422620274,0.0523991301809571,1.0,1.0
15.308,TE,55.0,65.0,61,0.89710881828477,6.2574612158528e-11,0.10289118165265543,0.9505946749028047,5.61376500840538e-11,0.04940532504105766,0.04940532504108153,0.10289118165267008,0.0534858566115739,1.0,1.0
15.309,TE,55.0,65.0,61,0.8958111341364873,6.271161367976674e-11,0.10418886580080111,0.9504139980632476,5.6197824171988486e-11,0.04958600188055462,0.04958600188054518,0.10418886580080067,0.05460286392025593,1.0,1.0
15.31,TE,55.0,65.0,61,0.8944801083402134,6.28500584909375e-11,0.10551989159693653,0.9502313224957257,5.625810928222563e-11,0.04976867744801616,0.04976867744800828,0.10551989159693509,0.05575121414892825,1.0,1.0
15.311,TE,55.0,65.0,61,0.8931146006348428,6.298983556973781e-11,0.10688539930216734,0.9500466146229428,5.631850541476524e-11,0.049953385320738675,0.04995338532073468,0.10688539930217056,0.05693201398143266,1.0,1.0
15.312,TE,55.0,65.0,61,0.8917134232461152,6.313127798307505e-11,0.10828657669075348,0.9498598401570549,5.637923461421224e-11,0.05014015978656583,0.050140159786552285,0.10828657669073971,0.05814641690420119,1.0,1.0
15.313,TE,55.0,65.0,61,0.8902753385920521,6.327405266404185e-11,0.10972466134467385,0.9496709640819174,5.644018585826416e-11,0.05032903586164239,0.05032903586164894,0.10972466134467829,0.059395625483024905,1.0,1.0
15.314,TE,55.0,65.0,61,0.8887990568642377,6.341838165724312e-11,0.11120094307234396,0.9494799506342738,5.6501359146921004e-11,0.050520049309224824,0.05052004930921883,0.11120094307234785,0.06068089376312513,1.0,1.0
15.315,TE,55.0,65.0,61,0.887283233479695,6.356426496267886e-11,0.11271676645674078,0.9492867632848404,5.656286550248524e-11,0.05071323665859673,0.050713236658594396,0.11271676645673723,0.062003529798146384,1.0,1.0
15.316,TE,55.0,65.0,61,0.8857264663952449,6.371170258034908e-11,0.11427353354104341,0.9490913647186565,5.6624482880351934e-11,0.050908635224719,0.05090863522471223,0.11427353354103653,0.06336489831633119,1.0,1.0
15.317,TE,55.0,65.0,61,0.8841272932755451,6.386058348795132e-11,0.11587270666059435,0.9488937168148723,5.668643332512602e-11,0.05110628312844123,0.05110628312844656,0.1158727066606059,0.06476642353214779,1.0,1.0
15.318,TE,55.0,65.0,61,0.8824841885077146,6.401112973009049e-11,0.11751581142827427,0.9486937806256744,5.6748605814505027e-11,0.05130621931757695,0.051306219317580726,0.1175158114282826,0.06620959211069355,1.0,1.0
15.319,TE,55.0,65.0,61,0.8807955600542937,6.41633413067666e-11,0.11920443988154295,0.9484915163552141,5.681100034848896e-11,0.051508483587974885,0.05150848358799076,0.11920443988155593,0.06769595629355218,1.0,1.0
15.32,TE,55.0,65.0,61,0.8790597461337852,6.431710719567718e-11,0.12094025380189766,0.9482868833371384,5.687372794938028e-11,0.051713116605987874,0.05171311660598976,0.12094025380189533,0.0692271371959079,1.0,1.0
15.321,TE,55.0,65.0,61,0.877275011720187,6.44725384191247e-11,0.1227249882153405,0.9480798400120969,5.693667759487653e-11,0.051920159930966436,0.05192015993096999,0.12272498821534472,0.07080482828437051,1.0,1.0
15.322,TE,55.0,65.0,61,0.8754395448510667,6.462963497710916e-11,0.12456045508430369,0.9478703439040015,5.69998492849777e-11,0.05212965603899866,0.05212965603900244,0.12456045508430835,0.07243079904530125,1.0,1.0
15.323,TE,55.0,65.0,61,0.8735514527342453,6.478850789193302e-11,0.1264485472009662,0.9476583515960472,5.706335404198626e-11,0.05234164834688948,0.052341648346897585,0.12644854720096788,0.07410689885406863,1.0,1.0
15.324,TE,55.0,65.0,61,0.871608757640323,6.494893511899136e-11,0.1283912422947281,0.9474438187056717,5.712696982129728e-11,0.052556181237201294,0.05255618123719452,0.128391242294721,0.07583506105753357,1.0,1.0
15.325,TE,55.0,65.0,61,0.8696093925712256,6.511113870288909e-11,0.13039060736366326,0.9472266998588635,5.719102968981815e-11,0.05277330008394543,0.052773300083949204,0.13039060736365826,0.07761730727971405,1.0,1.0
15.326,TE,55.0,65.0,61,0.8675511966918128,6.527522966592869e-11,0.13244880324291197,0.947006948663719,5.725531160294395e-11,0.05299305127902565,0.05299305127903553,0.13244880324291397,0.07945575196387644,1.0,1.0
15.327,TE,55.0,65.0,61,0.865431910510497,6.54407639189003e-11,0.1345680894240623,0.9467845176829758,5.731981556067467e-11,0.053215482259704405,0.053215482259687974,0.13456808942404574,0.08135260716437431,1.0,1.0
15.328,TE,55.0,65.0,61,0.8632491707987513,6.560829657331624e-11,0.1367508291356404,0.9465593584061023,5.738465258531278e-11,0.05344064153651307,0.05344064153650929,0.1367508291356433,0.08331018759913111,1.0,1.0
15.329,TE,55.0,65.0,61,0.8610005052325146,6.577738353996665e-11,0.13899949470170803,0.9463314212198931,5.7449822676858275e-11,0.05366857872265707,0.053668578722668836,0.1389994947017118,0.08533091597903919,1.0,1.0
15.33,TE,55.0,65.0,61,0.8586833267435452,6.594846890806139e-11,0.14131667319050634,0.9461006553787887,5.7515103790706235e-11,0.05389934456369616,0.05389934456369505,0.14131667319049457,0.08741732862681129,1.0,1.0
15.331,TE,55.0,65.0,61,0.8562949275652152,6.612121961069306e-11,0.1437050723686636,0.9458670089739148,5.7580828993764044e-11,0.054132990968504324,0.05413299096850077,0.14370507236866015,0.08957208140016282,1.0,1.0
15.332,TE,55.0,65.0,61,0.8538324729575565,6.62958576924666e-11,0.14616752697614765,0.9456304289010198,5.764688726372924e-11,0.05436957104133333,0.05436957104133855,0.14616752697615287,0.0917979559348091,1.0,1.0
15.333,TE,55.0,65.0,61,0.8512929945966703,6.647216110877707e-11,0.14870700533685755,0.9453908608277234,5.77130565559969e-11,0.054609139114563554,0.05460913911457521,0.1487070053368631,0.09409786622228233,1.0,1.0
15.334,TE,55.0,65.0,61,0.8486733836148577,6.665035190422941e-11,0.15132661631849198,0.9451482491595083,5.777966993747441e-11,0.05485175078271198,0.05485175078270965,0.1513266163184922,0.09647486553578233,1.0,1.0
15.335,TE,55.0,65.0,61,0.8459703832700536,6.683020803421869e-11,0.1540296166631162,0.9449025370046202,5.7846505363556844e-11,0.05509746293753326,0.0550974629375347,0.15402961666310644,0.0989321537255815,1.0,1.0
15.336,TE,55.0,65.0,61,0.8431805812377784,6.701195154334982e-11,0.15681941869520966,0.944653666137989,5.7913673856546666e-11,0.05534633380409737,0.05534633380410836,0.15681941869521543,0.1014730848911013,1.0,1.0
15.337,TE,55.0,65.0,61,0.8403004015020026,6.719547140932036e-11,0.15969959843080195,0.9444015769637009,5.7981175416443875e-11,0.05559842297831796,0.05559842297831974,0.1596995984308034,0.10410117545248221,1.0,1.0
15.338,TE,55.0,65.0,61,0.8373260958358798,6.738065660982784e-11,0.16267390409673954,0.9441462084766036,5.804901004324847e-11,0.05585379146534741,0.05585379146535285,0.16267390409674076,0.10682011263138669,1.0,1.0
15.339,TE,55.0,65.0,61,0.8342537348551649,6.756761816717471e-11,0.16574626507726753,0.943887498222352,5.811717773696046e-11,0.05611250171953086,0.05611250171953508,0.1657462650772794,0.10963376335773245,1.0,1.0
15.34,TE,55.0,65.0,61,0.8310791986328664,6.775624505905853e-11,0.16892080129937737,0.9436253822562739,5.8185456452974904e-11,0.05637461768554064,0.05637461768554153,0.16892080129937004,0.11254618361383584,1.0,1.0
15.341,TE,55.0,65.0,61,0.8277981668618587,6.794653728547928e-11,0.17220183307019477,0.9433597951010272,5.825429028050166e-11,0.05664020484071852,0.056640204840706754,0.17220183307018722,0.11556162822948801,1.0,1.0
15.342,TE,55.0,65.0,61,0.8244061085579345,6.813860586873943e-11,0.1755938913739269,0.9430906697024442,5.832334615263335e-11,0.0569093302392325,0.05690933023923039,0.175593891373926,0.1186845611346965,1.0,1.0
15.343,TE,55.0,65.0,61,0.8208982712949114,6.83321177419316e-11,0.17910172863675644,0.9428179373843398,5.839273509167242e-11,0.05718206255726743,0.05718206255726088,0.17910172863674667,0.12191966607949556,1.0,1.0
15.344,TE,55.0,65.0,61,0.8172696699677773,6.85272949496607e-11,0.18273032996369543,0.9425415278016108,5.846245709761888e-11,0.05745847213992672,0.057458472139948924,0.1827303299636981,0.1252718578237465,1.0,1.0
15.345,TE,55.0,65.0,61,0.8135150750832009,6.872391544732182e-11,0.18648492484807522,0.9422613688916931,5.853251217047273e-11,0.05773863104977439,0.057738631049768174,0.18648492484806256,0.12874629379830704,1.0,1.0
15.346,TE,55.0,65.0,61,0.8096290005847783,6.892186821261248e-11,0.19037099934629986,0.9419773868247104,5.860290031023396e-11,0.05802261311668666,0.05802261311668233,0.19037099934629154,0.13234838622961753,1.0,1.0
15.347,TE,55.0,65.0,61,0.8056056912199681,6.912126426783516e-11,0.19439430871091068,0.9416895059513933,5.867373253920505e-11,0.05831049398993293,0.05831049398992494,0.19439430871090924,0.13608381472098574,1.0,1.0
15.348,TE,55.0,65.0,61,0.8014391094722172,6.932177054608246e-11,0.19856089045846104,0.9413976487497445,5.874478681278106e-11,0.05860235119151069,0.058602351191505364,0.19856089045846348,0.13995853926695567,1.0,1.0
15.349,TE,55.0,65.0,61,0.7971229220793459,6.952349806965685e-11,0.20287707785113063,0.9411017357695836,5.881628517556692e-11,0.058898264171600156,0.05889826417158761,0.20287707785111864,0.14397881367954302,1.0,1.0
15.35,TE,55.0,65.0,61,0.7926504861829664,6.97262247939534e-11,0.20734951374730737,0.9408016855754884,5.888822762756263e-11,0.059198314365623395,0.05919831436563261,0.20734951374730748,0.14815119938167476,1.0,1.0
15.351,TE,55.0,65.0,61,0.7880148351536045,6.992983969666966e-11,0.21198516477646567,0.9404974146871855,5.896039212416326e-11,0.0595025852538541,0.05950258525385721,0.2119851647764669,0.15248257952260846,1.0,1.0
15.352,TE,55.0,65.0,61,0.7832086641629177,7.013400971089823e-11,0.2167913357669483,0.9401888375186094,5.903300070997375e-11,0.05981116242235762,0.05981116242236084,0.21679133576695542,0.15698017334458747,1.0,1.0
15.353,TE,55.0,65.0,61,0.7782243155855759,7.033884585894157e-11,0.22177568434408523,0.9398758663144212,5.910583134038916e-11,0.06012413362647295,0.060124133626490495,0.22177568434408235,0.16165155071759474,1.0,1.0
15.354,TE,55.0,65.0,61,0.7730537643388877,7.054412609619476e-11,0.22694623559056815,0.9395584110842222,5.917910606001442e-11,0.06044158885659867,0.06044158885659534,0.22694623559057092,0.1665046467339728,1.0,1.0
15.355,TE,55.0,65.0,61,0.7676886032898034,7.074940633344795e-11,0.23231139663944722,0.9392363795348614,5.925282486884953e-11,0.06076362040588579,0.06076362040588901,0.23231139663944766,0.1715477762335582,1.0,1.0
15.356,TE,55.0,65.0,61,0.7621200288983042,7.095468657070114e-11,0.2378799710307411,0.9389096769999155,5.932698776689449e-11,0.06109032294075756,0.061090322940746344,0.23787997103073233,0.17678964808999476,1.0,1.0
15.357,TE,55.0,65.0,61,0.7563388272901339,7.115952271874448e-11,0.24366117263870657,0.9385782063671056,5.940148373184684e-11,0.06142179357349287,0.06142179357348221,0.24366117263870612,0.18223937906522436,1.0,1.0
15.358,TE,55.0,65.0,61,0.7503353610038005,7.136369273297305e-11,0.2496646389248358,0.9382418680027188,5.947631276370657e-11,0.06175813193780488,0.061758131937813765,0.24966463892484003,0.18790650698702205,1.0,1.0
15.359,TE,55.0,65.0,61,0.7440995567019221,7.156697456878192e-11,0.25590044322651095,0.9379005596735445,5.95514748624737e-11,0.06209944026690406,0.06209944026689607,0.2559004432265114,0.1938010029596149,1.0,1.0
15.36,TE,55.0,65.0,61,0.7376208941923948,7.176870209235631e-11,0.26237910573583645,0.9375541764661605,5.96273030950556e-11,0.062445823474212236,0.06244582347418959,0.26237910573583056,0.19993328226164686,1.0,1.0
15.361,TE,55.0,65.0,61,0.7308883971753917,7.196876428139376e-11,0.26911160275263957,0.9372026107030226,5.970335337224242e-11,0.06279738923727407,0.06279738923727485,0.2691116027526319,0.20631421351536472,1.0,1.0
15.362,TE,55.0,65.0,61,0.7238906262069036,7.216660602438196e-11,0.2761093737209298,0.9368457518556023,5.977984773863909e-11,0.06315424808461789,0.06315424808462455,0.2761093737209386,0.21295512563630525,1.0,1.0
15.363,TE,55.0,65.0,61,0.7166156744617745,7.23616722098086e-11,0.2833843254658638,0.9364834864544238,5.985678619424561e-11,0.0635165134857194,0.06351651348572551,0.283384325465864,0.21986781198013827,1.0,1.0
15.364,TE,55.0,65.0,61,0.7090511669746028,7.255351874846383e-11,0.2909488329528437,0.9361156979959502,5.993416873906199e-11,0.06388430194411565,0.06388430194411299,0.29094883295285,0.2270645310087307,1.0,1.0
15.365,TE,55.0,65.0,61,0.7011842641643559,7.274159052883533e-11,0.29881573576290255,0.9357422668456854,6.001188435078575e-11,0.06425773309430272,0.06425773309429406,0.29881573576290643,0.2345580026686085,1.0,1.0
15.366,TE,55.0,65.0,61,0.6930016705762118,7.292488835020094e-11,0.30699832935086335,0.9353630701380462,6.009015507402182e-11,0.06463692980186364,0.06463692980185709,0.30699832935084626,0.24236139954900626,1.0,1.0
15.367,TE,55.0,65.0,61,0.6844896499285427,7.310296812335082e-11,0.31551034999835437,0.9349779816724131,6.016875886416528e-11,0.06502201826741816,0.0650220182674296,0.3155103499983791,0.2504883317309248,1.0,1.0
15.368,TE,55.0,65.0,61,0.6756340477242896,7.327505269216772e-11,0.32436595220243536,0.9345868718049679,6.024791776582106e-11,0.06541312813478417,0.06541312813477085,0.3243659522024266,0.2589528240676645,1.0,1.0
15.369,TE,55.0,65.0,61,0.6664203228888167,7.344003183362702e-11,0.33357967703774327,0.9341896073375308,6.032752075668668e-11,0.06581039260214172,0.0658103926021274,0.33357967703774194,0.2677692844356159,1.0,1.0
15.37,TE,55.0,65.0,61,0.6568335900961607,7.359712839161148e-11,0.34316640983024216,0.9337860514007511,6.040745681445969e-11,0.06621394853884144,0.06621394853883156,0.3431664098302518,0.2769524612914106,1.0,1.0
15.371,TE,55.0,65.0,61,0.6468586747027228,7.374512112079401e-11,0.35314132522353203,0.9333760633339949,6.048794798374502e-11,0.06662393660551713,0.06662393660550481,0.3531413252235146,0.2865173886180272,1.0,1.0
15.372,TE,55.0,65.0,61,0.636480182460895,7.388289979814999e-11,0.3635198174652221,0.9329594985605226,6.056899426454265e-11,0.06704050137890838,0.06704050137891249,0.363519817465239,0.2964793160863096,1.0,1.0
15.373,TE,55.0,65.0,61,0.6256825864642616,7.400913215604987e-11,0.3743174134617293,0.9325362084571875,6.065048463455014e-11,0.06746379148216197,0.06746379148216797,0.37431741346175684,0.30685362197956134,1.0,1.0
15.374,TE,55.0,65.0,61,0.6144503341079284,7.412259694916656e-11,0.385549665817949,0.9321060402201943,6.073230807146501e-11,0.06789395971907342,0.06789395971906964,0.3855496658179436,0.3176557060988794,1.0,1.0
15.375,TE,55.0,65.0,61,0.6027679771116324,7.42214067983582e-11,0.39723202281414616,0.9316688367249677,6.08146866198922e-11,0.06833116321421762,0.06833116321422783,0.39723202281413583,0.3289008595999183,1.0,1.0
15.376,TE,55.0,65.0,61,0.5906203280482804,7.43043404582977e-11,0.4093796718774153,0.9312244363807308,6.089773130213416e-11,0.06877556355837144,0.06877556355835213,0.40937967187742885,0.3406041083190632,1.0,1.0
15.377,TE,55.0,65.0,61,0.5779926470737301,7.436917748293581e-11,0.4220073528519007,0.9307726729797786,6.098110905128351e-11,0.06922732695924028,0.06922732695924128,0.4220073528518744,0.35278002589265944,1.0,1.0
15.378,TE,55.0,65.0,61,0.564870862910996,7.441403049313067e-11,0.43512913701459,0.9303133755403499,6.106504191194517e-11,0.06968662439858508,0.06968662439858697,0.4351291370146212,0.365442512616003,1.0,1.0
15.379,TE,55.0,65.0,61,0.551241832368054,7.443701210974041e-11,0.44875816755750897,0.9298463681437115,6.114952988411915e-11,0.070153631795139,0.07015363179513734,0.44875816755752307,0.37860453576237163,1.0,1.0
15.38,TE,55.0,65.0,61,0.5370936428801152,7.443579086441332e-11,0.462906357045449,0.9293714697648392,6.123446194550297e-11,0.07062853017392634,0.07062853017392412,0.4629063570454599,0.3922778268715249,1.0,1.0
15.381,TE,55.0,65.0,61,0.5224159626532482,7.440759119958784e-11,0.4775840372723442,0.9288884940961275,6.131994911839911e-11,0.07111150584255255,0.07111150584254378,0.4775840372723327,0.40647253142980044,1.0,1.0
15.382,TE,55.0,65.0,61,0.5072004429368026,7.435008164691226e-11,0.49279955698884736,0.9283972493643692,6.140610242511002e-11,0.07160275057422472,0.07160275057422683,0.4927995569888469,0.42119680641462054,1.0,1.0
15.383,TE,55.0,65.0,61,0.4914411766857958,7.426015358191762e-11,0.5085588232399441,0.9278975381401445,6.149258879872832e-11,0.07210246179836288,0.07210246179835178,0.5085588232399341,0.4364563614415923,1.0,1.0
15.384,TE,55.0,65.0,61,0.4751352173348551,7.413503144704237e-11,0.5248647825910099,0.9273891571398931,6.157985232846386e-11,0.07261084279852703,0.07261084279851837,0.5248647825909873,0.4522539397924915,1.0,1.0
15.385,TE,55.0,65.0,61,0.45828316055129803,7.397138457321262e-11,0.5417168393747306,0.9268718970197194,6.166755994740925e-11,0.07312810291861305,0.07312810291860772,0.541716839374746,0.46858873645612287,1.0,1.0
15.386,TE,55.0,65.0,61,0.44088979047783444,7.37658822913545e-11,0.5591102094483997,0.9263455421609134,6.175582267786695e-11,0.07365445777733082,0.07365445777733304,0.5591102094484143,0.4854557516710667,1.0,1.0
15.387,TE,55.0,65.0,61,0.4229647901338382,7.351486086548675e-11,0.577035209792647,0.9258098704468982,6.184464051983696e-11,0.07419012949125714,0.07419012949125603,0.5770352097926503,0.502845080301391,1.0,1.0
15.388,TE,55.0,65.0,61,0.40452351310976026,7.32148230930818e-11,0.5954764868170249,0.9252646530307291,6.193412449562175e-11,0.07473534690733674,0.07473534690734107,0.595476486817013,0.5207411399096838,1.0,1.0
15.389,TE,55.0,65.0,61,0.38558781048841007,7.286188319355347e-11,0.614412189438728,0.9247096540934255,6.202405256061638e-11,0.07529034584455041,0.07529034584455652,0.6144121894387324,0.5391218435941715,1.0,1.0
15.39,TE,55.0,65.0,61,0.3661869027321057,7.245198885286186e-11,0.6338130971954423,0.9241446305918906,6.211475778172826e-11,0.07585536934599468,0.07585536934598436,0.6338130971954357,0.557957727849458,1.0,1.0
15.391,TE,55.0,65.0,61,0.34635828135367897,7.198142082387449e-11,0.6536417185743396,0.9235693319968327,6.220601811435245e-11,0.07643066794096132,0.0764306679409622,0.6536417185743608,0.5772110506333774,1.0,1.0
15.392,TE,55.0,65.0,61,0.32614861928210964,7.144607128140024e-11,0.6738513806464443,0.9229835000191458,6.229783355848895e-11,0.07701649991855641,0.07701649991856008,0.6738513806464559,0.5968348807278843,1.0,1.0
15.393,TE,55.0,65.0,61,0.30561466195785386,7.084205444485292e-11,0.6943853379713041,0.9223868683255527,6.239031513644022e-11,0.07761313161205696,0.07761313161205341,0.694385337971317,0.6167722063592507,1.0,1.0
15.394,TE,55.0,65.0,61,0.28482406388422815,7.016565106710004e-11,0.7151759360456063,0.9217791622416001,6.248346284820627e-11,0.07822083769591648,0.0782208376959207,0.7151759360456186,0.6369550983496856,1.0,1.0
15.395,TE,55.0,65.0,61,0.26385612736254443,6.94134749679165e-11,0.736143872568042,0.9211600984425167,6.25772766937871e-11,0.07883990149490605,0.07883990149492304,0.7361438725680007,0.657303971073119,1.0,1.0
15.396,TE,55.0,65.0,61,0.24280239243086832,6.858208445592595e-11,0.7571976075005495,0.9205293846306306,6.267164565088024e-11,0.07947061530669774,0.07947061530669453,0.7571976075005756,0.677726992193855,1.0,1.0
15.397,TE,55.0,65.0,61,0.22176701988017997,6.766889826259614e-11,0.7782329800521511,0.9198867191993079,6.276656971948569e-11,0.08011328073792556,0.08011328073791568,0.7782329800521609,0.6981196993142355,1.0,1.0
15.398,TE,55.0,65.0,61,0.20086690371666133,6.66716404307266e-11,0.7991330962166671,0.9192317908821392,6.286227094420838e-11,0.08076820905499849,0.08076820905500193,0.7991330962166737,0.7183648871616651,1.0,1.0
15.399000000000001,TE,55.0,65.0,61,0.18023144646250847,6.558881215923407e-11,0.8197685534719027,0.9185642783870442,6.29587493250483e-11,0.08143572154999701,0.08143572154999712,0.8197685534719209,0.7383328319219056,1.0,1.0
15.4,TE,55.0,65.0,61,0.16000193142609961,6.441966404757693e-11,0.8399980685094808,0.917883850014758,6.305578281740054e-11,0.08211614992218619,0.08211614992219418,0.8399980685094948,0.7578819185872866,1.0,1.0
15.401,TE,55.0,65.0,61,0.14033043177657994,6.316447365151134e-11,0.8596695681602555,0.9171901632605428,6.315359346587002e-11,0.0828098366763036,0.08280983667629982,0.8596695681602515,0.7768597314839557,1.0,1.0
15.402,TE,55.0,65.0,61,0.12137820780228432,6.182451772751563e-11,0.8786217921358912,0.9164828643981645,6.325207024815427e-11,0.08351713553858342,0.08351713553857576,0.8786217921358983,0.7951046565973154,1.0,1.0
15.403,TE,55.0,65.0,61,0.10331356219220908,6.040226652181957e-11,0.8966864377473887,0.9157615880461094,6.33512131642533e-11,0.08423841189053938,0.08423841189054937,0.896686437747352,0.8124480258568393,1.0,1.0
15.404,TE,55.0,65.0,61,0.08630914844641904,5.89014947927069e-11,0.9136908514946794,0.9150259567140946,6.345113323646956e-11,0.08497404322245428,0.08497404322245317,0.9136908514946632,0.8287168082722263,1.0,1.0
15.405,TE,55.0,65.0,61,0.07053875934727727,5.732725405493966e-11,0.9294612405953955,0.9142755803299044,6.35517194425006e-11,0.08572441960654387,0.08572441960654176,0.9294612405953765,0.8437368209888537,1.0,1.0
15.406,TE,55.0,65.0,61,0.0561736593394538,5.568601135763629e-11,0.9438263406048601,0.9135100557446851,6.365308280464888e-11,0.08648994419166178,0.08648994419165856,0.9438263406048797,0.8573363964132016,1.0,1.0
15.407,TE,55.0,65.0,61,0.04337856405340165,5.3985517445287456e-11,0.9566214358926128,0.9127289662163914,6.375522332291439e-11,0.08727103371985334,0.08727103371985545,0.9566214358926157,0.8693504021727574,1.0,1.0
15.408,TE,55.0,65.0,61,0.03230740897090463,5.223483451333166e-11,0.9676925909768606,0.9119318808695931,6.385814099729714e-11,0.08806811906654877,0.08806811906653733,0.9676925909768136,0.8796244719103232,1.0,1.0
15.409,TE,55.0,65.0,61,0.023099083001067985,5.044421130806498e-11,0.9769009169484878,0.9111183541315349,6.396172480549467e-11,0.08888164580450342,0.08888164580448421,0.9769009169484867,0.8880192711440036,1.0,1.0
15.41,TE,55.0,65.0,61,0.01587332732317413,4.8624871490376975e-11,0.984126672628201,0.9102879251414305,6.406608576980943e-11,0.08971207479450338,0.08971207479450649,0.984126672628229,0.8944145978336945,1.0,1.0
15.411,TE,55.0,65.0,61,0.010727011248709513,4.6788855775914406e-11,0.9892729887045016,0.9094401171335912,6.41713349125439e-11,0.09055988280223748,0.09055988280223182,0.9892729887045011,0.8987131059022698,1.0,1.0
15.412,TE,55.0,65.0,61,0.007730991936022652,4.4948775604347624e-11,0.9922690080190286,0.9085744367925337,6.42773612113956e-11,0.09142556314318895,0.09142556314318995,0.9922690080190186,0.9008434448758387,1.0,1.0
15.413,TE,55.0,65.0,61,0.00692774236943148,4.311751736901792e-11,0.993072257587451,0.907690373577025,6.4384275688667e-11,0.09230962635859075,0.09230962635860063,0.9930722575874681,0.9007626312288504,1.0,1.0
15.414,TE,55.0,65.0,61,0.008329892703618329,4.1307965728543117e-11,0.9916701072550737,0.9067873990142049,6.449185629975318e-11,0.09321260092130323,0.09321260092131434,0.991670107255064,0.8984575063337593,1.0,1.0
15.415,TE,55.0,65.0,61,0.011919776767795088,3.9532705234379684e-11,0.9880802231926722,0.9058649659602703,6.460032508925906e-11,0.09413503397512935,0.09413503397514444,0.9880802231926562,0.8939451892175277,1.0,1.0
15.416,TE,55.0,65.0,61,0.017650013118900635,3.780373583617269e-11,0.9823499868432957,0.9049225078263378,6.470957103488217e-11,0.09507749210895267,0.09507749210896188,0.9823499868433021,0.8872724947343338,1.0,1.0
15.417,TE,55.0,65.0,61,0.02544508460372995,3.613220833642572e-11,0.9745549153601378,0.9039594377684701,6.481970515892499e-11,0.0960405621667102,0.09604056216671952,0.9745549153601469,0.8785143531934183,1.0,1.0
15.418,TE,55.0,65.0,61,0.03520381854316994,3.452820668270462e-11,0.9647961814223018,0.9029751478391695,6.49307274613875e-11,0.09702485209589973,0.09702485209589107,0.9647961814223115,0.8677713293264108,1.0,1.0
15.419,TE,55.0,65.0,61,0.04680261748021663,3.300055367860821e-11,0.9531973824867828,0.9019690080990882,6.504263794226972e-11,0.09803099183586916,0.09803099183588215,0.9531973824868062,0.8551663906509006,1.0,1.0
15.42,TE,55.0,65.0,61,0.06009925254565387,3.15567086350832e-11,0.9399007474227894,0.9009403656856031,6.515543660157164e-11,0.09905963424924147,0.09905963424925779,0.9399007474227965,0.8408411131735316,1.0,1.0
15.421,TE,55.0,65.0,61,0.07493701072005092,3.0202659817568644e-11,0.9250629892497464,0.8998885438382808,6.526901241699079e-11,0.10011145609645022,0.100111456096457,0.925062989249743,0.8249515331532894,1.0,1.0
15.422,TE,55.0,65.0,61,0.09114898406921135,2.894288975152648e-11,0.9088510159018458,0.898812840876237,6.538358743313211e-11,0.10118715905837938,0.10118715905838294,0.9088510159018528,0.8076638568434629,1.0,1.0
15.423,TE,55.0,65.0,61,0.10856230180756216,2.778043073359271e-11,0.8914376981646575,0.8977125291271102,6.549905062769312e-11,0.10228747080739076,0.10228747080738287,0.8914376981646455,0.7891502273572746,1.0,1.0
15.424,TE,55.0,65.0,61,0.12700213195206617,2.671696197609208e-11,0.8729978680212169,0.8965868538041085,6.561540200067384e-11,0.10341314613027608,0.10341314613029218,0.8729978680212231,0.7695847218909248,1.0,1.0
15.425,TE,55.0,65.0,61,0.14629531385462882,2.5752761034780747e-11,0.8537046861196185,0.895435031828093,6.573264155207426e-11,0.10456496810617433,0.10456496810617866,0.8537046861196291,0.7491397180134398,1.0,1.0
15.426,TE,55.0,65.0,61,0.1662735221830842,2.488700912017805e-11,0.8337264777920288,0.8942562505929049,6.58509913264993e-11,0.10574374934124409,0.10574374934123432,0.8337264777920212,0.7279827284507945,1.0,1.0
15.427,TE,55.0,65.0,61,0.18677590235819105,2.411784660871774e-11,0.8132240976176911,0.8930496666701885,6.597011825704158e-11,0.1069503332638414,0.10695033326384673,0.8132240976176902,0.7062737643538444,1.0,1.0
15.428,TE,55.0,65.0,61,0.20765115424562022,2.3442525698413874e-11,0.7923488457309372,0.891814404450057,6.609013336600356e-11,0.10818559548385287,0.10818559548384066,0.7923488457309337,0.6841632502470966,1.0,1.0
15.429,TE,55.0,65.0,61,0.22875907225642292,2.285754918673888e-11,0.7712409277207195,0.8905495547158553,6.621136972029262e-11,0.10945044521793335,0.10945044521793013,0.7712409277207184,0.6617904825027894,1.0,1.0
15.43,TE,55.0,65.0,61,0.24997157479715346,2.2358864759652874e-11,0.7500284251804876,0.8892541731473323,6.633349425300139e-11,0.11074582678633416,0.11074582678633094,0.7500284251804874,0.6392825983941567,1.0,1.0
15.431,TE,55.0,65.0,61,0.27117327378242734,2.1942059280632975e-11,0.7288267261956306,0.8879272787506138,6.64563959418274e-11,0.11207272118292977,0.11207272118293143,0.7288267261956318,0.6167540050126992,1.0,1.0
15.432,TE,55.0,65.0,61,0.2922616459531952,2.1602220012795215e-11,0.7077383540252026,0.8865678522097494,6.658051887598049e-11,0.11343214772367005,0.1134321477236726,0.7077383540252035,0.59430620630153,1.0,1.0
15.433,TE,55.0,65.0,61,0.3131468728298712,2.1334434219255627e-11,0.6868531271487943,0.8851748341556709,6.670552998855328e-11,0.11482516577762358,0.1148251657776318,0.6868531271487958,0.5720279613711625,1.0,1.0
15.434,TE,55.0,65.0,61,0.3337514163789447,2.11337058964034e-11,0.6662485835999217,0.8837471233493012,6.683154030184824e-11,0.11625287658386729,0.11625287658385086,0.6662485835999241,0.5499957070160708,1.0,1.0
15.435,TE,55.0,65.0,61,0.35400939419955224,2.0994928018325254e-11,0.6459906057794529,0.8822835747731876,6.695854981586535e-11,0.11771642515985381,0.11771642515984182,0.6459906057794536,0.5282741806196111,1.0,1.0
15.436,TE,55.0,65.0,61,0.3738658120561761,2.091310458141038e-11,0.6261341879229108,0.8807829976271346,6.70866695529071e-11,0.1192170023057787,0.11921700230577881,0.626134187922906,0.506917185617132,1.0,1.0
15.437,TE,55.0,65.0,61,0.39327570445107274,2.0883406115501657e-11,0.6067242955280439,0.8792441532228005,6.721567746836854e-11,0.12075584670998385,0.12075584670998407,0.606724295528049,0.4859684488180598,1.0,1.0
15.438,TE,55.0,65.0,61,0.4122032258336187,2.090122519504689e-11,0.5877967741454801,0.8776657527729866,6.734579560685461e-11,0.12233424715966756,0.12233424715966568,0.5877967741454755,0.4654625269858145,1.0,1.0
15.439,TE,55.0,65.0,61,0.4306207272264971,2.096206541679635e-11,0.5693792727525409,0.8760464550682745,6.74770239683653e-11,0.12395354486424848,0.12395354486424726,0.5693792727525326,0.4454257278882936,1.0,1.0
15.44,TE,55.0,65.0,61,0.44850784552183376,2.106176344440769e-11,0.5514921544571045,0.8743848640359985,6.76091405082957e-11,0.1256151358963924,0.12561513589638584,0.5514921544571003,0.4258770185607187,1.0,1.0
15.441,TE,55.0,65.0,61,0.4658506259086371,2.1196211452689795e-11,0.5341493740701667,0.8726795261760739,6.774236727125071e-11,0.12732047375618372,0.12732047375617228,0.53414937407017,0.40682890031399443,1.0,1.0
15.442,TE,55.0,65.0,61,0.48264069205758936,2.1361801216812637e-11,0.5173593079210488,0.8709289278671841,6.78765932349279e-11,0.12907107206493929,0.12907107206494006,0.5173593079210481,0.3882882358561087,1.0,1.0
15.443,TE,55.0,65.0,61,0.49887447375884325,2.1555146556551108e-11,0.5011255262196016,0.8691314925349841,6.801181839932724e-11,0.13086850739700406,0.1308685073970156,0.5011255262196017,0.370257018822586,1.0,1.0
15.444,TE,55.0,65.0,61,0.5145524976002717,2.1772916802831332e-11,0.4854475023779554,0.8672855776780677,6.814815378675121e-11,0.13271442225378416,0.13271442225377672,0.48544750237795053,0.3527330801241787,1.0,1.0
15.445,TE,55.0,65.0,61,0.5296787431537449,2.2012280886940516e-11,0.47032125682424286,0.8653894717424988,6.828548837489734e-11,0.1346105281892157,0.1346105281892117,0.4703212568242402,0.33571072863503115,1.0,1.0
15.446,TE,55.0,65.0,61,0.5442600646416269,2.2270407740165865e-11,0.4557399353361027,0.8634413908381477,6.842382216376564e-11,0.13655860909342843,0.13655860909344264,0.4557399353360927,0.31918132624266005,1.0,1.0
15.447,TE,55.0,65.0,61,0.558305676264268,2.2544965894155666e-11,0.44169432371318706,0.86143947528839,6.856326617565855e-11,0.1385605246430467,0.13856052464304602,0.44169432371317663,0.30313379907014104,1.0,1.0
15.448,TE,55.0,65.0,61,0.5718266981045681,2.2833512858255745e-11,0.4281733018725984,0.8593817860067953,6.870359836597117e-11,0.14061821392450113,0.14061821392452456,0.42817330187259306,0.28755508794807383,1.0,1.0
15.449,TE,55.0,65.0,61,0.5848357586648678,2.3134161253324237e-11,0.41516424131199803,0.8572663006905682,6.884504077930842e-11,0.14273369924058676,0.14273369924059043,0.4151642413120059,0.2724305420714076,1.0,1.0
15.45,TE,55.0,65.0,61,0.5973466496639241,2.3445134722521743e-11,0.4026533503126307,0.8550909098230486,6.898748239336783e-11,0.14490909010796393,0.14490909010796627,0.40265335031263727,0.25774426020466445,1.0,1.0
15.451,TE,55.0,65.0,61,0.6093740284032411,2.3764434864403938e-11,0.3906259715729945,0.8528534124761398,6.913081218584693e-11,0.14714658745472942,0.1471465874547493,0.3906259715729975,0.2434793841182452,1.0,1.0
15.452,TE,55.0,65.0,61,0.6209331630620152,2.4090729411341272e-11,0.3790668369138941,0.8505515119045138,6.92751411790482e-11,0.14944848802621102,0.14944848802621025,0.3790668369138869,0.22961834888768384,1.0,1.0
15.453,TE,55.0,65.0,61,0.6320397163750114,2.4422797118006656e-11,0.36796028360056576,0.8481828109217645,6.942046937297164e-11,0.15181718900881502,0.15181718900881191,0.36796028360056077,0.21614309459175385,1.0,1.0
15.454,TE,55.0,65.0,61,0.6427095633344223,2.475919469446808e-11,0.3572904366408185,0.8457448070488852,6.956668574531477e-11,0.1542551928815481,0.15425519288154899,0.3572904366408186,0.2030352437592695,1.0,1.0
15.455,TE,55.0,65.0,61,0.6529586388633143,2.5098922940003376e-11,0.3470413611115868,0.8432348874276641,6.97137902960776e-11,0.15676511250262215,0.1567651125026286,0.347041361111597,0.1902762486089582,1.0,1.0
15.456,TE,55.0,65.0,61,0.6628028117388571,2.5440982653890387e-11,0.3371971882357019,0.8406503234864374,6.986178302526014e-11,0.1593496764437008,0.1593496764437139,0.3371971882357032,0.177847511791988,1.0,1.0
15.457,TE,55.0,65.0,61,0.6722577813029551,2.5784596680011873e-11,0.3277422186712603,0.8379882653542529,7.001055291055991e-11,0.1620117345757366,0.1620117345757559,0.32774221867126163,0.1657304840955044,1.0,1.0
15.458,TE,55.0,65.0,61,0.6813389939365659,2.6128765817645672e-11,0.3186610060373053,0.8352457360084815,7.016021097427938e-11,0.16475426392135828,0.16475426392134485,0.31866100603730496,0.15390674211596045,1.0,1.0
15.459,TE,55.0,65.0,61,0.6900615764930015,2.6473045977581933e-11,0.30993842348052547,0.8324196251530644,7.031053517181363e-11,0.16758037477662502,0.1675803747766138,0.30993842348052314,0.14235804870391167,1.0,1.0
15.46,TE,55.0,65.0,61,0.6984402842604761,2.681666000370342e-11,0.30155971571270723,0.8295066828159464,7.046163652546511e-11,0.17049331711359195,0.17049331711358096,0.30155971571271256,0.13106639859912628,1.0,1.0
15.461,TE,55.0,65.0,61,0.7064894612880592,2.715916380680028e-11,0.2935105386847816,0.8265035126604812,7.061340401293137e-11,0.17349648726890543,0.17349648726890599,0.29351053868478294,0.12001405141587562,1.0,1.0
15.462,TE,55.0,65.0,61,0.714223011184293,2.7500224319965128e-11,0.2857769887882068,0.8234065650037004,7.07658376342124e-11,0.1765934349255338,0.1765934349255417,0.285776988788194,0.1091835538626651,1.0,1.0
15.463,TE,55.0,65.0,61,0.721654376712956,2.7839175409383188e-11,0.27834562325920487,0.8202121295363519,7.091871534470329e-11,0.17978787039272937,0.17978787039273314,0.27834562325920953,0.09855775286647173,1.0,1.0
15.464,TE,55.0,65.0,61,0.7287965267616302,2.8175795030449535e-11,0.271203473210194,0.8169163277442674,7.107214816670648e-11,0.18308367218466048,0.1830836721846677,0.2712034732101818,0.0881198010255263,1.0,1.0
15.465,TE,55.0,65.0,61,0.7356619494237401,2.8509861138559245e-11,0.26433805054775006,0.8135151050257177,7.12258030333146e-11,0.18648489490305653,0.1864848949030583,0.2643380505477466,0.07785315564469175,1.0,1.0
15.466,TE,55.0,65.0,61,0.7422626501381757,2.8840818622200004e-11,0.25773734983298346,0.8100042225080686,7.137990198913258e-11,0.18999577742055151,0.18999577742055163,0.25773734983297003,0.06774157241243184,1.0,1.0
15.467,TE,55.0,65.0,61,0.7486101539438247,2.9168778503674275e-11,0.25138984602700654,0.8063792485687309,7.153422298955547e-11,0.1936207513597349,0.19362075135973178,0.2513898460270164,0.057769094667274756,1.0,1.0
15.468,TE,55.0,65.0,61,0.7547155110747686,2.949329669377221e-11,0.24528448889573806,0.8026355500663431,7.168865501228083e-11,0.19736444986196822,0.19736444986197677,0.24528448889572207,0.0479200390337613,1.0,1.0
15.469,TE,55.0,65.0,61,0.7605893052194989,2.9814373192493804e-11,0.23941069475068677,0.7987682832951305,7.184297601270373e-11,0.20123171663302653,0.2012317166330242,0.23941069475069676,0.038178978117662576,1.0,1.0
15.47,TE,55.0,65.0,61,0.7662416638831071,3.0131785955234136e-11,0.2337583360867611,0.7947723846786765,7.199740803542909e-11,0.2052276152493261,0.20522761524931998,0.23375833608675578,0.028530720837441126,1.0,1.0
15.471,TE,55.0,65.0,61,0.771682270355786,3.0445534981993205e-11,0.2283177296137685,0.790642561228502,7.215128494664214e-11,0.20935743869934675,0.20935743869934798,0.22831772961375485,0.01896029091442053,1.0,1.0
15.472,TE,55.0,65.0,61,0.7769203769061157,3.0755398228166086e-11,0.2230796230631289,0.7863732807928889,7.230493981325026e-11,0.21362671913480613,0.21362671913481157,0.2230796230631401,0.009452903928317324,1.0,1.0
15.473,TE,55.0,65.0,61,0.7819648188343551,3.106126467145032e-11,0.21803518113458364,0.7819587621427881,7.24579285460436e-11,0.21804123778475393,0.21804123778475404,0.21803518113459097,6.056650170394029e-06,1.0,1.0
15.474,TE,55.0,65.0,61,0.7868240291327196,3.136335635645082e-11,0.213175970835917,0.7773929649335538,7.261014012271971e-11,0.22260703499383605,0.22260703499384082,0.2131759708359352,0.00943106415792383,1.0,1.0
15.475,TE,55.0,65.0,61,0.7915060534915926,3.1661451238562677e-11,0.2084939464767459,0.7726695796123261,7.276146352097612e-11,0.22733042031491246,0.2273304203149057,0.2084939464767417,0.018836473838159784,1.0,1.0
15.476,TE,55.0,65.0,61,0.7960185654804728,3.195543829548342e-11,0.20398143448757178,0.7677820173397604,7.291156567390544e-11,0.23221798258732806,0.23221798258736837,0.20398143448756556,0.028236548099796588,1.0,1.0
15.477,TE,55.0,65.0,61,0.8003688817329326,3.224542854951551e-11,0.19963111823482194,0.7627234000171299,7.306022453690275e-11,0.23727659990980987,0.23727659990981054,0.1996311182348235,0.0376454816749886,1.0,1.0
15.478,TE,55.0,65.0,61,0.8045639770240056,3.253142200065895e-11,0.19543602294346296,0.7574865505290559,7.320721806536312e-11,0.2425134493977369,0.24251344939772868,0.19543602294346518,0.047077426454265714,1.0,1.0
15.479,TE,55.0,65.0,61,0.8086104991175357,3.281341864891374e-11,0.1913895008496509,0.7520639833312145,7.335243523698409e-11,0.24793601659543307,0.2479360165954454,0.19138950084963835,0.0565465157457945,1.0,1.0
15.48,TE,55.0,65.0,61,0.8125147833239423,3.309141849427988e-11,0.18748521664296625,0.7464478955363644,7.349520991795089e-11,0.2535521043901404,0.2535521043901283,0.18748521664297857,0.06606688774716207,1.0,1.0
15.481,TE,55.0,65.0,61,0.8162828666919187,3.336553255905983e-11,0.18371713327471573,0.7406301586883001,7.363532006365858e-11,0.2593698412380646,0.2593698412380633,0.18371713327471262,0.07565270796334755,1.0,1.0
15.482,TE,55.0,65.0,61,0.8199205017982444,3.363553879864867e-11,0.18007949816812008,0.7346023114305572,7.377276567410718e-11,0.26539768849567,0.2653976884956707,0.18007949816813462,0.08531819032755061,1.0,1.0
15.483,TE,55.0,65.0,61,0.8234331700866341,3.390188130225624e-11,0.17656682987946404,0.7283555533401288,7.390665857087697e-11,0.27164444658596454,0.27164444658599307,0.17656682987943695,0.09507761670652903,1.0,1.0
15.484,TE,55.0,65.0,61,0.8268260947496632,3.4164115980672705e-11,0.1731739052161727,0.72188074020726,7.403677670936304e-11,0.2781192597187032,0.27811925971870066,0.17317390521616616,0.10494535450252795,1.0,1.0
15.485,TE,55.0,65.0,61,0.8301042531226096,3.4422686923107904e-11,0.1698957468429677,0.7151683811263401,7.416267600035553e-11,0.28483161879949725,0.28483161879949104,0.1698957468429555,0.11493587195652333,1.0,1.0
15.486,TE,55.0,65.0,61,0.833272388588827,3.467748310725938e-11,0.1667276113764955,0.7082086377932651,7.42839123546446e-11,0.29179136213245094,0.29179136213245427,0.1667276113764924,0.12506375075595877,1.0,1.0
15.487,TE,55.0,65.0,61,0.8363350219930042,3.492861555542959e-11,0.16366497797206714,0.7009913264826168,7.4399708616113e-11,0.29900867344298354,0.2990086734430013,0.16366497797205448,0.13534369547093417,1.0,1.0
15.488,TE,55.0,65.0,61,0.8392964625632366,3.5176084267618535e-11,0.16070353740158727,0.6935059232487505,7.450973171785336e-11,0.3064940766767398,0.3064940766767503,0.16070353740157317,0.14579053927516306,1.0,1.0
15.489,TE,55.0,65.0,61,0.8421608183495994,3.541988924382622e-11,0.15783918161498067,0.6857415729743981,7.461331552605088e-11,0.3142584269509886,0.31425842695098194,0.15783918161498445,0.15641924533600127,1.0,1.0
15.49,TE,55.0,65.0,61,0.8449320061856137,3.566003048405264e-11,0.15506799377872627,0.6776871029870223,7.470946083998342e-11,0.32231289693826826,0.32231289693826415,0.15506799377873715,0.16724490315953788,1.0,1.0
15.491,TE,55.0,65.0,61,0.8476137611848673,3.5896841055205186e-11,0.15238623877923585,0.6693310420612936,7.479772357044112e-11,0.3306689578639087,0.3306689578639176,0.15238623877922586,0.17828271908468174,1.0,1.0
15.492,TE,55.0,65.0,61,0.850209645788184,3.6130209934981394e-11,0.14979035417568576,0.6606616457436023,7.48768824720969e-11,0.3393383541815208,0.339338354181534,0.14979035417568054,0.18954800000584826,1.0,1.0
15.493,TE,55.0,65.0,61,0.8527230583716715,3.63600261010788e-11,0.14727694159196847,0.6516669290613175,7.494660447804335e-11,0.3483330708637359,0.34833307086373366,0.1472769415919748,0.2010561292717652,1.0,1.0
15.494,TE,55.0,65.0,61,0.8551572414342913,3.658673364270726e-11,0.14484275852912198,0.6423347078146403,7.500555732065095e-11,0.35766529211035414,0.3576652921103546,0.14484275852912132,0.2128225335812326,1.0,1.0
15.495,TE,55.0,65.0,61,0.8575152893744927,3.681011051526184e-11,0.14248471058869716,0.6326526498062501,7.505274179919752e-11,0.3673473501186971,0.3673473501186929,0.1424847105887005,0.22486263952999574,1.0,1.0
15.496,TE,55.0,65.0,61,0.8598001558853932,3.703026774104501e-11,0.14019984407757657,0.6226083375008321,7.50871587129609e-11,0.37739166242408073,0.37739166242407307,0.14019984407756902,0.2371918183464965,1.0,1.0
15.497,TE,55.0,65.0,61,0.8620146609676848,3.724742736466169e-11,0.13798533899506782,0.6121893438188981,7.5107586816614e-11,0.3878106561059943,0.38781065610598653,0.1379853389950726,0.2498253171109187,1.0,1.0
15.498,TE,55.0,65.0,61,0.8641614975894485,3.746136734150696e-11,0.13583850237309014,0.6013833228991053,7.511247179792235e-11,0.3986166770257822,0.39861667702575654,0.13583850237311568,0.2627781746526664,1.0,1.0
15.499,TE,55.0,65.0,61,0.8662432380032633,3.7672309716185737e-11,0.13375676195906439,0.5901781178759542,7.510070343386133e-11,0.4098218820489451,0.4098218820489481,0.13375676195905628,0.2760651200898837,1.0,1.0
15.5,TE,55.0,65.0,61,0.8682623397391723,3.788036551100049e-11,0.1317376602229473,0.5785618878752197,7.507072741219645e-11,0.4214381120497096,0.42143811204971404,0.13173766022294553,0.28970045182676674,1.0,1.0
15.501,TE,55.0,65.0,61,0.8702211512851176,3.808542370364876e-11,0.129778848676797,0.5665232566180535,7.502087839839078e-11,0.43347674330692565,0.4334767433068778,0.1297788486768131,0.3036978946300808,1.0,1.0
15.502,TE,55.0,65.0,61,0.87212191747526,3.8287595316433e-11,0.12787808248645238,0.5540514851488322,7.494938003560492e-11,0.44594851477621844,0.4459485147761635,0.12787808248648358,0.3180704322897111,1.0,1.0
15.503,TE,55.0,65.0,61,0.8739667845965083,3.84872134162606e-11,0.12603321536500445,0.5411366713305613,7.485445596699947e-11,0.45886332859458423,0.4588633285945831,0.12603321536500534,0.3328301132295787,1.0,1.0
15.504,TE,55.0,65.0,61,0.8757578052266095,3.868383391392172e-11,0.12424219473470666,0.5277699788358723,7.473432983573502e-11,0.4722300210893934,0.47223002108939505,0.12424219473470755,0.3479878263546884,1.0,1.0
15.505,TE,55.0,65.0,61,0.8774969428257101,3.8878011920928657e-11,0.12250305713541187,0.5139438983048742,7.458667017345988e-11,0.48605610162053914,0.4860561016205479,0.12250305713540732,0.36355304448513603,1.0,1.0
15.506,TE,55.0,65.0,61,0.8791860760812054,3.9069414370374034e-11,0.12081392387972523,0.49965254332561454,7.44094785787297e-11,0.5003474565999759,0.500347456599965,0.12081392387972867,0.3795335327202398,1.0,1.0
15.507,TE,55.0,65.0,61,0.8808270030294681,3.925826330686277e-11,0.11917299693127359,0.48489198360909025,7.420036807204156e-11,0.5151080163167094,0.515108016316666,0.11917299693129912,0.39593501938539244,1.0,1.0
15.508,TE,55.0,65.0,61,0.8824214449619869,3.94447807749998e-11,0.11757855499856829,0.46966061738242953,7.395700718504372e-11,0.5303393825436135,0.5303393825436119,0.11757855499856917,0.4127608275450436,1.0,1.0
15.509,TE,55.0,65.0,61,0.8839710501261362,3.9628633707877725e-11,0.11602894983423517,0.45395958446058604,7.367678689362833e-11,0.5460404154657372,0.5460404154657044,0.1160289498342354,0.4300114656314692,1.0,1.0
15.51,TE,55.0,65.0,61,0.885477397234615,3.9810044150101476e-11,0.1145226027255749,0.4377932206178184,7.335709817368752e-11,0.5622067793088246,0.5622067793088017,0.11452260272558623,0.4476841765832268,1.0,1.0
15.511,TE,55.0,65.0,61,0.8869419987908208,3.9989234146275976e-11,0.11305800116918996,0.4211695527849792,7.299527648996218e-11,0.5788304471420256,0.5788304471420336,0.11305800116917797,0.4657724459728436,1.0,1.0
15.512,TE,55.0,65.0,61,0.8883663042409661,4.01659816517963e-11,0.11163369571886794,0.4041008331597334,7.258849077373952e-11,0.5958991667676781,0.5958991667676703,0.11163369571886761,0.48426547104880235,1.0,1.0
15.513,TE,55.0,65.0,61,0.8897517029655094,4.034061973356984e-11,0.11024829699414995,0.38660410843004256,7.213396546745798e-11,0.6133958914978235,0.6133958914978193,0.11024829699415195,0.5031475945036693,1.0,1.0
15.514,TE,55.0,65.0,61,0.8910995271112457,4.051292634699166e-11,0.10890047284824134,0.3687018181212206,7.162881399125354e-11,0.6312981818071506,0.6312981818071245,0.10890047284824489,0.5223977089588832,1.0,1.0
15.515,TE,55.0,65.0,61,0.8924110542821362,4.06831235366667e-11,0.10758894567718069,0.3504224132406496,7.107020527641339e-11,0.6495775866882803,0.6495775866882971,0.10758894567717014,0.5419886410111164,1.0,1.0
15.516,TE,55.0,65.0,61,0.8936875100853439,4.0851100280292485e-11,0.10631248987380504,0.3318009833100621,7.045530825422475e-11,0.6681990166194827,0.6681990166194771,0.10631248987379949,0.5618865267456721,1.0,1.0
15.517,TE,55.0,65.0,61,0.8949300705543535,4.1017078622473946e-11,0.10506992940462945,0.3128798760815423,6.978151390057974e-11,0.6871201238486762,0.6871201238486435,0.10506992940465376,0.5820501944440141,1.0,1.0
15.518,TE,55.0,65.0,61,0.896139864439748,4.118094754090862e-11,0.10386013551907103,0.2937092903777282,6.904615768021927e-11,0.7062907095532256,0.7062907095532263,0.10386013551906581,0.6024305740341552,1.0,1.0
15.519,TE,55.0,65.0,61,0.8973179753895106,4.134292908020143e-11,0.10268202456914644,0.2743478180350748,6.824690812479162e-11,0.7256521818966783,0.7256521818966699,0.10268202456915387,0.6229701573275235,1.0,1.0
15.52,TE,55.0,65.0,61,0.8984654440144495,4.150280119574745e-11,0.1015345559440477,0.2548629067185879,6.738176683285246e-11,0.7451370932140303,0.7451370932140634,0.10153455594402372,0.6436025372700157,1.0,1.0
15.521,TE,55.0,65.0,61,0.8995832698517534,4.166078593215161e-11,0.1004167301065858,0.2353312111213957,6.644881866968433e-11,0.7646687888121555,0.764668788812154,0.10041673010658392,0.6642520587055682,1.0,1.0
15.522,TE,55.0,65.0,61,0.900672413226361,4.1817105334018834e-11,0.09932758673182185,0.21583879656866758,6.544687014553574e-11,0.7841612033658856,0.7841612033658701,0.09932758673182995,0.6848336166340483,1.0,1.0
15.523,TE,55.0,65.0,61,0.9017337970216341,4.197142633444173e-11,0.09826620293639443,0.19648115635085622,6.437508859313823e-11,0.8035188435847687,0.8035188435847515,0.09826620293639476,0.705252640648357,1.0,1.0
15.524000000000001,TE,55.0,65.0,61,0.9027683083589816,4.212397097802523e-11,0.09723169159889444,0.17736300314622977,6.323322421231126e-11,0.822636996790537,0.8226369967905252,0.09723169159890799,0.7254053051916307,1.0,1.0
15.525,TE,55.0,65.0,61,0.9037768001954721,4.227462824246686e-11,0.09622319976225324,0.1585977958013035,6.202172109226467e-11,0.8414022041366748,0.8414022041366631,0.09622319976227,0.7451790043744099,1.0,1.0
15.526,TE,55.0,65.0,61,0.9047600928401386,4.242373119467402e-11,0.09523990711743768,0.1403069664446575,6.074177272274994e-11,0.8596930334946007,0.8596930334945754,0.0952399071174459,0.7644531263771377,1.0,1.0
15.527,TE,55.0,65.0,61,0.9057189753969938,4.2570946767739315e-11,0.0942810245604353,0.12261881958619301,5.939541913857482e-11,0.8773811803544116,0.8773811803543763,0.09428102456045329,0.783100155793941,1.0,1.0
15.528,TE,55.0,65.0,61,0.9066542071361308,4.2716608028570136e-11,0.09334579282115263,0.1056670851391161,5.798554691960334e-11,0.8943329148028983,0.8943329148029228,0.09334579282114774,0.8009871219817701,1.0,1.0
15.529,TE,55.0,65.0,61,0.9075665187962845,4.286071497716648e-11,0.09243348116085481,0.08958912108377215,5.6516027968633864e-11,0.9104108788597118,0.9104108788597347,0.09243348116084005,0.8179773976988799,1.0,1.0
15.53,TE,55.0,65.0,61,0.9084566138262761,4.300315659122589e-11,0.09154338613072077,0.07452377862572634,5.4991691755823524e-11,0.925476221319282,0.9254762213192794,0.0915433861307201,0.8339328351885587,1.0,1.0
15.531,TE,55.0,65.0,61,0.9093251695644993,4.314393287074836e-11,0.0906748303923568,0.06060896266900826,5.341831837979427e-11,0.9393910372775734,0.9393910372775693,0.09067483039236468,0.8487162068852125,1.0,1.0
15.532,TE,55.0,65.0,61,0.9101728383609005,4.328337688264128e-11,0.08982716159581616,0.04797894195499042,5.180265938431461e-11,0.9520210579932069,0.9520210579932087,0.08982716159581272,0.8621938963973925,1.0,1.0
15.533,TE,55.0,65.0,61,0.9110002486460517,4.342126658229972e-11,0.08899975131052706,0.03676148496878781,5.0152368369360545e-11,0.9632385149810598,0.9632385149810302,0.08899975131054283,0.8742387636705031,1.0,1.0
15.534,TE,55.0,65.0,61,0.9118080059475661,4.3557712992026154e-11,0.08819199400887623,0.027074917779876313,4.847588649936618e-11,0.9729250821716477,0.9729250821716525,0.08819199400887101,0.8847330881627763,1.0,1.0
15.535,TE,55.0,65.0,61,0.9125966938596975,4.369249406721565e-11,0.08740330609660996,0.01902521625413754,4.6782397400413345e-11,0.9809747836990801,0.9809747836990796,0.08740330609661395,0.8935714776024697,1.0,1.0
15.536,TE,55.0,65.0,61,0.9133668749653986,4.382616491938052e-11,0.08663312499077525,0.0127032556258316,4.508162940175531e-11,0.9872967443290868,0.9872967443290916,0.08663312499077158,0.9006636193383164,1.0,1.0
15.537,TE,55.0,65.0,61,0.9141190917146462,4.395828145931091e-11,0.08588090824139549,0.008182343392416015,4.338369941070397e-11,0.9918176565642003,0.9918176565642117,0.08588090824139105,0.9059367483228162,1.0,1.0
15.538,TE,55.0,65.0,61,0.9148538672630557,4.4089065731611754e-11,0.0851461326928552,0.0055161558159615995,4.1698944644452673e-11,0.9944838441423395,0.9944838441423164,0.08514613269287186,0.9093377114494612,1.0,1.0
15.539,TE,55.0,65.0,61,0.9155717062691262,4.421851773628305e-11,0.08442829368665528,0.004737183625380237,4.003770145283303e-11,0.995262816334582,0.9952628163345718,0.08442829368666216,0.9108345226479165,1.0,1.0
15.54,TE,55.0,65.0,61,0.9162730956559606,4.434674849562725e-11,0.08372690429969265,0.0058557693164290985,3.841011970290298e-11,0.9941442306451608,0.9941442306451593,0.08372690429969376,0.9104173263454667,1.0,1.0
15.541,TE,55.0,65.0,61,0.9169585053363478,4.4473535965039446e-11,0.08304149461917865,0.008859788415625788,3.682594680587403e-11,0.9911402115475483,0.9911402115475592,0.0830414946191721,0.9080987169283805,1.0,1.0
15.542,TE,55.0,65.0,61,0.917628388905534,4.459910218912455e-11,0.0823716110498669,0.013714992493254988,3.529435077531673e-11,0.9862850074714506,0.986285007471435,0.08237161104988733,0.9039133964215681,1.0,1.0
15.543,TE,55.0,65.0,61,0.9182831843010655,4.472355819018503e-11,0.08171681565421096,0.020365995578311532,3.382373200966349e-11,0.9796340043878647,0.9796340043878661,0.0817168156542043,0.8979171887336551,1.0,1.0
15.544,TE,55.0,65.0,61,0.9189233144332414,4.484668192361596e-11,0.08107668552191194,0.028737851069997253,3.242160359628876e-11,0.9712621488975811,0.9712621488975774,0.08107668552191793,0.8901854633756655,1.0,1.0
15.545,TE,55.0,65.0,61,0.9195491877866352,4.4968695434022266e-11,0.08045081216839611,0.03873813620528169,3.10944464620988e-11,0.9612618637636239,0.9612618637636379,0.08045081216837724,0.8808110515952418,1.0,1.0
15.546,TE,55.0,65.0,61,0.9201611989938452,4.5089598721403945e-11,0.07983880096106521,0.05025943800235543,2.984767988323256e-11,0.9497405619677969,0.9497405619678042,0.07983880096105067,0.869901761006739,1.0,1.0
15.547,TE,55.0,65.0,61,0.9207597293846267,4.520928076345854e-11,0.07924027057016403,0.06318211996074405,2.8685540054418368e-11,0.9368178800105704,0.9368178800105703,0.07924027057015537,0.8575776094404063,1.0,1.0
15.548,TE,55.0,65.0,61,0.9213451475088772,4.5327852582488504e-11,0.07865485244579495,0.07737724315622387,2.761113560012518e-11,0.922622756816165,0.9226227568161612,0.0786548524458115,0.8439679043703663,1.0,1.0
15.549,TE,55.0,65.0,61,0.9219178096374988,4.5445314178493845e-11,0.07808219031705588,0.09270951850743941,2.6626451044009514e-11,0.9072904814659342,0.9072904814659338,0.07808219031705099,0.829208291148878,1.0,1.0
15.55,TE,55.0,65.0,61,0.9224780602406586,4.556166555147456e-11,0.07752193971377974,0.10904017758659483,2.5732402320066683e-11,0.8909598223876728,0.8909598223876726,0.07752193971377519,0.8134378826738928,1.0,1.0
15.551,TE,55.0,65.0,61,0.9230262324444214,4.567712874603558e-11,0.07697376750990148,0.12622966576558264,2.4928864528206418e-11,0.8737703342094885,0.87377033420949,0.07697376750991236,0.7967965666995885,1.0,1.0
15.552,TE,55.0,65.0,61,0.9235626484680881,4.5791370695269507e-11,0.07643735148612052,0.1441400817064694,2.421482458991875e-11,0.8558599182693158,0.855859918269314,0.07643735148611197,0.7794225667831934,1.0,1.0
15.553,TE,55.0,65.0,61,0.9240876200421435,4.5904724466083735e-11,0.07591237991195177,0.16263730900696335,2.358846451500085e-11,0.8373626909694482,0.8373626909694535,0.07591237991196542,0.7614503110575017,1.0,1.0
15.554,TE,55.0,65.0,61,0.9246014488071356,4.601696801387334e-11,0.07539855114684746,0.18159280752356144,2.3047258546071703e-11,0.8184071924533913,0.818407192453387,0.07539855114683713,0.7430086413065395,1.0,1.0
15.555,TE,55.0,65.0,61,0.9251044266973798,4.612821236094078e-11,0.07489557325649199,0.20088505191847278,2.2588070303086738e-11,0.7991149480589391,0.799114948058933,0.07489557325648044,0.724219374802441,1.0,1.0
15.556000000000001,TE,55.0,65.0,61,0.9255968363056437,4.623856852958852e-11,0.07440316364811772,0.2204006220975554,2.2207347072367156e-11,0.7795993778802373,0.7795993778802303,0.0744031636481064,0.7051962142321125,1.0,1.0
15.557,TE,55.0,65.0,61,0.9260789512340929,4.63479254975141e-11,0.07392104871955918,0.24003496416927764,2.1901119806599922e-11,0.7599650358088212,0.7599650358088228,0.0739210487195604,0.6860439870892636,1.0,1.0
15.558,TE,55.0,65.0,61,0.9265510364292343,4.645650530932244e-11,0.07344896352430919,0.25969285066287406,2.1665225169442692e-11,0.7403071493154607,0.7403071493154487,0.07344896352429708,0.6668581857911395,1.0,1.0
15.559,TE,55.0,65.0,61,0.9270133485031303,4.656397489810615e-11,0.0729866514503057,0.2792885755709281,2.149519451322135e-11,0.7207114244075767,0.7207114244075871,0.07298665145031757,0.6477247729572814,1.0,1.0
15.56,TE,55.0,65.0,61,0.9274661360407624,4.667066733077263e-11,0.07253386391256689,0.2987459232830019,2.138661470141301e-11,0.7012540766956115,0.7012540766956008,0.07253386391255778,0.6287202127830339,1.0,1.0
15.561,TE,55.0,65.0,61,0.9279096398947869,4.677647158501941e-11,0.07209036005843661,0.31799795150975596,2.133504484191917e-11,0.682002048468909,0.6820020484689034,0.07209036005842873,0.6099116884104668,1.0,1.0
15.562,TE,55.0,65.0,61,0.9283440934677549,4.688127663854402e-11,0.0716559064853638,0.33698662708587107,2.1335988531490102e-11,0.6630133728927929,0.663013372892805,0.07165590648537468,0.5913574664074412,1.0,1.0
15.563,TE,55.0,65.0,61,0.928769722982487,4.698541555825386e-11,0.07123027697052764,0.3556623509422945,2.1385171411480997e-11,0.6443376490363204,0.6443376490363133,0.07123027697052531,0.5731073720657857,1.0,1.0
15.564,TE,55.0,65.0,61,0.929186747741118,4.708855527724154e-11,0.07081325221179346,0.3739834048500058,2.1478319123247047e-11,0.6260165951285159,0.6260165951285579,0.07081325221183055,0.5552033429167644,1.0,1.0
15.565,TE,55.0,65.0,61,0.9295953803748562,4.719102886241444e-11,0.07040461957795274,0.3919153483884436,2.1611434863899603e-11,0.608084651589945,0.6080846515899344,0.07040461957794975,0.5376800320119817,1.0,1.0
15.566,TE,55.0,65.0,61,0.9299958270810597,4.729261426916764e-11,0.07000417287164773,0.409430390052439,2.1780577341701246e-11,0.5905696099257804,0.5905696099257555,0.07000417287163174,0.5205654370541077,1.0,1.0
15.567,TE,55.0,65.0,61,0.9303882878527939,4.739342251980361e-11,0.06961171209981265,0.42650675227161733,2.1982304865275637e-11,0.5734932477064003,0.5734932477064096,0.06961171209981964,0.503881535606597,1.0,1.0
15.568,TE,55.0,65.0,61,0.9307729566982845,4.7493453614322334e-11,0.06922704325422202,0.4431280458869693,2.2212953698641513e-11,0.5568719540908178,0.5568719540907993,0.06922704325421325,0.48764491083657724,1.0,1.0
15.569,TE,55.0,65.0,61,0.9311500218506737,4.759259653042136e-11,0.06884997810173366,0.4592826660088409,2.2469359706178693e-11,0.5407173339686897,0.5407173339686777,0.06884997810172433,0.47186735586694406,1.0,1.0
15.57,TE,55.0,65.0,61,0.9315196659715768,4.7691184335008074e-11,0.06848033398073206,0.4749632180242995,2.274863630802315e-11,0.5250367819529518,0.5250367819529409,0.06848033398072295,0.45655644797220885,1.0,1.0
15.571,TE,55.0,65.0,61,0.9318820663436567,4.778888396117509e-11,0.06811793360855445,0.4901659796180515,2.3048007946613325e-11,0.5098340203589005,0.5098340203589017,0.0681179336085529,0.44171608675034724,1.0,1.0
15.572,TE,55.0,65.0,61,0.9322373950579378,4.788591745352733e-11,0.06776260489417629,0.5048904025790495,2.3364865597841344e-11,0.49510959739758564,0.4951095973975924,0.06776260489417951,0.4273469925034161,1.0,1.0
15.573,TE,55.0,65.0,61,0.9325858191923687,4.798228481206479e-11,0.067414180759649,0.5191386561553708,2.3696822282204266e-11,0.4808613438209324,0.48086134382094003,0.06741418075965133,0.41344716306129103,1.0,1.0
15.574,TE,55.0,65.0,61,0.9329275009834569,4.8077875014485016e-11,0.06707249896846523,0.5329152123763962,2.404165755365284e-11,0.4670847875995622,0.4670847875995593,0.06707249896846101,0.40001228863109406,1.0,1.0
15.575,TE,55.0,65.0,61,0.9332625979921593,4.817291010539293e-11,0.06673740195966782,0.5462264726314705,2.4397595055347665e-11,0.4537735273441319,0.45377352734414,0.06673740195967237,0.3870361253844722,1.0,1.0
15.576,TE,55.0,65.0,61,0.933591263262038,4.8267168040183606e-11,0.06640873668969483,0.5590804339289754,2.4762636385844417e-11,0.4409195660462619,0.4409195660462638,0.06640873668969705,0.374510829356569,1.0,1.0
15.577,TE,55.0,65.0,61,0.9339136454716358,4.8360759841159506e-11,0.06608635448000344,0.5714863927710232,2.513522723290862e-11,0.4285136072038416,0.42851360720385867,0.06608635448001177,0.36242725272385523,1.0,1.0
15.578,TE,55.0,65.0,61,0.9342298890817811,4.845357448601817e-11,0.06577011086976536,0.5834546841812372,2.5514035328910722e-11,0.4165453157932487,0.4165453157932517,0.06577011086976758,0.35077520492348635,1.0,1.0
15.579,TE,55.0,65.0,61,0.9345401344760604,4.854594504166698e-11,0.06545986547539362,0.5949964531755707,2.5897617383918714e-11,0.4050035467985317,0.40500354679855455,0.06545986547540694,0.33954368132316093,1.0,1.0
15.58,TE,55.0,65.0,61,0.934844518096788,4.863753844119856e-11,0.06515548185457443,0.6061234559383716,2.6284752152605506e-11,0.39387654403534367,0.39387654403535355,0.06515548185458331,0.3287210621807791,1.0,1.0
15.581,TE,55.0,65.0,61,0.9351431725750325,4.872846570691536e-11,0.06485682737623899,0.6168478879295007,2.6674440434248936e-11,0.3831521120438248,0.38315211204385324,0.06485682737625387,0.31829528466761425,1.0,1.0
15.582,TE,55.0,65.0,61,0.9354362268567096,4.8818837861119846e-11,0.06456377309447159,0.6271822362569608,2.706557200582438e-11,0.37281776371597364,0.3728177637159994,0.06456377309448647,0.3082539906215278,1.0,1.0
15.583,TE,55.0,65.0,61,0.935723806322686,4.890865490381202e-11,0.06427619362840531,0.6371391537235113,2.7457369711214596e-11,0.36286084624903137,0.36286084624903703,0.06427619362840675,0.2985846526206317,1.0,1.0
15.584,TE,55.0,65.0,61,0.936006032905736,4.899780581268942e-11,0.06399396704526616,0.6467313521733428,2.7849167416604814e-11,0.35326864779880807,0.3532686477988124,0.06399396704527116,0.28927468075354623,1.0,1.0
15.585,TE,55.0,65.0,61,0.9362830252017961,4.908651263235697e-11,0.06371697474911742,0.65597151286584,2.8240076943575332e-11,0.34402848710591993,0.3440284871059298,0.0637169747491233,0.2803115123568124,1.0,1.0
15.586,TE,55.0,65.0,61,0.9365548985780157,4.9174553318209746e-11,0.06344510137280979,0.6648722118497551,2.8629765225218762e-11,0.33512778812161514,0.33512778812161803,0.06344510137281223,0.27168268674880824,1.0,1.0
15.587,TE,55.0,65.0,61,0.9368217652764168,4.926203889255021e-11,0.06317823467432115,0.6734458584513261,2.901756612772033e-11,0.32655414151965634,0.32655414151963524,0.06317823467431105,0.2633759068453141,1.0,1.0
15.588,TE,55.0,65.0,61,0.9370837345141496,4.9348858333075896e-11,0.06291626543650153,0.681704645194743,2.940292453956772e-11,0.318295354775854,0.31829535477582405,0.06291626543648077,0.2553790893393225,1.0,1.0
15.589,TE,55.0,65.0,61,0.9373409125791475,4.943512266208927e-11,0.06265908737141734,0.6896605076068714,2.978561841615601e-11,0.310339492363343,0.3103394923633679,0.06265908737142956,0.24768040499195054,1.0,1.0
15.59,TE,55.0,65.0,61,0.9375934029233542,4.9520942901892795e-11,0.06240659702712481,0.6973250925983776,3.016509264597289e-11,0.3026749073714573,0.3026749073714292,0.06240659702711404,0.2402683103443044,1.0,1.0
15.591,TE,55.0,65.0,61,0.9378413062517341,4.960631905248647e-11,0.06215869369865956,0.7047097341633445,3.0541236206715894e-11,0.2952902658061143,0.2952902658060822,0.06215869369863802,0.23313157210742264,1.0,1.0
15.592,TE,55.0,65.0,61,0.9380847206089243,4.969102906926537e-11,0.06191527934138463,0.7118254353736332,3.0913716031477634e-11,0.2881745645954531,0.28817456459547064,0.06191527934138996,0.226259285254086,1.0,1.0
15.593,TE,55.0,65.0,61,0.9383237414618375,4.9775183974531956e-11,0.061676258488387314,0.7186828557035457,3.1282310075653186e-11,0.28131714426517196,0.28131714426518895,0.061676258488398195,0.21964088577680163,1.0,1.0
15.594,TE,55.0,65.0,61,0.9385584617798112,4.985889479058869e-11,0.061441538170329935,0.7252923028716506,3.1646796294637625e-11,0.2747076970967026,0.2747076970967254,0.06144153817034337,0.21326615892639544,1.0,1.0
15.595,TE,55.0,65.0,61,0.9387889721119025,4.994205049513312e-11,0.06121102783815546,0.731663728484789,3.200717468843095e-11,0.2683362714832038,0.2683362714831803,0.06121102783814647,0.20712524364502483,1.0,1.0
15.596,TE,55.0,65.0,61,0.9390153606615003,5.0024873132770153e-11,0.06098463928847486,0.7378067268580261,3.236300116782331e-11,0.26219327310961094,0.26219327310962715,0.060984639288485076,0.20120863382115228,1.0,1.0
15.597,TE,55.0,65.0,61,0.9392377133578066,5.0107029636592415e-11,0.06076228659208638,0.7437305364551875,3.271449777741964e-11,0.256269463512098,0.25626946351207647,0.06076228659207239,0.1955071769199901,1.0,1.0
15.598,TE,55.0,65.0,61,0.9394561139255712,5.0188742051204827e-11,0.0605438860242401,0.7494440435044398,3.3061442472615e-11,0.25055595646249873,0.2505559564625066,0.06054388602424143,0.1900120704382665,1.0,1.0
15.599,TE,55.0,65.0,61,0.9396706439516168,5.027001037660739e-11,0.06032935599811318,0.7549557873624957,3.3403724231106935e-11,0.2450442126041006,0.24504421260408904,0.060329355998106515,0.18471485660597586,1.0,1.0
15.6,TE,55.0,65.0,61,0.9398813829496268,5.03508346128001e-11,0.06011861700002241,0.7602739672960606,3.374145407519791e-11,0.23972603267019799,0.23972603267021142,0.060118617000029295,0.179607415670189,1.0,1.0
15.600999999999999,TE,55.0,65.0,61,0.940088408422337,5.043121475978296e-11,0.0599115915272318,0.7654064503717789,3.407440996028299e-11,0.2345935495941467,0.23459354959413092,0.05991159152722636,0.17468195806689912,1.0,1.0
15.602,TE,55.0,65.0,61,0.9402917959218275,5.051103979525351e-11,0.059708204027661416,0.7703607802151322,3.4402813930967113e-11,0.22963921975046497,0.22963921975042922,0.059708204027644096,0.1699310157227678,1.0,1.0
15.603,TE,55.0,65.0,61,0.9404916191075373,5.059042074151421e-11,0.059508380841872266,0.7751441864083198,3.4726332920342884e-11,0.22485581355695383,0.2248558135569787,0.05950838084188448,0.16534743271510643,1.0,1.0
15.604,TE,55.0,65.0,61,0.9406879498023575,5.066957964316998e-11,0.05931205014697294,0.7797635943567447,3.5045411017620154e-11,0.2202364056082099,0.22023640560819313,0.059312050146961504,0.1609243554612202,1.0,1.0
15.605,TE,55.0,65.0,61,0.9408808580468289,5.074807241101098e-11,0.05911914190242307,0.7842256354643453,3.5359715155891536e-11,0.21577436450029497,0.2157743645003133,0.059119141902430505,0.15665522259789022,1.0,1.0
15.606,TE,55.0,65.0,61,0.9410704121515713,5.082612108964213e-11,0.0589295877976026,0.7885366574965159,3.566935635745949e-11,0.21146334246781473,0.21146334246778942,0.058929587797587835,0.15253375467018682,1.0,1.0
15.607,TE,55.0,65.0,61,0.9412566787477564,5.090394772366835e-11,0.05874332120133963,0.7927027350137855,3.597455666692895e-11,0.20729726495023992,0.20729726495023004,0.058743321201333853,0.14855394374889042,1.0,1.0
15.608,TE,55.0,65.0,61,0.9414397228361878,5.0981219246182263e-11,0.05856027711283096,0.7967296797993072,3.627509403969498e-11,0.2032703201644177,0.20327032016439273,0.05856027711281808,0.14471004305156177,1.0,1.0
15.609,TE,55.0,65.0,61,0.9416196078342765,5.1058046679486324e-11,0.0583803921146655,0.8006230511985603,3.6571190520362507e-11,0.19937694876486856,0.19937694876484624,0.05838039211465096,0.14099655665018074,1.0,1.0
15.61,TE,55.0,65.0,61,0.9417963956220896,5.1134541045883e-11,0.05820360432677585,0.8043881663195952,3.686273508662907e-11,0.19561183364354207,0.1956118336435031,0.0582036043267552,0.13740822931672725,1.0,1.0
15.611,TE,55.0,65.0,61,0.9419701465859415,5.121070234537228e-11,0.05802985336284783,0.8080301100380182,3.71499497830996e-11,0.19196988992483188,0.19196988992480835,0.05802985336283384,0.13394003656196052,1.0,1.0
15.612,TE,55.0,65.0,61,0.9421409196617665,5.128641955565172e-11,0.057859080286947084,0.8115537447848971,3.743272358747163e-11,0.18844625517767022,0.18844625517767277,0.057859080286949416,0.1305871748907257,1.0,1.0
15.613,TE,55.0,65.0,61,0.9423087723759459,5.1361692676721304e-11,0.057691227572692405,0.8149637200692305,3.771138956665254e-11,0.18503627989305815,0.18503627989309301,0.05769122757271061,0.1273450523204006,1.0,1.0
15.614,TE,55.0,65.0,61,0.9424737608854129,5.14366327308835e-11,0.057526239063150464,0.8182644817269512,3.798583669833988e-11,0.18173551823506295,0.18173551823507506,0.05752623906315679,0.12420927917192459,1.0,1.0
15.615,TE,55.0,65.0,61,0.9426359400161769,5.151123971813831e-11,0.05736405993231186,0.821460280875784,3.8256176004836107e-11,0.17853971908595978,0.17853971908594912,0.057364059932306755,0.12117565915363726,1.0,1.0
15.616,TE,55.0,65.0,61,0.9427953633010671,5.158529159388081e-11,0.05720463664734765,0.824555182570691,3.8522296463838757e-11,0.17544481739078666,0.1754448173908042,0.05720463664735764,0.11824018074345655,1.0,1.0
15.617,TE,55.0,65.0,61,0.9429520830153226,5.1659121425018384e-11,0.05704791693301825,0.8275530741382198,3.878453114225522e-11,0.1724469258229957,0.17244692582299592,0.05704791693301858,0.11539900888997767,1.0,1.0
15.618,TE,55.0,65.0,61,0.943106150212198,5.173261818924857e-11,0.05689384973606937,0.8304576732094675,3.904276901778303e-11,0.16954232675148972,0.16954232675151126,0.05689384973608047,0.1126484770154419,1.0,1.0
15.619,TE,55.0,65.0,61,0.9432576147563634,5.1805670864268905e-11,0.056742385191830946,0.8332725354300886,3.9297121112724653e-11,0.16672746453061427,0.16672746453061127,0.056742385191828726,0.10998507933878032,1.0,1.0
15.62,TE,55.0,65.0,61,0.9434065253570623,5.1878501494684315e-11,0.056593474591059234,0.8360010618637265,3.9547809471685014e-11,0.16399893809672572,0.1639989380967396,0.05659347459106756,0.10740546350568037,1.0,1.0
15.621,TE,55.0,65.0,61,0.943552929599758,5.1950888035889875e-11,0.056447070348291106,0.8386465060864426,3.9794612050059186e-11,0.16135349387376274,0.16135349387377362,0.056447070348297546,0.10490642352548252,1.0,1.0
15.622,TE,55.0,65.0,61,0.9436968739768067,5.202294151018805e-11,0.056303125971170376,0.8412119809772155,4.0037750892452095e-11,0.15878801898274675,0.15878801898276562,0.056303125971179924,0.10248489301159525,1.0,1.0
15.623,TE,55.0,65.0,61,0.9438384039172719,5.209466191757883e-11,0.05616159603063342,0.8437004652165642,4.0277337021166204e-11,0.1562995347431585,0.15629953474311387,0.05616159603060944,0.10013793871248045,1.0,1.0
15.624,TE,55.0,65.0,61,0.9439775638159665,5.216604925806223e-11,0.056022436131867415,0.8461148094964154,4.0513481458503975e-11,0.15388519046307114,0.15388519046306603,0.05602243613186442,0.09786275433119862,1.0,1.0
15.625,TE,55.0,65.0,61,0.9441143970611392,5.223710353163824e-11,0.0558856028866237,0.848457742450339,4.0746073182162945e-11,0.15154225750891492,0.15154225750894934,0.05588560288664368,0.09565665462232564,1.0,1.0
15.626,TE,55.0,65.0,61,0.9442489460616559,5.230782473830686e-11,0.055751053886036295,0.8507318763145463,4.097533423674804e-11,0.1492681236444784,0.14926812364447728,0.05575105388603718,0.09351706975844098,1.0,1.0
15.627,TE,55.0,65.0,61,0.9443812522734181,5.237832390037056e-11,0.055618747674203606,0.8529397123286057,4.120126462225926e-11,0.14706028763019308,0.14706028763014733,0.055618747674180846,0.09144153995594373,1.0,1.0
15.628,TE,55.0,65.0,61,0.9445113562244344,5.244837897322441e-11,0.05548864372311724,0.855083645883202,4.14238643386966e-11,0.14491635407537418,0.1449163540753714,0.05548864372311646,0.08942771035225416,1.0,1.0
15.629,TE,55.0,65.0,61,0.9446392975397969,5.251810097917087e-11,0.05536070240768498,0.8571659714292965,4.1643355430664997e-11,0.14283402852906013,0.14283402852908333,0.05536070240769553,0.08747332612139835,1.0,1.0
15.63,TE,55.0,65.0,61,0.9447651149654005,5.25876009405124e-11,0.0552348849820119,0.859188887153287,4.18598489204669e-11,0.14081111280485314,0.14081111280484093,0.05523488498200435,0.08557622782282903,1.0,1.0
15.631,TE,55.0,65.0,61,0.9448888463911996,5.265676783494655e-11,0.0551111535561436,0.8611544994305896,4.2073122763497395e-11,0.13884550052733724,0.13884550052735578,0.05511115355614982,0.08373434697121218,1.0,1.0
15.632,TE,55.0,65.0,61,0.9450105288735868,5.272571268477577e-11,0.05498947107368746,0.8630648270660124,4.228351002666386e-11,0.1369351728917041,0.13693517289167467,0.05498947107367147,0.08194570181798722,1.0,1.0
15.633,TE,55.0,65.0,61,0.9451301986571901,5.2794213445395144e-11,0.05486980129001573,0.864921805331429,4.249089968766384e-11,0.13507819462608006,0.13507819462606896,0.05486980129000929,0.08020839333605323,1.0,1.0
15.634,TE,55.0,65.0,61,0.9452478911960646,5.286249216140959e-11,0.05475210875107295,0.866727289808818,4.2695402768799795e-11,0.13327271014848663,0.1332727101485155,0.0547521087510876,0.07852060139744255,1.0,1.0
15.635,TE,55.0,65.0,61,0.9453636411741609,5.293054883281911e-11,0.05463635877290851,0.8684830600473235,4.289724131467665e-11,0.1315169399097793,0.13151693990978175,0.054636358772907956,0.07688058113687324,1.0,1.0
15.636,TE,55.0,65.0,61,0.945477482525107,5.2998161415018785e-11,0.054522517421894845,0.8701908230429669,4.3096193280689477e-11,0.1298091769139369,0.12980917691393878,0.054522517421895844,0.07528665949204394,1.0,1.0
15.637,TE,55.0,65.0,61,0.9455894484516776,5.3065662974915995e-11,0.054410551495256754,0.8718522165514677,4.3292480711443204e-11,0.1281477834052398,0.1281477834052147,0.05441055149524465,0.07373723190995796,1.0,1.0
15.638,TE,55.0,65.0,61,0.9456995714443099,5.3132720445603354e-11,0.05430042850255734,0.873468812237533,4.3486214629240294e-11,0.12653118771898075,0.12653118771895444,0.054300428502544906,0.0722307592163971,1.0,1.0
15.639,TE,55.0,65.0,61,0.9458078832994071,5.319966689398825e-11,0.05419211664739321,0.8750421186740563,4.3677284011778283e-11,0.12495788128226637,0.12495788128227492,0.054192116647397426,0.07076576463488171,1.0,1.0
15.64,TE,55.0,65.0,61,0.9459144151369725,5.326628027546576e-11,0.05408558480976122,0.8765735841934879,4.386568885905717e-11,0.12342641576264646,0.12342641576263147,0.05408558480975445,0.06934083095287025,1.0,1.0
15.641,TE,55.0,65.0,61,0.946019197417592,5.333256059003588e-11,0.053980802529075445,0.8780645996017079,4.405187326028681e-11,0.12193540035424022,0.12193540035421369,0.05398080252906223,0.06795459782513824,1.0,1.0
15.642,TE,55.0,65.0,61,0.9461222599591567,5.339861886000108e-11,0.05387773998744472,0.8795165007597839,4.4235615170862275e-11,0.12048349919598045,0.12048349919600077,0.053877739987454154,0.06660575920855605,1.0,1.0
15.643,TE,55.0,65.0,61,0.94622363195298,5.346445508536135e-11,0.05377636799355556,0.8809305710411646,4.44168035684811e-11,0.11906942891441863,0.11906942891440586,0.053776367993549457,0.0652930609208503,1.0,1.0
15.644,TE,55.0,65.0,61,0.9463233419794677,5.3529958243814235e-11,0.053676657967002384,0.882308043669187,4.4595771520050675e-11,0.1176919562862172,0.1176919562862293,0.0536766579670106,0.06401529831922692,1.0,1.0
15.645,TE,55.0,65.0,61,0.9464214180232523,5.3595239357662194e-11,0.05357858192315246,0.8836501039409896,4.477240800326854e-11,0.11634989601423795,0.11634989601422985,0.05357858192315057,0.06277131409107739,1.0,1.0
15.646,TE,55.0,65.0,61,0.946517887488005,5.366029842690523e-11,0.053482112458334674,0.8849578913453381,4.494682404043715e-11,0.11504210860971509,0.11504210860971453,0.053482112458336784,0.06155999615137986,1.0,1.0
15.647,TE,55.0,65.0,61,0.9466127772109423,5.3725024429240875e-11,0.053387222735332696,0.886232501578898,4.5119130653858974e-11,0.11376749837598288,0.11376749837599542,0.053387222735339024,0.06038027564066273,1.0,1.0
15.648,TE,55.0,65.0,61,0.946706113476404,5.378963940927406e-11,0.05329388646980637,0.8874749884614395,4.528921682123155e-11,0.11252501149327132,0.11252501149322136,0.05329388646977873,0.05923112502341499,1.0,1.0
15.649000000000001,TE,55.0,65.0,61,0.9467979220298506,5.385403234470232e-11,0.05320207791629539,0.8886863657650711,4.545741560946226e-11,0.11131363418947149,0.11131363418947549,0.053202077916296275,0.0581115562731801,1.0,1.0
15.65,TE,55.0,65.0,61,0.946888228090749,5.391809221322319e-11,0.05311177185533289,0.8898676089519074,4.562339395164372e-11,0.11013239100246919,0.1101323910024703,0.053111771855332446,0.05702061914713741,1.0,1.0
15.651,TE,55.0,65.0,61,0.9469770563652306,5.3981819014836674e-11,0.05302294358078763,0.8910196568283485,4.5787373892380856e-11,0.10898034312586413,0.1089803431258799,0.05302294358079607,0.05595739954509227,1.0,1.0
15.652,TE,55.0,65.0,61,0.947064431058915,5.404532377184523e-11,0.05293556888703965,0.892143413124643,4.5949355431673666e-11,0.10785658682940769,0.10785658682939048,0.05293556888702888,0.054921017942350825,1.0,1.0
15.653,TE,55.0,65.0,61,0.9471503758887302,5.410871750655133e-11,0.05284962405716109,0.8932397479949732,4.6109449591824614e-11,0.10676025195891736,0.10676025195892214,0.0528496240571622,0.05391062790176104,1.0,1.0
15.654,TE,55.0,65.0,61,0.9472349140947333,5.41718891966525e-11,0.05276508585109485,0.8943094994499551,4.62676563728337e-11,0.10569050050377726,0.10569050050377116,0.05276508585109341,0.052925414652676306,1.0,1.0
15.655,TE,55.0,65.0,61,0.9473180684514628,5.4234727819846285e-11,0.05268193149430245,0.8953534747186019,4.6424086797003383e-11,0.10464652523497397,0.10464652523500806,0.052681931494321654,0.05196459374070561,1.0,1.0
15.656,TE,55.0,65.0,61,0.9473998612791626,5.4297455420737606e-11,0.0526001386665399,0.8963724515494244,4.6578629842031205e-11,0.10362754840399702,0.10362754840398747,0.05260013866653512,0.05102740973744757,1.0,1.0
15.657,TE,55.0,65.0,61,0.9474803144544881,5.435984995472154e-11,0.052519685491152046,0.8973671794479997,4.6731396530219627e-11,0.1026328205052689,0.10263282050525702,0.05251968549114505,0.05011313501410497,1.0,1.0
15.658,TE,55.0,65.0,61,0.9475594494210615,5.442202244410055e-11,0.05244055052451646,0.8983383808582347,4.688249788387111e-11,0.1016616190948828,0.10166161909487348,0.05244055052451291,0.04922106857035702,1.0,1.0
15.659,TE,55.0,65.0,61,0.9476372871996478,5.4484083911177095e-11,0.05236271274586812,0.8992867522881985,4.703171185838073e-11,0.10071324766476974,0.10071324766477685,0.05236271274587201,0.04835053491890873,1.0,1.0
15.66,TE,55.0,65.0,61,0.9477138483981745,5.4545812311346253e-11,0.05228615154727967,0.9002129653840736,4.717937152065588e-11,0.09978703456874705,0.09978703456877158,0.05228615154729399,0.04750088302149191,1.0,1.0
15.661,TE,55.0,65.0,61,0.9477891532212087,5.460742968921295e-11,0.05221084672418386,0.9011176679536569,4.732547687069655e-11,0.09888233199901764,0.09888233199904262,0.052210846724197624,0.04667148527485876,1.0,1.0
15.662,TE,55.0,65.0,61,0.947863221479699,5.466882502247472e-11,0.05213677846563214,0.9020014849451573,4.746991688620028e-11,0.09799851500737278,0.09799851500738443,0.05213677846563858,0.045861736541752296,1.0,1.0
15.663,TE,55.0,65.0,61,0.9479360725997653,5.4729887288829104e-11,0.0520639273455048,0.9028650193773917,4.761280258946954e-11,0.09713498057499548,0.09713498057500136,0.052063927345507466,0.04507105322949656,1.0,1.0
15.664,TE,55.0,65.0,61,0.948007725631828,5.479094955518349e-11,0.05199227431338105,0.9037088532315549,4.775413398050432e-11,0.09629114672069095,0.09629114672068606,0.05199227431337683,0.04429887240730501,1.0,1.0
15.665,TE,55.0,65.0,61,0.9480781992591533,5.4851678754630484e-11,0.051921800685995056,0.9045335482994696,4.789391105930463e-11,0.09546645165263645,0.09546645165267964,0.05192180068602159,0.043544650966684584,1.0,1.0
15.666,TE,55.0,65.0,61,0.9481475118064445,5.4912185909472555e-11,0.05185248813864329,0.9053396469957752,4.803224484817292e-11,0.09466035295619257,0.09466035295617381,0.0518524881386333,0.04280786481753052,1.0,1.0
15.667,TE,55.0,65.0,61,0.9482156812479456,5.4972582042012164e-11,0.05178431869708178,0.906127673131623,4.8169135347109204e-11,0.09387232682020785,0.09387232682017588,0.05178431869706268,0.0420880081230941,1.0,1.0
15.668,TE,55.0,65.0,61,0.9482827252154945,5.5032645107644385e-11,0.05171727472947285,0.9068981326549562,4.8304582556113473e-11,0.0931018672967392,0.09310186729671088,0.051717274729457086,0.04138459256723803,1.0,1.0
15.669,TE,55.0,65.0,61,0.9483486610061552,5.5092708173276606e-11,0.05165133893875207,0.907651514356639,4.843858647518573e-11,0.09234848559492237,0.09234848559493969,0.05165133893876195,0.04069714665618762,1.0,1.0
15.67,TE,55.0,65.0,61,0.9484135055900128,5.515243817200144e-11,0.051586494354834755,0.9083882905469559,4.85713691489309e-11,0.09161170940447272,0.0916117094044866,0.05158649435484297,0.04002521504965184,1.0,1.0
15.671,TE,55.0,65.0,61,0.9484772756174195,5.521205714842381e-11,0.051522724327368485,0.9091089177000545,4.870259751044159e-11,0.09089108225124287,0.09089108225119191,0.05152272432733929,0.03936835792382343,1.0,1.0
15.672,TE,55.0,65.0,61,0.9485399874263598,5.527134305793879e-11,0.05146001251836885,0.9098138370719123,4.883271564892766e-11,0.09018616287925496,0.09018616287926551,0.0514600125183744,0.03872615036089666,1.0,1.0
15.673,TE,55.0,65.0,61,0.9486016570491373,5.5330517945151314e-11,0.051398342895532134,0.9105034752890929,4.8961390497481716e-11,0.08949652466194569,0.08949652466193914,0.051398342895529914,0.038098181766407,1.0,1.0
15.674,TE,55.0,65.0,61,0.9486623002194419,5.538958181006137e-11,0.05133769972516855,0.9111782449141375,4.9088955123011146e-11,0.08882175503677359,0.0888217550367787,0.05133769972517199,0.03748405531161014,1.0,1.0
15.675,TE,55.0,65.0,61,0.9487219323789903,5.544853465266897e-11,0.05127806756556119,0.9118385449845079,4.9215076458608564e-11,0.08816145496627703,0.08816145496627847,0.051278067565561636,0.03688338740071728,1.0,1.0
15.676,TE,55.0,65.0,61,0.9487805686839488,5.5507154428369176e-11,0.05121943126054407,0.9124847615294136,4.934008757118136e-11,0.08751523842124631,0.08751523842125919,0.051219431260552284,0.03629580716071512,1.0,1.0
15.677,TE,55.0,65.0,61,0.9488382240111924,5.556566318176692e-11,0.05116177593324189,0.9131172680633566,4.946387743842706e-11,0.08688273188717954,0.08688273188718154,0.05116177593324367,0.03572095595393965,1.0,1.0
15.678,TE,55.0,65.0,61,0.9488949129644819,5.562383886825728e-11,0.05110508697989424,0.9137364260590115,4.958655708264814e-11,0.08626357389140193,0.08626357389141126,0.05110508697990013,0.03515848691151702,1.0,1.0
15.679,TE,55.0,65.0,61,0.9489506498805497,5.568201455474764e-11,0.05104935006376832,0.9143425854005263,4.9708015481542134e-11,0.08565741454976572,0.08565741454976672,0.05104935006376832,0.0346080644859984,1.0,1.0
15.68,TE,55.0,65.0,61,0.9490054488348607,5.573985717433061e-11,0.05099455110939943,0.9149360848163849,4.98283636574115e-11,0.08506391513378675,0.08506391513374767,0.05099455110937923,0.034069364024348237,1.0,1.0
15.681000000000001,TE,55.0,65.0,61,0.9490593236472186,5.579769979391358e-11,0.05094067629698373,0.9155172522944113,4.994760161025624e-11,0.08448274765564112,0.08448274765561925,0.05094067629697108,0.03354207135863552,1.0,1.0
15.682,TE,55.0,65.0,61,0.949112287887556,5.5855320368891626e-11,0.05088771205658871,0.9160864054800619,5.0065618317773897e-11,0.08391359446987245,0.0839135944698407,0.05088771205657072,0.033025882413251995,1.0,1.0
15.683,TE,55.0,65.0,61,0.9491643548810469,5.5912718899264746e-11,0.05083564506304039,0.9166438520565398,5.018274684687185e-11,0.0833561478932775,0.08335614789326684,0.05083564506303251,0.03252050283022645,1.0,1.0
15.684,TE,55.0,65.0,61,0.9492155377136092,5.5970006407335404e-11,0.05078446223042077,0.9171898901103159,5.029865413064272e-11,0.08281010983938542,0.0828101098393913,0.0507844622304241,0.03202564760897053,1.0,1.0
15.685,TE,55.0,65.0,61,0.9492658492369909,5.602707187080114e-11,0.05073415070698206,0.9177248084811875,5.041356221369142e-11,0.0822751914683989,0.08227519146836348,0.05073415070696197,0.03154104076138142,1.0,1.0
15.686,TE,55.0,65.0,61,0.9493153020736651,5.608402631196441e-11,0.05068469787025087,0.9182488870970514,5.0527582118320424e-11,0.08175111285242098,0.0817511128524363,0.05068469787025964,0.03106641498218543,1.0,1.0
15.687,TE,55.0,65.0,61,0.9493639086219033,5.6140758708522753e-11,0.0506360913219559,0.9187623972961604,5.0640602822227265e-11,0.08123760265319901,0.08123760265319757,0.05063609132195446,0.03060151133124167,1.0,1.0
15.688,TE,55.0,65.0,61,0.9494116810604275,5.6197380082778636e-11,0.050588318883375116,0.9192656021351779,5.075251330310948e-11,0.08073439781406955,0.08073439781407021,0.050588318883374006,0.030146078930695097,1.0,1.0
15.689,TE,55.0,65.0,61,0.9494586313530963,5.6253890434732057e-11,0.05054136859064984,0.919758756685253,5.0863535605571997e-11,0.08024124326388349,0.08024124326387927,0.05054136859064595,0.02969987467322943,1.0,1.0
15.69,TE,55.0,65.0,61,0.9495047712535043,5.631006771977809e-11,0.050495228690185634,0.9202421083158724,5.097355870731235e-11,0.07975789163315405,0.07975789163315528,0.05049522869018541,0.02926266294296964,1.0,1.0
15.691,TE,55.0,65.0,61,0.9495501123092354,5.636624500482412e-11,0.050449887634398394,0.9207158969670038,5.1082693630633e-11,0.07928410298191346,0.07928410298188593,0.05044988763438063,0.028834215347487535,1.0,1.0
15.692,TE,55.0,65.0,61,0.9495946658663537,5.642220024526523e-11,0.05040533407722414,0.9211803554106169,5.1190940375533955e-11,0.07881964453819212,0.07881964453818491,0.05040533407722003,0.028414310460960768,1.0,1.0
15.693,TE,55.0,65.0,61,0.949638443073606,5.647815548570634e-11,0.050361556869915836,0.921635709502253,5.1298187919712745e-11,0.07836429044644877,0.07836429044645377,0.05036155686991839,0.02800273357653793,1.0,1.0
15.694,TE,55.0,65.0,61,0.949681454886395,5.653377765924006e-11,0.05031854505707123,0.9220821784208552,5.14046583077743e-11,0.07791782152774018,0.07791782152774052,0.050318545057069675,0.027599276470669287,1.0,1.0
15.695,TE,55.0,65.0,61,0.9497237120709986,5.6589288810471317e-11,0.05027628787241212,0.9225199749014363,5.151024051741615e-11,0.07748002504705342,0.07748002504703244,0.05027628787239968,0.027203737174620324,1.0,1.0
15.696,TE,55.0,65.0,61,0.9497652252083174,5.664468893940011e-11,0.0502347747350379,0.9229493054565079,5.161482352633584e-11,0.07705069449187729,0.07705069449190427,0.05023477473505411,0.02681591975686637,1.0,1.0
15.697,TE,55.0,65.0,61,0.9498060046977153,5.669986702372398e-11,0.05019399524558488,0.923370370589809,5.171885142374322e-11,0.07662962935847217,0.07662962935845508,0.05019399524557433,0.0264356341128702,1.0,1.0
15.698,TE,55.0,65.0,61,0.9498460607609288,5.675493408574539e-11,0.050153939182316254,0.9237833650019759,5.182176909812597e-11,0.07621663494620234,0.07621663494617958,0.05015393918230382,0.02606269576386333,1.0,1.0
15.699,TE,55.0,65.0,61,0.9498854034454698,5.6809890125464335e-11,0.05011459649772032,0.9241884777871298,5.1924020638693946e-11,0.07581152216094622,0.07581152216096076,0.05011459649772987,0.025696925663240444,1.0,1.0
15.7,TE,55.0,65.0,61,0.9499240426283145,5.686473514288082e-11,0.05007595731482073,0.9245858926228957,5.2025495023144686e-11,0.0754141073250788,0.07541410732509879,0.050075957314832276,0.02533815001027806,1.0,1.0
15.701,TE,55.0,65.0,61,0.9499619880194042,5.6919358115692376e-11,0.050038011923676406,0.9249757879526134,5.212619225147819e-11,0.07502421199526044,0.07502421199526643,0.050038011923678294,0.024986200071590026,1.0,1.0
15.702,TE,55.0,65.0,61,0.9499992491649396,5.697387006620147e-11,0.05000075077808652,0.9253583371602656,5.222600130139199e-11,0.07464166278750839,0.07464166278750095,0.050000750778080194,0.02464091200941443,1.0,1.0
15.703,TE,55.0,65.0,61,0.9500358354507913,5.7028270994408103e-11,0.04996416449218044,0.92573370873971,5.2325144217491015e-11,0.07426629120796491,0.07426629120800698,0.04996416449220553,0.024302126715826544,1.0,1.0
15.704,TE,55.0,65.0,61,0.9500717561056294,5.708244987800981e-11,0.04992824383728811,0.9261020664563142,5.2423509977472804e-11,0.07389793349126228,0.07389793349126073,0.04992824383728722,0.023969689653972615,1.0,1.0
15.705,TE,55.0,65.0,61,0.9501070202041659,5.713662876161152e-11,0.04989297973869744,0.9264635695030135,5.252120960363982e-11,0.07353643044446534,0.07353643044446723,0.049892979738697885,0.023643450705769786,1.0,1.0
15.706,TE,55.0,65.0,61,0.9501416366702268,5.719047457830584e-11,0.04985836327258275,0.9268183726507521,5.261802105138713e-11,0.07318162729662991,0.07318162729661215,0.04985836327257254,0.0233232640240294,1.0,1.0
15.707,TE,55.0,65.0,61,0.9501756142797371,5.724432039500016e-11,0.04982438566301861,0.9271666263929323,5.271427738762213e-11,0.07283337355435338,0.07283337355438635,0.04982438566303771,0.023008987891367738,1.0,1.0
15.708,TE,55.0,65.0,61,0.9502089616636802,5.7298055189392016e-11,0.04979103827902176,0.9275084770843556,5.280986759004236e-11,0.07249152286283456,0.07249152286281357,0.04979103827901121,0.022700484583791813,1.0,1.0
15.709,TE,55.0,65.0,61,0.9502416873109969,5.735156793917895e-11,0.049758312631651536,0.9278440670753667,5.290468063634535e-11,0.07215593287172861,0.07215593287173294,0.04975831263165398,0.022397620240081406,1.0,1.0
15.71,TE,55.0,65.0,61,0.9502737995713891,5.740508068896588e-11,0.049726200371205787,0.928173534840833,5.299882754883356e-11,0.07182646510616819,0.07182646510616408,0.0497262003712029,0.022100264734958297,1.0,1.0
15.711,TE,55.0,65.0,61,0.9503053066579922,5.745837139414789e-11,0.04969469328454945,0.9284970151041299,5.3092197305204536e-11,0.07150298484277795,0.0715029848427996,0.049694693284562996,0.021808291558250148,1.0,1.0
15.712,TE,55.0,65.0,61,0.9503362166501552,5.751144005472497e-11,0.04966378329233334,0.9288146389572863,5.31850119500632e-11,0.07118536098952866,0.0711853609895271,0.04966378329233123,0.02152157769719376,1.0,1.0
15.713,TE,55.0,65.0,61,0.9503665374960669,5.7564508715302054e-11,0.04963346244636857,0.9291265339759405,5.327716046110709e-11,0.07087346597078237,0.07087346597079891,0.04963346244637856,0.02124000352443034,1.0,1.0
15.714,TE,55.0,65.0,61,0.9503962770151914,5.7617466353576674e-11,0.049603722927191174,0.9294328243306271,5.33686428383362e-11,0.07056717561600423,0.07056717561600256,0.049603722927190286,0.02096345268881139,1.0,1.0
15.715,TE,55.0,65.0,61,0.950425442900943,5.767020194724637e-11,0.0495745570413868,0.929733630893951,5.3459570104053e-11,0.07026636905258943,0.07026636905259398,0.049574557041390355,0.020691812011207178,1.0,1.0
15.716,TE,55.0,65.0,61,0.9504540427230093,5.77228265186136e-11,0.04954595721926791,0.9300290713436256,5.354994225825749e-11,0.0699709286028245,0.06997092860282983,0.04954595721927124,0.02042497138356192,1.0,1.0
15.717,TE,55.0,65.0,61,0.9504820839298417,5.777534006767837e-11,0.04951791601238298,0.9303192602623563,5.363953725634474e-11,0.06968073968400412,0.06968073968402033,0.049517916012392305,0.020162823671637353,1.0,1.0
15.718,TE,55.0,65.0,61,0.9505095738508541,5.782774259444068e-11,0.04949042609131815,0.930604309233516,5.372868816522214e-11,0.06939569071275531,0.06939569071274354,0.04949042609131171,0.01990526462142539,1.0,1.0
15.719,TE,55.0,65.0,61,0.9505365196989006,5.7880034098900524e-11,0.04946348024321934,0.930884326934043,5.381717294028476e-11,0.06911567301213983,0.06911567301212207,0.04946348024321057,0.019652192768902732,1.0,1.0
15.72,TE,55.0,65.0,61,0.9505629285723793,5.7932214581057906e-11,0.049437071369688446,0.9311594192235169,5.3905102603835076e-11,0.06884058072257804,0.06884058072258237,0.04943707136969111,0.019403509352893922,1.0,1.0
15.721,TE,55.0,65.0,61,0.9505888074574003,5.7984284040912826e-11,0.04941119248461545,0.9314296892303581,5.399236613357061e-11,0.06857031071564956,0.06857031071565833,0.04941119248462167,0.019159118231042882,1.0,1.0
15.722,TE,55.0,65.0,61,0.9506141632300396,5.803624247846528e-11,0.0493858367119242,0.9316952374352442,5.40791855740963e-11,0.06830476251067663,0.06830476251070028,0.04938583671194052,0.018918925798776076,1.0,1.0
15.723,TE,55.0,65.0,61,0.9506390026583084,5.8087978871412815e-11,0.04936099728360366,0.9319561617509595,5.4165449903109675e-11,0.06804383819487503,0.06804383819487603,0.049360997283603214,0.01868284091127237,1.0,1.0
15.724,TE,55.0,65.0,61,0.9506633324043869,5.8139604242057885e-11,0.049336667537473455,0.9322125576003475,5.425115912061074e-11,0.06778744234540135,0.06778744234539569,0.04933666753747035,0.018450774807922232,1.0,1.0
15.725,TE,55.0,65.0,61,0.9506871590263708,5.819134063500542e-11,0.04931284091543786,0.9324645179906688,5.433642424890195e-11,0.06753548195499481,0.06753548195497039,0.049312840915423206,0.018222641039532528,1.0,1.0
15.725999999999999,TE,55.0,65.0,61,0.9507104889804112,5.824274396104556e-11,0.04928951096134604,0.9327121335858762,5.442080119877346e-11,0.06728786635970296,0.06728786635970418,0.04928951096134593,0.017998355398358146,1.0,1.0
15.727,TE,55.0,65.0,61,0.950733328622563,5.829414728708571e-11,0.04926667131914286,0.9329554927767679,5.450495610404005e-11,0.06704450716872712,0.06704450716871035,0.049266671319132094,0.01777783584956749,1.0,1.0
15.728,TE,55.0,65.0,61,0.9507556842106655,5.834532856852093e-11,0.0492443157309892,0.9331946817475715,5.458855589779432e-11,0.06680531819783997,0.06680531819784252,0.04924431573099197,0.017561002466853326,1.0,1.0
15.729,TE,55.0,65.0,61,0.9507775619062164,5.839639882765368e-11,0.04922243803538717,0.9334297845419415,5.467148955773382e-11,0.06657021540338703,0.06657021540340102,0.049222438035395055,0.01734777736801385,1.0,1.0
15.73,TE,55.0,65.0,61,0.950798967776052,5.844746908678644e-11,0.049201032165500536,0.9336608831248819,5.475409015076593e-11,0.06633911682036397,0.06633911682035354,0.04920103216549443,0.017138084654853003,1.0,1.0
15.731,TE,55.0,65.0,61,0.9508199077942869,5.849842832361674e-11,0.04918009214721464,0.9338880574443439,5.4836246654588194e-11,0.06611194250081986,0.06611194250082475,0.049180092147217636,0.01693185035361011,1.0,1.0
15.732,TE,55.0,65.0,61,0.9508403878438236,5.854905449353964e-11,0.049159612097627314,0.9341113854893012,5.4917848046898143e-11,0.06588861445578098,0.06588861445579852,0.049159612097637306,0.016729002358171208,1.0,1.0
15.733,TE,55.0,65.0,61,0.9508604137181673,5.859979168576501e-11,0.04913958622323289,0.9343309433467273,5.499889432769578e-11,0.06566905659827382,0.06566905659827649,0.049139586223235776,0.016529470375043598,1.0,1.0
15.734,TE,55.0,65.0,61,0.9508799911230248,5.865030683338546e-11,0.0491200088183249,0.9345468052565311,5.5079496519283566e-11,0.0654531946883894,0.06545319468837185,0.04912000881831391,0.01633318587004695,1.0,1.0
15.735,TE,55.0,65.0,61,0.9508991256779702,5.87008219810059e-11,0.049100874263328986,0.9347590436645973,5.51596546216615e-11,0.06524095628024307,0.06524095628021964,0.04910087426331522,0.016140082016890656,1.0,1.0
15.736,TE,55.0,65.0,61,0.95091782291793,5.875122610632388e-11,0.04908217702331874,0.9349677292740156,5.523936863482959e-11,0.06503227067074502,0.06503227067071948,0.04908217702330364,0.015950093647400743,1.0,1.0
15.737,TE,55.0,65.0,61,0.9509360882947703,5.880140818703694e-11,0.049063911646428315,0.9351729310943585,5.5318638558787825e-11,0.06482706885032286,0.06482706885032419,0.04906391164642854,0.015763157203895872,1.0,1.0
15.738,TE,55.0,65.0,61,0.9509539271787845,5.885147924544754e-11,0.04904607276236406,0.93537471649035,5.539746439353621e-11,0.06462528345425256,0.06462528345423424,0.049046072762353066,0.015579210691870182,1.0,1.0
15.739,TE,55.0,65.0,61,0.9509713448602484,5.890155030385813e-11,0.04902865508085008,0.9355731512278161,5.5475735116772285e-11,0.06442684871670812,0.0644268487167029,0.04902865508084664,0.01539819363585282,1.0,1.0
15.74,TE,55.0,65.0,61,0.9509883465507462,5.895151033996626e-11,0.049011653390302334,0.935768299518615,5.555367277310097e-11,0.06423170042583137,0.06423170042585247,0.049011653390314325,0.015220047035550133,1.0,1.0
15.741,TE,55.0,65.0,61,0.9510049373847104,5.900135935377193e-11,0.04899506255628827,0.9359602240643146,5.563127736252227e-11,0.06403977588005416,0.0640397758800576,0.048995062556290936,0.015044713323769332,1.0,1.0
15.742,TE,55.0,65.0,61,0.9510211224206438,5.905098632297268e-11,0.048978877520305164,0.9361489860980938,5.5708326840431255e-11,0.06385101384619785,0.06385101384619718,0.04897887752030494,0.014872136325892016,1.0,1.0
15.743,TE,55.0,65.0,61,0.9510369066427161,5.910072431447588e-11,0.04896309329818316,0.9363346454255514,5.578493222913039e-11,0.06366535451866362,0.06366535451866273,0.04896309329818316,0.014702261220479573,1.0,1.0
15.744,TE,55.0,65.0,61,0.9510522949618757,5.915024026137417e-11,0.04894770497897405,0.9365172604640509,5.5861093528619676e-11,0.06348273948008798,0.06348273948008498,0.04894770497897205,0.014535034501110933,1.0,1.0
15.745,TE,55.0,65.0,61,0.9510672922172404,5.919953416366752e-11,0.048932707723560065,0.9366968882810083,5.593703278350404e-11,0.06330311166305469,0.06330311166305469,0.048932707723559954,0.014370403939494625,1.0,1.0
15.746,TE,55.0,65.0,61,0.9510819031774019,5.924893908826334e-11,0.04891809676334913,0.9368735846306877,5.6012416926876085e-11,0.06312641531329988,0.06312641531329943,0.04891809676334813,0.014208318549950305,1.0,1.0
15.747,TE,55.0,65.0,61,0.9510961325416024,5.929812196825424e-11,0.048903867399099465,0.9370474039902733,5.6087468003340746e-11,0.06295259595363922,0.06295259595363267,0.04890386739909591,0.014048728554533207,1.0,1.0
15.748,TE,55.0,65.0,61,0.9511099849410182,5.934719382594267e-11,0.048890014999634634,0.9372183995941491,5.6162074990595556e-11,0.06278160034968883,0.06278160034969427,0.04889001499963741,0.013891585350059632,1.0,1.0
15.749,TE,55.0,65.0,61,0.9511234649399452,5.93962656836311e-11,0.04887653500065858,0.9373866234679176,5.623634891094298e-11,0.06261337647584608,0.06261337647585563,0.048876535000665355,0.013736841475197048,1.0,1.0
15.75,TE,55.0,65.0,61,0.9511365770369177,5.944511549671461e-11,0.04886342290363721,0.937552126460588,5.6310289764383015e-11,0.06244787348310166,0.06244787348309866,0.04886342290363599,0.013584450579461449,1.0,1.0
15.751,TE,55.0,65.0,61,0.9511493256659753,5.949396530979811e-11,0.048850674274530714,0.937714958276378,5.63837865286132e-11,0.06228504166723825,0.062285041667219265,0.048850674274517725,0.013434367392688551,1.0,1.0
15.752,TE,55.0,65.0,61,0.9511617151977134,5.954281512288162e-11,0.048838284742743765,0.9378751675053756,5.6456839203633535e-11,0.062124832438167576,0.062124832438164246,0.04883828474274199,0.01328654769542048,1.0,1.0
15.753,TE,55.0,65.0,61,0.9511737499403341,5.95914428913602e-11,0.048826250000074456,0.9380328016525515,5.6529669834048946e-11,0.06196719829091879,0.061967198290940884,0.048826250000087,0.013140948290866428,1.0,1.0
15.754,TE,55.0,65.0,61,0.9511854341408268,5.963995963753632e-11,0.04881456579953325,0.938187907167171,5.6602056375254506e-11,0.0618120927762269,0.06181209277624977,0.04881456579954768,0.012997526976716522,1.0,1.0
15.755,TE,55.0,65.0,61,0.9511967719860149,5.968836536140998e-11,0.0488032279542967,0.9383405294704991,5.6673998827250216e-11,0.06165947047282694,0.0616594704728165,0.04880322795429082,0.0128562425185198,1.0,1.0
15.756,TE,55.0,65.0,61,0.951207767603515,5.973677108528364e-11,0.04879223233674823,0.9384907129823702,5.6745719234641e-11,0.06150928696088409,0.061509286960882426,0.04879223233674579,0.012717054624134194,1.0,1.0
15.757,TE,55.0,65.0,61,0.9512184250629262,5.978506578685483e-11,0.048781574877288736,0.938638501147964,5.68171065751244e-11,0.061361498795218905,0.06136149879522346,0.04878157487729229,0.012579923917934721,1.0,1.0
15.758,TE,55.0,65.0,61,0.9512287483765701,5.98331384438211e-11,0.04877125156359674,0.9387839364627621,5.6888049826397946e-11,0.0612160634803498,0.061216063480357685,0.04877125156360229,0.012444811916760945,1.0,1.0
15.759,TE,55.0,65.0,61,0.9512387415006937,5.988121110078737e-11,0.04876125843942514,0.9389270604973311,5.6958660010764106e-11,0.06107293944571024,0.06107293944568959,0.04876125843941326,0.012311681006264452,1.0,1.0
15.76,TE,55.0,65.0,61,0.9512484083363572,5.992917273545117e-11,0.04875159160371367,0.9390679139213436,5.702904815052534e-11,0.06093208602162736,0.06093208602163602,0.048751591603719224,0.01218049441792235,1.0,1.0
15.761,TE,55.0,65.0,61,0.9512577527303205,5.997713437011498e-11,0.04874224720970233,0.9392065365265689,5.7098992201076726e-11,0.06079346341633207,0.060793463416321636,0.048742247209696665,0.012051216206619308,1.0,1.0
15.762,TE,55.0,65.0,61,0.9512667784760477,6.002487396017386e-11,0.048733221463927445,0.939342967249572,5.7168714207023186e-11,0.06065703269325928,0.060657032693249735,0.048733221463923115,0.01192381122932229,1.0,1.0
15.763,TE,55.0,65.0,61,0.9512754893145635,6.007261355023275e-11,0.04872451062536387,0.9394772441932352,5.7237992123759796e-11,0.06052275574952681,0.06052275574953436,0.04872451062537009,0.011798245124170492,1.0,1.0
15.764,TE,55.0,65.0,61,0.9512838889352776,6.012024211798916e-11,0.04871611100460216,0.9396094046482648,5.730693697358902e-11,0.06039059529442825,0.060390595294409155,0.04871611100459039,0.011674484289806997,1.0,1.0
15.765,TE,55.0,65.0,61,0.9512919809771349,6.016787068574558e-11,0.048708018962697275,0.9397394851137792,5.7375659778813315e-11,0.06026051482884509,0.06026051482883776,0.048708018962692834,0.011552495866140489,1.0,1.0
15.766,TE,55.0,65.0,61,0.9512997690289452,6.021527720889708e-11,0.048700230910839526,0.9398675213168619,5.7444049517130225e-11,0.06013247862569404,0.06013247862569571,0.04870023091084086,0.01143224771485618,1.0,1.0
15.767,TE,55.0,65.0,61,0.9513072566307985,6.026268373204857e-11,0.0486927433089388,0.9399935482324538,5.751221721084221e-11,0.06000645171003394,0.060006451710033604,0.04869274330893891,0.011313708401094802,1.0,1.0
15.768,TE,55.0,65.0,61,0.9513144472744248,6.030986821059514e-11,0.04868555266526531,0.9401176001018902,5.7579940815344344e-11,0.0598823998405299,0.05988239984050925,0.04868555266525143,0.01119684717524394,1.0,1.0
15.769,TE,55.0,65.0,61,0.9513213444043711,6.035705268914171e-11,0.04867865553527184,0.9402397104513012,5.764733135293909e-11,0.0597602894910515,0.059760289491047835,0.04867865553527084,0.011081633955775994,1.0,1.0
15.77,TE,55.0,65.0,61,0.9513279514184065,6.040412614538582e-11,0.04867204852118934,0.9403599121093509,5.7714610868231375e-11,0.05964008783293451,0.05964008783292962,0.048672048521186784,0.010968039311740285,1.0,1.0
15.771,TE,55.0,65.0,61,0.95133427166862,6.045108857932746e-11,0.048665728270928965,0.9404782372243738,5.778144629431381e-11,0.059521762717844706,0.05952176271785037,0.04866572827093352,0.010856034446921403,1.0,1.0
15.772,TE,55.0,65.0,61,0.9513403084620035,6.04980510132691e-11,0.04865969147749849,0.9405947172813741,5.7847948653488857e-11,0.059405282660777936,0.059405282660784264,0.048659691477501266,0.010745591183285774,1.0,1.0
15.773,TE,55.0,65.0,61,0.9513460650612628,6.054501344721075e-11,0.04865393487819214,0.9407093831180586,5.791422896805898e-11,0.05929061682402714,0.05929061682402814,0.04865393487819203,0.010636681945836002,1.0,1.0
15.774000000000001,TE,55.0,65.0,61,0.95135154468552,6.0591642814245e-11,0.04864845525388839,0.9408222649409025,5.7980287238024175e-11,0.059177735001117227,0.059177735001128884,0.04864845525389616,0.010529279747240494,1.0,1.0
15.775,TE,55.0,65.0,61,0.9513567505109989,6.063838320358172e-11,0.048643249428362734,0.940933392340242,5.804612346338445e-11,0.059066607601711896,0.05906660760174143,0.04864324942838294,0.010423358173378694,1.0,1.0
15.776,TE,55.0,65.0,61,0.9513616856717745,6.068501257061598e-11,0.048638314267540506,0.9410427943054627,5.8111404577232406e-11,0.058957205636425924,0.05895720563642315,0.048638314267538396,0.010318891368882643,1.0,1.0
15.777,TE,55.0,65.0,61,0.9513663532604896,6.073153091534778e-11,0.0486336466787789,0.9411504992394696,5.8176685691080365e-11,0.05884950070235373,0.05884950070238959,0.04863364667880088,0.010215854023610693,1.0,1.0
15.778,TE,55.0,65.0,61,0.9513707563289535,6.077793823777711e-11,0.04862924361026855,0.9412565349727888,5.824152271571847e-11,0.05874346496896965,0.058743464968970094,0.04862924361026788,0.010114221358701547,1.0,1.0
15.779,TE,55.0,65.0,61,0.9513748978888076,6.082423453790398e-11,0.048625102050368185,0.9413609287771358,5.830613769575166e-11,0.05863907116455802,0.05863907116455802,0.04862510205036863,0.010013969114189836,1.0,1.0
15.78,TE,55.0,65.0,61,0.9513787809122898,6.087041981572838e-11,0.0486212190268398,0.9414637073791512,5.837053063117992e-11,0.058536292562478276,0.05853629256248183,0.04862121902684269,0.009915073535642027,1.0,1.0
15.781,TE,55.0,65.0,61,0.9513824083326669,6.091671611585525e-11,0.04861759160641643,0.941564896972897,5.843459049970079e-11,0.058435102968668384,0.05843510296866927,0.048617591606416766,0.00981751136225284,1.0,1.0
15.782,TE,55.0,65.0,61,0.9513857830451024,6.09627903713772e-11,0.04861421689393486,0.9416645232329668,5.84985393459192e-11,0.05833547670853467,0.05833547670855299,0.048614216893946516,0.009721259814618133,1.0,1.0
15.783,TE,55.0,65.0,61,0.9513889079070732,6.100886462689914e-11,0.048611092031917935,0.9417626113264321,5.856204410292776e-11,0.058237388615005825,0.058237388614998165,0.04861109203191216,0.00962629658308023,1.0,1.0
15.784,TE,55.0,65.0,61,0.9513917857390899,6.105471683781616e-11,0.04860821419985539,0.9418591859248403,5.862532681533139e-11,0.05814081401653437,0.0581408140165357,0.048608214199856836,0.00953259981668031,1.0,1.0
15.785,TE,55.0,65.0,61,0.9513944193252002,6.110056904873318e-11,0.04860558061369924,0.9419542712159732,5.868849850543256e-11,0.05804572872533831,0.05804572872532343,0.048605580613690136,0.009440148111624191,1.0,1.0
15.786,TE,55.0,65.0,61,0.9513968114137096,6.11464212596502e-11,0.048603188525144,0.9420478909150267,5.875122610632388e-11,0.057952109026222054,0.05795210902623871,0.048603188525155105,0.009348920501094704,1.0,1.0
15.787,TE,55.0,65.0,61,0.9513989647175164,6.119205142596229e-11,0.048601035221291555,0.9421400682755791,5.881384268491274e-11,0.0578599316656071,0.057859931665608655,0.04860103522129178,0.0092588964443171,1.0,1.0
15.788,TE,55.0,65.0,61,0.9514008819149512,6.123768159227438e-11,0.048599118023811116,0.9422308261005305,5.887623721889668e-11,0.05776917384059321,0.057769173840572896,0.04859911802379835,0.00917005581676178,1.0,1.0
15.789,TE,55.0,65.0,61,0.9514025656501081,6.128331175858648e-11,0.04859743428860863,0.9423201867522197,5.893829868597322e-11,0.057679813188841966,0.057679813188846185,0.048597434288610075,0.009082378900237553,1.0,1.0
15.79,TE,55.0,65.0,61,0.9514040185334994,6.132871988029365e-11,0.04859598140517185,0.9424081721627191,5.900013810844484e-11,0.05759182777828076,0.05759182777826344,0.04859598140516119,0.008995846373091587,1.0,1.0
15.791,TE,55.0,65.0,61,0.9514052431425111,6.137412800200082e-11,0.0485947567961148,0.9424948038437486,5.906175548631154e-11,0.057505196097189626,0.05750519609718863,0.04859475679611436,0.008910439301073825,1.0,1.0
15.792,TE,55.0,65.0,61,0.9514062420220201,6.141942510140552e-11,0.04859375791656051,0.9425801028962121,5.912303979727085e-11,0.05741989704466488,0.057419897044657664,0.04859375791655596,0.008826139128097155,1.0,1.0
15.793,TE,55.0,65.0,61,0.9514070176847945,6.146461117850777e-11,0.04859298225374087,0.9426640900195016,5.91842130859277e-11,0.05733590992131421,0.057335909921300776,0.04859298225373221,0.008742927667559908,1.0,1.0
15.794,TE,55.0,65.0,61,0.9514075726120531,6.150990827791247e-11,0.04859242732643698,0.9427467855207554,5.924516432997962e-11,0.05725321441999942,0.05725321442000475,0.0485924273264392,0.008660787093567768,1.0,1.0
15.795,TE,55.0,65.0,61,0.951407909254019,6.155498333271225e-11,0.04859209068442605,0.9428282093236456,5.930578250712415e-11,0.05717179061704858,0.05717179061704325,0.04859209068442327,0.008579699932617202,1.0,1.0
15.796,TE,55.0,65.0,61,0.9514080300302158,6.159994736520957e-11,0.04859196990818426,0.9429083809769377,5.936628966196622e-11,0.05709161896369597,0.057091618963709845,0.048591969908193144,0.008499649055525582,1.0,1.0
15.797,TE,55.0,65.0,61,0.9514079373301135,6.164480037540443e-11,0.04859206260824167,0.9429873196630894,5.94264637499009e-11,0.057012680277484185,0.05701268027748796,0.04859206260824378,0.008420617669246289,1.0,1.0
15.798,TE,55.0,65.0,61,0.9514076335135755,6.168976440790175e-11,0.048592366424734745,0.94306504420625,5.948652681553313e-11,0.05693495573426344,0.05693495573426588,0.04859236642473652,0.008342589309531134,1.0,1.0
15.799,TE,55.0,65.0,61,0.9514071209112224,6.173450639579414e-11,0.04859287902704312,0.943141573080422,5.954625681425796e-11,0.05685842686003173,0.05685842686000764,0.048592879027027136,0.008265547832964515,1.0,1.0
15.8,TE,55.0,65.0,61,0.9514064018250404,6.177924838368654e-11,0.048593598113180314,0.9432169244172144,5.960598681298279e-11,0.05678307552317963,0.05678307552316342,0.04859359811317121,0.008189477409983104,1.0,1.0
15.801,TE,55.0,65.0,61,0.951405478528563,6.182387934927647e-11,0.04859452140961307,0.9432911160131944,5.966527272249778e-11,0.05670888392714035,0.0567088839271358,0.04859452140960996,0.008114362517522733,1.0,1.0
15.802,TE,55.0,65.0,61,0.951404353267584,6.18685103148664e-11,0.0485956466705475,0.9433641653375504,5.97244476097103e-11,0.056635834602725144,0.05663583460272448,0.04859564667054683,0.008040187932176979,1.0,1.0
15.803,TE,55.0,65.0,61,0.9514030282604554,6.19129192358514e-11,0.04859697167763166,0.9434360895392422,5.978340045231789e-11,0.056563910400974415,0.05656391040097142,0.04859697167763044,0.007966938723339756,1.0,1.0
15.804,TE,55.0,65.0,61,0.9514015056984515,6.195732815683641e-11,0.04859849423959117,0.9435069054538153,5.984213125032056e-11,0.05649309448634254,0.05649309448632345,0.048598494239578294,0.007894600246732275,1.0,1.0
15.805,TE,55.0,65.0,61,0.9513997877463276,6.200162605551895e-11,0.048600212191670766,0.9435766296105674,5.990064000371831e-11,0.05642337032953193,0.056423370329536926,0.04860021219167254,0.00782315813786616,1.0,1.0
15.806000000000001,TE,55.0,65.0,61,0.9513978765425385,6.20459239542015e-11,0.048602123395415586,0.9436452782388998,5.995903773481359e-11,0.0563547217011412,0.05635472170113065,0.0486021233954087,0.007752598305715064,1.0,1.0
15.807,TE,55.0,65.0,61,0.9513957741998382,6.209022185288404e-11,0.04860422573807155,0.9437128672749919,6.001710239900149e-11,0.05628713266499097,0.05628713266500762,0.04860422573808165,0.007682906926936073,1.0,1.0
15.808,TE,55.0,65.0,61,0.9513934828054579,6.21341866846592e-11,0.048606517132407934,0.9437794123681085,6.007505604088692e-11,0.05622058757181647,0.05622058757182935,0.048606517132414706,0.0076140704394214165,1.0,1.0
15.809,TE,55.0,65.0,61,0.9513910044216962,6.217826253873682e-11,0.04860899551612552,0.9438449288866767,6.013278763816743e-11,0.05615507105319051,0.056155071053214156,0.048608995516140174,0.007546075537088637,1.0,1.0
15.81,TE,55.0,65.0,61,0.951388341086102,6.222233839281444e-11,0.04861165885167562,0.9439094319245008,6.019029719084301e-11,0.05609056801530887,0.05609056801531365,0.048611658851678174,0.007478909163638026,1.0,1.0
15.811,TE,55.0,65.0,61,0.9513854948120337,6.226630322458959e-11,0.04861450512569998,0.9439729363064746,6.024758469891367e-11,0.05602706363327781,0.056027063633289464,0.04861450512570731,0.007412558507589484,1.0,1.0
15.812,TE,55.0,65.0,61,0.9513824675888696,6.231004601175982e-11,0.04861753234882038,0.9440354565943048,6.030476118468187e-11,0.05596454334539047,0.0559645433453837,0.04861753234881605,0.007347010996563319,1.0,1.0
15.813,TE,55.0,65.0,61,0.9513792613824444,6.235378879893005e-11,0.04862073855520177,0.9440970070923801,6.036160460354267e-11,0.055902992847258304,0.05590299284726996,0.048620738555208654,0.007282254292068191,1.0,1.0
15.814,TE,55.0,65.0,61,0.951375878135351,6.239753158610029e-11,0.04862412180225151,0.9441576018526909,6.041844802240348e-11,0.05584239808689062,0.055842398086899725,0.0486241218022575,0.007218276284648217,1.0,1.0
15.815,TE,55.0,65.0,61,0.951372319767348,6.244116335096805e-11,0.048627680170210796,0.9442172546806525,6.04749583743569e-11,0.0557827452588725,0.055782745258870725,0.0486276801702098,0.007155065088659929,1.0,1.0
15.816,TE,55.0,65.0,61,0.9513685881755759,6.248468409353336e-11,0.048631411761939414,0.9442759791400309,6.053135770400786e-11,0.05572402079943772,0.05572402079943517,0.04863141176193797,0.007092609037495756,1.0,1.0
15.817,TE,55.0,65.0,61,0.9513646852351451,6.252820483609867e-11,0.04863531470232674,0.9443337885581125,6.058753498905389e-11,0.05566621138130001,0.05566621138129524,0.04863531470232363,0.007030896678968501,1.0,1.0
15.818,TE,55.0,65.0,61,0.9513606127991321,6.257150353405905e-11,0.04863938713829641,0.9443906960305541,6.064360125179746e-11,0.055609303908802254,0.055609303908817354,0.04863938713830662,0.006969916770520945,1.0,1.0
15.819,TE,55.0,65.0,61,0.9513563726991333,6.261502427662435e-11,0.04864362723825166,0.9444467144262091,6.069944546993611e-11,0.055553285513091466,0.055553285513105455,0.048643627238259324,0.006909658274853792,1.0,1.0
15.82,TE,55.0,65.0,61,0.951351966745508,6.265821195228227e-11,0.04864803319183375,0.9445018563919818,6.075506764346983e-11,0.055498143547263123,0.05549814354725602,0.04864803319182942,0.0068501103554222675,1.0,1.0
15.821,TE,55.0,65.0,61,0.9513473967277128,6.270151065024265e-11,0.04865260320958564,0.9445561343572553,6.081057879470109e-11,0.05544386558193415,0.05544386558193992,0.04865260320958953,0.006791262372354279,1.0,1.0
15.822,TE,55.0,65.0,61,0.9513426644145215,6.274469832590057e-11,0.04865733552273377,0.944609560538358,6.086575687902496e-11,0.05539043940077626,0.05539043940077071,0.04865733552273055,0.006733103878036939,1.0,1.0
15.823,TE,55.0,65.0,61,0.9513377715544505,6.278777497925603e-11,0.048662228382761685,0.9446621469431117,6.092104598565129e-11,0.055337852995967274,0.05533785299596716,0.04866222838276102,0.0066756246132054775,1.0,1.0
15.824,TE,55.0,65.0,61,0.951332719876015,6.283074061030902e-11,0.04866728006115428,0.9447139053748755,6.097600202537024e-11,0.05528609456414846,0.05528609456413702,0.048667280061146734,0.0066188145029827394,1.0,1.0
15.825,TE,55.0,65.0,61,0.9513275110879413,6.287370624136202e-11,0.04867248884918496,0.9447648474369614,6.103073602048426e-11,0.055235152502007834,0.05523515250201616,0.04867248884919073,0.006562663652831202,1.0,1.0
15.826,TE,55.0,65.0,61,0.9513221468795358,6.291656085011255e-11,0.04867785305754768,0.9448149845364856,6.108535899329581e-11,0.05518501540242904,0.05518501540241472,0.04867785305753869,0.006507162344867035,1.0,1.0
15.827,TE,55.0,65.0,61,0.9513166289209043,6.295941545886308e-11,0.04868337101613629,0.9448643278884324,6.113975992150245e-11,0.0551356720504278,0.05513567205044001,0.048683371016143506,0.00645230103430372,1.0,1.0
15.828,TE,55.0,65.0,61,0.9513109588633716,6.300215904531115e-11,0.04868904107362626,0.9449128885196207,6.119404982740662e-11,0.05508711141918521,0.05508711141917699,0.04868904107362071,0.006398070345550733,1.0,1.0
15.829,TE,55.0,65.0,61,0.9513051383395182,6.304479160945675e-11,0.04869486159743697,0.9449606772723184,6.124811768870586e-11,0.05503932266643352,0.05503932266642264,0.04869486159742997,0.006344461068985674,1.0,1.0
15.83,TE,55.0,65.0,61,0.9512991689636693,6.308742417360236e-11,0.04870083097324329,0.9450077048081451,6.130207452770264e-11,0.054992295130552815,0.054992295130571245,0.048700830973256615,0.006291464157327953,1.0,1.0
15.831,TE,55.0,65.0,61,0.9512930523320102,6.31299457154455e-11,0.04870694760485983,0.9450539816114544,6.13558093220945e-11,0.054946018327189816,0.0549460183271937,0.048706947604861384,0.006239070722333873,1.0,1.0
15.832,TE,55.0,65.0,61,0.9512867900229035,6.317235623498618e-11,0.04871320991392414,0.9450995179931161,6.14094330941839e-11,0.05490048194547448,0.054900481945483026,0.04871320991392902,0.006187272031558888,1.0,1.0
15.833,TE,55.0,65.0,61,0.9512803835971944,6.321487777682933e-11,0.048719616339590766,0.9451443240938164,6.146294584397083e-11,0.05485567584472062,0.05485567584470363,0.04871961633957933,0.0061360595051128675,1.0,1.0
15.834,TE,55.0,65.0,61,0.9512738345983303,6.325717727406754e-11,0.048726165338412564,0.9451884098874401,6.151612552685037e-11,0.054811590051043746,0.054811590051065395,0.04872616533842733,0.006085424712652832,1.0,1.0
15.835,TE,55.0,65.0,61,0.951267144552688,6.329947677130576e-11,0.04873285538401251,0.9452317851843831,6.156930520972992e-11,0.054768214754047584,0.05476821475405336,0.04873285538401673,0.006035359370040849,1.0,1.0
15.836,TE,55.0,65.0,61,0.9512603149698373,6.334166524624152e-11,0.04873968496682102,0.9452744596348005,6.162215182570208e-11,0.05472554030357735,0.05472554030357468,0.048739684966818686,0.005985855336753665,1.0,1.0
15.837,TE,55.0,65.0,61,0.9512533473427797,6.338385372117727e-11,0.04874665259383648,0.9453164427318159,6.167499844167423e-11,0.05468355720650908,0.05468355720651552,0.04874665259384059,0.005936904612679039,1.0,1.0
15.838,TE,55.0,65.0,61,0.9512462431480465,6.342593117381057e-11,0.04875375678852756,0.9453577438143351,6.172773403534393e-11,0.05464225612393714,0.054642256123934474,0.048753756788525004,0.005888499335406916,1.0,1.0
15.839,TE,55.0,65.0,61,0.9512390038461536,6.34678976041414e-11,0.04876099609037854,0.9453983720703658,6.178013656210624e-11,0.05460162786785405,0.05460162786786804,0.04876099609038753,0.005840631777489502,1.0,1.0
15.84,TE,55.0,65.0,61,0.951231630881598,6.350997505677469e-11,0.04876836905489201,0.9454383365397413,6.183253908886854e-11,0.05456166339842616,0.05456166339842716,0.04876836905489268,0.005793294343535149,1.0,1.0
15.841,TE,55.0,65.0,61,0.9512241256832773,6.35517194425006e-11,0.04877587425317098,0.9454776461171567,6.188471957102593e-11,0.0545223538209586,0.05452235382095316,0.048775874253167095,0.005746479567782181,1.0,1.0
15.842,TE,55.0,65.0,61,0.9512164896645678,6.359368587283143e-11,0.04878351027183847,0.945516309554841,6.193678903088085e-11,0.054483690383222205,0.05448369038321854,0.04878351027183503,0.005700180111380071,1.0,1.0
15.843,TE,55.0,65.0,61,0.9512087242236554,6.363543025855734e-11,0.04879127571270914,0.945554335465316,6.19887474684333e-11,0.05444566447269528,0.054445664472687616,0.04879127571270381,0.005654388759978479,1.0,1.0
15.844,TE,55.0,65.0,61,0.9512008307435543,6.367706362198078e-11,0.04879916919276861,0.9455917323241225,6.204037283907837e-11,0.0544082676138371,0.054408267613839656,0.048799169192770275,0.005609098421071046,1.0,1.0
15.845,TE,55.0,65.0,61,0.9511928105926,6.371869698540422e-11,0.048807189343681334,0.9456285084724962,6.209199820972344e-11,0.05437149146541176,0.05437149146540077,0.04880718934367356,0.005564302121719433,1.0,1.0
15.846,TE,55.0,65.0,61,0.9511846651243995,6.376033034882767e-11,0.048815334811840194,0.9456646721198448,6.214351255806605e-11,0.05433532781801165,0.0543353278180021,0.048815334811833755,0.005519993006161905,1.0,1.0
15.847,TE,55.0,65.0,61,0.9511763956782001,6.380185268994865e-11,0.04882360425799803,0.9457002313462318,6.219480486180373e-11,0.05429976859157337,0.05429976859157004,0.04882360425799659,0.005476164333572009,1.0,1.0
15.848,TE,55.0,65.0,61,0.9511680035789856,6.38431529864647e-11,0.04883199635717128,0.9457351941049147,6.224598614323895e-11,0.054264805832839325,0.05426480583284676,0.04883199635717628,0.005432809475675482,1.0,1.0
15.849,TE,55.0,65.0,61,0.951159490137677,6.388456430528322e-11,0.04884050979843846,0.9457695682246942,6.229694538006925e-11,0.0542304317130089,0.054230431713019334,0.048840509798445564,0.005389921914580875,1.0,1.0
15.85,TE,55.0,65.0,61,0.9511508566514214,6.392597562410174e-11,0.04884914328465262,0.9458033614123387,6.234779359459708e-11,0.054196638525313534,0.05419663852530299,0.0488491432846444,0.005347495240650368,1.0,1.0
15.850999999999999,TE,55.0,65.0,61,0.9511421044037256,6.396716489831533e-11,0.04885789553230724,0.9458365812547969,6.239864180912491e-11,0.0541634186828045,0.05416341868282615,0.048857895532321005,0.005305523150518909,1.0,1.0
15.852,TE,55.0,65.0,61,0.9511332346645391,6.400846519483139e-11,0.048866765271452395,0.9458692352213602,6.244915695674536e-11,0.054130764716190605,0.05413076471618983,0.04886676527145162,0.005263999444737433,1.0,1.0
15.853,TE,55.0,65.0,61,0.9511242486906297,6.404954344674252e-11,0.04887575124532073,0.9459013306661178,6.24996721043658e-11,0.054098669271382516,0.054098669271379296,0.04887575124531929,0.005222918026058565,1.0,1.0
15.854,TE,55.0,65.0,61,0.9511151477256151,6.409062169865365e-11,0.04888485221029426,0.945932874829831,6.254996520738132e-11,0.05406712510761902,0.054067125107626346,0.048884852210298146,0.005182272897332085,1.0,1.0
15.855,TE,55.0,65.0,61,0.9511059330002133,6.413158892826232e-11,0.04889406693565512,0.9459638748422674,6.260014728809438e-11,0.05403612509513245,0.054036125095144105,0.048894066935660896,0.0051420581594889825,1.0,1.0
15.856,TE,55.0,65.0,61,0.9510966057323821,6.417255615787099e-11,0.04890339420344536,0.9459943377240599,6.265021834650497e-11,0.05400566221328984,0.054005662213278516,0.048903394203437256,0.005102268009833155,1.0,1.0
15.857,TE,55.0,65.0,61,0.9510871671275318,6.421341236517719e-11,0.04891283280825476,0.9460242703889012,6.27001783826131e-11,0.05397572954839858,0.05397572954839758,0.048912832808254314,0.005062896740142819,1.0,1.0
15.858,TE,55.0,65.0,61,0.9510776183786385,6.42542685724834e-11,0.048922381557107264,0.9460536796453167,6.274991637411631e-11,0.05394632029193336,0.053946320291925476,0.04892238155710227,0.005023938734818212,1.0,1.0
15.859,TE,55.0,65.0,61,0.9510679606664667,6.429501375748714e-11,0.04893203926923828,0.9460825721988078,6.279954334331705e-11,0.0539174277383927,0.053917427738405466,0.048932039269246164,0.004985388469167185,1.0,1.0
15.86,TE,55.0,65.0,61,0.951058195159628,6.433575894249088e-11,0.04894180477603627,0.9461109546535017,6.284905929021534e-11,0.05388904528364924,0.05388904528364269,0.048941804776032716,0.004947240507606421,1.0,1.0
15.861,TE,55.0,65.0,61,0.951048323014979,6.437639310519216e-11,0.048951676920644616,0.9461388335142978,6.28983531925087e-11,0.05386116642280381,0.05386116642282002,0.048951676920654275,0.0049094895021754015,1.0,1.0
15.862,TE,55.0,65.0,61,0.9510383453774449,6.441691624559098e-11,0.04896165455813817,0.9461662151883479,6.294764709480205e-11,0.05383378474870448,0.053833784748691826,0.04896165455813062,0.0048721301905536585,1.0,1.0
15.863,TE,55.0,65.0,61,0.9510282633805397,6.44574393859898e-11,0.048971736555002865,0.9461931059871663,6.299671895249048e-11,0.053806893949836954,0.053806893949827295,0.04897173655499687,0.00483515739482443,1.0,1.0
15.864,TE,55.0,65.0,61,0.9510180781461391,6.449785150408616e-11,0.048981921789363,0.9462195121279613,6.304579081017891e-11,0.053780487808992916,0.05378048780898437,0.04898192178935734,0.004798566019621364,1.0,1.0
15.865,TE,55.0,65.0,61,0.9510077907849814,6.453815259988005e-11,0.048992209150480415,0.9462454397357795,6.309452960095996e-11,0.05375456020112601,0.05375456020111136,0.0489922091504702,0.004762351050630942,1.0,1.0
15.866,TE,55.0,65.0,61,0.9509974023966172,6.457867574027887e-11,0.049002597538804094,0.9462708948447849,6.3143268391741e-11,0.05372910509207185,0.05372910509205642,0.04900259753879377,0.004726507553252324,1.0,1.0
15.867,TE,55.0,65.0,61,0.9509869140695759,6.46188658137703e-11,0.04901308586580522,0.946295883400105,6.319189616021958e-11,0.05370411653670315,0.05370411653668594,0.04901308586579323,0.004691030670880725,1.0,1.0
15.868,TE,55.0,65.0,61,0.9509763268815812,6.465905588726173e-11,0.049023673053759764,0.9463204112594088,6.32404129063957e-11,0.05367958867735079,0.05367958867734868,0.04902367305375821,0.004655915623588913,1.0,1.0
15.869,TE,55.0,65.0,61,0.9509656418996143,6.46991349384507e-11,0.049034358035686565,0.9463444841943426,6.328881863026936e-11,0.0536555157423686,0.0536555157423515,0.04903435803567624,0.004621157706664936,1.0,1.0
15.87,TE,55.0,65.0,61,0.9509548601801256,6.473921398963967e-11,0.049045139755135136,0.9463681078921808,6.333700230953809e-11,0.053631892044482155,0.05363189204449237,0.04904513975514124,0.004586752289357232,1.0,1.0
15.871,TE,55.0,65.0,61,0.9509439827690982,6.477929304082863e-11,0.04905601716612251,0.9463912879572365,6.338507496650436e-11,0.05360871197937844,0.05360871197937689,0.04905601716612118,0.0045526948132543765,1.0,1.0
15.872,TE,55.0,65.0,61,0.9509330107022825,6.481926106971514e-11,0.049066989232898206,0.9464140299124609,6.343303660116817e-11,0.05358597002410603,0.053585970024101814,0.04906698923289532,0.004518980791203608,1.0,1.0
15.873,TE,55.0,65.0,61,0.9509219450052389,6.485911807629918e-11,0.049078054929902026,0.9464363392007143,6.348088721352951e-11,0.05356366073580476,0.05356366073581209,0.049078054929906134,0.0044856058059100645,1.0,1.0
15.874,TE,55.0,65.0,61,0.950910786693503,6.489908610518569e-11,0.04908921324159787,0.9464582211862642,6.352873782589086e-11,0.05354177875020705,0.05354177875019084,0.049089213241588325,0.004452565508592965,1.0,1.0
15.875,TE,55.0,65.0,61,0.9508995367727233,6.493883208946727e-11,0.04910046316233785,0.946479681156182,6.357625537134481e-11,0.05352031878024177,0.05352031878024799,0.049100463162341845,0.00441985561791014,1.0,1.0
15.876,TE,55.0,65.0,61,0.9508881962387855,6.497846705144639e-11,0.04911180369623602,0.9465007243215436,6.362366189449631e-11,0.0534992756148327,0.05349927561482237,0.049111803696229805,0.00438747191858635,1.0,1.0
15.877,TE,55.0,65.0,61,0.9508767660779461,6.501821303572797e-11,0.04912323385703565,0.9465213558190575,6.36710684176478e-11,0.053478644117271434,0.053478644117271434,0.04912323385703543,0.004355410260235781,1.0,1.0
15.878,TE,55.0,65.0,61,0.9508652472669057,6.505773697540462e-11,0.049134752668036574,0.9465415807120015,6.371836391849683e-11,0.053458419224280185,0.053458419224283404,0.04913475266803757,0.00432366655624683,1.0,1.0
15.879,TE,55.0,65.0,61,0.9508536407730821,6.509737193738374e-11,0.04914635916182053,0.9465614039917227,6.376543737474094e-11,0.053438595944511835,0.05343859594452349,0.04914635916182841,0.004292236782702963,1.0,1.0
15.88,TE,55.0,65.0,61,0.9508419475544502,6.513678485475793e-11,0.04915805238041304,0.9465808305788119,6.381251083098505e-11,0.05341916935737556,0.053419169357361795,0.04915805238040394,0.004261116976948753,1.0,1.0
15.881,TE,55.0,65.0,61,0.9508301685600334,6.517630879443459e-11,0.04916983137479025,0.946599865324388,6.385947326492669e-11,0.053400134611752526,0.05340013461177118,0.0491698313748018,0.004230303236980926,1.0,1.0
15.882,TE,55.0,65.0,61,0.950818304729624,6.521561068950632e-11,0.04918169520516036,0.9466185130110933,6.390621365426341e-11,0.05338148692500044,0.05338148692500222,0.049181695205160025,0.004199791719841861,1.0,1.0
15.883,TE,55.0,65.0,61,0.9508063569942862,6.525480156227559e-11,0.049193642940459026,0.946636778354617,6.395284302129767e-11,0.05336322158143014,0.05336322158145146,0.04919364294047346,0.004169578640992433,1.0,1.0
15.884,TE,55.0,65.0,61,0.9507943262761064,6.529410345734732e-11,0.049205673658599514,0.9466546660044224,6.399947238833192e-11,0.05334533393157814,0.05334533393158525,0.04920567365860384,0.004139660272985735,1.0,1.0
15.885,TE,55.0,65.0,61,0.950782213488586,6.533340535241905e-11,0.04921778644608055,0.9466721805451949,6.404587971076126e-11,0.05332781939075926,0.05332781939075448,0.04921778644607833,0.004110032944673936,1.0,1.0
15.886,TE,55.0,65.0,61,0.9507700195366376,6.537248520288585e-11,0.04922998039798987,0.9466893264978458,6.409217601088812e-11,0.05331067343806206,0.0533106734380554,0.04922998039798532,0.004080693040065531,1.0,1.0
15.887,TE,55.0,65.0,61,0.9507577453166624,6.541156505335266e-11,0.049242254617926084,0.9467061083204921,6.413847231101499e-11,0.05329389161536946,0.05329389161537579,0.049242254617930414,0.0040516369974497035,1.0,1.0
15.888,TE,55.0,65.0,61,0.9507453917166936,6.5450533881517e-11,0.04925460821785588,0.9467225304097056,6.418454656653694e-11,0.0532774695261099,0.05327746952608936,0.049254608217842555,0.004022861308233483,1.0,1.0
15.889,TE,55.0,65.0,61,0.9507329596165538,6.548950270968135e-11,0.0492670403179567,0.9467385971014105,6.423050979975642e-11,0.053261402834358984,0.053261402834355764,0.04926704031795481,0.003994362516399064,1.0,1.0
15.89,TE,55.0,65.0,61,0.9507204498878523,6.552836051554323e-11,0.049279550046619325,0.9467543126719377,6.427636201067344e-11,0.05324568726378598,0.05324568726377743,0.049279550046613996,0.0039661372171581055,1.0,1.0
15.891,TE,55.0,65.0,61,0.9507078633942151,6.556721832140511e-11,0.04929213654021769,0.9467696813390668,6.4322103199288e-11,0.05323031859661109,0.05323031859661731,0.049292136540221354,0.0039381820563996195,1.0,1.0
15.892,TE,55.0,65.0,61,0.9506952009912163,6.560596510496453e-11,0.04930479894317774,0.9467847072628657,6.436784438790255e-11,0.05321529267276648,0.05321529267275826,0.04930479894317197,0.003910493729580522,1.0,1.0
15.893,TE,55.0,65.0,61,0.950682463526645,6.564471188852394e-11,0.049317536407710305,0.9467993945469021,6.441336353191218e-11,0.05320060538868454,0.05320060538867177,0.04931753640770231,0.0038830689809614682,1.0,1.0
15.894,TE,55.0,65.0,61,0.9506696518405433,6.56833476497809e-11,0.049330348093773346,0.9468137472389491,6.445877165361935e-11,0.05318625269659216,0.05318625269658439,0.04933034809376824,0.0038559046028110444,1.0,1.0
15.895,TE,55.0,65.0,61,0.9506567667652444,6.572198341103785e-11,0.04934323316903366,0.9468277693320171,6.450406875302406e-11,0.053172230603478865,0.053172230603477866,0.04934323316903433,0.0038289974344442035,1.0,1.0
15.896,TE,55.0,65.0,61,0.9506438091255902,6.576039712768988e-11,0.04935619080864939,0.9468414647652341,6.454936585242876e-11,0.053158535170216514,0.05315853517022695,0.04935619080865583,0.0038023443615775587,1.0,1.0
15.897,TE,55.0,65.0,61,0.9506307797388723,6.579892186664438e-11,0.049369220195328745,0.9468548374247447,6.459444090722855e-11,0.053145162510660815,0.05314516251066004,0.049369220195327745,0.003775942315331293,1.0,1.0
15.898,TE,55.0,65.0,61,0.9506176794150253,6.583744660559887e-11,0.04938232051913727,0.9468678911446099,6.463951596202833e-11,0.05313210879075059,0.053132108790758914,0.04938232051914293,0.0037497882716216457,1.0,1.0
15.899000000000001,TE,55.0,65.0,61,0.9506045089567672,6.587574929994844e-11,0.04939549097735707,0.9468806297075768,6.468436897222318e-11,0.05311937022773883,0.053119370227750706,0.04939549097736484,0.0037238792503936358,1.0,1.0
15.9,TE,55.0,65.0,61,0.9505912691595505,6.5914051994298e-11,0.04940873077453545,0.9468930568460552,6.472911096011558e-11,0.05310694308921571,0.05310694308922015,0.04940873077453767,0.0036982123146847012,1.0,1.0
15.901,TE,55.0,65.0,61,0.9505779608117092,6.595224366634511e-11,0.04942203912233856,0.946905176242727,6.477385294800797e-11,0.05309482369249918,0.0530948236924943,0.049422039122334116,0.0036727845701557404,1.0,1.0
15.902,TE,55.0,65.0,61,0.9505645846946323,6.599054636069468e-11,0.04943541523937711,0.9469169915316882,6.481837289129544e-11,0.05308300840349345,0.05308300840348257,0.04943541523937023,0.003647593164105456,1.0,1.0
15.903,TE,55.0,65.0,61,0.9505511415827461,6.602862701043932e-11,0.049448858351225256,0.9469285062988597,6.486278181228045e-11,0.0530714936362775,0.053071493636288714,0.049448858351231695,0.003622635285063458,1.0,1.0
15.904,TE,55.0,65.0,61,0.9505376322435442,6.60665966378815e-11,0.04946236769038925,0.9469397240829746,6.490730175556791e-11,0.053060275852118144,0.05306027585212114,0.04946236769039214,0.0035979081617318887,1.0,1.0
15.905,TE,55.0,65.0,61,0.9505240574378717,6.610467728762615e-11,0.049475942496023606,0.9469506483763542,6.4951488631948e-11,0.05304935155869428,0.053049351558702496,0.04947594249602927,0.0035734090626788895,1.0,1.0
15.906,TE,55.0,65.0,61,0.9505104179198397,6.614264691506833e-11,0.04948958201401765,0.9469612826256316,6.499556448602561e-11,0.05303871730937282,0.053038717309386696,0.04948958201402687,0.0035491352953690436,1.0,1.0
15.907,TE,55.0,65.0,61,0.9504967144369388,6.618050552020804e-11,0.049503285496880656,0.9469716302323714,6.50397513624057e-11,0.05302836970258884,0.05302836970259317,0.049503285496882876,0.0035250842057125142,1.0,1.0
15.908,TE,55.0,65.0,61,0.950482947730202,6.621836412534776e-11,0.0495170522035796,0.9469816945539931,6.508360517187839e-11,0.053018305380923336,0.05301830538092833,0.04951705220358349,0.0035012531773487288,1.0,1.0
15.909,TE,55.0,65.0,61,0.9504691185341478,6.625622273048748e-11,0.04953088139959594,0.9469914789043034,6.512757000365355e-11,0.05300852103056908,0.053008521030565414,0.04953088139959405,0.0034776396309694757,1.0,1.0
15.91,TE,55.0,65.0,61,0.9504552275769849,6.629397031332473e-11,0.04954477235672117,0.9470009865543029,6.517131279082378e-11,0.05299901338052582,0.0529990133805458,0.04954477235673349,0.0034542410238246335,1.0,1.0
15.911,TE,55.0,65.0,61,0.9504412755805952,6.633160687385953e-11,0.04955872435307318,0.9470102207327837,6.521505557799401e-11,0.05298977920200121,0.052989779201996434,0.049558724353069517,0.003431054848923254,1.0,1.0
15.912,TE,55.0,65.0,61,0.9504272632607039,6.636913241209186e-11,0.04957273667292694,0.9470191846270479,6.525846529825685e-11,0.05298081530769361,0.0529808153077006,0.04957273667293005,0.003408078634773659,1.0,1.0
15.913,TE,55.0,65.0,61,0.95041319132679,6.640665795032419e-11,0.04958680860680331,0.9470278813835328,6.530198604082216e-11,0.05297211855116524,0.052972118551155356,0.04958680860679554,0.003385309944352044,1.0,1.0
15.914,TE,55.0,65.0,61,0.950399060482429,6.644418348855652e-11,0.04960093945112687,0.9470363141085695,6.5345395761085e-11,0.05296368582608513,0.052963685826095674,0.04960093945113375,0.003362746374968806,1.0,1.0
15.915,TE,55.0,65.0,61,0.9503848714250481,6.648159800448639e-11,0.049615128508470274,0.947044485868797,6.538847241444046e-11,0.05295551406581456,0.05295551406580867,0.04961512850846528,0.003340385557338399,1.0,1.0
15.916,TE,55.0,65.0,61,0.9503706248462358,6.651901252041625e-11,0.04962937508724519,0.9470523996919613,6.543166009009838e-11,0.05294760024260703,0.05294760024259326,0.04962937508723564,0.0033182251553480757,1.0,1.0
15.917,TE,55.0,65.0,61,0.9503563214317744,6.655631601404366e-11,0.049643678501669286,0.9470600585675787,6.547473674345383e-11,0.052939941366946575,0.05293994136695401,0.049643678501674504,0.003296262865284727,1.0,1.0
15.918,TE,55.0,65.0,61,0.9503419618615433,6.65935084853686e-11,0.0496580380718632,0.9470674654471805,6.551770237450683e-11,0.05293253448730184,0.05293253448729307,0.04965803807185787,0.003274496415429873,1.0,1.0
15.919,TE,55.0,65.0,61,0.9503275468098389,6.663070095669354e-11,0.04967245312353041,0.9470746232454252,6.556055698325736e-11,0.0529253766890142,0.0529253766890192,0.04967245312353441,0.0032529235654887856,1.0,1.0
15.92,TE,55.0,65.0,61,0.950313076945232,6.666789342801849e-11,0.04968692298810007,0.9470815348402001,6.560330056970543e-11,0.05291846509419662,0.052918465094189626,0.04968692298809563,0.0032315421060895577,1.0,1.0
15.921,TE,55.0,65.0,61,0.9502985529307222,6.670497487704097e-11,0.04970144700257284,0.9470882030734917,6.564604415615349e-11,0.052911796860862226,0.05291179686086811,0.04970144700257506,0.0032103498582952694,1.0,1.0
15.922,TE,55.0,65.0,61,0.9502839754238828,6.674194530376099e-11,0.04971602450937529,0.9470946307518152,6.56886767202991e-11,0.05290536918249611,0.05290536918251121,0.049716024509384726,0.0031893446731359187,1.0,1.0
15.923,TE,55.0,65.0,61,0.9502693450766991,6.6778915730481e-11,0.04973065485652195,0.9471008206467184,6.573108723983978e-11,0.0528991792875505,0.05289917928754306,0.0497306548565174,0.0031685244310211136,1.0,1.0
15.924,TE,55.0,65.0,61,0.95025466253588,6.681599717950348e-11,0.049745337397304024,0.9471067754955251,6.5773386737078e-11,0.05289322443870148,0.05289322443870226,0.04974533739730447,0.003147887041398234,1.0,1.0
15.925,TE,55.0,65.0,61,0.9502399284428251,6.685285658392104e-11,0.04976007149032202,0.9471124980015758,6.581579725661868e-11,0.05288750193260838,0.05288750193259406,0.049760071490312474,0.003127430442272039,1.0,1.0
15.926,TE,55.0,65.0,61,0.9502251434335911,6.688960496603613e-11,0.04977485649951929,0.9471179908350187,6.585787470925197e-11,0.05288200909912344,0.05288200909911478,0.04977485649951485,0.0031071525995954863,1.0,1.0
15.927,TE,55.0,65.0,61,0.9502103081391268,6.692635334815122e-11,0.04978969179394688,0.9471232566330603,6.590006318418773e-11,0.05287674330103964,0.0528767433010322,0.04978969179394188,0.0030870515070853255,1.0,1.0
15.928,TE,55.0,65.0,61,0.9501954231852208,6.696299070796385e-11,0.04980457674781624,0.9471282980007467,6.594202961451856e-11,0.052871701933311255,0.05287170193331947,0.04980457674782224,0.0030671251855032278,1.0,1.0
15.929,TE,55.0,65.0,61,0.950180489192513,6.699962806777648e-11,0.049819510740487405,0.9471331175111484,6.598399604484939e-11,0.052866882422867634,0.05286688242286253,0.04981951074048352,0.003047371682375122,1.0,1.0
15.93,TE,55.0,65.0,61,0.9501655067767597,6.703615440528665e-11,0.04983449315620414,0.9471377177061182,6.60257404305753e-11,0.05286228222785605,0.05286228222787004,0.04983449315621258,0.0030277890716658984,1.0,1.0
15.931000000000001,TE,55.0,65.0,61,0.9501504765486278,6.707268074279682e-11,0.04984952338429949,0.9471421010965799,6.60674848163012e-11,0.05285789883735259,0.05285789883734837,0.049849523384297045,0.0030083754530488838,1.0,1.0
15.932,TE,55.0,65.0,61,0.9501353991140368,6.710920708030699e-11,0.04986460081885402,0.9471462701631359,6.610900715742218e-11,0.05285372977075509,0.0528537297707623,0.04986460081885902,0.002989128951908282,1.0,1.0
15.933,TE,55.0,65.0,61,0.9501202750738844,6.714551137321223e-11,0.049879724858970076,0.9471502273563124,6.615064052084563e-11,0.05284977257753698,0.05284977257753032,0.049879724858964525,0.0029700477185602425,1.0,1.0
15.934,TE,55.0,65.0,61,0.9501051050244138,6.718192668841994e-11,0.049894894908404264,0.9471539750973057,6.619205183966415e-11,0.05284602483650225,0.052846024836520566,0.04989489490841492,0.002951129928116303,1.0,1.0
15.935,TE,55.0,65.0,61,0.9500898895570681,6.721811995902272e-11,0.0499101103757138,0.947157515778104,6.623346315848266e-11,0.052842484155662506,0.05284248415566617,0.04991011037571591,0.0029323737799523686,1.0,1.0
15.936,TE,55.0,65.0,61,0.9500746292586433,6.72543132296255e-11,0.04992537067410241,0.9471608517622045,6.627465243269626e-11,0.0528391481715208,0.05283914817151436,0.0499253706740983,0.0029137774974119512,1.0,1.0
15.937,TE,55.0,65.0,61,0.9500593247113113,6.729061752253074e-11,0.04994067522139811,0.9471639853848702,6.631573068460739e-11,0.052836014548814036,0.052836014548820254,0.04994067522140233,0.0028953393274221417,1.0,1.0
15.938,TE,55.0,65.0,61,0.9500439764926414,6.732669977083106e-11,0.049956023440031916,0.9471669189535762,6.635680893651852e-11,0.052833080980067004,0.05283308098007444,0.0499560234400368,0.002877057540042527,1.0,1.0
15.939,TE,55.0,65.0,61,0.9500285851757112,6.736267099682891e-11,0.049971414756926125,0.9471696547484263,6.639788718842965e-11,0.05283034518517582,0.05283034518516727,0.049971414756919574,0.0028589304282411465,1.0,1.0
15.94,TE,55.0,65.0,61,0.9500131513291024,6.739864222282677e-11,0.049986848603499,0.9471721950226402,6.643874339573586e-11,0.052827804910921095,0.05282780491091632,0.04998684860349567,0.0028409563074173194,1.0,1.0
15.941,TE,55.0,65.0,61,0.9499976755170326,6.743461344882462e-11,0.05000232441553276,0.9471745420028166,6.64794885807396e-11,0.05282545793070392,0.05282545793070448,0.05000232441553221,0.0028231335151717163,1.0,1.0
15.942,TE,55.0,65.0,61,0.9499821582992891,6.747047365252001e-11,0.05001784163324041,0.9471766978893973,6.652023376574334e-11,0.052823302044082476,0.05282330204407748,0.050017841633236304,0.0028054604108370684,1.0,1.0
15.943,TE,55.0,65.0,61,0.9499666002313386,6.75063338562154e-11,0.05003339970115506,0.9471786648570639,6.656086792844462e-11,0.05282133507637521,0.05282133507637865,0.0500333997011565,0.0027879353752235936,1.0,1.0
15.944,TE,55.0,65.0,61,0.9499510018644461,6.754197201530587e-11,0.050048998068011885,0.9471804450550582,6.660139106884344e-11,0.05281955487834045,0.05281955487832879,0.050048998068004114,0.0027705568103169043,1.0,1.0
15.945,TE,55.0,65.0,61,0.9499353637456158,6.757783221900127e-11,0.050064636186806344,0.947182040607631,6.664191420924226e-11,0.05281795932572708,0.05281795932573641,0.050064636186813005,0.002753323138930064,1.0,1.0
15.946,TE,55.0,65.0,61,0.9499196864176174,6.761335935578927e-11,0.05008031351476927,0.9471834536143214,6.668221530503615e-11,0.05281654631899635,0.052816546318983915,0.05008031351476128,0.0027362328042146444,1.0,1.0
15.947,TE,55.0,65.0,61,0.9499039704192193,6.764899751487974e-11,0.050096029513131746,0.9471846861504184,6.672240537852758e-11,0.0528153137828592,0.05281531378286186,0.05009602951313408,0.0027192842697301156,1.0,1.0
15.948,TE,55.0,65.0,61,0.9498882162849711,6.768452465166774e-11,0.050111783647344366,0.9471857402671715,6.676259545201901e-11,0.0528142596660659,0.05281425966607933,0.050111783647353025,0.0027024760187349672,1.0,1.0
15.949,TE,55.0,65.0,61,0.9498724245455101,6.772005178845575e-11,0.05012757538676982,0.947186617992276,6.680278552551044e-11,0.05281338194092122,0.05281338194092311,0.05012757538677104,0.0026858065541532916,1.0,1.0
15.95,TE,55.0,65.0,61,0.9498565957273694,6.775535688063883e-11,0.050143404204875286,0.9471873213301534,6.684275355439695e-11,0.05281267860300387,0.05281267860300343,0.050143404204875064,0.002669274398128141,1.0,1.0
15.951,TE,55.0,65.0,61,0.949840730353248,6.779077299512437e-11,0.05015926957896122,0.9471878522622961,6.688261056098099e-11,0.05281214767082132,0.05281214767080822,0.05015926957895167,0.0026528780918469996,1.0,1.0
15.952,TE,55.0,65.0,61,0.9498248289418383,6.782607808730745e-11,0.05017517099033564,0.9471882127475361,6.692246756756504e-11,0.05281178718554147,0.05281178718554336,0.050175170990336526,0.0026366161952077194,1.0,1.0
15.953,TE,55.0,65.0,61,0.9498088920080141,6.786138317949053e-11,0.05019110792412451,0.9471884047224676,6.696210252954415e-11,0.05281159521057033,0.05281159521057577,0.05019110792413006,0.0026204872864512563,1.0,1.0
15.954,TE,55.0,65.0,61,0.9497929200628669,6.789646622706869e-11,0.05020707986923667,0.9471884301017325,6.700184851382573e-11,0.05281156983126567,0.052811569831269334,0.05020707986923978,0.0026044899620326634,1.0,1.0
15.955,TE,55.0,65.0,61,0.9497769136136711,6.793154927464684e-11,0.050223086318397336,0.94718829077834,6.704137245350239e-11,0.052811709154618636,0.052811709154629516,0.05022308631840389,0.0025886228362321795,1.0,1.0
15.956,TE,55.0,65.0,61,0.949760873163953,6.796674334452746e-11,0.05023912676808029,0.9471879886238328,6.708089639317905e-11,0.052812011309086304,0.05281201130909274,0.05023912676808573,0.0025728845410124546,1.0,1.0
15.957,TE,55.0,65.0,61,0.9497447992135964,6.800171536980315e-11,0.05025520071840184,0.9471875254888752,6.712019828825078e-11,0.05281247444400461,0.05281247444401238,0.05025520071840783,0.0025572737256105427,1.0,1.0
15.958,TE,55.0,65.0,61,0.9497286922587698,6.803668739507884e-11,0.050271307673193544,0.9471869032032962,6.715950018332251e-11,0.05281309672954426,0.05281309672953316,0.05027130767318688,0.002541789056339616,1.0,1.0
15.959,TE,55.0,65.0,61,0.9497125527920846,6.807154839805207e-11,0.0502874471398439,0.9471861235765177,6.719880207839424e-11,0.05281387635628354,0.05281387635628654,0.0502874471398459,0.0025264292164426383,1.0,1.0
15.96,TE,55.0,65.0,61,0.9496963813026053,6.81064094010253e-11,0.05030361862928834,0.9471851883977932,6.723788192886104e-11,0.05281481153496892,0.05281481153497258,0.050303618629291114,0.0025111929056842452,1.0,1.0
15.961,TE,55.0,65.0,61,0.9496801782757202,6.814115938169607e-11,0.050319821656138686,0.9471840994364535,6.727696177932785e-11,0.0528159004962695,0.052815900496274715,0.050319821656140795,0.002496078840136029,1.0,1.0
15.962,TE,55.0,65.0,61,0.9496639441934991,6.817590936236684e-11,0.050336055738325,0.9471828584423266,6.731593060749219e-11,0.05281714149035743,0.052817141490351216,0.050336055738319785,0.002481085752026213,1.0,1.0
15.963,TE,55.0,65.0,61,0.949647679534427,6.821054832073514e-11,0.05035232039736248,0.9471814671458162,6.735478841335407e-11,0.05281853278682902,0.0528185327868117,0.050352320397350936,0.0024662123894492183,1.0,1.0
15.964,TE,55.0,65.0,61,0.9496313847736323,6.824507625680098e-11,0.05036861515812263,0.9471799272583626,6.739353519691349e-11,0.05282007267424382,0.05282007267425415,0.05036861515812896,0.0024514575161315166,1.0,1.0
15.965,TE,55.0,65.0,61,0.9496150603828243,6.827971521516929e-11,0.050384939548896,0.9471782404725438,6.743217095817045e-11,0.05282175946002399,0.052821759460028206,0.05038493954889878,0.002436819911132204,1.0,1.0
15.966,TE,55.0,65.0,61,0.949598706830362,6.831413212893267e-11,0.05040129310132391,0.9471764084624311,6.74708067194274e-11,0.052823591470098075,0.05282359147009441,0.05040129310132202,0.0024222983687705035,1.0,1.0
15.967,TE,55.0,65.0,61,0.949582324581352,6.834866006499851e-11,0.050417675350299285,0.9471744328838632,6.75093314583819e-11,0.05282556704862751,0.052825567048629174,0.05041767535030017,0.0024078916983298893,1.0,1.0
15.968,TE,55.0,65.0,61,0.9495659140975495,6.838307697876189e-11,0.05043408583406739,0.9471723153746322,6.754785619733639e-11,0.05282768455781994,0.05282768455783049,0.05043408583407438,0.002393598723763102,1.0,1.0
15.969,TE,55.0,65.0,61,0.9495494758375151,6.841738287022281e-11,0.05045052409406747,0.9471700575547564,6.758615889168595e-11,0.05282994237765748,0.0528299423776738,0.050450524094077576,0.002379418283606327,1.0,1.0
15.97,TE,55.0,65.0,61,0.949533010256575,6.845168876168373e-11,0.05046698967497332,0.9471676610267316,6.762446158603552e-11,0.05283233890564398,0.052832338905628995,0.05046698967496421,0.002365349230655678,1.0,1.0
15.971,TE,55.0,65.0,61,0.9495165178069059,6.848577260853972e-11,0.05048348212460829,0.9471651273757913,6.766265325808263e-11,0.052834872556546064,0.052834872556548174,0.05048348212460951,0.0023513904319398815,1.0,1.0
15.972,TE,55.0,65.0,61,0.9494999989375674,6.851996747769817e-11,0.05050000099391261,0.9471624581701462,6.770073390782727e-11,0.05283754176215305,0.05283754176215394,0.05050000099391294,0.0023375407682413307,1.0,1.0
15.973,TE,55.0,65.0,61,0.9494834540943916,6.855405132455417e-11,0.05051654583705434,0.9471596549610675,6.773881455757191e-11,0.05284034497119372,0.05284034497117718,0.0505165458370429,0.0023237991341228392,1.0,1.0
15.974,TE,55.0,65.0,61,0.9494668837203061,6.85880241491077e-11,0.0505331162111059,0.9471567192834196,6.777667316271163e-11,0.052843280648803725,0.05284328064880339,0.050533116211105344,0.002310164437697493,1.0,1.0
15.975,TE,55.0,65.0,61,0.9494502882551288,6.862199697366123e-11,0.05054971167624922,0.9471536526555979,6.781453176785135e-11,0.052846347276587546,0.0528463472765861,0.05054971167624844,0.0022966356003368826,1.0,1.0
15.975999999999999,TE,55.0,65.0,61,0.9494336681356005,6.865596979821476e-11,0.050566331795743547,0.947150456579864,6.78522793506886e-11,0.05284954335228376,0.05284954335227687,0.05056633179573722,0.0022832115565333266,1.0,1.0
15.977,TE,55.0,65.0,61,0.9494170237955813,6.868983160046582e-11,0.05058297613572882,0.9471471325426012,6.789013795582832e-11,0.05285286738950867,0.052852867389510005,0.05058297613572971,0.0022698912537811866,1.0,1.0
15.978,TE,55.0,65.0,61,0.9494003556659434,6.872358238041443e-11,0.05059964426533303,0.9471436820144887,6.792766349406065e-11,0.052856317917583606,0.05285631791759482,0.05059964426534025,0.002256673652261787,1.0,1.0
15.979,TE,55.0,65.0,61,0.9493836641746314,6.875733316036303e-11,0.050616335756611286,0.947140106450648,6.796518903229298e-11,0.052859893481386866,0.05285989348139575,0.05061633575661795,0.002243557724784462,1.0,1.0
15.98,TE,55.0,65.0,61,0.949366949746746,6.879097291800917e-11,0.05063305018446307,0.9471364072910256,6.800260354822285e-11,0.052863592640971846,0.052863592640971846,0.05063305018446418,0.0022305424565087772,1.0,1.0
15.981,TE,55.0,65.0,61,0.9493502128045117,6.882461267565532e-11,0.05064978712666368,0.9471325859604145,6.804001806415272e-11,0.052867413971545485,0.052867413971558586,0.05064978712667201,0.0022176268448949044,1.0,1.0
15.982,TE,55.0,65.0,61,0.9493334537672994,6.885825243330146e-11,0.05066654616384236,0.9471286438687694,6.807732155778012e-11,0.052871356063153296,0.05287135606314264,0.05066654616383537,0.002204809899300275,1.0,1.0
15.983,TE,55.0,65.0,61,0.9493166730517713,6.889167014634268e-11,0.050683326879337076,0.9471245824113584,6.811451402910507e-11,0.052875417520527046,0.05287541752053926,0.0506833268793454,0.0021920906412021823,1.0,1.0
15.984,TE,55.0,65.0,61,0.9492998710716668,6.892508785938389e-11,0.05070012885940811,0.9471204029689306,6.815170650043001e-11,0.05287959696291766,0.05287959696291378,0.05070012885940556,0.0021794681035056662,1.0,1.0
15.985,TE,55.0,65.0,61,0.9492830482381763,6.895850557242511e-11,0.050716951692865164,0.9471161069079921,6.818867692715003e-11,0.05288389302381924,0.05288389302382934,0.050716951692871604,0.0021669413309641783,1.0,1.0
15.986,TE,55.0,65.0,61,0.9492662049596463,6.899181226316387e-11,0.05073379497136188,0.9471116955810004,6.822564735387004e-11,0.05288830435077396,0.052888304350767856,0.05073379497135788,0.0021545093794059778,1.0,1.0
15.987,TE,55.0,65.0,61,0.949249341641794,6.902511895390262e-11,0.050750658289180905,0.9471071703263677,6.82625067582876e-11,0.052892829605369784,0.05289282960537045,0.05075065828918024,0.002142171316189545,1.0,1.0
15.988,TE,55.0,65.0,61,0.9492324586876453,6.905831462233891e-11,0.05076754124329641,0.9471025324688802,6.829925514040269e-11,0.052897467462820535,0.05289746746281454,0.05076754124329219,0.00212992621951813,1.0,1.0
15.989,TE,55.0,65.0,61,0.9492155564976409,6.909139926847274e-11,0.05078444343326771,0.9470977833197455,6.833600352251779e-11,0.05290221661191852,0.052902216611899755,0.05078444343325572,0.002117773178632043,1.0,1.0
15.99,TE,55.0,65.0,61,0.949198635469603,6.912448391460657e-11,0.05080136446127248,0.9470929241768123,6.837275190463288e-11,0.0529070757548149,0.052907075754811794,0.05080136446127115,0.002105711293539314,1.0,1.0
15.991,TE,55.0,65.0,61,0.9491816959987796,6.91575685607404e-11,0.05081830393206288,0.947087956324758,6.840916721984058e-11,0.05291204360683288,0.05291204360683821,0.05081830393206721,0.00209373967477533,1.0,1.0
15.992,TE,55.0,65.0,61,0.9491647384778872,6.919065320687423e-11,0.050835261452922165,0.9470828810351777,6.844569355735075e-11,0.052917118896376625,0.05291711889638617,0.05083526145292827,0.002081857443464008,1.0,1.0
15.993,TE,55.0,65.0,61,0.9491477632970371,6.922340478610067e-11,0.0508522366337395,0.9470776995668375,6.848199785025599e-11,0.052922300364680486,0.052922300364688146,0.05085223663374416,0.002070063730948646,1.0,1.0
15.994,TE,55.0,65.0,61,0.9491307708439628,6.925637840993204e-11,0.05086922908678082,0.947072413165863,6.85184131654637e-11,0.052927586765618595,0.05292758676562015,0.050869229086782486,0.0020583576788393287,1.0,1.0
15.995,TE,55.0,65.0,61,0.9491137615038704,6.928912998915848e-11,0.05088623842684048,0.9470670230658408,6.855471745836894e-11,0.0529329768656045,0.052932976865600834,0.05088623842683804,0.0020467384387603538,1.0,1.0
15.996,TE,55.0,65.0,61,0.949096735659496,6.932177054608246e-11,0.05090326427118219,0.947061530487958,6.85906886843668e-11,0.052938469443451264,0.052938469443429836,0.0509032642711672,0.002035205172247645,1.0,1.0
15.997,TE,55.0,65.0,61,0.9490796936911833,6.93545221253089e-11,0.0509203062394622,0.9470559366412551,6.862688195496958e-11,0.052944063290118026,0.05294406329010448,0.050920306239454316,0.002023757050642283,1.0,1.0
15.998,TE,55.0,65.0,61,0.9490626359768933,6.938716268223288e-11,0.050937363953719506,0.9470502427227558,6.866285318096743e-11,0.052949757208581305,0.05294975720857209,0.050937363953713066,0.0020123932548525847,1.0,1.0
15.999,TE,55.0,65.0,61,0.9490455628921513,6.941980323915686e-11,0.050954437038428946,0.9470444499175156,6.869871338466282e-11,0.05295555001378571,0.052955550013793595,0.05095443703843383,0.0020011129753646495,1.0,1.0
16.0,TE,55.0,65.0,61,0.9490284748101755,6.945222175147592e-11,0.050971525120372285,0.9470385593989165,6.873457358835822e-11,0.05296144053234897,0.052961440532346304,0.050971525120370176,0.0019899154119740192,1.0,1.0
